
C:/Users/ch4zi/Desktop/free wili/akhlut/display/build/freewili_display.elf:     file format elf32-littlearm

Sections:
Idx Name          Size      VMA       LMA       File off  Algn
  0 .boot2        00000100  10000000  10000000  00001000  2**0
                  CONTENTS, ALLOC, LOAD, READONLY, CODE
  1 .text         000081d0  10000100  10000100  00001100  2**3
                  CONTENTS, ALLOC, LOAD, READONLY, CODE
  2 .rodata       00000728  100082d0  100082d0  000092d0  2**3
                  CONTENTS, ALLOC, LOAD, READONLY, DATA
  3 .binary_info  0000001c  100089f8  100089f8  000099f8  2**2
                  CONTENTS, ALLOC, LOAD, READONLY, DATA
  4 .ram_vector_table 000000c0  20000000  20000000  0000b000  2**2
                  ALLOC
  5 .data         00000a14  200000c0  10008a14  0000a0c0  2**4
                  CONTENTS, ALLOC, LOAD, READONLY, CODE
  6 .uninitialized_data 00000000  20000ad4  20000ad4  0000aad4  2**0
                  CONTENTS
  7 .scratch_x    00000000  20040000  20040000  0000aad4  2**0
                  CONTENTS
  8 .scratch_y    00000000  20041000  20041000  0000aad4  2**0
                  CONTENTS
  9 .bss          00006b90  20000ad8  20000ad8  0000b000  2**3
                  ALLOC
 10 .heap         00000800  20007668  20007668  0000aad4  2**2
                  CONTENTS, READONLY
 11 .stack1_dummy 00000800  20040000  20040000  0000b000  2**2
                  ALLOC
 12 .stack_dummy  00000800  20041000  20041000  0000b2e0  2**5
                  CONTENTS, READONLY
 13 .ARM.attributes 00000028  00000000  00000000  0000bae0  2**0
                  CONTENTS, READONLY
 14 .comment      00000046  00000000  00000000  0000bb08  2**0
                  CONTENTS, READONLY
 15 .debug_line_str 000000cd  00000000  00000000  0000bb4e  2**0
                  CONTENTS, READONLY, DEBUGGING, OCTETS
 16 .debug_frame  000000b0  00000000  00000000  0000bc1c  2**2
                  CONTENTS, READONLY, DEBUGGING, OCTETS

C:/Users/ch4zi/Desktop/free wili/akhlut/display/build/freewili_display.elf:     file format elf32-littlearm


Disassembly of section .boot2:

10000000 <__boot2_start__>:
10000000:	4b32b500 	.word	0x4b32b500
10000004:	60582021 	.word	0x60582021
10000008:	21026898 	.word	0x21026898
1000000c:	60984388 	.word	0x60984388
10000010:	611860d8 	.word	0x611860d8
10000014:	4b2e6158 	.word	0x4b2e6158
10000018:	60992100 	.word	0x60992100
1000001c:	61592102 	.word	0x61592102
10000020:	22f02101 	.word	0x22f02101
10000024:	492b5099 	.word	0x492b5099
10000028:	21016019 	.word	0x21016019
1000002c:	20356099 	.word	0x20356099
10000030:	f844f000 	.word	0xf844f000
10000034:	42902202 	.word	0x42902202
10000038:	2106d014 	.word	0x2106d014
1000003c:	f0006619 	.word	0xf0006619
10000040:	6e19f834 	.word	0x6e19f834
10000044:	66192101 	.word	0x66192101
10000048:	66182000 	.word	0x66182000
1000004c:	f000661a 	.word	0xf000661a
10000050:	6e19f82c 	.word	0x6e19f82c
10000054:	6e196e19 	.word	0x6e196e19
10000058:	f0002005 	.word	0xf0002005
1000005c:	2101f82f 	.word	0x2101f82f
10000060:	d1f94208 	.word	0xd1f94208
10000064:	60992100 	.word	0x60992100
10000068:	6019491b 	.word	0x6019491b
1000006c:	60592100 	.word	0x60592100
10000070:	481b491a 	.word	0x481b491a
10000074:	21016001 	.word	0x21016001
10000078:	21eb6099 	.word	0x21eb6099
1000007c:	21a06619 	.word	0x21a06619
10000080:	f0006619 	.word	0xf0006619
10000084:	2100f812 	.word	0x2100f812
10000088:	49166099 	.word	0x49166099
1000008c:	60014814 	.word	0x60014814
10000090:	60992101 	.word	0x60992101
10000094:	2800bc01 	.word	0x2800bc01
10000098:	4700d000 	.word	0x4700d000
1000009c:	49134812 	.word	0x49134812
100000a0:	c8036008 	.word	0xc8036008
100000a4:	8808f380 	.word	0x8808f380
100000a8:	b5034708 	.word	0xb5034708
100000ac:	20046a99 	.word	0x20046a99
100000b0:	d0fb4201 	.word	0xd0fb4201
100000b4:	42012001 	.word	0x42012001
100000b8:	bd03d1f8 	.word	0xbd03d1f8
100000bc:	6618b502 	.word	0x6618b502
100000c0:	f7ff6618 	.word	0xf7ff6618
100000c4:	6e18fff2 	.word	0x6e18fff2
100000c8:	bd026e18 	.word	0xbd026e18
100000cc:	40020000 	.word	0x40020000
100000d0:	18000000 	.word	0x18000000
100000d4:	00070000 	.word	0x00070000
100000d8:	005f0300 	.word	0x005f0300
100000dc:	00002221 	.word	0x00002221
100000e0:	180000f4 	.word	0x180000f4
100000e4:	a0002022 	.word	0xa0002022
100000e8:	10000100 	.word	0x10000100
100000ec:	e000ed08 	.word	0xe000ed08
	...
100000fc:	7a4eb274 	.word	0x7a4eb274

Disassembly of section .text:

10000100 <__VECTOR_TABLE>:
10000100:	20042000 	.word	0x20042000
10000104:	100001f7 	.word	0x100001f7
10000108:	100001c3 	.word	0x100001c3
1000010c:	100001c5 	.word	0x100001c5
10000110:	100001c1 	.word	0x100001c1
10000114:	100001c1 	.word	0x100001c1
10000118:	100001c1 	.word	0x100001c1
1000011c:	100001c1 	.word	0x100001c1
10000120:	100001c1 	.word	0x100001c1
10000124:	100001c1 	.word	0x100001c1
10000128:	100001c1 	.word	0x100001c1
1000012c:	100001c7 	.word	0x100001c7
10000130:	100001c1 	.word	0x100001c1
10000134:	100001c1 	.word	0x100001c1
10000138:	100001c9 	.word	0x100001c9
1000013c:	100001cb 	.word	0x100001cb
10000140:	100001cd 	.word	0x100001cd
10000144:	100001cd 	.word	0x100001cd
10000148:	100001cd 	.word	0x100001cd
1000014c:	100001cd 	.word	0x100001cd
10000150:	100001cd 	.word	0x100001cd
10000154:	100001cd 	.word	0x100001cd
10000158:	100001cd 	.word	0x100001cd
1000015c:	100001cd 	.word	0x100001cd
10000160:	100001cd 	.word	0x100001cd
10000164:	100001cd 	.word	0x100001cd
10000168:	100001cd 	.word	0x100001cd
1000016c:	100001cd 	.word	0x100001cd
10000170:	100001cd 	.word	0x100001cd
10000174:	100001cd 	.word	0x100001cd
10000178:	100001cd 	.word	0x100001cd
1000017c:	100001cd 	.word	0x100001cd
10000180:	100001cd 	.word	0x100001cd
10000184:	100001cd 	.word	0x100001cd
10000188:	100001cd 	.word	0x100001cd
1000018c:	100001cd 	.word	0x100001cd
10000190:	100001cd 	.word	0x100001cd
10000194:	100001cd 	.word	0x100001cd
10000198:	100001cd 	.word	0x100001cd
1000019c:	100001cd 	.word	0x100001cd
100001a0:	100001cd 	.word	0x100001cd
100001a4:	100001cd 	.word	0x100001cd
100001a8:	100001cd 	.word	0x100001cd
100001ac:	100001cd 	.word	0x100001cd
100001b0:	100001cd 	.word	0x100001cd
100001b4:	100001cd 	.word	0x100001cd
100001b8:	100001cd 	.word	0x100001cd
100001bc:	100001cd 	.word	0x100001cd

100001c0 <isr_invalid>:
100001c0:	be00      	bkpt	0x0000

100001c2 <isr_nmi>:
100001c2:	be00      	bkpt	0x0000

100001c4 <isr_hardfault>:
100001c4:	be00      	bkpt	0x0000

100001c6 <isr_svcall>:
100001c6:	be00      	bkpt	0x0000

100001c8 <isr_pendsv>:
100001c8:	be00      	bkpt	0x0000

100001ca <isr_systick>:
100001ca:	be00      	bkpt	0x0000

100001cc <__unhandled_user_irq>:
100001cc:	f3ef 8005 	mrs	r0, IPSR
100001d0:	3810      	subs	r0, #16

100001d2 <unhandled_user_irq_num_in_r0>:
100001d2:	be00      	bkpt	0x0000

100001d4 <binary_info_header>:
100001d4:	7188ebf2 	.word	0x7188ebf2
100001d8:	100089f8 	.word	0x100089f8
100001dc:	10008a14 	.word	0x10008a14
100001e0:	10000234 	.word	0x10000234
100001e4:	e71aa390 	.word	0xe71aa390

100001e8 <_entry_point>:
100001e8:	2000      	movs	r0, #0
100001ea:	491f      	ldr	r1, [pc, #124]	@ (10000268 <hold_non_core0_in_bootrom+0xa>)
100001ec:	6008      	str	r0, [r1, #0]
100001ee:	c806      	ldmia	r0!, {r1, r2}
100001f0:	f381 8808 	msr	MSP, r1
100001f4:	4710      	bx	r2

100001f6 <_reset_handler>:
100001f6:	481d      	ldr	r0, [pc, #116]	@ (1000026c <hold_non_core0_in_bootrom+0xe>)
100001f8:	6800      	ldr	r0, [r0, #0]
100001fa:	2800      	cmp	r0, #0
100001fc:	d12f      	bne.n	1000025e <hold_non_core0_in_bootrom>
100001fe:	a40d      	add	r4, pc, #52	@ (adr r4, 10000234 <data_cpy_table>)
10000200:	cc0e      	ldmia	r4!, {r1, r2, r3}
10000202:	2900      	cmp	r1, #0
10000204:	d002      	beq.n	1000020c <_reset_handler+0x16>
10000206:	f000 f812 	bl	1000022e <data_cpy>
1000020a:	e7f9      	b.n	10000200 <_reset_handler+0xa>
1000020c:	4918      	ldr	r1, [pc, #96]	@ (10000270 <hold_non_core0_in_bootrom+0x12>)
1000020e:	4a19      	ldr	r2, [pc, #100]	@ (10000274 <hold_non_core0_in_bootrom+0x16>)
10000210:	2000      	movs	r0, #0
10000212:	e000      	b.n	10000216 <bss_fill_test>

10000214 <bss_fill_loop>:
10000214:	c101      	stmia	r1!, {r0}

10000216 <bss_fill_test>:
10000216:	4291      	cmp	r1, r2
10000218:	d1fc      	bne.n	10000214 <bss_fill_loop>

1000021a <platform_entry>:
1000021a:	4917      	ldr	r1, [pc, #92]	@ (10000278 <hold_non_core0_in_bootrom+0x1a>)
1000021c:	4788      	blx	r1
1000021e:	4917      	ldr	r1, [pc, #92]	@ (1000027c <hold_non_core0_in_bootrom+0x1e>)
10000220:	4788      	blx	r1
10000222:	4917      	ldr	r1, [pc, #92]	@ (10000280 <hold_non_core0_in_bootrom+0x22>)
10000224:	4788      	blx	r1
10000226:	be00      	bkpt	0x0000
10000228:	e7fd      	b.n	10000226 <platform_entry+0xc>

1000022a <data_cpy_loop>:
1000022a:	c901      	ldmia	r1!, {r0}
1000022c:	c201      	stmia	r2!, {r0}

1000022e <data_cpy>:
1000022e:	429a      	cmp	r2, r3
10000230:	d3fb      	bcc.n	1000022a <data_cpy_loop>
10000232:	4770      	bx	lr

10000234 <data_cpy_table>:
10000234:	10008a14 	.word	0x10008a14
10000238:	200000c0 	.word	0x200000c0
1000023c:	20000ad4 	.word	0x20000ad4
10000240:	10009428 	.word	0x10009428
10000244:	20040000 	.word	0x20040000
10000248:	20040000 	.word	0x20040000
1000024c:	10009428 	.word	0x10009428
10000250:	20041000 	.word	0x20041000
10000254:	20041000 	.word	0x20041000
10000258:	00000000 	.word	0x00000000
1000025c:	4770      	bx	lr

1000025e <hold_non_core0_in_bootrom>:
1000025e:	4809      	ldr	r0, [pc, #36]	@ (10000284 <hold_non_core0_in_bootrom+0x26>)
10000260:	f006 fb26 	bl	100068b0 <rom_func_lookup>
10000264:	4700      	bx	r0
10000266:	0000      	.short	0x0000
10000268:	e000ed08 	.word	0xe000ed08
1000026c:	d0000000 	.word	0xd0000000
10000270:	20000ad8 	.word	0x20000ad8
10000274:	20007668 	.word	0x20007668
10000278:	10004e79 	.word	0x10004e79
1000027c:	100005ed 	.word	0x100005ed
10000280:	10004f6d 	.word	0x10004f6d
10000284:	00005657 	.word	0x00005657

10000288 <__bi_50>:
10000288:	50520006 5360b3ab 100084dc              ..RP..`S....

10000294 <__bi_38>:
10000294:	50520006 02031c86 100084ec              ..RP........

100002a0 <__bi_30>:
100002a0:	50520006 9da22254 10008500              ..RPT"......

100002ac <__bi_22>:
100002ac:	50520005 68f465de 10009428              ..RP.e.h(...

100002b8 <_init>:
100002b8:	b5f8      	push	{r3, r4, r5, r6, r7, lr}
100002ba:	46c0      	nop			@ (mov r8, r8)

100002bc <register_tm_clones>:
100002bc:	4806      	ldr	r0, [pc, #24]	@ (100002d8 <register_tm_clones+0x1c>)
100002be:	4907      	ldr	r1, [pc, #28]	@ (100002dc <register_tm_clones+0x20>)
100002c0:	1a09      	subs	r1, r1, r0
100002c2:	108b      	asrs	r3, r1, #2
100002c4:	0fc9      	lsrs	r1, r1, #31
100002c6:	18c9      	adds	r1, r1, r3
100002c8:	b510      	push	{r4, lr}
100002ca:	1049      	asrs	r1, r1, #1
100002cc:	d003      	beq.n	100002d6 <register_tm_clones+0x1a>
100002ce:	4b04      	ldr	r3, [pc, #16]	@ (100002e0 <register_tm_clones+0x24>)
100002d0:	2b00      	cmp	r3, #0
100002d2:	d000      	beq.n	100002d6 <register_tm_clones+0x1a>
100002d4:	4798      	blx	r3
100002d6:	bd10      	pop	{r4, pc}
100002d8:	20000ad4 	.word	0x20000ad4
100002dc:	20000ad4 	.word	0x20000ad4
100002e0:	00000000 	.word	0x00000000

100002e4 <frame_dummy>:
100002e4:	4b05      	ldr	r3, [pc, #20]	@ (100002fc <frame_dummy+0x18>)
100002e6:	b510      	push	{r4, lr}
100002e8:	2b00      	cmp	r3, #0
100002ea:	d003      	beq.n	100002f4 <frame_dummy+0x10>
100002ec:	4904      	ldr	r1, [pc, #16]	@ (10000300 <frame_dummy+0x1c>)
100002ee:	4805      	ldr	r0, [pc, #20]	@ (10000304 <frame_dummy+0x20>)
100002f0:	e000      	b.n	100002f4 <frame_dummy+0x10>
100002f2:	bf00      	nop
100002f4:	f7ff ffe2 	bl	100002bc <register_tm_clones>
100002f8:	bd10      	pop	{r4, pc}
100002fa:	46c0      	nop			@ (mov r8, r8)
100002fc:	00000000 	.word	0x00000000
10000300:	20005f08 	.word	0x20005f08
10000304:	100082d0 	.word	0x100082d0

10000308 <core1_display_entry>:
10000308:	b510      	push	{r4, lr}
1000030a:	f007 fb31 	bl	10007970 <multicore_fifo_pop_blocking>
1000030e:	2801      	cmp	r0, #1
10000310:	d000      	beq.n	10000314 <core1_display_entry+0xc>
10000312:	20ff      	movs	r0, #255	@ 0xff
10000314:	f007 fb22 	bl	1000795c <multicore_fifo_push_blocking>
10000318:	e7f7      	b.n	1000030a <core1_display_entry+0x2>
1000031a:	46c0      	nop			@ (mov r8, r8)

1000031c <ipp_send_main>:
1000031c:	b530      	push	{r4, r5, lr}
1000031e:	0005      	movs	r5, r0
10000320:	0013      	movs	r3, r2
10000322:	4a0f      	ldr	r2, [pc, #60]	@ (10000360 <ipp_send_main+0x44>)
10000324:	b083      	sub	sp, #12
10000326:	7814      	ldrb	r4, [r2, #0]
10000328:	b2e0      	uxtb	r0, r4
1000032a:	3401      	adds	r4, #1
1000032c:	b2e4      	uxtb	r4, r4
1000032e:	7014      	strb	r4, [r2, #0]
10000330:	4a0c      	ldr	r2, [pc, #48]	@ (10000364 <ipp_send_main+0x48>)
10000332:	4c0d      	ldr	r4, [pc, #52]	@ (10000368 <ipp_send_main+0x4c>)
10000334:	9201      	str	r2, [sp, #4]
10000336:	9400      	str	r4, [sp, #0]
10000338:	000a      	movs	r2, r1
1000033a:	0029      	movs	r1, r5
1000033c:	f002 fdfc 	bl	10002f38 <ipp_build>
10000340:	2800      	cmp	r0, #0
10000342:	d00a      	beq.n	1000035a <ipp_send_main+0x3e>
10000344:	2120      	movs	r1, #32
10000346:	4a09      	ldr	r2, [pc, #36]	@ (1000036c <ipp_send_main+0x50>)
10000348:	1820      	adds	r0, r4, r0
1000034a:	6993      	ldr	r3, [r2, #24]
1000034c:	4219      	tst	r1, r3
1000034e:	d1fc      	bne.n	1000034a <ipp_send_main+0x2e>
10000350:	7823      	ldrb	r3, [r4, #0]
10000352:	3401      	adds	r4, #1
10000354:	6013      	str	r3, [r2, #0]
10000356:	42a0      	cmp	r0, r4
10000358:	d1f7      	bne.n	1000034a <ipp_send_main+0x2e>
1000035a:	b003      	add	sp, #12
1000035c:	bd30      	pop	{r4, r5, pc}
1000035e:	46c0      	nop			@ (mov r8, r8)
10000360:	2000764e 	.word	0x2000764e
10000364:	00001007 	.word	0x00001007
10000368:	20004ed8 	.word	0x20004ed8
1000036c:	40034000 	.word	0x40034000

10000370 <ws2812_show>:
10000370:	b5f0      	push	{r4, r5, r6, r7, lr}
10000372:	4657      	mov	r7, sl
10000374:	4645      	mov	r5, r8
10000376:	46de      	mov	lr, fp
10000378:	464e      	mov	r6, r9
1000037a:	b5e0      	push	{r5, r6, r7, lr}
1000037c:	4f46      	ldr	r7, [pc, #280]	@ (10000498 <ws2812_show+0x128>)
1000037e:	4d47      	ldr	r5, [pc, #284]	@ (1000049c <ws2812_show+0x12c>)
10000380:	783b      	ldrb	r3, [r7, #0]
10000382:	b087      	sub	sp, #28
10000384:	2b00      	cmp	r3, #0
10000386:	d020      	beq.n	100003ca <ws2812_show+0x5a>
10000388:	4e45      	ldr	r6, [pc, #276]	@ (100004a0 <ws2812_show+0x130>)
1000038a:	682a      	ldr	r2, [r5, #0]
1000038c:	6835      	ldr	r5, [r6, #0]
1000038e:	2101      	movs	r1, #1
10000390:	002b      	movs	r3, r5
10000392:	4844      	ldr	r0, [pc, #272]	@ (100004a4 <ws2812_show+0x134>)
10000394:	3310      	adds	r3, #16
10000396:	0007      	movs	r7, r0
10000398:	4099      	lsls	r1, r3
1000039a:	3504      	adds	r5, #4
1000039c:	4e42      	ldr	r6, [pc, #264]	@ (100004a8 <ws2812_show+0x138>)
1000039e:	371c      	adds	r7, #28
100003a0:	00ad      	lsls	r5, r5, #2
100003a2:	7833      	ldrb	r3, [r6, #0]
100003a4:	2400      	movs	r4, #0
100003a6:	2b00      	cmp	r3, #0
100003a8:	d001      	beq.n	100003ae <ws2812_show+0x3e>
100003aa:	6804      	ldr	r4, [r0, #0]
100003ac:	0224      	lsls	r4, r4, #8
100003ae:	6853      	ldr	r3, [r2, #4]
100003b0:	4219      	tst	r1, r3
100003b2:	d1fc      	bne.n	100003ae <ws2812_show+0x3e>
100003b4:	3004      	adds	r0, #4
100003b6:	50ac      	str	r4, [r5, r2]
100003b8:	4287      	cmp	r7, r0
100003ba:	d1f2      	bne.n	100003a2 <ws2812_show+0x32>
100003bc:	b007      	add	sp, #28
100003be:	bcf0      	pop	{r4, r5, r6, r7}
100003c0:	46bb      	mov	fp, r7
100003c2:	46b2      	mov	sl, r6
100003c4:	46a9      	mov	r9, r5
100003c6:	46a0      	mov	r8, r4
100003c8:	bdf0      	pop	{r4, r5, r6, r7, pc}
100003ca:	4838      	ldr	r0, [pc, #224]	@ (100004ac <ws2812_show+0x13c>)
100003cc:	2101      	movs	r1, #1
100003ce:	6028      	str	r0, [r5, #0]
100003d0:	f007 fd3a 	bl	10007e48 <pio_claim_unused_sm>
100003d4:	4e32      	ldr	r6, [pc, #200]	@ (100004a0 <ws2812_show+0x130>)
100003d6:	4936      	ldr	r1, [pc, #216]	@ (100004b0 <ws2812_show+0x140>)
100003d8:	6030      	str	r0, [r6, #0]
100003da:	6828      	ldr	r0, [r5, #0]
100003dc:	f007 fd52 	bl	10007e84 <pio_add_program>
100003e0:	682b      	ldr	r3, [r5, #0]
100003e2:	4934      	ldr	r1, [pc, #208]	@ (100004b4 <ws2812_show+0x144>)
100003e4:	4698      	mov	r8, r3
100003e6:	6833      	ldr	r3, [r6, #0]
100003e8:	4441      	add	r1, r8
100003ea:	469a      	mov	sl, r3
100003ec:	1e4b      	subs	r3, r1, #1
100003ee:	4199      	sbcs	r1, r3
100003f0:	4681      	mov	r9, r0
100003f2:	3106      	adds	r1, #6
100003f4:	2007      	movs	r0, #7
100003f6:	f002 ff15 	bl	10003224 <gpio_set_function>
100003fa:	2301      	movs	r3, #1
100003fc:	4651      	mov	r1, sl
100003fe:	2207      	movs	r2, #7
10000400:	4640      	mov	r0, r8
10000402:	9300      	str	r3, [sp, #0]
10000404:	f007 fdac 	bl	10007f60 <pio_sm_set_consecutive_pindirs>
10000408:	2380      	movs	r3, #128	@ 0x80
1000040a:	025b      	lsls	r3, r3, #9
1000040c:	9302      	str	r3, [sp, #8]
1000040e:	464b      	mov	r3, r9
10000410:	464a      	mov	r2, r9
10000412:	3303      	adds	r3, #3
10000414:	01d2      	lsls	r2, r2, #7
10000416:	031b      	lsls	r3, r3, #12
10000418:	4313      	orrs	r3, r2
1000041a:	4a27      	ldr	r2, [pc, #156]	@ (100004b8 <ws2812_show+0x148>)
1000041c:	2005      	movs	r0, #5
1000041e:	4013      	ands	r3, r2
10000420:	9303      	str	r3, [sp, #12]
10000422:	4b26      	ldr	r3, [pc, #152]	@ (100004bc <ws2812_show+0x14c>)
10000424:	9305      	str	r3, [sp, #20]
10000426:	4b26      	ldr	r3, [pc, #152]	@ (100004c0 <ws2812_show+0x150>)
10000428:	9304      	str	r3, [sp, #16]
1000042a:	f004 fcb1 	bl	10004d90 <clock_get_hz>
1000042e:	f007 f8f7 	bl	10007620 <__wrap___aeabi_ui2f>
10000432:	4924      	ldr	r1, [pc, #144]	@ (100004c4 <ws2812_show+0x154>)
10000434:	f007 f8d9 	bl	100075ea <__wrap___aeabi_fdiv>
10000438:	4683      	mov	fp, r0
1000043a:	f007 f919 	bl	10007670 <__wrap___aeabi_f2uiz>
1000043e:	b284      	uxth	r4, r0
10000440:	2300      	movs	r3, #0
10000442:	2c00      	cmp	r4, #0
10000444:	d117      	bne.n	10000476 <ws2812_show+0x106>
10000446:	0424      	lsls	r4, r4, #16
10000448:	431c      	orrs	r4, r3
1000044a:	464a      	mov	r2, r9
1000044c:	4651      	mov	r1, sl
1000044e:	4640      	mov	r0, r8
10000450:	ab02      	add	r3, sp, #8
10000452:	9402      	str	r4, [sp, #8]
10000454:	f007 fdd8 	bl	10008008 <pio_sm_init>
10000458:	2401      	movs	r4, #1
1000045a:	4643      	mov	r3, r8
1000045c:	4651      	mov	r1, sl
1000045e:	681a      	ldr	r2, [r3, #0]
10000460:	0023      	movs	r3, r4
10000462:	408b      	lsls	r3, r1
10000464:	4313      	orrs	r3, r2
10000466:	4642      	mov	r2, r8
10000468:	2101      	movs	r1, #1
1000046a:	2007      	movs	r0, #7
1000046c:	6013      	str	r3, [r2, #0]
1000046e:	f002 ff03 	bl	10003278 <gpio_set_outover>
10000472:	703c      	strb	r4, [r7, #0]
10000474:	e789      	b.n	1000038a <ws2812_show+0x1a>
10000476:	0020      	movs	r0, r4
10000478:	f007 f8d2 	bl	10007620 <__wrap___aeabi_ui2f>
1000047c:	1c01      	adds	r1, r0, #0
1000047e:	4658      	mov	r0, fp
10000480:	f007 f8ad 	bl	100075de <__wrap___aeabi_fsub>
10000484:	2187      	movs	r1, #135	@ 0x87
10000486:	05c9      	lsls	r1, r1, #23
10000488:	f007 f8c3 	bl	10007612 <__wrap___aeabi_fmul>
1000048c:	f007 f8f0 	bl	10007670 <__wrap___aeabi_f2uiz>
10000490:	b2c3      	uxtb	r3, r0
10000492:	021b      	lsls	r3, r3, #8
10000494:	e7d7      	b.n	10000446 <ws2812_show+0xd6>
10000496:	46c0      	nop			@ (mov r8, r8)
10000498:	20007650 	.word	0x20007650
1000049c:	20005f00 	.word	0x20005f00
100004a0:	20005f04 	.word	0x20005f04
100004a4:	20005ee4 	.word	0x20005ee4
100004a8:	20007651 	.word	0x20007651
100004ac:	50200000 	.word	0x50200000
100004b0:	1000854c 	.word	0x1000854c
100004b4:	afe00000 	.word	0xafe00000
100004b8:	9fffffff 	.word	0x9fffffff
100004bc:	20001c00 	.word	0x20001c00
100004c0:	70060000 	.word	0x70060000
100004c4:	4af42400 	.word	0x4af42400

100004c8 <read_and_send_accel>:
100004c8:	b5f0      	push	{r4, r5, r6, r7, lr}
100004ca:	4b42      	ldr	r3, [pc, #264]	@ (100005d4 <read_and_send_accel+0x10c>)
100004cc:	b08b      	sub	sp, #44	@ 0x2c
100004ce:	781b      	ldrb	r3, [r3, #0]
100004d0:	2b00      	cmp	r3, #0
100004d2:	d101      	bne.n	100004d8 <read_and_send_accel+0x10>
100004d4:	b00b      	add	sp, #44	@ 0x2c
100004d6:	bdf0      	pop	{r4, r5, r6, r7, pc}
100004d8:	23a8      	movs	r3, #168	@ 0xa8
100004da:	466a      	mov	r2, sp
100004dc:	7393      	strb	r3, [r2, #14]
100004de:	220e      	movs	r2, #14
100004e0:	4c3d      	ldr	r4, [pc, #244]	@ (100005d8 <read_and_send_accel+0x110>)
100004e2:	3ba7      	subs	r3, #167	@ 0xa7
100004e4:	2119      	movs	r1, #25
100004e6:	0020      	movs	r0, r4
100004e8:	9300      	str	r3, [sp, #0]
100004ea:	446a      	add	r2, sp
100004ec:	f007 fbee 	bl	10007ccc <i2c_write_blocking>
100004f0:	2800      	cmp	r0, #0
100004f2:	dbef      	blt.n	100004d4 <read_and_send_accel+0xc>
100004f4:	2300      	movs	r3, #0
100004f6:	ad05      	add	r5, sp, #20
100004f8:	9300      	str	r3, [sp, #0]
100004fa:	002a      	movs	r2, r5
100004fc:	2119      	movs	r1, #25
100004fe:	0020      	movs	r0, r4
10000500:	3306      	adds	r3, #6
10000502:	f007 fc59 	bl	10007db8 <i2c_read_blocking>
10000506:	2800      	cmp	r0, #0
10000508:	dbe4      	blt.n	100004d4 <read_and_send_accel+0xc>
1000050a:	2302      	movs	r3, #2
1000050c:	5ee9      	ldrsh	r1, [r5, r3]
1000050e:	2204      	movs	r2, #4
10000510:	5eab      	ldrsh	r3, [r5, r2]
10000512:	2000      	movs	r0, #0
10000514:	5e2a      	ldrsh	r2, [r5, r0]
10000516:	1109      	asrs	r1, r1, #4
10000518:	1112      	asrs	r2, r2, #4
1000051a:	ad07      	add	r5, sp, #28
1000051c:	0052      	lsls	r2, r2, #1
1000051e:	0049      	lsls	r1, r1, #1
10000520:	111b      	asrs	r3, r3, #4
10000522:	005b      	lsls	r3, r3, #1
10000524:	802a      	strh	r2, [r5, #0]
10000526:	8069      	strh	r1, [r5, #2]
10000528:	4352      	muls	r2, r2
1000052a:	4349      	muls	r1, r1
1000052c:	80ab      	strh	r3, [r5, #4]
1000052e:	435b      	muls	r3, r3
10000530:	1852      	adds	r2, r2, r1
10000532:	18d2      	adds	r2, r2, r3
10000534:	2380      	movs	r3, #128	@ 0x80
10000536:	05db      	lsls	r3, r3, #23
10000538:	089b      	lsrs	r3, r3, #2
1000053a:	429a      	cmp	r2, r3
1000053c:	d3fc      	bcc.n	10000538 <read_and_send_accel+0x70>
1000053e:	2100      	movs	r1, #0
10000540:	2b00      	cmp	r3, #0
10000542:	d008      	beq.n	10000556 <read_and_send_accel+0x8e>
10000544:	18c8      	adds	r0, r1, r3
10000546:	0849      	lsrs	r1, r1, #1
10000548:	4282      	cmp	r2, r0
1000054a:	d301      	bcc.n	10000550 <read_and_send_accel+0x88>
1000054c:	1a12      	subs	r2, r2, r0
1000054e:	18c9      	adds	r1, r1, r3
10000550:	089b      	lsrs	r3, r3, #2
10000552:	d1f7      	bne.n	10000544 <read_and_send_accel+0x7c>
10000554:	b289      	uxth	r1, r1
10000556:	238c      	movs	r3, #140	@ 0x8c
10000558:	466a      	mov	r2, sp
1000055a:	2700      	movs	r7, #0
1000055c:	73d3      	strb	r3, [r2, #15]
1000055e:	220f      	movs	r2, #15
10000560:	ae04      	add	r6, sp, #16
10000562:	3b8b      	subs	r3, #139	@ 0x8b
10000564:	80e9      	strh	r1, [r5, #6]
10000566:	8037      	strh	r7, [r6, #0]
10000568:	2119      	movs	r1, #25
1000056a:	0020      	movs	r0, r4
1000056c:	9300      	str	r3, [sp, #0]
1000056e:	446a      	add	r2, sp
10000570:	f007 fbac 	bl	10007ccc <i2c_write_blocking>
10000574:	2800      	cmp	r0, #0
10000576:	da25      	bge.n	100005c4 <read_and_send_accel+0xfc>
10000578:	2200      	movs	r2, #0
1000057a:	5eb3      	ldrsh	r3, [r6, r2]
1000057c:	4c17      	ldr	r4, [pc, #92]	@ (100005dc <read_and_send_accel+0x114>)
1000057e:	119b      	asrs	r3, r3, #6
10000580:	3319      	adds	r3, #25
10000582:	009a      	lsls	r2, r3, #2
10000584:	189b      	adds	r3, r3, r2
10000586:	4a16      	ldr	r2, [pc, #88]	@ (100005e0 <read_and_send_accel+0x118>)
10000588:	005b      	lsls	r3, r3, #1
1000058a:	812b      	strh	r3, [r5, #8]
1000058c:	7813      	ldrb	r3, [r2, #0]
1000058e:	2182      	movs	r1, #130	@ 0x82
10000590:	b2d8      	uxtb	r0, r3
10000592:	3301      	adds	r3, #1
10000594:	b2db      	uxtb	r3, r3
10000596:	7013      	strb	r3, [r2, #0]
10000598:	4b12      	ldr	r3, [pc, #72]	@ (100005e4 <read_and_send_accel+0x11c>)
1000059a:	002a      	movs	r2, r5
1000059c:	9301      	str	r3, [sp, #4]
1000059e:	9400      	str	r4, [sp, #0]
100005a0:	230a      	movs	r3, #10
100005a2:	f002 fcc9 	bl	10002f38 <ipp_build>
100005a6:	2800      	cmp	r0, #0
100005a8:	d100      	bne.n	100005ac <read_and_send_accel+0xe4>
100005aa:	e793      	b.n	100004d4 <read_and_send_accel+0xc>
100005ac:	2120      	movs	r1, #32
100005ae:	4a0e      	ldr	r2, [pc, #56]	@ (100005e8 <read_and_send_accel+0x120>)
100005b0:	1820      	adds	r0, r4, r0
100005b2:	6993      	ldr	r3, [r2, #24]
100005b4:	4219      	tst	r1, r3
100005b6:	d1fc      	bne.n	100005b2 <read_and_send_accel+0xea>
100005b8:	7823      	ldrb	r3, [r4, #0]
100005ba:	3401      	adds	r4, #1
100005bc:	6013      	str	r3, [r2, #0]
100005be:	4284      	cmp	r4, r0
100005c0:	d1f7      	bne.n	100005b2 <read_and_send_accel+0xea>
100005c2:	e787      	b.n	100004d4 <read_and_send_accel+0xc>
100005c4:	2302      	movs	r3, #2
100005c6:	0032      	movs	r2, r6
100005c8:	2119      	movs	r1, #25
100005ca:	0020      	movs	r0, r4
100005cc:	9700      	str	r7, [sp, #0]
100005ce:	f007 fbf3 	bl	10007db8 <i2c_read_blocking>
100005d2:	e7d1      	b.n	10000578 <read_and_send_accel+0xb0>
100005d4:	20007646 	.word	0x20007646
100005d8:	20000aa0 	.word	0x20000aa0
100005dc:	20004ed8 	.word	0x20004ed8
100005e0:	2000764e 	.word	0x2000764e
100005e4:	00001007 	.word	0x00001007
100005e8:	40034000 	.word	0x40034000

100005ec <main>:
100005ec:	b5f0      	push	{r4, r5, r6, r7, lr}
100005ee:	46de      	mov	lr, fp
100005f0:	464e      	mov	r6, r9
100005f2:	4645      	mov	r5, r8
100005f4:	4657      	mov	r7, sl
100005f6:	b5e0      	push	{r5, r6, r7, lr}
100005f8:	b0b9      	sub	sp, #228	@ 0xe4
100005fa:	f001 fa77 	bl	10001aec <gfx_init>
100005fe:	4bfb      	ldr	r3, [pc, #1004]	@ (100009ec <main+0x400>)
10000600:	26d0      	movs	r6, #208	@ 0xd0
10000602:	001c      	movs	r4, r3
10000604:	2501      	movs	r5, #1
10000606:	9323      	str	r3, [sp, #140]	@ 0x8c
10000608:	0636      	lsls	r6, r6, #24
1000060a:	7820      	ldrb	r0, [r4, #0]
1000060c:	f002 fea8 	bl	10003360 <gpio_init>
10000610:	002a      	movs	r2, r5
10000612:	7823      	ldrb	r3, [r4, #0]
10000614:	2101      	movs	r1, #1
10000616:	409a      	lsls	r2, r3
10000618:	62b2      	str	r2, [r6, #40]	@ 0x28
1000061a:	7820      	ldrb	r0, [r4, #0]
1000061c:	2200      	movs	r2, #0
1000061e:	f002 fe19 	bl	10003254 <gpio_set_pulls>
10000622:	4bf3      	ldr	r3, [pc, #972]	@ (100009f0 <main+0x404>)
10000624:	3410      	adds	r4, #16
10000626:	42a3      	cmp	r3, r4
10000628:	d1ef      	bne.n	1000060a <main+0x1e>
1000062a:	2007      	movs	r0, #7
1000062c:	f002 fe98 	bl	10003360 <gpio_init>
10000630:	2380      	movs	r3, #128	@ 0x80
10000632:	2001      	movs	r0, #1
10000634:	6273      	str	r3, [r6, #36]	@ 0x24
10000636:	61b3      	str	r3, [r6, #24]
10000638:	f003 fc7c 	bl	10003f34 <sleep_ms>
1000063c:	2280      	movs	r2, #128	@ 0x80
1000063e:	4bed      	ldr	r3, [pc, #948]	@ (100009f4 <main+0x408>)
10000640:	0292      	lsls	r2, r2, #10
10000642:	601a      	str	r2, [r3, #0]
10000644:	605a      	str	r2, [r3, #4]
10000646:	609a      	str	r2, [r3, #8]
10000648:	60da      	str	r2, [r3, #12]
1000064a:	611a      	str	r2, [r3, #16]
1000064c:	615a      	str	r2, [r3, #20]
1000064e:	619a      	str	r2, [r3, #24]
10000650:	4be9      	ldr	r3, [pc, #932]	@ (100009f8 <main+0x40c>)
10000652:	701d      	strb	r5, [r3, #0]
10000654:	469b      	mov	fp, r3
10000656:	f7ff fe8b 	bl	10000370 <ws2812_show>
1000065a:	4be8      	ldr	r3, [pc, #928]	@ (100009fc <main+0x410>)
1000065c:	49e8      	ldr	r1, [pc, #928]	@ (10000a00 <main+0x414>)
1000065e:	0018      	movs	r0, r3
10000660:	001c      	movs	r4, r3
10000662:	930b      	str	r3, [sp, #44]	@ 0x2c
10000664:	f007 fb0a 	bl	10007c7c <i2c_init>
10000668:	2103      	movs	r1, #3
1000066a:	201a      	movs	r0, #26
1000066c:	f002 fdda 	bl	10003224 <gpio_set_function>
10000670:	2103      	movs	r1, #3
10000672:	201b      	movs	r0, #27
10000674:	f002 fdd6 	bl	10003224 <gpio_set_function>
10000678:	2200      	movs	r2, #0
1000067a:	2101      	movs	r1, #1
1000067c:	201a      	movs	r0, #26
1000067e:	f002 fde9 	bl	10003254 <gpio_set_pulls>
10000682:	2200      	movs	r2, #0
10000684:	2101      	movs	r1, #1
10000686:	201b      	movs	r0, #27
10000688:	f002 fde4 	bl	10003254 <gpio_set_pulls>
1000068c:	a926      	add	r1, sp, #152	@ 0x98
1000068e:	468c      	mov	ip, r1
10000690:	2500      	movs	r5, #0
10000692:	220b      	movs	r2, #11
10000694:	2301      	movs	r3, #1
10000696:	4462      	add	r2, ip
10000698:	2119      	movs	r1, #25
1000069a:	0020      	movs	r0, r4
1000069c:	9500      	str	r5, [sp, #0]
1000069e:	f007 fb8b 	bl	10007db8 <i2c_read_blocking>
100006a2:	43c3      	mvns	r3, r0
100006a4:	4ad7      	ldr	r2, [pc, #860]	@ (10000a04 <main+0x418>)
100006a6:	0fdb      	lsrs	r3, r3, #31
100006a8:	0026      	movs	r6, r4
100006aa:	4690      	mov	r8, r2
100006ac:	7013      	strb	r3, [r2, #0]
100006ae:	2800      	cmp	r0, #0
100006b0:	db1c      	blt.n	100006ec <main+0x100>
100006b2:	4bd5      	ldr	r3, [pc, #852]	@ (10000a08 <main+0x41c>)
100006b4:	aa26      	add	r2, sp, #152	@ 0x98
100006b6:	8213      	strh	r3, [r2, #16]
100006b8:	2119      	movs	r1, #25
100006ba:	2302      	movs	r3, #2
100006bc:	0020      	movs	r0, r4
100006be:	aa2a      	add	r2, sp, #168	@ 0xa8
100006c0:	9500      	str	r5, [sp, #0]
100006c2:	f007 fb03 	bl	10007ccc <i2c_write_blocking>
100006c6:	4bd1      	ldr	r3, [pc, #836]	@ (10000a0c <main+0x420>)
100006c8:	ac2b      	add	r4, sp, #172	@ 0xac
100006ca:	8023      	strh	r3, [r4, #0]
100006cc:	0022      	movs	r2, r4
100006ce:	2302      	movs	r3, #2
100006d0:	2119      	movs	r1, #25
100006d2:	0030      	movs	r0, r6
100006d4:	9500      	str	r5, [sp, #0]
100006d6:	f007 faf9 	bl	10007ccc <i2c_write_blocking>
100006da:	4bcd      	ldr	r3, [pc, #820]	@ (10000a10 <main+0x424>)
100006dc:	aa2c      	add	r2, sp, #176	@ 0xb0
100006de:	8013      	strh	r3, [r2, #0]
100006e0:	2119      	movs	r1, #25
100006e2:	2302      	movs	r3, #2
100006e4:	0030      	movs	r0, r6
100006e6:	9500      	str	r5, [sp, #0]
100006e8:	f007 faf0 	bl	10007ccc <i2c_write_blocking>
100006ec:	a926      	add	r1, sp, #152	@ 0x98
100006ee:	468c      	mov	ip, r1
100006f0:	2300      	movs	r3, #0
100006f2:	220b      	movs	r2, #11
100006f4:	9300      	str	r3, [sp, #0]
100006f6:	2121      	movs	r1, #33	@ 0x21
100006f8:	3301      	adds	r3, #1
100006fa:	980b      	ldr	r0, [sp, #44]	@ 0x2c
100006fc:	4462      	add	r2, ip
100006fe:	f007 fb5b 	bl	10007db8 <i2c_read_blocking>
10000702:	43c3      	mvns	r3, r0
10000704:	4fc3      	ldr	r7, [pc, #780]	@ (10000a14 <main+0x428>)
10000706:	4cc4      	ldr	r4, [pc, #784]	@ (10000a18 <main+0x42c>)
10000708:	0fdb      	lsrs	r3, r3, #31
1000070a:	703b      	strb	r3, [r7, #0]
1000070c:	1d63      	adds	r3, r4, #5
1000070e:	469a      	mov	sl, r3
10000710:	2301      	movs	r3, #1
10000712:	26d0      	movs	r6, #208	@ 0xd0
10000714:	4699      	mov	r9, r3
10000716:	0636      	lsls	r6, r6, #24
10000718:	7825      	ldrb	r5, [r4, #0]
1000071a:	3401      	adds	r4, #1
1000071c:	0028      	movs	r0, r5
1000071e:	f002 fe1f 	bl	10003360 <gpio_init>
10000722:	464b      	mov	r3, r9
10000724:	40ab      	lsls	r3, r5
10000726:	6273      	str	r3, [r6, #36]	@ 0x24
10000728:	6173      	str	r3, [r6, #20]
1000072a:	45a2      	cmp	sl, r4
1000072c:	d1f4      	bne.n	10000718 <main+0x12c>
1000072e:	783b      	ldrb	r3, [r7, #0]
10000730:	2b00      	cmp	r3, #0
10000732:	d001      	beq.n	10000738 <main+0x14c>
10000734:	f001 f84e 	bl	100017d4 <main+0x11e8>
10000738:	a926      	add	r1, sp, #152	@ 0x98
1000073a:	468c      	mov	ip, r1
1000073c:	2500      	movs	r5, #0
1000073e:	220b      	movs	r2, #11
10000740:	980b      	ldr	r0, [sp, #44]	@ 0x2c
10000742:	2301      	movs	r3, #1
10000744:	4462      	add	r2, ip
10000746:	216b      	movs	r1, #107	@ 0x6b
10000748:	9500      	str	r5, [sp, #0]
1000074a:	4682      	mov	sl, r0
1000074c:	f007 fb34 	bl	10007db8 <i2c_read_blocking>
10000750:	43c3      	mvns	r3, r0
10000752:	4ab2      	ldr	r2, [pc, #712]	@ (10000a1c <main+0x430>)
10000754:	0fdb      	lsrs	r3, r3, #31
10000756:	921e      	str	r2, [sp, #120]	@ 0x78
10000758:	7013      	strb	r3, [r2, #0]
1000075a:	2800      	cmp	r0, #0
1000075c:	db01      	blt.n	10000762 <main+0x176>
1000075e:	f001 f807 	bl	10001770 <main+0x1184>
10000762:	a926      	add	r1, sp, #152	@ 0x98
10000764:	468c      	mov	ip, r1
10000766:	2400      	movs	r4, #0
10000768:	220b      	movs	r2, #11
1000076a:	216f      	movs	r1, #111	@ 0x6f
1000076c:	4462      	add	r2, ip
1000076e:	2301      	movs	r3, #1
10000770:	980b      	ldr	r0, [sp, #44]	@ 0x2c
10000772:	9400      	str	r4, [sp, #0]
10000774:	f007 fb20 	bl	10007db8 <i2c_read_blocking>
10000778:	43c3      	mvns	r3, r0
1000077a:	4da9      	ldr	r5, [pc, #676]	@ (10000a20 <main+0x434>)
1000077c:	0fdb      	lsrs	r3, r3, #31
1000077e:	702b      	strb	r3, [r5, #0]
10000780:	f002 fa64 	bl	10002c4c <ir_driver_init>
10000784:	2000      	movs	r0, #0
10000786:	f001 fa81 	bl	10001c8c <gfx_clear>
1000078a:	22a0      	movs	r2, #160	@ 0xa0
1000078c:	4ea5      	ldr	r6, [pc, #660]	@ (10000a24 <main+0x438>)
1000078e:	2310      	movs	r3, #16
10000790:	2100      	movs	r1, #0
10000792:	2000      	movs	r0, #0
10000794:	9600      	str	r6, [sp, #0]
10000796:	0052      	lsls	r2, r2, #1
10000798:	f001 fab6 	bl	10001d08 <gfx_fill_rect>
1000079c:	9601      	str	r6, [sp, #4]
1000079e:	4ea2      	ldr	r6, [pc, #648]	@ (10000a28 <main+0x43c>)
100007a0:	4ba2      	ldr	r3, [pc, #648]	@ (10000a2c <main+0x440>)
100007a2:	2104      	movs	r1, #4
100007a4:	4aa2      	ldr	r2, [pc, #648]	@ (10000a30 <main+0x444>)
100007a6:	9600      	str	r6, [sp, #0]
100007a8:	2004      	movs	r0, #4
100007aa:	931f      	str	r3, [sp, #124]	@ 0x7c
100007ac:	f001 fc9e 	bl	100020ec <gfx_draw_str>
100007b0:	4ba0      	ldr	r3, [pc, #640]	@ (10000a34 <main+0x448>)
100007b2:	211e      	movs	r1, #30
100007b4:	4aa0      	ldr	r2, [pc, #640]	@ (10000a38 <main+0x44c>)
100007b6:	9600      	str	r6, [sp, #0]
100007b8:	2050      	movs	r0, #80	@ 0x50
100007ba:	9401      	str	r4, [sp, #4]
100007bc:	4699      	mov	r9, r3
100007be:	930e      	str	r3, [sp, #56]	@ 0x38
100007c0:	f001 fc94 	bl	100020ec <gfx_draw_str>
100007c4:	228c      	movs	r2, #140	@ 0x8c
100007c6:	4e9d      	ldr	r6, [pc, #628]	@ (10000a3c <main+0x450>)
100007c8:	212c      	movs	r1, #44	@ 0x2c
100007ca:	2014      	movs	r0, #20
100007cc:	4b9c      	ldr	r3, [pc, #624]	@ (10000a40 <main+0x454>)
100007ce:	0052      	lsls	r2, r2, #1
100007d0:	f001 faf8 	bl	10001dc4 <gfx_hline>
100007d4:	464b      	mov	r3, r9
100007d6:	2132      	movs	r1, #50	@ 0x32
100007d8:	4a9a      	ldr	r2, [pc, #616]	@ (10000a44 <main+0x458>)
100007da:	2082      	movs	r0, #130	@ 0x82
100007dc:	9401      	str	r4, [sp, #4]
100007de:	9600      	str	r6, [sp, #0]
100007e0:	f001 fc84 	bl	100020ec <gfx_draw_str>
100007e4:	4b98      	ldr	r3, [pc, #608]	@ (10000a48 <main+0x45c>)
100007e6:	2142      	movs	r1, #66	@ 0x42
100007e8:	4a98      	ldr	r2, [pc, #608]	@ (10000a4c <main+0x460>)
100007ea:	9300      	str	r3, [sp, #0]
100007ec:	2014      	movs	r0, #20
100007ee:	464b      	mov	r3, r9
100007f0:	9401      	str	r4, [sp, #4]
100007f2:	f001 fc7b 	bl	100020ec <gfx_draw_str>
100007f6:	22c8      	movs	r2, #200	@ 0xc8
100007f8:	2150      	movs	r1, #80	@ 0x50
100007fa:	2014      	movs	r0, #20
100007fc:	4b90      	ldr	r3, [pc, #576]	@ (10000a40 <main+0x454>)
100007fe:	f001 fae1 	bl	10001dc4 <gfx_hline>
10000802:	464b      	mov	r3, r9
10000804:	2154      	movs	r1, #84	@ 0x54
10000806:	2014      	movs	r0, #20
10000808:	4a91      	ldr	r2, [pc, #580]	@ (10000a50 <main+0x464>)
1000080a:	9401      	str	r4, [sp, #4]
1000080c:	9600      	str	r6, [sp, #0]
1000080e:	f001 fc6d 	bl	100020ec <gfx_draw_str>
10000812:	4643      	mov	r3, r8
10000814:	781b      	ldrb	r3, [r3, #0]
10000816:	2b00      	cmp	r3, #0
10000818:	d101      	bne.n	1000081e <main+0x232>
1000081a:	f000 fec3 	bl	100015a4 <main+0xfb8>
1000081e:	23fc      	movs	r3, #252	@ 0xfc
10000820:	4a8c      	ldr	r2, [pc, #560]	@ (10000a54 <main+0x468>)
10000822:	00db      	lsls	r3, r3, #3
10000824:	2400      	movs	r4, #0
10000826:	9e0e      	ldr	r6, [sp, #56]	@ 0x38
10000828:	2154      	movs	r1, #84	@ 0x54
1000082a:	9300      	str	r3, [sp, #0]
1000082c:	2082      	movs	r0, #130	@ 0x82
1000082e:	0033      	movs	r3, r6
10000830:	9401      	str	r4, [sp, #4]
10000832:	f001 fc5b 	bl	100020ec <gfx_draw_str>
10000836:	4b81      	ldr	r3, [pc, #516]	@ (10000a3c <main+0x450>)
10000838:	2162      	movs	r1, #98	@ 0x62
1000083a:	9300      	str	r3, [sp, #0]
1000083c:	2014      	movs	r0, #20
1000083e:	0033      	movs	r3, r6
10000840:	4a85      	ldr	r2, [pc, #532]	@ (10000a58 <main+0x46c>)
10000842:	9401      	str	r4, [sp, #4]
10000844:	f001 fc52 	bl	100020ec <gfx_draw_str>
10000848:	9b1e      	ldr	r3, [sp, #120]	@ 0x78
1000084a:	781b      	ldrb	r3, [r3, #0]
1000084c:	2b00      	cmp	r3, #0
1000084e:	d001      	beq.n	10000854 <main+0x268>
10000850:	f000 fea3 	bl	1000159a <main+0xfae>
10000854:	23f8      	movs	r3, #248	@ 0xf8
10000856:	4a81      	ldr	r2, [pc, #516]	@ (10000a5c <main+0x470>)
10000858:	021b      	lsls	r3, r3, #8
1000085a:	2400      	movs	r4, #0
1000085c:	9e0e      	ldr	r6, [sp, #56]	@ 0x38
1000085e:	2162      	movs	r1, #98	@ 0x62
10000860:	9300      	str	r3, [sp, #0]
10000862:	2082      	movs	r0, #130	@ 0x82
10000864:	0033      	movs	r3, r6
10000866:	9401      	str	r4, [sp, #4]
10000868:	f001 fc40 	bl	100020ec <gfx_draw_str>
1000086c:	4b73      	ldr	r3, [pc, #460]	@ (10000a3c <main+0x450>)
1000086e:	2170      	movs	r1, #112	@ 0x70
10000870:	9300      	str	r3, [sp, #0]
10000872:	2014      	movs	r0, #20
10000874:	0033      	movs	r3, r6
10000876:	4a7a      	ldr	r2, [pc, #488]	@ (10000a60 <main+0x474>)
10000878:	9401      	str	r4, [sp, #4]
1000087a:	f001 fc37 	bl	100020ec <gfx_draw_str>
1000087e:	782b      	ldrb	r3, [r5, #0]
10000880:	2b00      	cmp	r3, #0
10000882:	d001      	beq.n	10000888 <main+0x29c>
10000884:	f000 fe84 	bl	10001590 <main+0xfa4>
10000888:	23f8      	movs	r3, #248	@ 0xf8
1000088a:	4a74      	ldr	r2, [pc, #464]	@ (10000a5c <main+0x470>)
1000088c:	021b      	lsls	r3, r3, #8
1000088e:	2400      	movs	r4, #0
10000890:	9d0e      	ldr	r5, [sp, #56]	@ 0x38
10000892:	2170      	movs	r1, #112	@ 0x70
10000894:	9300      	str	r3, [sp, #0]
10000896:	2082      	movs	r0, #130	@ 0x82
10000898:	002b      	movs	r3, r5
1000089a:	9401      	str	r4, [sp, #4]
1000089c:	f001 fc26 	bl	100020ec <gfx_draw_str>
100008a0:	4b66      	ldr	r3, [pc, #408]	@ (10000a3c <main+0x450>)
100008a2:	217e      	movs	r1, #126	@ 0x7e
100008a4:	9300      	str	r3, [sp, #0]
100008a6:	2014      	movs	r0, #20
100008a8:	002b      	movs	r3, r5
100008aa:	4a6e      	ldr	r2, [pc, #440]	@ (10000a64 <main+0x478>)
100008ac:	9401      	str	r4, [sp, #4]
100008ae:	f001 fc1d 	bl	100020ec <gfx_draw_str>
100008b2:	783b      	ldrb	r3, [r7, #0]
100008b4:	2b00      	cmp	r3, #0
100008b6:	d001      	beq.n	100008bc <main+0x2d0>
100008b8:	f000 fe65 	bl	10001586 <main+0xf9a>
100008bc:	23f8      	movs	r3, #248	@ 0xf8
100008be:	4a67      	ldr	r2, [pc, #412]	@ (10000a5c <main+0x470>)
100008c0:	021b      	lsls	r3, r3, #8
100008c2:	2400      	movs	r4, #0
100008c4:	9f0e      	ldr	r7, [sp, #56]	@ 0x38
100008c6:	4e60      	ldr	r6, [pc, #384]	@ (10000a48 <main+0x45c>)
100008c8:	4d5d      	ldr	r5, [pc, #372]	@ (10000a40 <main+0x454>)
100008ca:	217e      	movs	r1, #126	@ 0x7e
100008cc:	9401      	str	r4, [sp, #4]
100008ce:	9300      	str	r3, [sp, #0]
100008d0:	2082      	movs	r0, #130	@ 0x82
100008d2:	003b      	movs	r3, r7
100008d4:	f001 fc0a 	bl	100020ec <gfx_draw_str>
100008d8:	003b      	movs	r3, r7
100008da:	2190      	movs	r1, #144	@ 0x90
100008dc:	4a62      	ldr	r2, [pc, #392]	@ (10000a68 <main+0x47c>)
100008de:	9401      	str	r4, [sp, #4]
100008e0:	9600      	str	r6, [sp, #0]
100008e2:	2014      	movs	r0, #20
100008e4:	f001 fc02 	bl	100020ec <gfx_draw_str>
100008e8:	002b      	movs	r3, r5
100008ea:	22c8      	movs	r2, #200	@ 0xc8
100008ec:	219e      	movs	r1, #158	@ 0x9e
100008ee:	2014      	movs	r0, #20
100008f0:	f001 fa68 	bl	10001dc4 <gfx_hline>
100008f4:	23fc      	movs	r3, #252	@ 0xfc
100008f6:	00db      	lsls	r3, r3, #3
100008f8:	21a2      	movs	r1, #162	@ 0xa2
100008fa:	4a5c      	ldr	r2, [pc, #368]	@ (10000a6c <main+0x480>)
100008fc:	9401      	str	r4, [sp, #4]
100008fe:	9300      	str	r3, [sp, #0]
10000900:	2014      	movs	r0, #20
10000902:	003b      	movs	r3, r7
10000904:	f001 fbf2 	bl	100020ec <gfx_draw_str>
10000908:	003b      	movs	r3, r7
1000090a:	21b4      	movs	r1, #180	@ 0xb4
1000090c:	4a58      	ldr	r2, [pc, #352]	@ (10000a70 <main+0x484>)
1000090e:	9401      	str	r4, [sp, #4]
10000910:	9600      	str	r6, [sp, #0]
10000912:	2014      	movs	r0, #20
10000914:	f001 fbea 	bl	100020ec <gfx_draw_str>
10000918:	002b      	movs	r3, r5
1000091a:	22c8      	movs	r2, #200	@ 0xc8
1000091c:	21c2      	movs	r1, #194	@ 0xc2
1000091e:	2014      	movs	r0, #20
10000920:	f001 fa50 	bl	10001dc4 <gfx_hline>
10000924:	003b      	movs	r3, r7
10000926:	21c6      	movs	r1, #198	@ 0xc6
10000928:	4a52      	ldr	r2, [pc, #328]	@ (10000a74 <main+0x488>)
1000092a:	9401      	str	r4, [sp, #4]
1000092c:	2014      	movs	r0, #20
1000092e:	9500      	str	r5, [sp, #0]
10000930:	f001 fbdc 	bl	100020ec <gfx_draw_str>
10000934:	22a0      	movs	r2, #160	@ 0xa0
10000936:	4e3b      	ldr	r6, [pc, #236]	@ (10000a24 <main+0x438>)
10000938:	2310      	movs	r3, #16
1000093a:	21e0      	movs	r1, #224	@ 0xe0
1000093c:	2000      	movs	r0, #0
1000093e:	9600      	str	r6, [sp, #0]
10000940:	0052      	lsls	r2, r2, #1
10000942:	f001 f9e1 	bl	10001d08 <gfx_fill_rect>
10000946:	21e4      	movs	r1, #228	@ 0xe4
10000948:	4a4b      	ldr	r2, [pc, #300]	@ (10000a78 <main+0x48c>)
1000094a:	9b1f      	ldr	r3, [sp, #124]	@ 0x7c
1000094c:	9601      	str	r6, [sp, #4]
1000094e:	2004      	movs	r0, #4
10000950:	9500      	str	r5, [sp, #0]
10000952:	f001 fbcb 	bl	100020ec <gfx_draw_str>
10000956:	4b49      	ldr	r3, [pc, #292]	@ (10000a7c <main+0x490>)
10000958:	0018      	movs	r0, r3
1000095a:	930c      	str	r3, [sp, #48]	@ 0x30
1000095c:	f001 fd4c 	bl	100023f8 <ui_menu_init>
10000960:	4e47      	ldr	r6, [pc, #284]	@ (10000a80 <main+0x494>)
10000962:	0030      	movs	r0, r6
10000964:	f001 fecc 	bl	10002700 <ui_status_bar_init>
10000968:	4b46      	ldr	r3, [pc, #280]	@ (10000a84 <main+0x498>)
1000096a:	0018      	movs	r0, r3
1000096c:	9320      	str	r3, [sp, #128]	@ 0x80
1000096e:	f001 ffb1 	bl	100028d4 <ui_hint_bar_init>
10000972:	4b45      	ldr	r3, [pc, #276]	@ (10000a88 <main+0x49c>)
10000974:	001a      	movs	r2, r3
10000976:	930d      	str	r3, [sp, #52]	@ 0x34
10000978:	2334      	movs	r3, #52	@ 0x34
1000097a:	54d4      	strb	r4, [r2, r3]
1000097c:	4b43      	ldr	r3, [pc, #268]	@ (10000a8c <main+0x4a0>)
1000097e:	4c44      	ldr	r4, [pc, #272]	@ (10000a90 <main+0x4a4>)
10000980:	0018      	movs	r0, r3
10000982:	9321      	str	r3, [sp, #132]	@ 0x84
10000984:	f002 f8b8 	bl	10002af8 <ui_text_init>
10000988:	21e1      	movs	r1, #225	@ 0xe1
1000098a:	0020      	movs	r0, r4
1000098c:	0249      	lsls	r1, r1, #9
1000098e:	f003 ff65 	bl	1000485c <uart_init>
10000992:	2102      	movs	r1, #2
10000994:	2000      	movs	r0, #0
10000996:	f002 fc45 	bl	10003224 <gpio_set_function>
1000099a:	2102      	movs	r1, #2
1000099c:	2001      	movs	r0, #1
1000099e:	f002 fc41 	bl	10003224 <gpio_set_function>
100009a2:	2102      	movs	r1, #2
100009a4:	2002      	movs	r0, #2
100009a6:	f002 fc3d 	bl	10003224 <gpio_set_function>
100009aa:	2102      	movs	r1, #2
100009ac:	2003      	movs	r0, #3
100009ae:	f002 fc39 	bl	10003224 <gpio_set_function>
100009b2:	23c0      	movs	r3, #192	@ 0xc0
100009b4:	6b22      	ldr	r2, [r4, #48]	@ 0x30
100009b6:	021b      	lsls	r3, r3, #8
100009b8:	4393      	bics	r3, r2
100009ba:	4a36      	ldr	r2, [pc, #216]	@ (10000a94 <main+0x4a8>)
100009bc:	2108      	movs	r1, #8
100009be:	6013      	str	r3, [r2, #0]
100009c0:	0020      	movs	r0, r4
100009c2:	2300      	movs	r3, #0
100009c4:	2201      	movs	r2, #1
100009c6:	f004 f811 	bl	100049ec <uart_set_format>
100009ca:	2101      	movs	r1, #1
100009cc:	0020      	movs	r0, r4
100009ce:	f004 f84b 	bl	10004a68 <uart_set_fifo_enabled>
100009d2:	2200      	movs	r2, #0
100009d4:	4930      	ldr	r1, [pc, #192]	@ (10000a98 <main+0x4ac>)
100009d6:	4831      	ldr	r0, [pc, #196]	@ (10000a9c <main+0x4b0>)
100009d8:	f002 fae0 	bl	10002f9c <ipp_rx_init>
100009dc:	2014      	movs	r0, #20
100009de:	4930      	ldr	r1, [pc, #192]	@ (10000aa0 <main+0x4b4>)
100009e0:	f002 fda0 	bl	10003524 <irq_set_exclusive_handler>
100009e4:	2101      	movs	r1, #1
100009e6:	2014      	movs	r0, #20
100009e8:	e05c      	b.n	10000aa4 <main+0x4b8>
100009ea:	46c0      	nop			@ (mov r8, r8)
100009ec:	200009b8 	.word	0x200009b8
100009f0:	20000a08 	.word	0x20000a08
100009f4:	20005ee4 	.word	0x20005ee4
100009f8:	20007651 	.word	0x20007651
100009fc:	20000aa0 	.word	0x20000aa0
10000a00:	00061a80 	.word	0x00061a80
10000a04:	20007646 	.word	0x20007646
10000a08:	00005720 	.word	0x00005720
10000a0c:	ffff9823 	.word	0xffff9823
10000a10:	ffffc01f 	.word	0xffffc01f
10000a14:	2000764d 	.word	0x2000764d
10000a18:	10008544 	.word	0x10008544
10000a1c:	20007647 	.word	0x20007647
10000a20:	20007661 	.word	0x20007661
10000a24:	00000841 	.word	0x00000841
10000a28:	00002c9f 	.word	0x00002c9f
10000a2c:	10008564 	.word	0x10008564
10000a30:	10008368 	.word	0x10008368
10000a34:	1000855c 	.word	0x1000855c
10000a38:	10008374 	.word	0x10008374
10000a3c:	0000defb 	.word	0x0000defb
10000a40:	00008c51 	.word	0x00008c51
10000a44:	10008384 	.word	0x10008384
10000a48:	0000fd20 	.word	0x0000fd20
10000a4c:	1000838c 	.word	0x1000838c
10000a50:	1000839c 	.word	0x1000839c
10000a54:	100083f0 	.word	0x100083f0
10000a58:	100083ac 	.word	0x100083ac
10000a5c:	10008354 	.word	0x10008354
10000a60:	100083c0 	.word	0x100083c0
10000a64:	100083d0 	.word	0x100083d0
10000a68:	100083e0 	.word	0x100083e0
10000a6c:	100083e8 	.word	0x100083e8
10000a70:	100083f4 	.word	0x100083f4
10000a74:	10008400 	.word	0x10008400
10000a78:	10008414 	.word	0x10008414
10000a7c:	200063fc 	.word	0x200063fc
10000a80:	20006860 	.word	0x20006860
10000a84:	200063e8 	.word	0x200063e8
10000a88:	20006880 	.word	0x20006880
10000a8c:	200068b8 	.word	0x200068b8
10000a90:	40034000 	.word	0x40034000
10000a94:	40035030 	.word	0x40035030
10000a98:	200000f1 	.word	0x200000f1
10000a9c:	20003eb8 	.word	0x20003eb8
10000aa0:	200000c1 	.word	0x200000c1
10000aa4:	f002 fd18 	bl	100034d8 <irq_set_enabled>
10000aa8:	2350      	movs	r3, #80	@ 0x50
10000aaa:	63a3      	str	r3, [r4, #56]	@ 0x38
10000aac:	6b62      	ldr	r2, [r4, #52]	@ 0x34
10000aae:	3b18      	subs	r3, #24
10000ab0:	4013      	ands	r3, r2
10000ab2:	4ab3      	ldr	r2, [pc, #716]	@ (10000d80 <main+0x794>)
10000ab4:	2100      	movs	r1, #0
10000ab6:	6013      	str	r3, [r2, #0]
10000ab8:	2088      	movs	r0, #136	@ 0x88
10000aba:	2200      	movs	r2, #0
10000abc:	f7ff fc2e 	bl	1000031c <ipp_send_main>
10000ac0:	48b0      	ldr	r0, [pc, #704]	@ (10000d84 <main+0x798>)
10000ac2:	f006 ffa9 	bl	10007a18 <multicore_launch_core1>
10000ac6:	4bb0      	ldr	r3, [pc, #704]	@ (10000d88 <main+0x79c>)
10000ac8:	9319      	str	r3, [sp, #100]	@ 0x64
10000aca:	781b      	ldrb	r3, [r3, #0]
10000acc:	2b00      	cmp	r3, #0
10000ace:	d000      	beq.n	10000ad2 <main+0x4e6>
10000ad0:	e12a      	b.n	10000d28 <main+0x73c>
10000ad2:	2300      	movs	r3, #0
10000ad4:	4aad      	ldr	r2, [pc, #692]	@ (10000d8c <main+0x7a0>)
10000ad6:	9311      	str	r3, [sp, #68]	@ 0x44
10000ad8:	9204      	str	r2, [sp, #16]
10000ada:	4aad      	ldr	r2, [pc, #692]	@ (10000d90 <main+0x7a4>)
10000adc:	9318      	str	r3, [sp, #96]	@ 0x60
10000ade:	9310      	str	r3, [sp, #64]	@ 0x40
10000ae0:	920f      	str	r2, [sp, #60]	@ 0x3c
10000ae2:	ab2c      	add	r3, sp, #176	@ 0xb0
10000ae4:	4aab      	ldr	r2, [pc, #684]	@ (10000d94 <main+0x7a8>)
10000ae6:	930a      	str	r3, [sp, #40]	@ 0x28
10000ae8:	4bab      	ldr	r3, [pc, #684]	@ (10000d98 <main+0x7ac>)
10000aea:	9212      	str	r2, [sp, #72]	@ 0x48
10000aec:	4aab      	ldr	r2, [pc, #684]	@ (10000d9c <main+0x7b0>)
10000aee:	9316      	str	r3, [sp, #88]	@ 0x58
10000af0:	4bab      	ldr	r3, [pc, #684]	@ (10000da0 <main+0x7b4>)
10000af2:	9217      	str	r2, [sp, #92]	@ 0x5c
10000af4:	4aab      	ldr	r2, [pc, #684]	@ (10000da4 <main+0x7b8>)
10000af6:	931c      	str	r3, [sp, #112]	@ 0x70
10000af8:	4bab      	ldr	r3, [pc, #684]	@ (10000da8 <main+0x7bc>)
10000afa:	9213      	str	r2, [sp, #76]	@ 0x4c
10000afc:	4aab      	ldr	r2, [pc, #684]	@ (10000dac <main+0x7c0>)
10000afe:	931d      	str	r3, [sp, #116]	@ 0x74
10000b00:	4bab      	ldr	r3, [pc, #684]	@ (10000db0 <main+0x7c4>)
10000b02:	9214      	str	r2, [sp, #80]	@ 0x50
10000b04:	4aab      	ldr	r2, [pc, #684]	@ (10000db4 <main+0x7c8>)
10000b06:	931a      	str	r3, [sp, #104]	@ 0x68
10000b08:	4bab      	ldr	r3, [pc, #684]	@ (10000db8 <main+0x7cc>)
10000b0a:	9215      	str	r2, [sp, #84]	@ 0x54
10000b0c:	4aab      	ldr	r2, [pc, #684]	@ (10000dbc <main+0x7d0>)
10000b0e:	931b      	str	r3, [sp, #108]	@ 0x6c
10000b10:	4bab      	ldr	r3, [pc, #684]	@ (10000dc0 <main+0x7d4>)
10000b12:	9226      	str	r2, [sp, #152]	@ 0x98
10000b14:	465a      	mov	r2, fp
10000b16:	469b      	mov	fp, r3
10000b18:	9622      	str	r6, [sp, #136]	@ 0x88
10000b1a:	9227      	str	r2, [sp, #156]	@ 0x9c
10000b1c:	f003 fb5a 	bl	100041d4 <time_us_64>
10000b20:	2900      	cmp	r1, #0
10000b22:	d100      	bne.n	10000b26 <main+0x53a>
10000b24:	e162      	b.n	10000dec <main+0x800>
10000b26:	22fa      	movs	r2, #250	@ 0xfa
10000b28:	2300      	movs	r3, #0
10000b2a:	0092      	lsls	r2, r2, #2
10000b2c:	f005 ff58 	bl	100069e0 <__wrap___aeabi_uldivmod>
10000b30:	0003      	movs	r3, r0
10000b32:	9a10      	ldr	r2, [sp, #64]	@ 0x40
10000b34:	9005      	str	r0, [sp, #20]
10000b36:	1a9b      	subs	r3, r3, r2
10000b38:	2b09      	cmp	r3, #9
10000b3a:	d900      	bls.n	10000b3e <main+0x552>
10000b3c:	e161      	b.n	10000e02 <main+0x816>
10000b3e:	9b16      	ldr	r3, [sp, #88]	@ 0x58
10000b40:	781b      	ldrb	r3, [r3, #0]
10000b42:	2b00      	cmp	r3, #0
10000b44:	d000      	beq.n	10000b48 <main+0x55c>
10000b46:	e1b2      	b.n	10000eae <main+0x8c2>
10000b48:	9a1c      	ldr	r2, [sp, #112]	@ 0x70
10000b4a:	7813      	ldrb	r3, [r2, #0]
10000b4c:	2b00      	cmp	r3, #0
10000b4e:	d029      	beq.n	10000ba4 <main+0x5b8>
10000b50:	2300      	movs	r3, #0
10000b52:	7013      	strb	r3, [r2, #0]
10000b54:	4b9b      	ldr	r3, [pc, #620]	@ (10000dc4 <main+0x7d8>)
10000b56:	881a      	ldrh	r2, [r3, #0]
10000b58:	2a03      	cmp	r2, #3
10000b5a:	d923      	bls.n	10000ba4 <main+0x5b8>
10000b5c:	881b      	ldrh	r3, [r3, #0]
10000b5e:	499a      	ldr	r1, [pc, #616]	@ (10000dc8 <main+0x7dc>)
10000b60:	2b04      	cmp	r3, #4
10000b62:	d800      	bhi.n	10000b66 <main+0x57a>
10000b64:	4999      	ldr	r1, [pc, #612]	@ (10000dcc <main+0x7e0>)
10000b66:	9c22      	ldr	r4, [sp, #136]	@ 0x88
10000b68:	2217      	movs	r2, #23
10000b6a:	0020      	movs	r0, r4
10000b6c:	f007 fb18 	bl	100081a0 <strncpy>
10000b70:	2300      	movs	r3, #0
10000b72:	2101      	movs	r1, #1
10000b74:	75e3      	strb	r3, [r4, #23]
10000b76:	4b96      	ldr	r3, [pc, #600]	@ (10000dd0 <main+0x7e4>)
10000b78:	0020      	movs	r0, r4
10000b7a:	781a      	ldrb	r2, [r3, #0]
10000b7c:	7622      	strb	r2, [r4, #24]
10000b7e:	000a      	movs	r2, r1
10000b80:	785b      	ldrb	r3, [r3, #1]
10000b82:	77e1      	strb	r1, [r4, #31]
10000b84:	401a      	ands	r2, r3
10000b86:	7662      	strb	r2, [r4, #25]
10000b88:	079a      	lsls	r2, r3, #30
10000b8a:	0fd2      	lsrs	r2, r2, #31
10000b8c:	76a2      	strb	r2, [r4, #26]
10000b8e:	075a      	lsls	r2, r3, #29
10000b90:	0fd2      	lsrs	r2, r2, #31
10000b92:	76e2      	strb	r2, [r4, #27]
10000b94:	071a      	lsls	r2, r3, #28
10000b96:	06db      	lsls	r3, r3, #27
10000b98:	0fd2      	lsrs	r2, r2, #31
10000b9a:	0fdb      	lsrs	r3, r3, #31
10000b9c:	7722      	strb	r2, [r4, #28]
10000b9e:	7763      	strb	r3, [r4, #29]
10000ba0:	f001 fdc0 	bl	10002724 <ui_status_bar_draw>
10000ba4:	9a1d      	ldr	r2, [sp, #116]	@ 0x74
10000ba6:	7813      	ldrb	r3, [r2, #0]
10000ba8:	2b00      	cmp	r3, #0
10000baa:	d007      	beq.n	10000bbc <main+0x5d0>
10000bac:	2300      	movs	r3, #0
10000bae:	7013      	strb	r3, [r2, #0]
10000bb0:	4b88      	ldr	r3, [pc, #544]	@ (10000dd4 <main+0x7e8>)
10000bb2:	881b      	ldrh	r3, [r3, #0]
10000bb4:	b29f      	uxth	r7, r3
10000bb6:	2b01      	cmp	r3, #1
10000bb8:	d900      	bls.n	10000bbc <main+0x5d0>
10000bba:	e36e      	b.n	1000129a <main+0xcae>
10000bbc:	9a1a      	ldr	r2, [sp, #104]	@ 0x68
10000bbe:	7813      	ldrb	r3, [r2, #0]
10000bc0:	2b00      	cmp	r3, #0
10000bc2:	d007      	beq.n	10000bd4 <main+0x5e8>
10000bc4:	2300      	movs	r3, #0
10000bc6:	4e84      	ldr	r6, [pc, #528]	@ (10000dd8 <main+0x7ec>)
10000bc8:	7013      	strb	r3, [r2, #0]
10000bca:	8833      	ldrh	r3, [r6, #0]
10000bcc:	2b00      	cmp	r3, #0
10000bce:	d001      	beq.n	10000bd4 <main+0x5e8>
10000bd0:	f000 fc3d 	bl	1000144e <main+0xe62>
10000bd4:	9a1b      	ldr	r2, [sp, #108]	@ 0x6c
10000bd6:	7813      	ldrb	r3, [r2, #0]
10000bd8:	2b00      	cmp	r3, #0
10000bda:	d007      	beq.n	10000bec <main+0x600>
10000bdc:	2300      	movs	r3, #0
10000bde:	7013      	strb	r3, [r2, #0]
10000be0:	4b7e      	ldr	r3, [pc, #504]	@ (10000ddc <main+0x7f0>)
10000be2:	881b      	ldrh	r3, [r3, #0]
10000be4:	2b02      	cmp	r3, #2
10000be6:	d901      	bls.n	10000bec <main+0x600>
10000be8:	f000 fc9e 	bl	10001528 <main+0xf3c>
10000bec:	465b      	mov	r3, fp
10000bee:	9a04      	ldr	r2, [sp, #16]
10000bf0:	781b      	ldrb	r3, [r3, #0]
10000bf2:	7812      	ldrb	r2, [r2, #0]
10000bf4:	429a      	cmp	r2, r3
10000bf6:	d048      	beq.n	10000c8a <main+0x69e>
10000bf8:	4f79      	ldr	r7, [pc, #484]	@ (10000de0 <main+0x7f4>)
10000bfa:	003e      	movs	r6, r7
10000bfc:	465f      	mov	r7, fp
10000bfe:	e018      	b.n	10000c32 <main+0x646>
10000c00:	2a14      	cmp	r2, #20
10000c02:	d111      	bne.n	10000c28 <main+0x63c>
10000c04:	18f2      	adds	r2, r6, r3
10000c06:	7852      	ldrb	r2, [r2, #1]
10000c08:	2a0a      	cmp	r2, #10
10000c0a:	d90d      	bls.n	10000c28 <main+0x63c>
10000c0c:	3302      	adds	r3, #2
10000c0e:	18f4      	adds	r4, r6, r3
10000c10:	7aa3      	ldrb	r3, [r4, #10]
10000c12:	2b00      	cmp	r3, #0
10000c14:	d100      	bne.n	10000c18 <main+0x62c>
10000c16:	e151      	b.n	10000ebc <main+0x8d0>
10000c18:	88e3      	ldrh	r3, [r4, #6]
10000c1a:	88a2      	ldrh	r2, [r4, #4]
10000c1c:	8861      	ldrh	r1, [r4, #2]
10000c1e:	8820      	ldrh	r0, [r4, #0]
10000c20:	8924      	ldrh	r4, [r4, #8]
10000c22:	9400      	str	r4, [sp, #0]
10000c24:	f001 f870 	bl	10001d08 <gfx_fill_rect>
10000c28:	9b04      	ldr	r3, [sp, #16]
10000c2a:	783a      	ldrb	r2, [r7, #0]
10000c2c:	781b      	ldrb	r3, [r3, #0]
10000c2e:	429a      	cmp	r2, r3
10000c30:	d02a      	beq.n	10000c88 <main+0x69c>
10000c32:	211f      	movs	r1, #31
10000c34:	783a      	ldrb	r2, [r7, #0]
10000c36:	783b      	ldrb	r3, [r7, #0]
10000c38:	3301      	adds	r3, #1
10000c3a:	400b      	ands	r3, r1
10000c3c:	703b      	strb	r3, [r7, #0]
10000c3e:	01d3      	lsls	r3, r2, #7
10000c40:	189b      	adds	r3, r3, r2
10000c42:	005b      	lsls	r3, r3, #1
10000c44:	5cf2      	ldrb	r2, [r6, r3]
10000c46:	2a15      	cmp	r2, #21
10000c48:	d075      	beq.n	10000d36 <main+0x74a>
10000c4a:	2a16      	cmp	r2, #22
10000c4c:	d1d8      	bne.n	10000c00 <main+0x614>
10000c4e:	18f2      	adds	r2, r6, r3
10000c50:	7852      	ldrb	r2, [r2, #1]
10000c52:	2a07      	cmp	r2, #7
10000c54:	d9e8      	bls.n	10000c28 <main+0x63c>
10000c56:	1c9c      	adds	r4, r3, #2
10000c58:	1934      	adds	r4, r6, r4
10000c5a:	7921      	ldrb	r1, [r4, #4]
10000c5c:	3309      	adds	r3, #9
10000c5e:	18f2      	adds	r2, r6, r3
10000c60:	9b0e      	ldr	r3, [sp, #56]	@ 0x38
10000c62:	2900      	cmp	r1, #0
10000c64:	d100      	bne.n	10000c68 <main+0x67c>
10000c66:	9b1f      	ldr	r3, [sp, #124]	@ 0x7c
10000c68:	2500      	movs	r5, #0
10000c6a:	8861      	ldrh	r1, [r4, #2]
10000c6c:	8820      	ldrh	r0, [r4, #0]
10000c6e:	9501      	str	r5, [sp, #4]
10000c70:	7965      	ldrb	r5, [r4, #5]
10000c72:	79a4      	ldrb	r4, [r4, #6]
10000c74:	0224      	lsls	r4, r4, #8
10000c76:	432c      	orrs	r4, r5
10000c78:	9400      	str	r4, [sp, #0]
10000c7a:	f001 fa37 	bl	100020ec <gfx_draw_str>
10000c7e:	9b04      	ldr	r3, [sp, #16]
10000c80:	783a      	ldrb	r2, [r7, #0]
10000c82:	781b      	ldrb	r3, [r3, #0]
10000c84:	429a      	cmp	r2, r3
10000c86:	d1d4      	bne.n	10000c32 <main+0x646>
10000c88:	46bb      	mov	fp, r7
10000c8a:	980a      	ldr	r0, [sp, #40]	@ 0x28
10000c8c:	f002 f80a 	bl	10002ca4 <ir_driver_poll>
10000c90:	2800      	cmp	r0, #0
10000c92:	d000      	beq.n	10000c96 <main+0x6aa>
10000c94:	e24a      	b.n	1000112c <main+0xb40>
10000c96:	9b0f      	ldr	r3, [sp, #60]	@ 0x3c
10000c98:	781b      	ldrb	r3, [r3, #0]
10000c9a:	2b00      	cmp	r3, #0
10000c9c:	d008      	beq.n	10000cb0 <main+0x6c4>
10000c9e:	2300      	movs	r3, #0
10000ca0:	9a0f      	ldr	r2, [sp, #60]	@ 0x3c
10000ca2:	7013      	strb	r3, [r2, #0]
10000ca4:	4b4f      	ldr	r3, [pc, #316]	@ (10000de4 <main+0x7f8>)
10000ca6:	781a      	ldrb	r2, [r3, #0]
10000ca8:	2a00      	cmp	r2, #0
10000caa:	d101      	bne.n	10000cb0 <main+0x6c4>
10000cac:	f000 fc50 	bl	10001550 <main+0xf64>
10000cb0:	9b12      	ldr	r3, [sp, #72]	@ 0x48
10000cb2:	781b      	ldrb	r3, [r3, #0]
10000cb4:	2b00      	cmp	r3, #0
10000cb6:	d000      	beq.n	10000cba <main+0x6ce>
10000cb8:	e1eb      	b.n	10001092 <main+0xaa6>
10000cba:	9b17      	ldr	r3, [sp, #92]	@ 0x5c
10000cbc:	781b      	ldrb	r3, [r3, #0]
10000cbe:	2b00      	cmp	r3, #0
10000cc0:	d000      	beq.n	10000cc4 <main+0x6d8>
10000cc2:	e1f0      	b.n	100010a6 <main+0xaba>
10000cc4:	9b13      	ldr	r3, [sp, #76]	@ 0x4c
10000cc6:	781b      	ldrb	r3, [r3, #0]
10000cc8:	2b00      	cmp	r3, #0
10000cca:	d000      	beq.n	10000cce <main+0x6e2>
10000ccc:	e25c      	b.n	10001188 <main+0xb9c>
10000cce:	9b14      	ldr	r3, [sp, #80]	@ 0x50
10000cd0:	781b      	ldrb	r3, [r3, #0]
10000cd2:	2b00      	cmp	r3, #0
10000cd4:	d000      	beq.n	10000cd8 <main+0x6ec>
10000cd6:	e293      	b.n	10001200 <main+0xc14>
10000cd8:	2334      	movs	r3, #52	@ 0x34
10000cda:	990d      	ldr	r1, [sp, #52]	@ 0x34
10000cdc:	5cca      	ldrb	r2, [r1, r3]
10000cde:	2a00      	cmp	r2, #0
10000ce0:	d004      	beq.n	10000cec <main+0x700>
10000ce2:	6b0a      	ldr	r2, [r1, #48]	@ 0x30
10000ce4:	9905      	ldr	r1, [sp, #20]
10000ce6:	428a      	cmp	r2, r1
10000ce8:	d800      	bhi.n	10000cec <main+0x700>
10000cea:	e397      	b.n	1000141c <main+0xe30>
10000cec:	9b15      	ldr	r3, [sp, #84]	@ 0x54
10000cee:	781b      	ldrb	r3, [r3, #0]
10000cf0:	2b00      	cmp	r3, #0
10000cf2:	d000      	beq.n	10000cf6 <main+0x70a>
10000cf4:	e1c7      	b.n	10001086 <main+0xa9a>
10000cf6:	9b05      	ldr	r3, [sp, #20]
10000cf8:	9a11      	ldr	r2, [sp, #68]	@ 0x44
10000cfa:	1a9b      	subs	r3, r3, r2
10000cfc:	2b31      	cmp	r3, #49	@ 0x31
10000cfe:	d900      	bls.n	10000d02 <main+0x716>
10000d00:	e1bc      	b.n	1000107c <main+0xa90>
10000d02:	9a18      	ldr	r2, [sp, #96]	@ 0x60
10000d04:	9b05      	ldr	r3, [sp, #20]
10000d06:	1a9b      	subs	r3, r3, r2
10000d08:	22fa      	movs	r2, #250	@ 0xfa
10000d0a:	0092      	lsls	r2, r2, #2
10000d0c:	4293      	cmp	r3, r2
10000d0e:	d306      	bcc.n	10000d1e <main+0x732>
10000d10:	9b1e      	ldr	r3, [sp, #120]	@ 0x78
10000d12:	781b      	ldrb	r3, [r3, #0]
10000d14:	2b00      	cmp	r3, #0
10000d16:	d000      	beq.n	10000d1a <main+0x72e>
10000d18:	e331      	b.n	1000137e <main+0xd92>
10000d1a:	9b05      	ldr	r3, [sp, #20]
10000d1c:	9318      	str	r3, [sp, #96]	@ 0x60
10000d1e:	9b19      	ldr	r3, [sp, #100]	@ 0x64
10000d20:	781b      	ldrb	r3, [r3, #0]
10000d22:	2b00      	cmp	r3, #0
10000d24:	d100      	bne.n	10000d28 <main+0x73c>
10000d26:	e6f9      	b.n	10000b1c <main+0x530>
10000d28:	482f      	ldr	r0, [pc, #188]	@ (10000de8 <main+0x7fc>)
10000d2a:	f005 fdc1 	bl	100068b0 <rom_func_lookup>
10000d2e:	2100      	movs	r1, #0
10000d30:	0003      	movs	r3, r0
10000d32:	0008      	movs	r0, r1
10000d34:	4798      	blx	r3
10000d36:	18f2      	adds	r2, r6, r3
10000d38:	7852      	ldrb	r2, [r2, #1]
10000d3a:	2a09      	cmp	r2, #9
10000d3c:	d800      	bhi.n	10000d40 <main+0x754>
10000d3e:	e773      	b.n	10000c28 <main+0x63c>
10000d40:	3302      	adds	r3, #2
10000d42:	469a      	mov	sl, r3
10000d44:	44b2      	add	sl, r6
10000d46:	4653      	mov	r3, sl
10000d48:	8859      	ldrh	r1, [r3, #2]
10000d4a:	88dc      	ldrh	r4, [r3, #6]
10000d4c:	889a      	ldrh	r2, [r3, #4]
10000d4e:	42a1      	cmp	r1, r4
10000d50:	d100      	bne.n	10000d54 <main+0x768>
10000d52:	e182      	b.n	1000105a <main+0xa6e>
10000d54:	8818      	ldrh	r0, [r3, #0]
10000d56:	4290      	cmp	r0, r2
10000d58:	d000      	beq.n	10000d5c <main+0x770>
10000d5a:	e289      	b.n	10001270 <main+0xc84>
10000d5c:	1c0d      	adds	r5, r1, #0
10000d5e:	42a1      	cmp	r1, r4
10000d60:	d900      	bls.n	10000d64 <main+0x778>
10000d62:	1c25      	adds	r5, r4, #0
10000d64:	b2ad      	uxth	r5, r5
10000d66:	42a1      	cmp	r1, r4
10000d68:	d300      	bcc.n	10000d6c <main+0x780>
10000d6a:	e2fa      	b.n	10001362 <main+0xd76>
10000d6c:	3401      	adds	r4, #1
10000d6e:	1a62      	subs	r2, r4, r1
10000d70:	b292      	uxth	r2, r2
10000d72:	4653      	mov	r3, sl
10000d74:	0029      	movs	r1, r5
10000d76:	891b      	ldrh	r3, [r3, #8]
10000d78:	f001 f832 	bl	10001de0 <gfx_vline>
10000d7c:	e754      	b.n	10000c28 <main+0x63c>
10000d7e:	46c0      	nop			@ (mov r8, r8)
10000d80:	40035034 	.word	0x40035034
10000d84:	10000309 	.word	0x10000309
10000d88:	2000765d 	.word	0x2000765d
10000d8c:	2000764b 	.word	0x2000764b
10000d90:	2000765a 	.word	0x2000765a
10000d94:	2000765b 	.word	0x2000765b
10000d98:	20007653 	.word	0x20007653
10000d9c:	20007654 	.word	0x20007654
10000da0:	2000765e 	.word	0x2000765e
10000da4:	20007659 	.word	0x20007659
10000da8:	2000765c 	.word	0x2000765c
10000dac:	20007655 	.word	0x20007655
10000db0:	20007660 	.word	0x20007660
10000db4:	20007652 	.word	0x20007652
10000db8:	2000765f 	.word	0x2000765f
10000dbc:	2000764e 	.word	0x2000764e
10000dc0:	2000764c 	.word	0x2000764c
10000dc4:	20007640 	.word	0x20007640
10000dc8:	2000612c 	.word	0x2000612c
10000dcc:	10008360 	.word	0x10008360
10000dd0:	20006128 	.word	0x20006128
10000dd4:	2000763e 	.word	0x2000763e
10000dd8:	20007644 	.word	0x20007644
10000ddc:	20007642 	.word	0x20007642
10000de0:	20000e68 	.word	0x20000e68
10000de4:	20005f20 	.word	0x20005f20
10000de8:	00004255 	.word	0x00004255
10000dec:	21fa      	movs	r1, #250	@ 0xfa
10000dee:	0089      	lsls	r1, r1, #2
10000df0:	f005 fdb8 	bl	10006964 <__wrap___aeabi_uidiv>
10000df4:	0003      	movs	r3, r0
10000df6:	9a10      	ldr	r2, [sp, #64]	@ 0x40
10000df8:	9005      	str	r0, [sp, #20]
10000dfa:	1a9b      	subs	r3, r3, r2
10000dfc:	2b09      	cmp	r3, #9
10000dfe:	d800      	bhi.n	10000e02 <main+0x816>
10000e00:	e69d      	b.n	10000b3e <main+0x552>
10000e02:	f003 f9e7 	bl	100041d4 <time_us_64>
10000e06:	2900      	cmp	r1, #0
10000e08:	d100      	bne.n	10000e0c <main+0x820>
10000e0a:	e2ae      	b.n	1000136a <main+0xd7e>
10000e0c:	22fa      	movs	r2, #250	@ 0xfa
10000e0e:	2300      	movs	r3, #0
10000e10:	0092      	lsls	r2, r2, #2
10000e12:	f005 fde5 	bl	100069e0 <__wrap___aeabi_uldivmod>
10000e16:	0005      	movs	r5, r0
10000e18:	23d0      	movs	r3, #208	@ 0xd0
10000e1a:	061b      	lsls	r3, r3, #24
10000e1c:	4698      	mov	r8, r3
10000e1e:	23fa      	movs	r3, #250	@ 0xfa
10000e20:	005b      	lsls	r3, r3, #1
10000e22:	2601      	movs	r6, #1
10000e24:	469a      	mov	sl, r3
10000e26:	9c23      	ldr	r4, [sp, #140]	@ 0x8c
10000e28:	4643      	mov	r3, r8
10000e2a:	7821      	ldrb	r1, [r4, #0]
10000e2c:	685b      	ldr	r3, [r3, #4]
10000e2e:	78a2      	ldrb	r2, [r4, #2]
10000e30:	40cb      	lsrs	r3, r1
10000e32:	421e      	tst	r6, r3
10000e34:	d14b      	bne.n	10000ece <main+0x8e2>
10000e36:	2a00      	cmp	r2, #0
10000e38:	d000      	beq.n	10000e3c <main+0x850>
10000e3a:	e07c      	b.n	10000f36 <main+0x94a>
10000e3c:	68e3      	ldr	r3, [r4, #12]
10000e3e:	1aeb      	subs	r3, r5, r3
10000e40:	2b13      	cmp	r3, #19
10000e42:	d929      	bls.n	10000e98 <main+0x8ac>
10000e44:	7863      	ldrb	r3, [r4, #1]
10000e46:	990a      	ldr	r1, [sp, #40]	@ 0x28
10000e48:	a826      	add	r0, sp, #152	@ 0x98
10000e4a:	700b      	strb	r3, [r1, #0]
10000e4c:	4684      	mov	ip, r0
10000e4e:	231a      	movs	r3, #26
10000e50:	4463      	add	r3, ip
10000e52:	704e      	strb	r6, [r1, #1]
10000e54:	7222      	strb	r2, [r4, #8]
10000e56:	801a      	strh	r2, [r3, #0]
10000e58:	805a      	strh	r2, [r3, #2]
10000e5a:	9a26      	ldr	r2, [sp, #152]	@ 0x98
10000e5c:	4fc2      	ldr	r7, [pc, #776]	@ (10001168 <main+0xb7c>)
10000e5e:	7813      	ldrb	r3, [r2, #0]
10000e60:	70a6      	strb	r6, [r4, #2]
10000e62:	b2d8      	uxtb	r0, r3
10000e64:	3301      	adds	r3, #1
10000e66:	b2db      	uxtb	r3, r3
10000e68:	7013      	strb	r3, [r2, #0]
10000e6a:	4bc0      	ldr	r3, [pc, #768]	@ (1000116c <main+0xb80>)
10000e6c:	6065      	str	r5, [r4, #4]
10000e6e:	60e5      	str	r5, [r4, #12]
10000e70:	000a      	movs	r2, r1
10000e72:	9301      	str	r3, [sp, #4]
10000e74:	2181      	movs	r1, #129	@ 0x81
10000e76:	2306      	movs	r3, #6
10000e78:	9700      	str	r7, [sp, #0]
10000e7a:	f002 f85d 	bl	10002f38 <ipp_build>
10000e7e:	2800      	cmp	r0, #0
10000e80:	d00a      	beq.n	10000e98 <main+0x8ac>
10000e82:	2120      	movs	r1, #32
10000e84:	4aba      	ldr	r2, [pc, #744]	@ (10001170 <main+0xb84>)
10000e86:	1838      	adds	r0, r7, r0
10000e88:	6993      	ldr	r3, [r2, #24]
10000e8a:	4219      	tst	r1, r3
10000e8c:	d1fc      	bne.n	10000e88 <main+0x89c>
10000e8e:	783b      	ldrb	r3, [r7, #0]
10000e90:	3701      	adds	r7, #1
10000e92:	6013      	str	r3, [r2, #0]
10000e94:	42b8      	cmp	r0, r7
10000e96:	d1f7      	bne.n	10000e88 <main+0x89c>
10000e98:	4bb6      	ldr	r3, [pc, #728]	@ (10001174 <main+0xb88>)
10000e9a:	3410      	adds	r4, #16
10000e9c:	42a3      	cmp	r3, r4
10000e9e:	d1c3      	bne.n	10000e28 <main+0x83c>
10000ea0:	9b05      	ldr	r3, [sp, #20]
10000ea2:	9310      	str	r3, [sp, #64]	@ 0x40
10000ea4:	9b16      	ldr	r3, [sp, #88]	@ 0x58
10000ea6:	781b      	ldrb	r3, [r3, #0]
10000ea8:	2b00      	cmp	r3, #0
10000eaa:	d100      	bne.n	10000eae <main+0x8c2>
10000eac:	e64c      	b.n	10000b48 <main+0x55c>
10000eae:	2300      	movs	r3, #0
10000eb0:	9a16      	ldr	r2, [sp, #88]	@ 0x58
10000eb2:	2000      	movs	r0, #0
10000eb4:	7013      	strb	r3, [r2, #0]
10000eb6:	f000 fee9 	bl	10001c8c <gfx_clear>
10000eba:	e645      	b.n	10000b48 <main+0x55c>
10000ebc:	88e3      	ldrh	r3, [r4, #6]
10000ebe:	88a2      	ldrh	r2, [r4, #4]
10000ec0:	8861      	ldrh	r1, [r4, #2]
10000ec2:	8820      	ldrh	r0, [r4, #0]
10000ec4:	8924      	ldrh	r4, [r4, #8]
10000ec6:	9400      	str	r4, [sp, #0]
10000ec8:	f000 ff2e 	bl	10001d28 <gfx_draw_rect>
10000ecc:	e6ac      	b.n	10000c28 <main+0x63c>
10000ece:	2a00      	cmp	r2, #0
10000ed0:	d0e2      	beq.n	10000e98 <main+0x8ac>
10000ed2:	68e3      	ldr	r3, [r4, #12]
10000ed4:	1aeb      	subs	r3, r5, r3
10000ed6:	2b13      	cmp	r3, #19
10000ed8:	d9de      	bls.n	10000e98 <main+0x8ac>
10000eda:	2200      	movs	r2, #0
10000edc:	7861      	ldrb	r1, [r4, #1]
10000ede:	980a      	ldr	r0, [sp, #40]	@ 0x28
10000ee0:	6863      	ldr	r3, [r4, #4]
10000ee2:	7001      	strb	r1, [r0, #0]
10000ee4:	7042      	strb	r2, [r0, #1]
10000ee6:	0001      	movs	r1, r0
10000ee8:	a826      	add	r0, sp, #152	@ 0x98
10000eea:	4684      	mov	ip, r0
10000eec:	70a2      	strb	r2, [r4, #2]
10000eee:	321a      	adds	r2, #26
10000ef0:	4462      	add	r2, ip
10000ef2:	1aeb      	subs	r3, r5, r3
10000ef4:	8013      	strh	r3, [r2, #0]
10000ef6:	0c1b      	lsrs	r3, r3, #16
10000ef8:	8053      	strh	r3, [r2, #2]
10000efa:	4a9f      	ldr	r2, [pc, #636]	@ (10001178 <main+0xb8c>)
10000efc:	4f9a      	ldr	r7, [pc, #616]	@ (10001168 <main+0xb7c>)
10000efe:	7813      	ldrb	r3, [r2, #0]
10000f00:	60e5      	str	r5, [r4, #12]
10000f02:	b2d8      	uxtb	r0, r3
10000f04:	3301      	adds	r3, #1
10000f06:	b2db      	uxtb	r3, r3
10000f08:	7013      	strb	r3, [r2, #0]
10000f0a:	4b98      	ldr	r3, [pc, #608]	@ (1000116c <main+0xb80>)
10000f0c:	000a      	movs	r2, r1
10000f0e:	9301      	str	r3, [sp, #4]
10000f10:	2181      	movs	r1, #129	@ 0x81
10000f12:	2306      	movs	r3, #6
10000f14:	9700      	str	r7, [sp, #0]
10000f16:	f002 f80f 	bl	10002f38 <ipp_build>
10000f1a:	2800      	cmp	r0, #0
10000f1c:	d0bc      	beq.n	10000e98 <main+0x8ac>
10000f1e:	2120      	movs	r1, #32
10000f20:	4a93      	ldr	r2, [pc, #588]	@ (10001170 <main+0xb84>)
10000f22:	1838      	adds	r0, r7, r0
10000f24:	6993      	ldr	r3, [r2, #24]
10000f26:	4219      	tst	r1, r3
10000f28:	d1fc      	bne.n	10000f24 <main+0x938>
10000f2a:	783b      	ldrb	r3, [r7, #0]
10000f2c:	3701      	adds	r7, #1
10000f2e:	6013      	str	r3, [r2, #0]
10000f30:	42b8      	cmp	r0, r7
10000f32:	d1f7      	bne.n	10000f24 <main+0x938>
10000f34:	e7b0      	b.n	10000e98 <main+0x8ac>
10000f36:	6867      	ldr	r7, [r4, #4]
10000f38:	1bef      	subs	r7, r5, r7
10000f3a:	4557      	cmp	r7, sl
10000f3c:	d3ac      	bcc.n	10000e98 <main+0x8ac>
10000f3e:	7a23      	ldrb	r3, [r4, #8]
10000f40:	2b00      	cmp	r3, #0
10000f42:	d101      	bne.n	10000f48 <main+0x95c>
10000f44:	f000 fc72 	bl	1000182c <main+0x1240>
10000f48:	7863      	ldrb	r3, [r4, #1]
10000f4a:	4699      	mov	r9, r3
10000f4c:	2b00      	cmp	r3, #0
10000f4e:	d1a3      	bne.n	10000e98 <main+0x8ac>
10000f50:	4b8a      	ldr	r3, [pc, #552]	@ (1000117c <main+0xb90>)
10000f52:	429f      	cmp	r7, r3
10000f54:	d9a0      	bls.n	10000e98 <main+0x8ac>
10000f56:	9b1e      	ldr	r3, [sp, #120]	@ 0x78
10000f58:	781b      	ldrb	r3, [r3, #0]
10000f5a:	2b00      	cmp	r3, #0
10000f5c:	d101      	bne.n	10000f62 <main+0x976>
10000f5e:	f000 fcf0 	bl	10001942 <main+0x1356>
10000f62:	2311      	movs	r3, #17
10000f64:	aa26      	add	r2, sp, #152	@ 0x98
10000f66:	7293      	strb	r3, [r2, #10]
10000f68:	0013      	movs	r3, r2
10000f6a:	464a      	mov	r2, r9
10000f6c:	a926      	add	r1, sp, #152	@ 0x98
10000f6e:	72da      	strb	r2, [r3, #11]
10000f70:	2701      	movs	r7, #1
10000f72:	468c      	mov	ip, r1
10000f74:	220a      	movs	r2, #10
10000f76:	003b      	movs	r3, r7
10000f78:	216b      	movs	r1, #107	@ 0x6b
10000f7a:	980b      	ldr	r0, [sp, #44]	@ 0x2c
10000f7c:	9700      	str	r7, [sp, #0]
10000f7e:	4462      	add	r2, ip
10000f80:	f006 fea4 	bl	10007ccc <i2c_write_blocking>
10000f84:	2800      	cmp	r0, #0
10000f86:	db14      	blt.n	10000fb2 <main+0x9c6>
10000f88:	a926      	add	r1, sp, #152	@ 0x98
10000f8a:	464b      	mov	r3, r9
10000f8c:	468c      	mov	ip, r1
10000f8e:	220b      	movs	r2, #11
10000f90:	9300      	str	r3, [sp, #0]
10000f92:	216b      	movs	r1, #107	@ 0x6b
10000f94:	003b      	movs	r3, r7
10000f96:	980b      	ldr	r0, [sp, #44]	@ 0x2c
10000f98:	4462      	add	r2, ip
10000f9a:	f006 ff0d 	bl	10007db8 <i2c_read_blocking>
10000f9e:	2800      	cmp	r0, #0
10000fa0:	db07      	blt.n	10000fb2 <main+0x9c6>
10000fa2:	ab26      	add	r3, sp, #152	@ 0x98
10000fa4:	7ada      	ldrb	r2, [r3, #11]
10000fa6:	7adb      	ldrb	r3, [r3, #11]
10000fa8:	b25b      	sxtb	r3, r3
10000faa:	2b00      	cmp	r3, #0
10000fac:	da01      	bge.n	10000fb2 <main+0x9c6>
10000fae:	f000 fc9d 	bl	100018ec <main+0x1300>
10000fb2:	9b27      	ldr	r3, [sp, #156]	@ 0x9c
10000fb4:	4a72      	ldr	r2, [pc, #456]	@ (10001180 <main+0xb94>)
10000fb6:	469b      	mov	fp, r3
10000fb8:	4b72      	ldr	r3, [pc, #456]	@ (10001184 <main+0xb98>)
10000fba:	2500      	movs	r5, #0
10000fbc:	681b      	ldr	r3, [r3, #0]
10000fbe:	2401      	movs	r4, #1
10000fc0:	0c1b      	lsrs	r3, r3, #16
10000fc2:	041b      	lsls	r3, r3, #16
10000fc4:	6013      	str	r3, [r2, #0]
10000fc6:	465b      	mov	r3, fp
10000fc8:	701d      	strb	r5, [r3, #0]
10000fca:	f7ff f9d1 	bl	10000370 <ws2812_show>
10000fce:	980b      	ldr	r0, [sp, #44]	@ 0x2c
10000fd0:	a926      	add	r1, sp, #152	@ 0x98
10000fd2:	468c      	mov	ip, r1
10000fd4:	2607      	movs	r6, #7
10000fd6:	220a      	movs	r2, #10
10000fd8:	4680      	mov	r8, r0
10000fda:	ab26      	add	r3, sp, #152	@ 0x98
10000fdc:	4462      	add	r2, ip
10000fde:	729e      	strb	r6, [r3, #10]
10000fe0:	af29      	add	r7, sp, #164	@ 0xa4
10000fe2:	0023      	movs	r3, r4
10000fe4:	216b      	movs	r1, #107	@ 0x6b
10000fe6:	9400      	str	r4, [sp, #0]
10000fe8:	f006 fe70 	bl	10007ccc <i2c_write_blocking>
10000fec:	003a      	movs	r2, r7
10000fee:	0023      	movs	r3, r4
10000ff0:	216b      	movs	r1, #107	@ 0x6b
10000ff2:	4640      	mov	r0, r8
10000ff4:	9500      	str	r5, [sp, #0]
10000ff6:	f006 fedf 	bl	10007db8 <i2c_read_blocking>
10000ffa:	2230      	movs	r2, #48	@ 0x30
10000ffc:	783b      	ldrb	r3, [r7, #0]
10000ffe:	216b      	movs	r1, #107	@ 0x6b
10001000:	4393      	bics	r3, r2
10001002:	aa2b      	add	r2, sp, #172	@ 0xac
10001004:	703b      	strb	r3, [r7, #0]
10001006:	7016      	strb	r6, [r2, #0]
10001008:	7053      	strb	r3, [r2, #1]
1000100a:	4640      	mov	r0, r8
1000100c:	2302      	movs	r3, #2
1000100e:	9500      	str	r5, [sp, #0]
10001010:	f006 fe5c 	bl	10007ccc <i2c_write_blocking>
10001014:	a926      	add	r1, sp, #152	@ 0x98
10001016:	468c      	mov	ip, r1
10001018:	2709      	movs	r7, #9
1000101a:	220a      	movs	r2, #10
1000101c:	ab26      	add	r3, sp, #152	@ 0x98
1000101e:	729f      	strb	r7, [r3, #10]
10001020:	4462      	add	r2, ip
10001022:	ae2a      	add	r6, sp, #168	@ 0xa8
10001024:	0023      	movs	r3, r4
10001026:	216b      	movs	r1, #107	@ 0x6b
10001028:	4640      	mov	r0, r8
1000102a:	9400      	str	r4, [sp, #0]
1000102c:	f006 fe4e 	bl	10007ccc <i2c_write_blocking>
10001030:	0023      	movs	r3, r4
10001032:	0032      	movs	r2, r6
10001034:	216b      	movs	r1, #107	@ 0x6b
10001036:	4640      	mov	r0, r8
10001038:	9500      	str	r5, [sp, #0]
1000103a:	f006 febd 	bl	10007db8 <i2c_read_blocking>
1000103e:	2328      	movs	r3, #40	@ 0x28
10001040:	7832      	ldrb	r2, [r6, #0]
10001042:	216b      	movs	r1, #107	@ 0x6b
10001044:	4313      	orrs	r3, r2
10001046:	9a0a      	ldr	r2, [sp, #40]	@ 0x28
10001048:	7033      	strb	r3, [r6, #0]
1000104a:	7053      	strb	r3, [r2, #1]
1000104c:	7017      	strb	r7, [r2, #0]
1000104e:	2302      	movs	r3, #2
10001050:	4640      	mov	r0, r8
10001052:	9500      	str	r5, [sp, #0]
10001054:	f006 fe3a 	bl	10007ccc <i2c_write_blocking>
10001058:	e7fe      	b.n	10001058 <main+0xa6c>
1000105a:	881c      	ldrh	r4, [r3, #0]
1000105c:	1c20      	adds	r0, r4, #0
1000105e:	4294      	cmp	r4, r2
10001060:	d900      	bls.n	10001064 <main+0xa78>
10001062:	1c10      	adds	r0, r2, #0
10001064:	b280      	uxth	r0, r0
10001066:	4294      	cmp	r4, r2
10001068:	d300      	bcc.n	1000106c <main+0xa80>
1000106a:	e184      	b.n	10001376 <main+0xd8a>
1000106c:	3201      	adds	r2, #1
1000106e:	1b12      	subs	r2, r2, r4
10001070:	b292      	uxth	r2, r2
10001072:	4653      	mov	r3, sl
10001074:	891b      	ldrh	r3, [r3, #8]
10001076:	f000 fea5 	bl	10001dc4 <gfx_hline>
1000107a:	e5d5      	b.n	10000c28 <main+0x63c>
1000107c:	f7ff fa24 	bl	100004c8 <read_and_send_accel>
10001080:	9b05      	ldr	r3, [sp, #20]
10001082:	9311      	str	r3, [sp, #68]	@ 0x44
10001084:	e63d      	b.n	10000d02 <main+0x716>
10001086:	2300      	movs	r3, #0
10001088:	9a15      	ldr	r2, [sp, #84]	@ 0x54
1000108a:	7013      	strb	r3, [r2, #0]
1000108c:	f7ff fa1c 	bl	100004c8 <read_and_send_accel>
10001090:	e631      	b.n	10000cf6 <main+0x70a>
10001092:	2300      	movs	r3, #0
10001094:	9a12      	ldr	r2, [sp, #72]	@ 0x48
10001096:	7013      	strb	r3, [r2, #0]
10001098:	f7ff f96a 	bl	10000370 <ws2812_show>
1000109c:	9b17      	ldr	r3, [sp, #92]	@ 0x5c
1000109e:	781b      	ldrb	r3, [r3, #0]
100010a0:	2b00      	cmp	r3, #0
100010a2:	d100      	bne.n	100010a6 <main+0xaba>
100010a4:	e60e      	b.n	10000cc4 <main+0x6d8>
100010a6:	2300      	movs	r3, #0
100010a8:	9a17      	ldr	r2, [sp, #92]	@ 0x5c
100010aa:	9f0a      	ldr	r7, [sp, #40]	@ 0x28
100010ac:	7013      	strb	r3, [r2, #0]
100010ae:	703b      	strb	r3, [r7, #0]
100010b0:	9b0b      	ldr	r3, [sp, #44]	@ 0x2c
100010b2:	2408      	movs	r4, #8
100010b4:	2600      	movs	r6, #0
100010b6:	4698      	mov	r8, r3
100010b8:	ad2b      	add	r5, sp, #172	@ 0xac
100010ba:	e00a      	b.n	100010d2 <main+0xae6>
100010bc:	1c53      	adds	r3, r2, #1
100010be:	b2db      	uxtb	r3, r3
100010c0:	18ba      	adds	r2, r7, r2
100010c2:	703b      	strb	r3, [r7, #0]
100010c4:	7054      	strb	r4, [r2, #1]
100010c6:	3401      	adds	r4, #1
100010c8:	b2e4      	uxtb	r4, r4
100010ca:	2c78      	cmp	r4, #120	@ 0x78
100010cc:	d010      	beq.n	100010f0 <main+0xb04>
100010ce:	2b0f      	cmp	r3, #15
100010d0:	d80e      	bhi.n	100010f0 <main+0xb04>
100010d2:	002a      	movs	r2, r5
100010d4:	2301      	movs	r3, #1
100010d6:	0021      	movs	r1, r4
100010d8:	4640      	mov	r0, r8
100010da:	9600      	str	r6, [sp, #0]
100010dc:	f006 fe6c 	bl	10007db8 <i2c_read_blocking>
100010e0:	783a      	ldrb	r2, [r7, #0]
100010e2:	2800      	cmp	r0, #0
100010e4:	daea      	bge.n	100010bc <main+0xad0>
100010e6:	3401      	adds	r4, #1
100010e8:	b2e4      	uxtb	r4, r4
100010ea:	0013      	movs	r3, r2
100010ec:	2c78      	cmp	r4, #120	@ 0x78
100010ee:	d1ee      	bne.n	100010ce <main+0xae2>
100010f0:	4921      	ldr	r1, [pc, #132]	@ (10001178 <main+0xb8c>)
100010f2:	4c1d      	ldr	r4, [pc, #116]	@ (10001168 <main+0xb7c>)
100010f4:	780a      	ldrb	r2, [r1, #0]
100010f6:	3301      	adds	r3, #1
100010f8:	b2d0      	uxtb	r0, r2
100010fa:	3201      	adds	r2, #1
100010fc:	b2d2      	uxtb	r2, r2
100010fe:	700a      	strb	r2, [r1, #0]
10001100:	4a1a      	ldr	r2, [pc, #104]	@ (1000116c <main+0xb80>)
10001102:	2189      	movs	r1, #137	@ 0x89
10001104:	9201      	str	r2, [sp, #4]
10001106:	9400      	str	r4, [sp, #0]
10001108:	9a0a      	ldr	r2, [sp, #40]	@ 0x28
1000110a:	f001 ff15 	bl	10002f38 <ipp_build>
1000110e:	2800      	cmp	r0, #0
10001110:	d100      	bne.n	10001114 <main+0xb28>
10001112:	e5d7      	b.n	10000cc4 <main+0x6d8>
10001114:	2120      	movs	r1, #32
10001116:	4a16      	ldr	r2, [pc, #88]	@ (10001170 <main+0xb84>)
10001118:	1820      	adds	r0, r4, r0
1000111a:	6993      	ldr	r3, [r2, #24]
1000111c:	4219      	tst	r1, r3
1000111e:	d1fc      	bne.n	1000111a <main+0xb2e>
10001120:	7823      	ldrb	r3, [r4, #0]
10001122:	3401      	adds	r4, #1
10001124:	6013      	str	r3, [r2, #0]
10001126:	4284      	cmp	r4, r0
10001128:	d1f7      	bne.n	1000111a <main+0xb2e>
1000112a:	e5cb      	b.n	10000cc4 <main+0x6d8>
1000112c:	4a12      	ldr	r2, [pc, #72]	@ (10001178 <main+0xb8c>)
1000112e:	4c0e      	ldr	r4, [pc, #56]	@ (10001168 <main+0xb7c>)
10001130:	7813      	ldrb	r3, [r2, #0]
10001132:	2185      	movs	r1, #133	@ 0x85
10001134:	b2d8      	uxtb	r0, r3
10001136:	3301      	adds	r3, #1
10001138:	b2db      	uxtb	r3, r3
1000113a:	7013      	strb	r3, [r2, #0]
1000113c:	4b0b      	ldr	r3, [pc, #44]	@ (1000116c <main+0xb80>)
1000113e:	9a0a      	ldr	r2, [sp, #40]	@ 0x28
10001140:	9301      	str	r3, [sp, #4]
10001142:	9400      	str	r4, [sp, #0]
10001144:	2306      	movs	r3, #6
10001146:	f001 fef7 	bl	10002f38 <ipp_build>
1000114a:	2800      	cmp	r0, #0
1000114c:	d100      	bne.n	10001150 <main+0xb64>
1000114e:	e5a2      	b.n	10000c96 <main+0x6aa>
10001150:	2120      	movs	r1, #32
10001152:	4a07      	ldr	r2, [pc, #28]	@ (10001170 <main+0xb84>)
10001154:	1820      	adds	r0, r4, r0
10001156:	6993      	ldr	r3, [r2, #24]
10001158:	4219      	tst	r1, r3
1000115a:	d1fc      	bne.n	10001156 <main+0xb6a>
1000115c:	7823      	ldrb	r3, [r4, #0]
1000115e:	3401      	adds	r4, #1
10001160:	6013      	str	r3, [r2, #0]
10001162:	42a0      	cmp	r0, r4
10001164:	d1f7      	bne.n	10001156 <main+0xb6a>
10001166:	e596      	b.n	10000c96 <main+0x6aa>
10001168:	20004ed8 	.word	0x20004ed8
1000116c:	00001007 	.word	0x00001007
10001170:	40034000 	.word	0x40034000
10001174:	20000a08 	.word	0x20000a08
10001178:	2000764e 	.word	0x2000764e
1000117c:	00000bb7 	.word	0x00000bb7
10001180:	4005105c 	.word	0x4005105c
10001184:	4005005c 	.word	0x4005005c
10001188:	2300      	movs	r3, #0
1000118a:	9a13      	ldr	r2, [sp, #76]	@ 0x4c
1000118c:	4ed7      	ldr	r6, [pc, #860]	@ (100014ec <main+0xf00>)
1000118e:	7013      	strb	r3, [r2, #0]
10001190:	7832      	ldrb	r2, [r6, #0]
10001192:	4cd7      	ldr	r4, [pc, #860]	@ (100014f0 <main+0xf04>)
10001194:	ad2b      	add	r5, sp, #172	@ 0xac
10001196:	702a      	strb	r2, [r5, #0]
10001198:	7822      	ldrb	r2, [r4, #0]
1000119a:	2121      	movs	r1, #33	@ 0x21
1000119c:	706a      	strb	r2, [r5, #1]
1000119e:	980b      	ldr	r0, [sp, #44]	@ 0x2c
100011a0:	002a      	movs	r2, r5
100011a2:	9300      	str	r3, [sp, #0]
100011a4:	3302      	adds	r3, #2
100011a6:	f006 fd91 	bl	10007ccc <i2c_write_blocking>
100011aa:	7833      	ldrb	r3, [r6, #0]
100011ac:	990a      	ldr	r1, [sp, #40]	@ 0x28
100011ae:	3802      	subs	r0, #2
100011b0:	700b      	strb	r3, [r1, #0]
100011b2:	7823      	ldrb	r3, [r4, #0]
100011b4:	4acf      	ldr	r2, [pc, #828]	@ (100014f4 <main+0xf08>)
100011b6:	704b      	strb	r3, [r1, #1]
100011b8:	1e43      	subs	r3, r0, #1
100011ba:	4198      	sbcs	r0, r3
100011bc:	7813      	ldrb	r3, [r2, #0]
100011be:	7088      	strb	r0, [r1, #2]
100011c0:	b2d8      	uxtb	r0, r3
100011c2:	3301      	adds	r3, #1
100011c4:	b2db      	uxtb	r3, r3
100011c6:	7013      	strb	r3, [r2, #0]
100011c8:	4ccb      	ldr	r4, [pc, #812]	@ (100014f8 <main+0xf0c>)
100011ca:	4bcc      	ldr	r3, [pc, #816]	@ (100014fc <main+0xf10>)
100011cc:	000a      	movs	r2, r1
100011ce:	9301      	str	r3, [sp, #4]
100011d0:	218a      	movs	r1, #138	@ 0x8a
100011d2:	2303      	movs	r3, #3
100011d4:	9400      	str	r4, [sp, #0]
100011d6:	f001 feaf 	bl	10002f38 <ipp_build>
100011da:	2800      	cmp	r0, #0
100011dc:	d100      	bne.n	100011e0 <main+0xbf4>
100011de:	e576      	b.n	10000cce <main+0x6e2>
100011e0:	2120      	movs	r1, #32
100011e2:	4ac7      	ldr	r2, [pc, #796]	@ (10001500 <main+0xf14>)
100011e4:	1820      	adds	r0, r4, r0
100011e6:	6993      	ldr	r3, [r2, #24]
100011e8:	4219      	tst	r1, r3
100011ea:	d1fc      	bne.n	100011e6 <main+0xbfa>
100011ec:	7823      	ldrb	r3, [r4, #0]
100011ee:	3401      	adds	r4, #1
100011f0:	6013      	str	r3, [r2, #0]
100011f2:	42a0      	cmp	r0, r4
100011f4:	d1f7      	bne.n	100011e6 <main+0xbfa>
100011f6:	9b14      	ldr	r3, [sp, #80]	@ 0x50
100011f8:	781b      	ldrb	r3, [r3, #0]
100011fa:	2b00      	cmp	r3, #0
100011fc:	d100      	bne.n	10001200 <main+0xc14>
100011fe:	e56b      	b.n	10000cd8 <main+0x6ec>
10001200:	2600      	movs	r6, #0
10001202:	9b14      	ldr	r3, [sp, #80]	@ 0x50
10001204:	ac2a      	add	r4, sp, #168	@ 0xa8
10001206:	701e      	strb	r6, [r3, #0]
10001208:	4bbe      	ldr	r3, [pc, #760]	@ (10001504 <main+0xf18>)
1000120a:	ad2b      	add	r5, sp, #172	@ 0xac
1000120c:	781b      	ldrb	r3, [r3, #0]
1000120e:	702e      	strb	r6, [r5, #0]
10001210:	7023      	strb	r3, [r4, #0]
10001212:	2301      	movs	r3, #1
10001214:	0022      	movs	r2, r4
10001216:	2121      	movs	r1, #33	@ 0x21
10001218:	980b      	ldr	r0, [sp, #44]	@ 0x2c
1000121a:	9300      	str	r3, [sp, #0]
1000121c:	f006 fd56 	bl	10007ccc <i2c_write_blocking>
10001220:	2801      	cmp	r0, #1
10001222:	d100      	bne.n	10001226 <main+0xc3a>
10001224:	e332      	b.n	1000188c <main+0x12a0>
10001226:	7823      	ldrb	r3, [r4, #0]
10001228:	990a      	ldr	r1, [sp, #40]	@ 0x28
1000122a:	4ab2      	ldr	r2, [pc, #712]	@ (100014f4 <main+0xf08>)
1000122c:	700b      	strb	r3, [r1, #0]
1000122e:	782b      	ldrb	r3, [r5, #0]
10001230:	0fc0      	lsrs	r0, r0, #31
10001232:	704b      	strb	r3, [r1, #1]
10001234:	7813      	ldrb	r3, [r2, #0]
10001236:	7088      	strb	r0, [r1, #2]
10001238:	b2d8      	uxtb	r0, r3
1000123a:	3301      	adds	r3, #1
1000123c:	b2db      	uxtb	r3, r3
1000123e:	7013      	strb	r3, [r2, #0]
10001240:	4cad      	ldr	r4, [pc, #692]	@ (100014f8 <main+0xf0c>)
10001242:	4bae      	ldr	r3, [pc, #696]	@ (100014fc <main+0xf10>)
10001244:	000a      	movs	r2, r1
10001246:	9301      	str	r3, [sp, #4]
10001248:	218a      	movs	r1, #138	@ 0x8a
1000124a:	2303      	movs	r3, #3
1000124c:	9400      	str	r4, [sp, #0]
1000124e:	f001 fe73 	bl	10002f38 <ipp_build>
10001252:	2800      	cmp	r0, #0
10001254:	d100      	bne.n	10001258 <main+0xc6c>
10001256:	e53f      	b.n	10000cd8 <main+0x6ec>
10001258:	2120      	movs	r1, #32
1000125a:	4aa9      	ldr	r2, [pc, #676]	@ (10001500 <main+0xf14>)
1000125c:	1820      	adds	r0, r4, r0
1000125e:	6993      	ldr	r3, [r2, #24]
10001260:	4219      	tst	r1, r3
10001262:	d1fc      	bne.n	1000125e <main+0xc72>
10001264:	7823      	ldrb	r3, [r4, #0]
10001266:	3401      	adds	r4, #1
10001268:	6013      	str	r3, [r2, #0]
1000126a:	42a0      	cmp	r0, r4
1000126c:	d1f7      	bne.n	1000125e <main+0xc72>
1000126e:	e533      	b.n	10000cd8 <main+0x6ec>
10001270:	4290      	cmp	r0, r2
10001272:	d300      	bcc.n	10001276 <main+0xc8a>
10001274:	e176      	b.n	10001564 <main+0xf78>
10001276:	1a12      	subs	r2, r2, r0
10001278:	b293      	uxth	r3, r2
1000127a:	9306      	str	r3, [sp, #24]
1000127c:	b213      	sxth	r3, r2
1000127e:	469b      	mov	fp, r3
10001280:	42a1      	cmp	r1, r4
10001282:	d200      	bcs.n	10001286 <main+0xc9a>
10001284:	e1e6      	b.n	10001654 <main+0x1068>
10001286:	1a64      	subs	r4, r4, r1
10001288:	b2a3      	uxth	r3, r4
1000128a:	9307      	str	r3, [sp, #28]
1000128c:	b223      	sxth	r3, r4
1000128e:	9303      	str	r3, [sp, #12]
10001290:	2301      	movs	r3, #1
10001292:	9309      	str	r3, [sp, #36]	@ 0x24
10001294:	3b02      	subs	r3, #2
10001296:	9308      	str	r3, [sp, #32]
10001298:	e19a      	b.n	100015d0 <main+0xfe4>
1000129a:	4b9b      	ldr	r3, [pc, #620]	@ (10001508 <main+0xf1c>)
1000129c:	980c      	ldr	r0, [sp, #48]	@ 0x30
1000129e:	4699      	mov	r9, r3
100012a0:	781d      	ldrb	r5, [r3, #0]
100012a2:	785b      	ldrb	r3, [r3, #1]
100012a4:	2600      	movs	r6, #0
100012a6:	9303      	str	r3, [sp, #12]
100012a8:	f001 f8e4 	bl	10002474 <ui_menu_clear>
100012ac:	464a      	mov	r2, r9
100012ae:	9b03      	ldr	r3, [sp, #12]
100012b0:	3201      	adds	r2, #1
100012b2:	2402      	movs	r4, #2
100012b4:	9206      	str	r2, [sp, #24]
100012b6:	2b00      	cmp	r3, #0
100012b8:	d025      	beq.n	10001306 <main+0xd1a>
100012ba:	9507      	str	r5, [sp, #28]
100012bc:	e020      	b.n	10001300 <main+0xd14>
100012be:	1ca1      	adds	r1, r4, #2
100012c0:	42b9      	cmp	r1, r7
100012c2:	d81f      	bhi.n	10001304 <main+0xd18>
100012c4:	464b      	mov	r3, r9
100012c6:	4688      	mov	r8, r1
100012c8:	5d1b      	ldrb	r3, [r3, r4]
100012ca:	44c8      	add	r8, r9
100012cc:	469a      	mov	sl, r3
100012ce:	9b06      	ldr	r3, [sp, #24]
100012d0:	4640      	mov	r0, r8
100012d2:	1a79      	subs	r1, r7, r1
100012d4:	5d1d      	ldrb	r5, [r3, r4]
100012d6:	f006 ff91 	bl	100081fc <strnlen>
100012da:	3403      	adds	r4, #3
100012dc:	1824      	adds	r4, r4, r0
100012de:	42bc      	cmp	r4, r7
100012e0:	d810      	bhi.n	10001304 <main+0xd18>
100012e2:	2301      	movs	r3, #1
100012e4:	402b      	ands	r3, r5
100012e6:	07ad      	lsls	r5, r5, #30
100012e8:	0fed      	lsrs	r5, r5, #31
100012ea:	4652      	mov	r2, sl
100012ec:	4641      	mov	r1, r8
100012ee:	980c      	ldr	r0, [sp, #48]	@ 0x30
100012f0:	9500      	str	r5, [sp, #0]
100012f2:	f001 f88f 	bl	10002414 <ui_menu_add>
100012f6:	3601      	adds	r6, #1
100012f8:	9b03      	ldr	r3, [sp, #12]
100012fa:	b2f6      	uxtb	r6, r6
100012fc:	42b3      	cmp	r3, r6
100012fe:	d001      	beq.n	10001304 <main+0xd18>
10001300:	42bc      	cmp	r4, r7
10001302:	d3dc      	bcc.n	100012be <main+0xcd2>
10001304:	9d07      	ldr	r5, [sp, #28]
10001306:	4b81      	ldr	r3, [pc, #516]	@ (1000150c <main+0xf20>)
10001308:	9a0c      	ldr	r2, [sp, #48]	@ 0x30
1000130a:	54d5      	strb	r5, [r2, r3]
1000130c:	2d09      	cmp	r5, #9
1000130e:	d903      	bls.n	10001318 <main+0xd2c>
10001310:	4b7f      	ldr	r3, [pc, #508]	@ (10001510 <main+0xf24>)
10001312:	9a0c      	ldr	r2, [sp, #48]	@ 0x30
10001314:	3d09      	subs	r5, #9
10001316:	54d5      	strb	r5, [r2, r3]
10001318:	0011      	movs	r1, r2
1000131a:	2201      	movs	r2, #1
1000131c:	4b7d      	ldr	r3, [pc, #500]	@ (10001514 <main+0xf28>)
1000131e:	0008      	movs	r0, r1
10001320:	54ca      	strb	r2, [r1, r3]
10001322:	f001 f8b9 	bl	10002498 <ui_menu_draw>
10001326:	9a20      	ldr	r2, [sp, #128]	@ 0x80
10001328:	4b7b      	ldr	r3, [pc, #492]	@ (10001518 <main+0xf2c>)
1000132a:	0010      	movs	r0, r2
1000132c:	6113      	str	r3, [r2, #16]
1000132e:	f001 fadd 	bl	100028ec <ui_hint_bar_draw>
10001332:	2200      	movs	r2, #0
10001334:	4b79      	ldr	r3, [pc, #484]	@ (1000151c <main+0xf30>)
10001336:	701a      	strb	r2, [r3, #0]
10001338:	2334      	movs	r3, #52	@ 0x34
1000133a:	9a0d      	ldr	r2, [sp, #52]	@ 0x34
1000133c:	5cd3      	ldrb	r3, [r2, r3]
1000133e:	2b00      	cmp	r3, #0
10001340:	d100      	bne.n	10001344 <main+0xd58>
10001342:	e43b      	b.n	10000bbc <main+0x5d0>
10001344:	f002 ff46 	bl	100041d4 <time_us_64>
10001348:	2900      	cmp	r1, #0
1000134a:	d100      	bne.n	1000134e <main+0xd62>
1000134c:	e2a6      	b.n	1000189c <main+0x12b0>
1000134e:	22fa      	movs	r2, #250	@ 0xfa
10001350:	2300      	movs	r3, #0
10001352:	0092      	lsls	r2, r2, #2
10001354:	f005 fb44 	bl	100069e0 <__wrap___aeabi_uldivmod>
10001358:	0001      	movs	r1, r0
1000135a:	980d      	ldr	r0, [sp, #52]	@ 0x34
1000135c:	f001 fb88 	bl	10002a70 <ui_toast_draw>
10001360:	e42c      	b.n	10000bbc <main+0x5d0>
10001362:	3101      	adds	r1, #1
10001364:	1b0a      	subs	r2, r1, r4
10001366:	b292      	uxth	r2, r2
10001368:	e503      	b.n	10000d72 <main+0x786>
1000136a:	21fa      	movs	r1, #250	@ 0xfa
1000136c:	0089      	lsls	r1, r1, #2
1000136e:	f005 faf9 	bl	10006964 <__wrap___aeabi_uidiv>
10001372:	0005      	movs	r5, r0
10001374:	e550      	b.n	10000e18 <main+0x82c>
10001376:	3401      	adds	r4, #1
10001378:	1aa2      	subs	r2, r4, r2
1000137a:	b292      	uxth	r2, r2
1000137c:	e679      	b.n	10001072 <main+0xa86>
1000137e:	9e0a      	ldr	r6, [sp, #40]	@ 0x28
10001380:	2209      	movs	r2, #9
10001382:	2100      	movs	r1, #0
10001384:	0030      	movs	r0, r6
10001386:	f006 f9c9 	bl	1000771c <__wrap_memset>
1000138a:	230e      	movs	r3, #14
1000138c:	ad2b      	add	r5, sp, #172	@ 0xac
1000138e:	9c0b      	ldr	r4, [sp, #44]	@ 0x2c
10001390:	702b      	strb	r3, [r5, #0]
10001392:	3b0d      	subs	r3, #13
10001394:	002a      	movs	r2, r5
10001396:	216b      	movs	r1, #107	@ 0x6b
10001398:	0020      	movs	r0, r4
1000139a:	9300      	str	r3, [sp, #0]
1000139c:	f006 fc96 	bl	10007ccc <i2c_write_blocking>
100013a0:	2800      	cmp	r0, #0
100013a2:	db00      	blt.n	100013a6 <main+0xdba>
100013a4:	e15f      	b.n	10001666 <main+0x107a>
100013a6:	2311      	movs	r3, #17
100013a8:	9c0b      	ldr	r4, [sp, #44]	@ 0x2c
100013aa:	702b      	strb	r3, [r5, #0]
100013ac:	3b10      	subs	r3, #16
100013ae:	002a      	movs	r2, r5
100013b0:	216b      	movs	r1, #107	@ 0x6b
100013b2:	0020      	movs	r0, r4
100013b4:	9300      	str	r3, [sp, #0]
100013b6:	f006 fc89 	bl	10007ccc <i2c_write_blocking>
100013ba:	2800      	cmp	r0, #0
100013bc:	db00      	blt.n	100013c0 <main+0xdd4>
100013be:	e1b1      	b.n	10001724 <main+0x1138>
100013c0:	230f      	movs	r3, #15
100013c2:	9c0b      	ldr	r4, [sp, #44]	@ 0x2c
100013c4:	702b      	strb	r3, [r5, #0]
100013c6:	3b0e      	subs	r3, #14
100013c8:	002a      	movs	r2, r5
100013ca:	216b      	movs	r1, #107	@ 0x6b
100013cc:	0020      	movs	r0, r4
100013ce:	9300      	str	r3, [sp, #0]
100013d0:	f006 fc7c 	bl	10007ccc <i2c_write_blocking>
100013d4:	2800      	cmp	r0, #0
100013d6:	db00      	blt.n	100013da <main+0xdee>
100013d8:	e18c      	b.n	100016f4 <main+0x1108>
100013da:	2312      	movs	r3, #18
100013dc:	9c0b      	ldr	r4, [sp, #44]	@ 0x2c
100013de:	702b      	strb	r3, [r5, #0]
100013e0:	3b11      	subs	r3, #17
100013e2:	002a      	movs	r2, r5
100013e4:	216b      	movs	r1, #107	@ 0x6b
100013e6:	0020      	movs	r0, r4
100013e8:	9300      	str	r3, [sp, #0]
100013ea:	f006 fc6f 	bl	10007ccc <i2c_write_blocking>
100013ee:	2800      	cmp	r0, #0
100013f0:	db00      	blt.n	100013f4 <main+0xe08>
100013f2:	e16b      	b.n	100016cc <main+0x10e0>
100013f4:	230b      	movs	r3, #11
100013f6:	2401      	movs	r4, #1
100013f8:	702b      	strb	r3, [r5, #0]
100013fa:	002a      	movs	r2, r5
100013fc:	9d0b      	ldr	r5, [sp, #44]	@ 0x2c
100013fe:	216b      	movs	r1, #107	@ 0x6b
10001400:	0028      	movs	r0, r5
10001402:	9400      	str	r4, [sp, #0]
10001404:	3b0a      	subs	r3, #10
10001406:	f006 fc61 	bl	10007ccc <i2c_write_blocking>
1000140a:	2800      	cmp	r0, #0
1000140c:	db00      	blt.n	10001410 <main+0xe24>
1000140e:	e141      	b.n	10001694 <main+0x10a8>
10001410:	2209      	movs	r2, #9
10001412:	2083      	movs	r0, #131	@ 0x83
10001414:	990a      	ldr	r1, [sp, #40]	@ 0x28
10001416:	f7fe ff81 	bl	1000031c <ipp_send_main>
1000141a:	e47e      	b.n	10000d1a <main+0x72e>
1000141c:	2200      	movs	r2, #0
1000141e:	2401      	movs	r4, #1
10001420:	990d      	ldr	r1, [sp, #52]	@ 0x34
10001422:	9822      	ldr	r0, [sp, #136]	@ 0x88
10001424:	54ca      	strb	r2, [r1, r3]
10001426:	9b20      	ldr	r3, [sp, #128]	@ 0x80
10001428:	77c4      	strb	r4, [r0, #31]
1000142a:	74dc      	strb	r4, [r3, #19]
1000142c:	f001 f97a 	bl	10002724 <ui_status_bar_draw>
10001430:	4b3a      	ldr	r3, [pc, #232]	@ (1000151c <main+0xf30>)
10001432:	781b      	ldrb	r3, [r3, #0]
10001434:	2b01      	cmp	r3, #1
10001436:	d100      	bne.n	1000143a <main+0xe4e>
10001438:	e193      	b.n	10001762 <main+0x1176>
1000143a:	9a0c      	ldr	r2, [sp, #48]	@ 0x30
1000143c:	4b35      	ldr	r3, [pc, #212]	@ (10001514 <main+0xf28>)
1000143e:	0010      	movs	r0, r2
10001440:	54d4      	strb	r4, [r2, r3]
10001442:	f001 f829 	bl	10002498 <ui_menu_draw>
10001446:	9820      	ldr	r0, [sp, #128]	@ 0x80
10001448:	f001 fa50 	bl	100028ec <ui_hint_bar_draw>
1000144c:	e44e      	b.n	10000cec <main+0x700>
1000144e:	4b34      	ldr	r3, [pc, #208]	@ (10001520 <main+0xf34>)
10001450:	9821      	ldr	r0, [sp, #132]	@ 0x84
10001452:	4698      	mov	r8, r3
10001454:	781b      	ldrb	r3, [r3, #0]
10001456:	2500      	movs	r5, #0
10001458:	4699      	mov	r9, r3
1000145a:	f001 fba5 	bl	10002ba8 <ui_text_clear>
1000145e:	464b      	mov	r3, r9
10001460:	2401      	movs	r4, #1
10001462:	2b00      	cmp	r3, #0
10001464:	d019      	beq.n	1000149a <main+0xeae>
10001466:	9b21      	ldr	r3, [sp, #132]	@ 0x84
10001468:	469a      	mov	sl, r3
1000146a:	e013      	b.n	10001494 <main+0xea8>
1000146c:	4643      	mov	r3, r8
1000146e:	8831      	ldrh	r1, [r6, #0]
10001470:	191f      	adds	r7, r3, r4
10001472:	1b09      	subs	r1, r1, r4
10001474:	0038      	movs	r0, r7
10001476:	f006 fec1 	bl	100081fc <strnlen>
1000147a:	3401      	adds	r4, #1
1000147c:	8833      	ldrh	r3, [r6, #0]
1000147e:	1824      	adds	r4, r4, r0
10001480:	429c      	cmp	r4, r3
10001482:	d80a      	bhi.n	1000149a <main+0xeae>
10001484:	3501      	adds	r5, #1
10001486:	0039      	movs	r1, r7
10001488:	4650      	mov	r0, sl
1000148a:	b2ed      	uxtb	r5, r5
1000148c:	f001 fb44 	bl	10002b18 <ui_text_add_line>
10001490:	45a9      	cmp	r9, r5
10001492:	d002      	beq.n	1000149a <main+0xeae>
10001494:	8833      	ldrh	r3, [r6, #0]
10001496:	42a3      	cmp	r3, r4
10001498:	d8e8      	bhi.n	1000146c <main+0xe80>
1000149a:	2401      	movs	r4, #1
1000149c:	9a21      	ldr	r2, [sp, #132]	@ 0x84
1000149e:	4b21      	ldr	r3, [pc, #132]	@ (10001524 <main+0xf38>)
100014a0:	0010      	movs	r0, r2
100014a2:	54d4      	strb	r4, [r2, r3]
100014a4:	f001 fb8e 	bl	10002bc4 <ui_text_draw>
100014a8:	2300      	movs	r3, #0
100014aa:	9a20      	ldr	r2, [sp, #128]	@ 0x80
100014ac:	7013      	strb	r3, [r2, #0]
100014ae:	2380      	movs	r3, #128	@ 0x80
100014b0:	0010      	movs	r0, r2
100014b2:	045b      	lsls	r3, r3, #17
100014b4:	6113      	str	r3, [r2, #16]
100014b6:	f001 fa19 	bl	100028ec <ui_hint_bar_draw>
100014ba:	4b18      	ldr	r3, [pc, #96]	@ (1000151c <main+0xf30>)
100014bc:	9a0d      	ldr	r2, [sp, #52]	@ 0x34
100014be:	701c      	strb	r4, [r3, #0]
100014c0:	2334      	movs	r3, #52	@ 0x34
100014c2:	5cd3      	ldrb	r3, [r2, r3]
100014c4:	2b00      	cmp	r3, #0
100014c6:	d101      	bne.n	100014cc <main+0xee0>
100014c8:	f7ff fb84 	bl	10000bd4 <main+0x5e8>
100014cc:	f002 fe82 	bl	100041d4 <time_us_64>
100014d0:	2900      	cmp	r1, #0
100014d2:	d100      	bne.n	100014d6 <main+0xeea>
100014d4:	e1e8      	b.n	100018a8 <main+0x12bc>
100014d6:	22fa      	movs	r2, #250	@ 0xfa
100014d8:	2300      	movs	r3, #0
100014da:	0092      	lsls	r2, r2, #2
100014dc:	f005 fa80 	bl	100069e0 <__wrap___aeabi_uldivmod>
100014e0:	0001      	movs	r1, r0
100014e2:	980d      	ldr	r0, [sp, #52]	@ 0x34
100014e4:	f001 fac4 	bl	10002a70 <ui_toast_draw>
100014e8:	f7ff fb74 	bl	10000bd4 <main+0x5e8>
100014ec:	20007657 	.word	0x20007657
100014f0:	20007658 	.word	0x20007658
100014f4:	2000764e 	.word	0x2000764e
100014f8:	20004ed8 	.word	0x20004ed8
100014fc:	00001007 	.word	0x00001007
10001500:	40034000 	.word	0x40034000
10001504:	20007656 	.word	0x20007656
10001508:	20005f28 	.word	0x20005f28
1000150c:	00000461 	.word	0x00000461
10001510:	00000462 	.word	0x00000462
10001514:	00000463 	.word	0x00000463
10001518:	01010101 	.word	0x01010101
1000151c:	2000764a 	.word	0x2000764a
10001520:	200061a8 	.word	0x200061a8
10001524:	00000d85 	.word	0x00000d85
10001528:	49e5      	ldr	r1, [pc, #916]	@ (100018c0 <main+0x12d4>)
1000152a:	980d      	ldr	r0, [sp, #52]	@ 0x34
1000152c:	880a      	ldrh	r2, [r1, #0]
1000152e:	3102      	adds	r1, #2
10001530:	f001 fa80 	bl	10002a34 <ui_toast_show>
10001534:	f002 fe4e 	bl	100041d4 <time_us_64>
10001538:	2900      	cmp	r1, #0
1000153a:	d138      	bne.n	100015ae <main+0xfc2>
1000153c:	21fa      	movs	r1, #250	@ 0xfa
1000153e:	0089      	lsls	r1, r1, #2
10001540:	f005 fa10 	bl	10006964 <__wrap___aeabi_uidiv>
10001544:	0001      	movs	r1, r0
10001546:	980d      	ldr	r0, [sp, #52]	@ 0x34
10001548:	f001 fa92 	bl	10002a70 <ui_toast_draw>
1000154c:	f7ff fb4e 	bl	10000bec <main+0x600>
10001550:	681a      	ldr	r2, [r3, #0]
10001552:	7918      	ldrb	r0, [r3, #4]
10001554:	0a12      	lsrs	r2, r2, #8
10001556:	0600      	lsls	r0, r0, #24
10001558:	7959      	ldrb	r1, [r3, #5]
1000155a:	4310      	orrs	r0, r2
1000155c:	f001 fbc2 	bl	10002ce4 <ir_driver_send_nec>
10001560:	f7ff fba6 	bl	10000cb0 <main+0x6c4>
10001564:	1a82      	subs	r2, r0, r2
10001566:	b293      	uxth	r3, r2
10001568:	9306      	str	r3, [sp, #24]
1000156a:	b213      	sxth	r3, r2
1000156c:	469b      	mov	fp, r3
1000156e:	42a1      	cmp	r1, r4
10001570:	d324      	bcc.n	100015bc <main+0xfd0>
10001572:	1a64      	subs	r4, r4, r1
10001574:	b2a3      	uxth	r3, r4
10001576:	9307      	str	r3, [sp, #28]
10001578:	b223      	sxth	r3, r4
1000157a:	9303      	str	r3, [sp, #12]
1000157c:	2301      	movs	r3, #1
1000157e:	425b      	negs	r3, r3
10001580:	9309      	str	r3, [sp, #36]	@ 0x24
10001582:	9308      	str	r3, [sp, #32]
10001584:	e024      	b.n	100015d0 <main+0xfe4>
10001586:	23fc      	movs	r3, #252	@ 0xfc
10001588:	4ace      	ldr	r2, [pc, #824]	@ (100018c4 <main+0x12d8>)
1000158a:	00db      	lsls	r3, r3, #3
1000158c:	f7ff f999 	bl	100008c2 <main+0x2d6>
10001590:	23fc      	movs	r3, #252	@ 0xfc
10001592:	4acc      	ldr	r2, [pc, #816]	@ (100018c4 <main+0x12d8>)
10001594:	00db      	lsls	r3, r3, #3
10001596:	f7ff f97a 	bl	1000088e <main+0x2a2>
1000159a:	23fc      	movs	r3, #252	@ 0xfc
1000159c:	4ac9      	ldr	r2, [pc, #804]	@ (100018c4 <main+0x12d8>)
1000159e:	00db      	lsls	r3, r3, #3
100015a0:	f7ff f95b 	bl	1000085a <main+0x26e>
100015a4:	23f8      	movs	r3, #248	@ 0xf8
100015a6:	4ac8      	ldr	r2, [pc, #800]	@ (100018c8 <main+0x12dc>)
100015a8:	021b      	lsls	r3, r3, #8
100015aa:	f7ff f93b 	bl	10000824 <main+0x238>
100015ae:	22fa      	movs	r2, #250	@ 0xfa
100015b0:	2300      	movs	r3, #0
100015b2:	0092      	lsls	r2, r2, #2
100015b4:	f005 fa14 	bl	100069e0 <__wrap___aeabi_uldivmod>
100015b8:	0001      	movs	r1, r0
100015ba:	e7c4      	b.n	10001546 <main+0xf5a>
100015bc:	1b0c      	subs	r4, r1, r4
100015be:	b2a3      	uxth	r3, r4
100015c0:	9307      	str	r3, [sp, #28]
100015c2:	b223      	sxth	r3, r4
100015c4:	9303      	str	r3, [sp, #12]
100015c6:	2301      	movs	r3, #1
100015c8:	425b      	negs	r3, r3
100015ca:	9309      	str	r3, [sp, #36]	@ 0x24
100015cc:	3302      	adds	r3, #2
100015ce:	9308      	str	r3, [sp, #32]
100015d0:	9b07      	ldr	r3, [sp, #28]
100015d2:	9c06      	ldr	r4, [sp, #24]
100015d4:	469c      	mov	ip, r3
100015d6:	b20b      	sxth	r3, r1
100015d8:	4698      	mov	r8, r3
100015da:	23fa      	movs	r3, #250	@ 0xfa
100015dc:	b205      	sxth	r5, r0
100015de:	4464      	add	r4, ip
100015e0:	009b      	lsls	r3, r3, #2
100015e2:	46a9      	mov	r9, r5
100015e4:	b224      	sxth	r4, r4
100015e6:	001d      	movs	r5, r3
100015e8:	9724      	str	r7, [sp, #144]	@ 0x90
100015ea:	9625      	str	r6, [sp, #148]	@ 0x94
100015ec:	e01c      	b.n	10001628 <main+0x103c>
100015ee:	b2a2      	uxth	r2, r4
100015f0:	0053      	lsls	r3, r2, #1
100015f2:	9903      	ldr	r1, [sp, #12]
100015f4:	b21b      	sxth	r3, r3
100015f6:	428b      	cmp	r3, r1
100015f8:	db08      	blt.n	1000160c <main+0x1020>
100015fa:	9907      	ldr	r1, [sp, #28]
100015fc:	1854      	adds	r4, r2, r1
100015fe:	9909      	ldr	r1, [sp, #36]	@ 0x24
10001600:	b2a2      	uxth	r2, r4
10001602:	468c      	mov	ip, r1
10001604:	4467      	add	r7, ip
10001606:	b239      	sxth	r1, r7
10001608:	4689      	mov	r9, r1
1000160a:	b224      	sxth	r4, r4
1000160c:	455b      	cmp	r3, fp
1000160e:	dc08      	bgt.n	10001622 <main+0x1036>
10001610:	9b06      	ldr	r3, [sp, #24]
10001612:	469c      	mov	ip, r3
10001614:	9b08      	ldr	r3, [sp, #32]
10001616:	4462      	add	r2, ip
10001618:	469c      	mov	ip, r3
1000161a:	4466      	add	r6, ip
1000161c:	b233      	sxth	r3, r6
1000161e:	4698      	mov	r8, r3
10001620:	b214      	sxth	r4, r2
10001622:	3d01      	subs	r5, #1
10001624:	2d00      	cmp	r5, #0
10001626:	d011      	beq.n	1000164c <main+0x1060>
10001628:	464b      	mov	r3, r9
1000162a:	b29f      	uxth	r7, r3
1000162c:	4643      	mov	r3, r8
1000162e:	b29e      	uxth	r6, r3
10001630:	4653      	mov	r3, sl
10001632:	0031      	movs	r1, r6
10001634:	891a      	ldrh	r2, [r3, #8]
10001636:	0038      	movs	r0, r7
10001638:	f000 fbe2 	bl	10001e00 <gfx_pixel>
1000163c:	4653      	mov	r3, sl
1000163e:	889b      	ldrh	r3, [r3, #4]
10001640:	4599      	cmp	r9, r3
10001642:	d1d4      	bne.n	100015ee <main+0x1002>
10001644:	4653      	mov	r3, sl
10001646:	88db      	ldrh	r3, [r3, #6]
10001648:	4598      	cmp	r8, r3
1000164a:	d1d0      	bne.n	100015ee <main+0x1002>
1000164c:	9f24      	ldr	r7, [sp, #144]	@ 0x90
1000164e:	9e25      	ldr	r6, [sp, #148]	@ 0x94
10001650:	f7ff faea 	bl	10000c28 <main+0x63c>
10001654:	1b0c      	subs	r4, r1, r4
10001656:	b2a3      	uxth	r3, r4
10001658:	9307      	str	r3, [sp, #28]
1000165a:	b223      	sxth	r3, r4
1000165c:	9303      	str	r3, [sp, #12]
1000165e:	2301      	movs	r3, #1
10001660:	9309      	str	r3, [sp, #36]	@ 0x24
10001662:	9308      	str	r3, [sp, #32]
10001664:	e7b4      	b.n	100015d0 <main+0xfe4>
10001666:	2300      	movs	r3, #0
10001668:	216b      	movs	r1, #107	@ 0x6b
1000166a:	9300      	str	r3, [sp, #0]
1000166c:	0020      	movs	r0, r4
1000166e:	3301      	adds	r3, #1
10001670:	aa2a      	add	r2, sp, #168	@ 0xa8
10001672:	f006 fba1 	bl	10007db8 <i2c_read_blocking>
10001676:	2800      	cmp	r0, #0
10001678:	da00      	bge.n	1000167c <main+0x1090>
1000167a:	e694      	b.n	100013a6 <main+0xdba>
1000167c:	227f      	movs	r2, #127	@ 0x7f
1000167e:	ab26      	add	r3, sp, #152	@ 0x98
10001680:	7c1b      	ldrb	r3, [r3, #16]
10001682:	4013      	ands	r3, r2
10001684:	3a6b      	subs	r2, #107	@ 0x6b
10001686:	4353      	muls	r3, r2
10001688:	2290      	movs	r2, #144	@ 0x90
1000168a:	0112      	lsls	r2, r2, #4
1000168c:	4694      	mov	ip, r2
1000168e:	4463      	add	r3, ip
10001690:	8033      	strh	r3, [r6, #0]
10001692:	e688      	b.n	100013a6 <main+0xdba>
10001694:	2300      	movs	r3, #0
10001696:	216b      	movs	r1, #107	@ 0x6b
10001698:	9300      	str	r3, [sp, #0]
1000169a:	0028      	movs	r0, r5
1000169c:	0023      	movs	r3, r4
1000169e:	aa2a      	add	r2, sp, #168	@ 0xa8
100016a0:	f006 fb8a 	bl	10007db8 <i2c_read_blocking>
100016a4:	2800      	cmp	r0, #0
100016a6:	da00      	bge.n	100016aa <main+0x10be>
100016a8:	e6b2      	b.n	10001410 <main+0xe24>
100016aa:	ab26      	add	r3, sp, #152	@ 0x98
100016ac:	7c1b      	ldrb	r3, [r3, #16]
100016ae:	06db      	lsls	r3, r3, #27
100016b0:	0f9b      	lsrs	r3, r3, #30
100016b2:	1e5a      	subs	r2, r3, #1
100016b4:	42a2      	cmp	r2, r4
100016b6:	d800      	bhi.n	100016ba <main+0x10ce>
100016b8:	e0fc      	b.n	100018b4 <main+0x12c8>
100016ba:	2b03      	cmp	r3, #3
100016bc:	d000      	beq.n	100016c0 <main+0x10d4>
100016be:	e6a7      	b.n	10001410 <main+0xe24>
100016c0:	990a      	ldr	r1, [sp, #40]	@ 0x28
100016c2:	3b01      	subs	r3, #1
100016c4:	7a0a      	ldrb	r2, [r1, #8]
100016c6:	4313      	orrs	r3, r2
100016c8:	720b      	strb	r3, [r1, #8]
100016ca:	e6a1      	b.n	10001410 <main+0xe24>
100016cc:	2300      	movs	r3, #0
100016ce:	216b      	movs	r1, #107	@ 0x6b
100016d0:	9300      	str	r3, [sp, #0]
100016d2:	0020      	movs	r0, r4
100016d4:	3301      	adds	r3, #1
100016d6:	aa2a      	add	r2, sp, #168	@ 0xa8
100016d8:	f006 fb6e 	bl	10007db8 <i2c_read_blocking>
100016dc:	2800      	cmp	r0, #0
100016de:	da00      	bge.n	100016e2 <main+0x10f6>
100016e0:	e688      	b.n	100013f4 <main+0xe08>
100016e2:	227f      	movs	r2, #127	@ 0x7f
100016e4:	ab26      	add	r3, sp, #152	@ 0x98
100016e6:	7c1b      	ldrb	r3, [r3, #16]
100016e8:	4013      	ands	r3, r2
100016ea:	3a4d      	subs	r2, #77	@ 0x4d
100016ec:	4353      	muls	r3, r2
100016ee:	9a0a      	ldr	r2, [sp, #40]	@ 0x28
100016f0:	80d3      	strh	r3, [r2, #6]
100016f2:	e67f      	b.n	100013f4 <main+0xe08>
100016f4:	2300      	movs	r3, #0
100016f6:	216b      	movs	r1, #107	@ 0x6b
100016f8:	9300      	str	r3, [sp, #0]
100016fa:	0020      	movs	r0, r4
100016fc:	3301      	adds	r3, #1
100016fe:	aa2a      	add	r2, sp, #168	@ 0xa8
10001700:	f006 fb5a 	bl	10007db8 <i2c_read_blocking>
10001704:	2800      	cmp	r0, #0
10001706:	da00      	bge.n	1000170a <main+0x111e>
10001708:	e667      	b.n	100013da <main+0xdee>
1000170a:	227f      	movs	r2, #127	@ 0x7f
1000170c:	ab26      	add	r3, sp, #152	@ 0x98
1000170e:	7c1b      	ldrb	r3, [r3, #16]
10001710:	4013      	ands	r3, r2
10001712:	3a6b      	subs	r2, #107	@ 0x6b
10001714:	4353      	muls	r3, r2
10001716:	2290      	movs	r2, #144	@ 0x90
10001718:	0112      	lsls	r2, r2, #4
1000171a:	4694      	mov	ip, r2
1000171c:	9a0a      	ldr	r2, [sp, #40]	@ 0x28
1000171e:	4463      	add	r3, ip
10001720:	8093      	strh	r3, [r2, #4]
10001722:	e65a      	b.n	100013da <main+0xdee>
10001724:	2300      	movs	r3, #0
10001726:	216b      	movs	r1, #107	@ 0x6b
10001728:	9300      	str	r3, [sp, #0]
1000172a:	0020      	movs	r0, r4
1000172c:	3301      	adds	r3, #1
1000172e:	aa2a      	add	r2, sp, #168	@ 0xa8
10001730:	f006 fb42 	bl	10007db8 <i2c_read_blocking>
10001734:	2800      	cmp	r0, #0
10001736:	da00      	bge.n	1000173a <main+0x114e>
10001738:	e642      	b.n	100013c0 <main+0xdd4>
1000173a:	ab26      	add	r3, sp, #152	@ 0x98
1000173c:	7c1a      	ldrb	r2, [r3, #16]
1000173e:	237f      	movs	r3, #127	@ 0x7f
10001740:	2164      	movs	r1, #100	@ 0x64
10001742:	4013      	ands	r3, r2
10001744:	434b      	muls	r3, r1
10001746:	4961      	ldr	r1, [pc, #388]	@ (100018cc <main+0x12e0>)
10001748:	b252      	sxtb	r2, r2
1000174a:	468c      	mov	ip, r1
1000174c:	990a      	ldr	r1, [sp, #40]	@ 0x28
1000174e:	4463      	add	r3, ip
10001750:	804b      	strh	r3, [r1, #2]
10001752:	2a00      	cmp	r2, #0
10001754:	db00      	blt.n	10001758 <main+0x116c>
10001756:	e633      	b.n	100013c0 <main+0xdd4>
10001758:	2304      	movs	r3, #4
1000175a:	7a0a      	ldrb	r2, [r1, #8]
1000175c:	4313      	orrs	r3, r2
1000175e:	720b      	strb	r3, [r1, #8]
10001760:	e62e      	b.n	100013c0 <main+0xdd4>
10001762:	9921      	ldr	r1, [sp, #132]	@ 0x84
10001764:	4a5a      	ldr	r2, [pc, #360]	@ (100018d0 <main+0x12e4>)
10001766:	0008      	movs	r0, r1
10001768:	548b      	strb	r3, [r1, r2]
1000176a:	f001 fa2b 	bl	10002bc4 <ui_text_draw>
1000176e:	e66a      	b.n	10001446 <main+0xe5a>
10001770:	2602      	movs	r6, #2
10001772:	ab26      	add	r3, sp, #152	@ 0x98
10001774:	741e      	strb	r6, [r3, #16]
10001776:	2301      	movs	r3, #1
10001778:	216b      	movs	r1, #107	@ 0x6b
1000177a:	4650      	mov	r0, sl
1000177c:	9300      	str	r3, [sp, #0]
1000177e:	aa2a      	add	r2, sp, #168	@ 0xa8
10001780:	4699      	mov	r9, r3
10001782:	f006 faa3 	bl	10007ccc <i2c_write_blocking>
10001786:	42a8      	cmp	r0, r5
10001788:	da01      	bge.n	1000178e <main+0x11a2>
1000178a:	f7fe ffea 	bl	10000762 <main+0x176>
1000178e:	ac2b      	add	r4, sp, #172	@ 0xac
10001790:	464b      	mov	r3, r9
10001792:	0022      	movs	r2, r4
10001794:	216b      	movs	r1, #107	@ 0x6b
10001796:	4650      	mov	r0, sl
10001798:	9500      	str	r5, [sp, #0]
1000179a:	f006 fb0d 	bl	10007db8 <i2c_read_blocking>
1000179e:	42a8      	cmp	r0, r5
100017a0:	da01      	bge.n	100017a6 <main+0x11ba>
100017a2:	f7fe ffde 	bl	10000762 <main+0x176>
100017a6:	7822      	ldrb	r2, [r4, #0]
100017a8:	233f      	movs	r3, #63	@ 0x3f
100017aa:	0011      	movs	r1, r2
100017ac:	4399      	bics	r1, r3
100017ae:	29c0      	cmp	r1, #192	@ 0xc0
100017b0:	d101      	bne.n	100017b6 <main+0x11ca>
100017b2:	f7fe ffd6 	bl	10000762 <main+0x176>
100017b6:	2340      	movs	r3, #64	@ 0x40
100017b8:	425b      	negs	r3, r3
100017ba:	a92c      	add	r1, sp, #176	@ 0xb0
100017bc:	4313      	orrs	r3, r2
100017be:	700e      	strb	r6, [r1, #0]
100017c0:	704b      	strb	r3, [r1, #1]
100017c2:	000a      	movs	r2, r1
100017c4:	0033      	movs	r3, r6
100017c6:	216b      	movs	r1, #107	@ 0x6b
100017c8:	4650      	mov	r0, sl
100017ca:	9500      	str	r5, [sp, #0]
100017cc:	f006 fa7e 	bl	10007ccc <i2c_write_blocking>
100017d0:	f7fe ffc7 	bl	10000762 <main+0x176>
100017d4:	2500      	movs	r5, #0
100017d6:	2306      	movs	r3, #6
100017d8:	9e0b      	ldr	r6, [sp, #44]	@ 0x2c
100017da:	aa26      	add	r2, sp, #152	@ 0x98
100017dc:	8193      	strh	r3, [r2, #12]
100017de:	2121      	movs	r1, #33	@ 0x21
100017e0:	aa29      	add	r2, sp, #164	@ 0xa4
100017e2:	0030      	movs	r0, r6
100017e4:	9500      	str	r5, [sp, #0]
100017e6:	3b04      	subs	r3, #4
100017e8:	f006 fa70 	bl	10007ccc <i2c_write_blocking>
100017ec:	2307      	movs	r3, #7
100017ee:	aa26      	add	r2, sp, #152	@ 0x98
100017f0:	8213      	strh	r3, [r2, #16]
100017f2:	2121      	movs	r1, #33	@ 0x21
100017f4:	aa2a      	add	r2, sp, #168	@ 0xa8
100017f6:	0030      	movs	r0, r6
100017f8:	9500      	str	r5, [sp, #0]
100017fa:	3b05      	subs	r3, #5
100017fc:	f006 fa66 	bl	10007ccc <i2c_write_blocking>
10001800:	4b34      	ldr	r3, [pc, #208]	@ (100018d4 <main+0x12e8>)
10001802:	ac2b      	add	r4, sp, #172	@ 0xac
10001804:	8023      	strh	r3, [r4, #0]
10001806:	0022      	movs	r2, r4
10001808:	2302      	movs	r3, #2
1000180a:	2121      	movs	r1, #33	@ 0x21
1000180c:	0030      	movs	r0, r6
1000180e:	9500      	str	r5, [sp, #0]
10001810:	f006 fa5c 	bl	10007ccc <i2c_write_blocking>
10001814:	ab2c      	add	r3, sp, #176	@ 0xb0
10001816:	001a      	movs	r2, r3
10001818:	4b2f      	ldr	r3, [pc, #188]	@ (100018d8 <main+0x12ec>)
1000181a:	2121      	movs	r1, #33	@ 0x21
1000181c:	8013      	strh	r3, [r2, #0]
1000181e:	0030      	movs	r0, r6
10001820:	2302      	movs	r3, #2
10001822:	9500      	str	r5, [sp, #0]
10001824:	f006 fa52 	bl	10007ccc <i2c_write_blocking>
10001828:	f7fe ff86 	bl	10000738 <main+0x14c>
1000182c:	7863      	ldrb	r3, [r4, #1]
1000182e:	990a      	ldr	r1, [sp, #40]	@ 0x28
10001830:	aa26      	add	r2, sp, #152	@ 0x98
10001832:	700b      	strb	r3, [r1, #0]
10001834:	2302      	movs	r3, #2
10001836:	4694      	mov	ip, r2
10001838:	704b      	strb	r3, [r1, #1]
1000183a:	3318      	adds	r3, #24
1000183c:	4463      	add	r3, ip
1000183e:	0c3a      	lsrs	r2, r7, #16
10001840:	805a      	strh	r2, [r3, #2]
10001842:	4a26      	ldr	r2, [pc, #152]	@ (100018dc <main+0x12f0>)
10001844:	801f      	strh	r7, [r3, #0]
10001846:	7813      	ldrb	r3, [r2, #0]
10001848:	7226      	strb	r6, [r4, #8]
1000184a:	b2d8      	uxtb	r0, r3
1000184c:	3301      	adds	r3, #1
1000184e:	b2db      	uxtb	r3, r3
10001850:	7013      	strb	r3, [r2, #0]
10001852:	4b23      	ldr	r3, [pc, #140]	@ (100018e0 <main+0x12f4>)
10001854:	000a      	movs	r2, r1
10001856:	9301      	str	r3, [sp, #4]
10001858:	4b22      	ldr	r3, [pc, #136]	@ (100018e4 <main+0x12f8>)
1000185a:	2181      	movs	r1, #129	@ 0x81
1000185c:	9300      	str	r3, [sp, #0]
1000185e:	4699      	mov	r9, r3
10001860:	2306      	movs	r3, #6
10001862:	f001 fb69 	bl	10002f38 <ipp_build>
10001866:	1e03      	subs	r3, r0, #0
10001868:	d101      	bne.n	1000186e <main+0x1282>
1000186a:	f7ff fb6d 	bl	10000f48 <main+0x95c>
1000186e:	469c      	mov	ip, r3
10001870:	4648      	mov	r0, r9
10001872:	2120      	movs	r1, #32
10001874:	4a1c      	ldr	r2, [pc, #112]	@ (100018e8 <main+0x12fc>)
10001876:	44cc      	add	ip, r9
10001878:	6993      	ldr	r3, [r2, #24]
1000187a:	4219      	tst	r1, r3
1000187c:	d1fc      	bne.n	10001878 <main+0x128c>
1000187e:	7803      	ldrb	r3, [r0, #0]
10001880:	3001      	adds	r0, #1
10001882:	6013      	str	r3, [r2, #0]
10001884:	4584      	cmp	ip, r0
10001886:	d1f7      	bne.n	10001878 <main+0x128c>
10001888:	f7ff fb5e 	bl	10000f48 <main+0x95c>
1000188c:	2301      	movs	r3, #1
1000188e:	002a      	movs	r2, r5
10001890:	2121      	movs	r1, #33	@ 0x21
10001892:	980b      	ldr	r0, [sp, #44]	@ 0x2c
10001894:	9600      	str	r6, [sp, #0]
10001896:	f006 fa8f 	bl	10007db8 <i2c_read_blocking>
1000189a:	e4c4      	b.n	10001226 <main+0xc3a>
1000189c:	21fa      	movs	r1, #250	@ 0xfa
1000189e:	0089      	lsls	r1, r1, #2
100018a0:	f005 f860 	bl	10006964 <__wrap___aeabi_uidiv>
100018a4:	0001      	movs	r1, r0
100018a6:	e558      	b.n	1000135a <main+0xd6e>
100018a8:	21fa      	movs	r1, #250	@ 0xfa
100018aa:	0089      	lsls	r1, r1, #2
100018ac:	f005 f85a 	bl	10006964 <__wrap___aeabi_uidiv>
100018b0:	0001      	movs	r1, r0
100018b2:	e616      	b.n	100014e2 <main+0xef6>
100018b4:	9a0a      	ldr	r2, [sp, #40]	@ 0x28
100018b6:	7a13      	ldrb	r3, [r2, #8]
100018b8:	431c      	orrs	r4, r3
100018ba:	7214      	strb	r4, [r2, #8]
100018bc:	e5a8      	b.n	10001410 <main+0xe24>
100018be:	46c0      	nop			@ (mov r8, r8)
100018c0:	20006168 	.word	0x20006168
100018c4:	100083f0 	.word	0x100083f0
100018c8:	10008354 	.word	0x10008354
100018cc:	00000a28 	.word	0x00000a28
100018d0:	00000d85 	.word	0x00000d85
100018d4:	ffffda02 	.word	0xffffda02
100018d8:	ffffb803 	.word	0xffffb803
100018dc:	2000764e 	.word	0x2000764e
100018e0:	00001007 	.word	0x00001007
100018e4:	20004ed8 	.word	0x20004ed8
100018e8:	40034000 	.word	0x40034000
100018ec:	237f      	movs	r3, #127	@ 0x7f
100018ee:	4013      	ands	r3, r2
100018f0:	2264      	movs	r2, #100	@ 0x64
100018f2:	4353      	muls	r3, r2
100018f4:	4a17      	ldr	r2, [pc, #92]	@ (10001954 <main+0x1368>)
100018f6:	9f0a      	ldr	r7, [sp, #40]	@ 0x28
100018f8:	4694      	mov	ip, r2
100018fa:	2130      	movs	r1, #48	@ 0x30
100018fc:	4a16      	ldr	r2, [pc, #88]	@ (10001958 <main+0x136c>)
100018fe:	4463      	add	r3, ip
10001900:	0038      	movs	r0, r7
10001902:	f004 ffa1 	bl	10006848 <__wrap_snprintf>
10001906:	22fa      	movs	r2, #250	@ 0xfa
10001908:	0039      	movs	r1, r7
1000190a:	980d      	ldr	r0, [sp, #52]	@ 0x34
1000190c:	00d2      	lsls	r2, r2, #3
1000190e:	f001 f891 	bl	10002a34 <ui_toast_show>
10001912:	f002 fc5f 	bl	100041d4 <time_us_64>
10001916:	2900      	cmp	r1, #0
10001918:	d00d      	beq.n	10001936 <main+0x134a>
1000191a:	22fa      	movs	r2, #250	@ 0xfa
1000191c:	2300      	movs	r3, #0
1000191e:	0092      	lsls	r2, r2, #2
10001920:	f005 f85e 	bl	100069e0 <__wrap___aeabi_uldivmod>
10001924:	0001      	movs	r1, r0
10001926:	980d      	ldr	r0, [sp, #52]	@ 0x34
10001928:	f001 f8a2 	bl	10002a70 <ui_toast_draw>
1000192c:	2300      	movs	r3, #0
1000192e:	6065      	str	r5, [r4, #4]
10001930:	7223      	strb	r3, [r4, #8]
10001932:	f7ff fab1 	bl	10000e98 <main+0x8ac>
10001936:	21fa      	movs	r1, #250	@ 0xfa
10001938:	0089      	lsls	r1, r1, #2
1000193a:	f005 f813 	bl	10006964 <__wrap___aeabi_uidiv>
1000193e:	0001      	movs	r1, r0
10001940:	e7f1      	b.n	10001926 <main+0x133a>
10001942:	4b06      	ldr	r3, [pc, #24]	@ (1000195c <main+0x1370>)
10001944:	4a06      	ldr	r2, [pc, #24]	@ (10001960 <main+0x1374>)
10001946:	681b      	ldr	r3, [r3, #0]
10001948:	0c1b      	lsrs	r3, r3, #16
1000194a:	041b      	lsls	r3, r3, #16
1000194c:	6013      	str	r3, [r2, #0]
1000194e:	f7ff fb83 	bl	10001058 <main+0xa6c>
10001952:	46c0      	nop			@ (mov r8, r8)
10001954:	00000a28 	.word	0x00000a28
10001958:	10008420 	.word	0x10008420
1000195c:	4005005c 	.word	0x4005005c
10001960:	4005105c 	.word	0x4005105c

10001964 <tft_set_window>:
10001964:	b5f0      	push	{r4, r5, r6, r7, lr}
10001966:	46d6      	mov	lr, sl
10001968:	464f      	mov	r7, r9
1000196a:	4646      	mov	r6, r8
1000196c:	b5c0      	push	{r6, r7, lr}
1000196e:	3a01      	subs	r2, #1
10001970:	3b01      	subs	r3, #1
10001972:	1882      	adds	r2, r0, r2
10001974:	18cb      	adds	r3, r1, r3
10001976:	b084      	sub	sp, #16
10001978:	b292      	uxth	r2, r2
1000197a:	b29b      	uxth	r3, r3
1000197c:	4692      	mov	sl, r2
1000197e:	4699      	mov	r9, r3
10001980:	466a      	mov	r2, sp
10001982:	232a      	movs	r3, #42	@ 0x2a
10001984:	24d0      	movs	r4, #208	@ 0xd0
10001986:	7313      	strb	r3, [r2, #12]
10001988:	2780      	movs	r7, #128	@ 0x80
1000198a:	2380      	movs	r3, #128	@ 0x80
1000198c:	0006      	movs	r6, r0
1000198e:	0624      	lsls	r4, r4, #24
10001990:	01bf      	lsls	r7, r7, #6
10001992:	015b      	lsls	r3, r3, #5
10001994:	61a3      	str	r3, [r4, #24]
10001996:	000d      	movs	r5, r1
10001998:	2201      	movs	r2, #1
1000199a:	a903      	add	r1, sp, #12
1000199c:	61a7      	str	r7, [r4, #24]
1000199e:	4827      	ldr	r0, [pc, #156]	@ (10001a3c <tft_set_window+0xd8>)
100019a0:	4698      	mov	r8, r3
100019a2:	f006 fc85 	bl	100082b0 <__spi_write_blocking_veneer>
100019a6:	4652      	mov	r2, sl
100019a8:	b2f3      	uxtb	r3, r6
100019aa:	021b      	lsls	r3, r3, #8
100019ac:	0a36      	lsrs	r6, r6, #8
100019ae:	431e      	orrs	r6, r3
100019b0:	4653      	mov	r3, sl
100019b2:	0a12      	lsrs	r2, r2, #8
100019b4:	0412      	lsls	r2, r2, #16
100019b6:	061b      	lsls	r3, r3, #24
100019b8:	4316      	orrs	r6, r2
100019ba:	431e      	orrs	r6, r3
100019bc:	4643      	mov	r3, r8
100019be:	6167      	str	r7, [r4, #20]
100019c0:	a902      	add	r1, sp, #8
100019c2:	9602      	str	r6, [sp, #8]
100019c4:	2204      	movs	r2, #4
100019c6:	6163      	str	r3, [r4, #20]
100019c8:	481c      	ldr	r0, [pc, #112]	@ (10001a3c <tft_set_window+0xd8>)
100019ca:	61a7      	str	r7, [r4, #24]
100019cc:	f006 fc70 	bl	100082b0 <__spi_write_blocking_veneer>
100019d0:	466a      	mov	r2, sp
100019d2:	232b      	movs	r3, #43	@ 0x2b
100019d4:	6167      	str	r7, [r4, #20]
100019d6:	7313      	strb	r3, [r2, #12]
100019d8:	4643      	mov	r3, r8
100019da:	a903      	add	r1, sp, #12
100019dc:	61a3      	str	r3, [r4, #24]
100019de:	2201      	movs	r2, #1
100019e0:	61a7      	str	r7, [r4, #24]
100019e2:	4816      	ldr	r0, [pc, #88]	@ (10001a3c <tft_set_window+0xd8>)
100019e4:	f006 fc64 	bl	100082b0 <__spi_write_blocking_veneer>
100019e8:	464a      	mov	r2, r9
100019ea:	b2eb      	uxtb	r3, r5
100019ec:	021b      	lsls	r3, r3, #8
100019ee:	0a2d      	lsrs	r5, r5, #8
100019f0:	431d      	orrs	r5, r3
100019f2:	464b      	mov	r3, r9
100019f4:	0a12      	lsrs	r2, r2, #8
100019f6:	0412      	lsls	r2, r2, #16
100019f8:	061b      	lsls	r3, r3, #24
100019fa:	4315      	orrs	r5, r2
100019fc:	431d      	orrs	r5, r3
100019fe:	4643      	mov	r3, r8
10001a00:	6167      	str	r7, [r4, #20]
10001a02:	a903      	add	r1, sp, #12
10001a04:	9503      	str	r5, [sp, #12]
10001a06:	2204      	movs	r2, #4
10001a08:	6163      	str	r3, [r4, #20]
10001a0a:	480c      	ldr	r0, [pc, #48]	@ (10001a3c <tft_set_window+0xd8>)
10001a0c:	61a7      	str	r7, [r4, #24]
10001a0e:	f006 fc4f 	bl	100082b0 <__spi_write_blocking_veneer>
10001a12:	466a      	mov	r2, sp
10001a14:	232c      	movs	r3, #44	@ 0x2c
10001a16:	6167      	str	r7, [r4, #20]
10001a18:	71d3      	strb	r3, [r2, #7]
10001a1a:	4643      	mov	r3, r8
10001a1c:	61a3      	str	r3, [r4, #24]
10001a1e:	466b      	mov	r3, sp
10001a20:	2201      	movs	r2, #1
10001a22:	61a7      	str	r7, [r4, #24]
10001a24:	1dd9      	adds	r1, r3, #7
10001a26:	4805      	ldr	r0, [pc, #20]	@ (10001a3c <tft_set_window+0xd8>)
10001a28:	f006 fc42 	bl	100082b0 <__spi_write_blocking_veneer>
10001a2c:	6167      	str	r7, [r4, #20]
10001a2e:	b004      	add	sp, #16
10001a30:	bce0      	pop	{r5, r6, r7}
10001a32:	46ba      	mov	sl, r7
10001a34:	46b1      	mov	r9, r6
10001a36:	46a8      	mov	r8, r5
10001a38:	bdf0      	pop	{r4, r5, r6, r7, pc}
10001a3a:	46c0      	nop			@ (mov r8, r8)
10001a3c:	40040000 	.word	0x40040000

10001a40 <gfx_fill_rect.part.0>:
10001a40:	b570      	push	{r4, r5, r6, lr}
10001a42:	b090      	sub	sp, #64	@ 0x40
10001a44:	001d      	movs	r5, r3
10001a46:	ab14      	add	r3, sp, #80	@ 0x50
10001a48:	881c      	ldrh	r4, [r3, #0]
10001a4a:	23a0      	movs	r3, #160	@ 0xa0
10001a4c:	0016      	movs	r6, r2
10001a4e:	1882      	adds	r2, r0, r2
10001a50:	005b      	lsls	r3, r3, #1
10001a52:	429a      	cmp	r2, r3
10001a54:	dd01      	ble.n	10001a5a <gfx_fill_rect.part.0+0x1a>
10001a56:	1a1b      	subs	r3, r3, r0
10001a58:	b29e      	uxth	r6, r3
10001a5a:	194b      	adds	r3, r1, r5
10001a5c:	2bf0      	cmp	r3, #240	@ 0xf0
10001a5e:	dd02      	ble.n	10001a66 <gfx_fill_rect.part.0+0x26>
10001a60:	25f0      	movs	r5, #240	@ 0xf0
10001a62:	1a6d      	subs	r5, r5, r1
10001a64:	b2ad      	uxth	r5, r5
10001a66:	002b      	movs	r3, r5
10001a68:	0032      	movs	r2, r6
10001a6a:	f7ff ff7b 	bl	10001964 <tft_set_window>
10001a6e:	b2e3      	uxtb	r3, r4
10001a70:	0a20      	lsrs	r0, r4, #8
10001a72:	0219      	lsls	r1, r3, #8
10001a74:	0402      	lsls	r2, r0, #16
10001a76:	4301      	orrs	r1, r0
10001a78:	061b      	lsls	r3, r3, #24
10001a7a:	4311      	orrs	r1, r2
10001a7c:	4319      	orrs	r1, r3
10001a7e:	2280      	movs	r2, #128	@ 0x80
10001a80:	23d0      	movs	r3, #208	@ 0xd0
10001a82:	0152      	lsls	r2, r2, #5
10001a84:	061b      	lsls	r3, r3, #24
10001a86:	9100      	str	r1, [sp, #0]
10001a88:	9101      	str	r1, [sp, #4]
10001a8a:	9102      	str	r1, [sp, #8]
10001a8c:	9103      	str	r1, [sp, #12]
10001a8e:	9104      	str	r1, [sp, #16]
10001a90:	9105      	str	r1, [sp, #20]
10001a92:	9106      	str	r1, [sp, #24]
10001a94:	9107      	str	r1, [sp, #28]
10001a96:	9108      	str	r1, [sp, #32]
10001a98:	9109      	str	r1, [sp, #36]	@ 0x24
10001a9a:	910a      	str	r1, [sp, #40]	@ 0x28
10001a9c:	910b      	str	r1, [sp, #44]	@ 0x2c
10001a9e:	910c      	str	r1, [sp, #48]	@ 0x30
10001aa0:	910d      	str	r1, [sp, #52]	@ 0x34
10001aa2:	910e      	str	r1, [sp, #56]	@ 0x38
10001aa4:	910f      	str	r1, [sp, #60]	@ 0x3c
10001aa6:	615a      	str	r2, [r3, #20]
10001aa8:	2280      	movs	r2, #128	@ 0x80
10001aaa:	4375      	muls	r5, r6
10001aac:	0192      	lsls	r2, r2, #6
10001aae:	619a      	str	r2, [r3, #24]
10001ab0:	2d1f      	cmp	r5, #31
10001ab2:	d90a      	bls.n	10001aca <gfx_fill_rect.part.0+0x8a>
10001ab4:	002c      	movs	r4, r5
10001ab6:	2240      	movs	r2, #64	@ 0x40
10001ab8:	4669      	mov	r1, sp
10001aba:	480b      	ldr	r0, [pc, #44]	@ (10001ae8 <gfx_fill_rect.part.0+0xa8>)
10001abc:	3c20      	subs	r4, #32
10001abe:	f006 fbf7 	bl	100082b0 <__spi_write_blocking_veneer>
10001ac2:	2c1f      	cmp	r4, #31
10001ac4:	d8f7      	bhi.n	10001ab6 <gfx_fill_rect.part.0+0x76>
10001ac6:	231f      	movs	r3, #31
10001ac8:	401d      	ands	r5, r3
10001aca:	2d00      	cmp	r5, #0
10001acc:	d106      	bne.n	10001adc <gfx_fill_rect.part.0+0x9c>
10001ace:	23d0      	movs	r3, #208	@ 0xd0
10001ad0:	2280      	movs	r2, #128	@ 0x80
10001ad2:	061b      	lsls	r3, r3, #24
10001ad4:	0192      	lsls	r2, r2, #6
10001ad6:	615a      	str	r2, [r3, #20]
10001ad8:	b010      	add	sp, #64	@ 0x40
10001ada:	bd70      	pop	{r4, r5, r6, pc}
10001adc:	4669      	mov	r1, sp
10001ade:	006a      	lsls	r2, r5, #1
10001ae0:	4801      	ldr	r0, [pc, #4]	@ (10001ae8 <gfx_fill_rect.part.0+0xa8>)
10001ae2:	f006 fbe5 	bl	100082b0 <__spi_write_blocking_veneer>
10001ae6:	e7f2      	b.n	10001ace <gfx_fill_rect.part.0+0x8e>
10001ae8:	40040000 	.word	0x40040000

10001aec <gfx_init>:
10001aec:	b570      	push	{r4, r5, r6, lr}
10001aee:	24d0      	movs	r4, #208	@ 0xd0
10001af0:	2580      	movs	r5, #128	@ 0x80
10001af2:	2680      	movs	r6, #128	@ 0x80
10001af4:	b092      	sub	sp, #72	@ 0x48
10001af6:	495e      	ldr	r1, [pc, #376]	@ (10001c70 <gfx_init+0x184>)
10001af8:	485e      	ldr	r0, [pc, #376]	@ (10001c74 <gfx_init+0x188>)
10001afa:	f005 ffb9 	bl	10007a70 <spi_init>
10001afe:	2101      	movs	r1, #1
10001b00:	200a      	movs	r0, #10
10001b02:	f001 fb8f 	bl	10003224 <gpio_set_function>
10001b06:	2101      	movs	r1, #1
10001b08:	200b      	movs	r0, #11
10001b0a:	0624      	lsls	r4, r4, #24
10001b0c:	01ad      	lsls	r5, r5, #6
10001b0e:	f001 fb89 	bl	10003224 <gpio_set_function>
10001b12:	200d      	movs	r0, #13
10001b14:	0176      	lsls	r6, r6, #5
10001b16:	f001 fc23 	bl	10003360 <gpio_init>
10001b1a:	6265      	str	r5, [r4, #36]	@ 0x24
10001b1c:	200c      	movs	r0, #12
10001b1e:	6165      	str	r5, [r4, #20]
10001b20:	f001 fc1e 	bl	10003360 <gpio_init>
10001b24:	2104      	movs	r1, #4
10001b26:	2019      	movs	r0, #25
10001b28:	6266      	str	r6, [r4, #36]	@ 0x24
10001b2a:	f001 fb7b 	bl	10003224 <gpio_set_function>
10001b2e:	22ff      	movs	r2, #255	@ 0xff
10001b30:	4b51      	ldr	r3, [pc, #324]	@ (10001c78 <gfx_init+0x18c>)
10001b32:	4850      	ldr	r0, [pc, #320]	@ (10001c74 <gfx_init+0x188>)
10001b34:	661a      	str	r2, [r3, #96]	@ 0x60
10001b36:	4b51      	ldr	r3, [pc, #324]	@ (10001c7c <gfx_init+0x190>)
10001b38:	681a      	ldr	r2, [r3, #0]
10001b3a:	23c8      	movs	r3, #200	@ 0xc8
10001b3c:	041b      	lsls	r3, r3, #16
10001b3e:	4053      	eors	r3, r2
10001b40:	0c1b      	lsrs	r3, r3, #16
10001b42:	4a4f      	ldr	r2, [pc, #316]	@ (10001c80 <gfx_init+0x194>)
10001b44:	041b      	lsls	r3, r3, #16
10001b46:	6013      	str	r3, [r2, #0]
10001b48:	4b4e      	ldr	r3, [pc, #312]	@ (10001c84 <gfx_init+0x198>)
10001b4a:	681a      	ldr	r2, [r3, #0]
10001b4c:	2301      	movs	r3, #1
10001b4e:	0019      	movs	r1, r3
10001b50:	4391      	bics	r1, r2
10001b52:	4a4d      	ldr	r2, [pc, #308]	@ (10001c88 <gfx_init+0x19c>)
10001b54:	6011      	str	r1, [r2, #0]
10001b56:	466a      	mov	r2, sp
10001b58:	a902      	add	r1, sp, #8
10001b5a:	7213      	strb	r3, [r2, #8]
10001b5c:	2201      	movs	r2, #1
10001b5e:	61a6      	str	r6, [r4, #24]
10001b60:	61a5      	str	r5, [r4, #24]
10001b62:	f006 fba5 	bl	100082b0 <__spi_write_blocking_veneer>
10001b66:	2096      	movs	r0, #150	@ 0x96
10001b68:	6165      	str	r5, [r4, #20]
10001b6a:	f002 f9e3 	bl	10003f34 <sleep_ms>
10001b6e:	2311      	movs	r3, #17
10001b70:	466a      	mov	r2, sp
10001b72:	a902      	add	r1, sp, #8
10001b74:	7213      	strb	r3, [r2, #8]
10001b76:	483f      	ldr	r0, [pc, #252]	@ (10001c74 <gfx_init+0x188>)
10001b78:	2201      	movs	r2, #1
10001b7a:	61a6      	str	r6, [r4, #24]
10001b7c:	61a5      	str	r5, [r4, #24]
10001b7e:	f006 fb97 	bl	100082b0 <__spi_write_blocking_veneer>
10001b82:	2032      	movs	r0, #50	@ 0x32
10001b84:	6165      	str	r5, [r4, #20]
10001b86:	f002 f9d5 	bl	10003f34 <sleep_ms>
10001b8a:	233a      	movs	r3, #58	@ 0x3a
10001b8c:	466a      	mov	r2, sp
10001b8e:	a902      	add	r1, sp, #8
10001b90:	7213      	strb	r3, [r2, #8]
10001b92:	4838      	ldr	r0, [pc, #224]	@ (10001c74 <gfx_init+0x188>)
10001b94:	61a6      	str	r6, [r4, #24]
10001b96:	2201      	movs	r2, #1
10001b98:	61a5      	str	r5, [r4, #24]
10001b9a:	f006 fb89 	bl	100082b0 <__spi_write_blocking_veneer>
10001b9e:	2355      	movs	r3, #85	@ 0x55
10001ba0:	466a      	mov	r2, sp
10001ba2:	6165      	str	r5, [r4, #20]
10001ba4:	7193      	strb	r3, [r2, #6]
10001ba6:	466b      	mov	r3, sp
10001ba8:	6166      	str	r6, [r4, #20]
10001baa:	1d99      	adds	r1, r3, #6
10001bac:	2201      	movs	r2, #1
10001bae:	61a5      	str	r5, [r4, #24]
10001bb0:	4830      	ldr	r0, [pc, #192]	@ (10001c74 <gfx_init+0x188>)
10001bb2:	f006 fb7d 	bl	100082b0 <__spi_write_blocking_veneer>
10001bb6:	2336      	movs	r3, #54	@ 0x36
10001bb8:	466a      	mov	r2, sp
10001bba:	6165      	str	r5, [r4, #20]
10001bbc:	a902      	add	r1, sp, #8
10001bbe:	7213      	strb	r3, [r2, #8]
10001bc0:	482c      	ldr	r0, [pc, #176]	@ (10001c74 <gfx_init+0x188>)
10001bc2:	61a6      	str	r6, [r4, #24]
10001bc4:	2201      	movs	r2, #1
10001bc6:	61a5      	str	r5, [r4, #24]
10001bc8:	f006 fb72 	bl	100082b0 <__spi_write_blocking_veneer>
10001bcc:	2368      	movs	r3, #104	@ 0x68
10001bce:	466a      	mov	r2, sp
10001bd0:	6165      	str	r5, [r4, #20]
10001bd2:	71d3      	strb	r3, [r2, #7]
10001bd4:	466b      	mov	r3, sp
10001bd6:	6166      	str	r6, [r4, #20]
10001bd8:	1dd9      	adds	r1, r3, #7
10001bda:	2201      	movs	r2, #1
10001bdc:	61a5      	str	r5, [r4, #24]
10001bde:	4825      	ldr	r0, [pc, #148]	@ (10001c74 <gfx_init+0x188>)
10001be0:	f006 fb66 	bl	100082b0 <__spi_write_blocking_veneer>
10001be4:	2321      	movs	r3, #33	@ 0x21
10001be6:	466a      	mov	r2, sp
10001be8:	6165      	str	r5, [r4, #20]
10001bea:	a902      	add	r1, sp, #8
10001bec:	7213      	strb	r3, [r2, #8]
10001bee:	4821      	ldr	r0, [pc, #132]	@ (10001c74 <gfx_init+0x188>)
10001bf0:	61a6      	str	r6, [r4, #24]
10001bf2:	2201      	movs	r2, #1
10001bf4:	61a5      	str	r5, [r4, #24]
10001bf6:	f006 fb5b 	bl	100082b0 <__spi_write_blocking_veneer>
10001bfa:	2329      	movs	r3, #41	@ 0x29
10001bfc:	466a      	mov	r2, sp
10001bfe:	6165      	str	r5, [r4, #20]
10001c00:	a902      	add	r1, sp, #8
10001c02:	7213      	strb	r3, [r2, #8]
10001c04:	481b      	ldr	r0, [pc, #108]	@ (10001c74 <gfx_init+0x188>)
10001c06:	2201      	movs	r2, #1
10001c08:	61a6      	str	r6, [r4, #24]
10001c0a:	61a5      	str	r5, [r4, #24]
10001c0c:	f006 fb50 	bl	100082b0 <__spi_write_blocking_veneer>
10001c10:	2032      	movs	r0, #50	@ 0x32
10001c12:	6165      	str	r5, [r4, #20]
10001c14:	f002 f98e 	bl	10003f34 <sleep_ms>
10001c18:	22a0      	movs	r2, #160	@ 0xa0
10001c1a:	23f0      	movs	r3, #240	@ 0xf0
10001c1c:	2100      	movs	r1, #0
10001c1e:	2000      	movs	r0, #0
10001c20:	0052      	lsls	r2, r2, #1
10001c22:	f7ff fe9f 	bl	10001964 <tft_set_window>
10001c26:	2300      	movs	r3, #0
10001c28:	9302      	str	r3, [sp, #8]
10001c2a:	9303      	str	r3, [sp, #12]
10001c2c:	9304      	str	r3, [sp, #16]
10001c2e:	9305      	str	r3, [sp, #20]
10001c30:	9306      	str	r3, [sp, #24]
10001c32:	9307      	str	r3, [sp, #28]
10001c34:	9308      	str	r3, [sp, #32]
10001c36:	9309      	str	r3, [sp, #36]	@ 0x24
10001c38:	930a      	str	r3, [sp, #40]	@ 0x28
10001c3a:	930b      	str	r3, [sp, #44]	@ 0x2c
10001c3c:	930c      	str	r3, [sp, #48]	@ 0x30
10001c3e:	930d      	str	r3, [sp, #52]	@ 0x34
10001c40:	930e      	str	r3, [sp, #56]	@ 0x38
10001c42:	930f      	str	r3, [sp, #60]	@ 0x3c
10001c44:	9310      	str	r3, [sp, #64]	@ 0x40
10001c46:	9311      	str	r3, [sp, #68]	@ 0x44
10001c48:	6166      	str	r6, [r4, #20]
10001c4a:	61a5      	str	r5, [r4, #24]
10001c4c:	2496      	movs	r4, #150	@ 0x96
10001c4e:	0124      	lsls	r4, r4, #4
10001c50:	2240      	movs	r2, #64	@ 0x40
10001c52:	4808      	ldr	r0, [pc, #32]	@ (10001c74 <gfx_init+0x188>)
10001c54:	a902      	add	r1, sp, #8
10001c56:	3c01      	subs	r4, #1
10001c58:	f006 fb2a 	bl	100082b0 <__spi_write_blocking_veneer>
10001c5c:	2c00      	cmp	r4, #0
10001c5e:	d1f7      	bne.n	10001c50 <gfx_init+0x164>
10001c60:	23d0      	movs	r3, #208	@ 0xd0
10001c62:	2280      	movs	r2, #128	@ 0x80
10001c64:	061b      	lsls	r3, r3, #24
10001c66:	0192      	lsls	r2, r2, #6
10001c68:	615a      	str	r2, [r3, #20]
10001c6a:	b012      	add	sp, #72	@ 0x48
10001c6c:	bd70      	pop	{r4, r5, r6, pc}
10001c6e:	46c0      	nop			@ (mov r8, r8)
10001c70:	03b9aca0 	.word	0x03b9aca0
10001c74:	40040000 	.word	0x40040000
10001c78:	40050000 	.word	0x40050000
10001c7c:	4005005c 	.word	0x4005005c
10001c80:	4005105c 	.word	0x4005105c
10001c84:	40050050 	.word	0x40050050
10001c88:	40051050 	.word	0x40051050

10001c8c <gfx_clear>:
10001c8c:	22a0      	movs	r2, #160	@ 0xa0
10001c8e:	b510      	push	{r4, lr}
10001c90:	0004      	movs	r4, r0
10001c92:	b090      	sub	sp, #64	@ 0x40
10001c94:	23f0      	movs	r3, #240	@ 0xf0
10001c96:	2100      	movs	r1, #0
10001c98:	0052      	lsls	r2, r2, #1
10001c9a:	2000      	movs	r0, #0
10001c9c:	f7ff fe62 	bl	10001964 <tft_set_window>
10001ca0:	0a22      	lsrs	r2, r4, #8
10001ca2:	b2e4      	uxtb	r4, r4
10001ca4:	0223      	lsls	r3, r4, #8
10001ca6:	0411      	lsls	r1, r2, #16
10001ca8:	4313      	orrs	r3, r2
10001caa:	0624      	lsls	r4, r4, #24
10001cac:	430b      	orrs	r3, r1
10001cae:	4323      	orrs	r3, r4
10001cb0:	9300      	str	r3, [sp, #0]
10001cb2:	9301      	str	r3, [sp, #4]
10001cb4:	9302      	str	r3, [sp, #8]
10001cb6:	9303      	str	r3, [sp, #12]
10001cb8:	9304      	str	r3, [sp, #16]
10001cba:	9305      	str	r3, [sp, #20]
10001cbc:	9306      	str	r3, [sp, #24]
10001cbe:	9307      	str	r3, [sp, #28]
10001cc0:	9308      	str	r3, [sp, #32]
10001cc2:	9309      	str	r3, [sp, #36]	@ 0x24
10001cc4:	930a      	str	r3, [sp, #40]	@ 0x28
10001cc6:	930b      	str	r3, [sp, #44]	@ 0x2c
10001cc8:	930c      	str	r3, [sp, #48]	@ 0x30
10001cca:	930d      	str	r3, [sp, #52]	@ 0x34
10001ccc:	930e      	str	r3, [sp, #56]	@ 0x38
10001cce:	930f      	str	r3, [sp, #60]	@ 0x3c
10001cd0:	2280      	movs	r2, #128	@ 0x80
10001cd2:	23d0      	movs	r3, #208	@ 0xd0
10001cd4:	0152      	lsls	r2, r2, #5
10001cd6:	061b      	lsls	r3, r3, #24
10001cd8:	615a      	str	r2, [r3, #20]
10001cda:	2280      	movs	r2, #128	@ 0x80
10001cdc:	2496      	movs	r4, #150	@ 0x96
10001cde:	0192      	lsls	r2, r2, #6
10001ce0:	619a      	str	r2, [r3, #24]
10001ce2:	0124      	lsls	r4, r4, #4
10001ce4:	2240      	movs	r2, #64	@ 0x40
10001ce6:	4669      	mov	r1, sp
10001ce8:	4806      	ldr	r0, [pc, #24]	@ (10001d04 <gfx_clear+0x78>)
10001cea:	3c01      	subs	r4, #1
10001cec:	f006 fae0 	bl	100082b0 <__spi_write_blocking_veneer>
10001cf0:	2c00      	cmp	r4, #0
10001cf2:	d1f7      	bne.n	10001ce4 <gfx_clear+0x58>
10001cf4:	23d0      	movs	r3, #208	@ 0xd0
10001cf6:	2280      	movs	r2, #128	@ 0x80
10001cf8:	061b      	lsls	r3, r3, #24
10001cfa:	0192      	lsls	r2, r2, #6
10001cfc:	615a      	str	r2, [r3, #20]
10001cfe:	b010      	add	sp, #64	@ 0x40
10001d00:	bd10      	pop	{r4, pc}
10001d02:	46c0      	nop			@ (mov r8, r8)
10001d04:	40040000 	.word	0x40040000

10001d08 <gfx_fill_rect>:
10001d08:	b530      	push	{r4, r5, lr}
10001d0a:	b083      	sub	sp, #12
10001d0c:	466c      	mov	r4, sp
10001d0e:	8b25      	ldrh	r5, [r4, #24]
10001d10:	24a0      	movs	r4, #160	@ 0xa0
10001d12:	0064      	lsls	r4, r4, #1
10001d14:	42a0      	cmp	r0, r4
10001d16:	d204      	bcs.n	10001d22 <gfx_fill_rect+0x1a>
10001d18:	29ef      	cmp	r1, #239	@ 0xef
10001d1a:	d802      	bhi.n	10001d22 <gfx_fill_rect+0x1a>
10001d1c:	9500      	str	r5, [sp, #0]
10001d1e:	f7ff fe8f 	bl	10001a40 <gfx_fill_rect.part.0>
10001d22:	b003      	add	sp, #12
10001d24:	bd30      	pop	{r4, r5, pc}
10001d26:	46c0      	nop			@ (mov r8, r8)

10001d28 <gfx_draw_rect>:
10001d28:	b5f0      	push	{r4, r5, r6, r7, lr}
10001d2a:	4647      	mov	r7, r8
10001d2c:	46ce      	mov	lr, r9
10001d2e:	b580      	push	{r7, lr}
10001d30:	b083      	sub	sp, #12
10001d32:	001e      	movs	r6, r3
10001d34:	466b      	mov	r3, sp
10001d36:	8d1f      	ldrh	r7, [r3, #40]	@ 0x28
10001d38:	23a0      	movs	r3, #160	@ 0xa0
10001d3a:	4680      	mov	r8, r0
10001d3c:	000d      	movs	r5, r1
10001d3e:	0014      	movs	r4, r2
10001d40:	005b      	lsls	r3, r3, #1
10001d42:	4298      	cmp	r0, r3
10001d44:	d235      	bcs.n	10001db2 <gfx_draw_rect+0x8a>
10001d46:	1e73      	subs	r3, r6, #1
10001d48:	18cb      	adds	r3, r1, r3
10001d4a:	b29b      	uxth	r3, r3
10001d4c:	4699      	mov	r9, r3
10001d4e:	29ef      	cmp	r1, #239	@ 0xef
10001d50:	d827      	bhi.n	10001da2 <gfx_draw_rect+0x7a>
10001d52:	2301      	movs	r3, #1
10001d54:	9700      	str	r7, [sp, #0]
10001d56:	f7ff fe73 	bl	10001a40 <gfx_fill_rect.part.0>
10001d5a:	464b      	mov	r3, r9
10001d5c:	2bef      	cmp	r3, #239	@ 0xef
10001d5e:	d806      	bhi.n	10001d6e <gfx_draw_rect+0x46>
10001d60:	2301      	movs	r3, #1
10001d62:	0022      	movs	r2, r4
10001d64:	4649      	mov	r1, r9
10001d66:	4640      	mov	r0, r8
10001d68:	9700      	str	r7, [sp, #0]
10001d6a:	f7ff fe69 	bl	10001a40 <gfx_fill_rect.part.0>
10001d6e:	0033      	movs	r3, r6
10001d70:	4640      	mov	r0, r8
10001d72:	2201      	movs	r2, #1
10001d74:	0029      	movs	r1, r5
10001d76:	9700      	str	r7, [sp, #0]
10001d78:	3c01      	subs	r4, #1
10001d7a:	f7ff fe61 	bl	10001a40 <gfx_fill_rect.part.0>
10001d7e:	0020      	movs	r0, r4
10001d80:	23a0      	movs	r3, #160	@ 0xa0
10001d82:	4440      	add	r0, r8
10001d84:	b280      	uxth	r0, r0
10001d86:	005b      	lsls	r3, r3, #1
10001d88:	4298      	cmp	r0, r3
10001d8a:	d205      	bcs.n	10001d98 <gfx_draw_rect+0x70>
10001d8c:	0033      	movs	r3, r6
10001d8e:	2201      	movs	r2, #1
10001d90:	0029      	movs	r1, r5
10001d92:	9700      	str	r7, [sp, #0]
10001d94:	f7ff fe54 	bl	10001a40 <gfx_fill_rect.part.0>
10001d98:	b003      	add	sp, #12
10001d9a:	bcc0      	pop	{r6, r7}
10001d9c:	46b9      	mov	r9, r7
10001d9e:	46b0      	mov	r8, r6
10001da0:	bdf0      	pop	{r4, r5, r6, r7, pc}
10001da2:	2bef      	cmp	r3, #239	@ 0xef
10001da4:	d8f8      	bhi.n	10001d98 <gfx_draw_rect+0x70>
10001da6:	2301      	movs	r3, #1
10001da8:	4649      	mov	r1, r9
10001daa:	9700      	str	r7, [sp, #0]
10001dac:	f7ff fe48 	bl	10001a40 <gfx_fill_rect.part.0>
10001db0:	e7f2      	b.n	10001d98 <gfx_draw_rect+0x70>
10001db2:	3c01      	subs	r4, #1
10001db4:	0020      	movs	r0, r4
10001db6:	4440      	add	r0, r8
10001db8:	b280      	uxth	r0, r0
10001dba:	4298      	cmp	r0, r3
10001dbc:	d2ec      	bcs.n	10001d98 <gfx_draw_rect+0x70>
10001dbe:	29ef      	cmp	r1, #239	@ 0xef
10001dc0:	d9e4      	bls.n	10001d8c <gfx_draw_rect+0x64>
10001dc2:	e7e9      	b.n	10001d98 <gfx_draw_rect+0x70>

10001dc4 <gfx_hline>:
10001dc4:	b510      	push	{r4, lr}
10001dc6:	24a0      	movs	r4, #160	@ 0xa0
10001dc8:	b082      	sub	sp, #8
10001dca:	0064      	lsls	r4, r4, #1
10001dcc:	42a0      	cmp	r0, r4
10001dce:	d205      	bcs.n	10001ddc <gfx_hline+0x18>
10001dd0:	29ef      	cmp	r1, #239	@ 0xef
10001dd2:	d803      	bhi.n	10001ddc <gfx_hline+0x18>
10001dd4:	9300      	str	r3, [sp, #0]
10001dd6:	2301      	movs	r3, #1
10001dd8:	f7ff fe32 	bl	10001a40 <gfx_fill_rect.part.0>
10001ddc:	b002      	add	sp, #8
10001dde:	bd10      	pop	{r4, pc}

10001de0 <gfx_vline>:
10001de0:	b510      	push	{r4, lr}
10001de2:	24a0      	movs	r4, #160	@ 0xa0
10001de4:	b082      	sub	sp, #8
10001de6:	0064      	lsls	r4, r4, #1
10001de8:	42a0      	cmp	r0, r4
10001dea:	d206      	bcs.n	10001dfa <gfx_vline+0x1a>
10001dec:	29ef      	cmp	r1, #239	@ 0xef
10001dee:	d804      	bhi.n	10001dfa <gfx_vline+0x1a>
10001df0:	9300      	str	r3, [sp, #0]
10001df2:	0013      	movs	r3, r2
10001df4:	2201      	movs	r2, #1
10001df6:	f7ff fe23 	bl	10001a40 <gfx_fill_rect.part.0>
10001dfa:	b002      	add	sp, #8
10001dfc:	bd10      	pop	{r4, pc}
10001dfe:	46c0      	nop			@ (mov r8, r8)

10001e00 <gfx_pixel>:
10001e00:	23a0      	movs	r3, #160	@ 0xa0
10001e02:	b530      	push	{r4, r5, lr}
10001e04:	005b      	lsls	r3, r3, #1
10001e06:	0014      	movs	r4, r2
10001e08:	b083      	sub	sp, #12
10001e0a:	4298      	cmp	r0, r3
10001e0c:	d201      	bcs.n	10001e12 <gfx_pixel+0x12>
10001e0e:	29ef      	cmp	r1, #239	@ 0xef
10001e10:	d901      	bls.n	10001e16 <gfx_pixel+0x16>
10001e12:	b003      	add	sp, #12
10001e14:	bd30      	pop	{r4, r5, pc}
10001e16:	3b40      	subs	r3, #64	@ 0x40
10001e18:	2201      	movs	r2, #1
10001e1a:	3bff      	subs	r3, #255	@ 0xff
10001e1c:	f7ff fda2 	bl	10001964 <tft_set_window>
10001e20:	466b      	mov	r3, sp
10001e22:	ba64      	rev16	r4, r4
10001e24:	809c      	strh	r4, [r3, #4]
10001e26:	2580      	movs	r5, #128	@ 0x80
10001e28:	24d0      	movs	r4, #208	@ 0xd0
10001e2a:	2380      	movs	r3, #128	@ 0x80
10001e2c:	0624      	lsls	r4, r4, #24
10001e2e:	015b      	lsls	r3, r3, #5
10001e30:	01ad      	lsls	r5, r5, #6
10001e32:	6163      	str	r3, [r4, #20]
10001e34:	2202      	movs	r2, #2
10001e36:	4803      	ldr	r0, [pc, #12]	@ (10001e44 <gfx_pixel+0x44>)
10001e38:	61a5      	str	r5, [r4, #24]
10001e3a:	a901      	add	r1, sp, #4
10001e3c:	f006 fa38 	bl	100082b0 <__spi_write_blocking_veneer>
10001e40:	6165      	str	r5, [r4, #20]
10001e42:	e7e6      	b.n	10001e12 <gfx_pixel+0x12>
10001e44:	40040000 	.word	0x40040000

10001e48 <gfx_draw_char>:
10001e48:	b5f0      	push	{r4, r5, r6, r7, lr}
10001e4a:	464e      	mov	r6, r9
10001e4c:	4645      	mov	r5, r8
10001e4e:	46de      	mov	lr, fp
10001e50:	4657      	mov	r7, sl
10001e52:	b5e0      	push	{r5, r6, r7, lr}
10001e54:	b0d7      	sub	sp, #348	@ 0x15c
10001e56:	000d      	movs	r5, r1
10001e58:	a960      	add	r1, sp, #384	@ 0x180
10001e5a:	8809      	ldrh	r1, [r1, #0]
10001e5c:	0006      	movs	r6, r0
10001e5e:	9106      	str	r1, [sp, #24]
10001e60:	a961      	add	r1, sp, #388	@ 0x184
10001e62:	8809      	ldrh	r1, [r1, #0]
10001e64:	7898      	ldrb	r0, [r3, #2]
10001e66:	4689      	mov	r9, r1
10001e68:	213f      	movs	r1, #63	@ 0x3f
10001e6a:	4290      	cmp	r0, r2
10001e6c:	d803      	bhi.n	10001e76 <gfx_draw_char+0x2e>
10001e6e:	78dc      	ldrb	r4, [r3, #3]
10001e70:	4294      	cmp	r4, r2
10001e72:	d300      	bcc.n	10001e76 <gfx_draw_char+0x2e>
10001e74:	e121      	b.n	100020ba <gfx_draw_char+0x272>
10001e76:	1a0a      	subs	r2, r1, r0
10001e78:	0091      	lsls	r1, r2, #2
10001e7a:	1852      	adds	r2, r2, r1
10001e7c:	7859      	ldrb	r1, [r3, #1]
10001e7e:	781f      	ldrb	r7, [r3, #0]
10001e80:	b292      	uxth	r2, r2
10001e82:	9103      	str	r1, [sp, #12]
10001e84:	2900      	cmp	r1, #0
10001e86:	d100      	bne.n	10001e8a <gfx_draw_char+0x42>
10001e88:	e11b      	b.n	100020c2 <gfx_draw_char+0x27a>
10001e8a:	2f00      	cmp	r7, #0
10001e8c:	d100      	bne.n	10001e90 <gfx_draw_char+0x48>
10001e8e:	e127      	b.n	100020e0 <gfx_draw_char+0x298>
10001e90:	0079      	lsls	r1, r7, #1
10001e92:	9105      	str	r1, [sp, #20]
10001e94:	1e79      	subs	r1, r7, #1
10001e96:	ac2e      	add	r4, sp, #184	@ 0xb8
10001e98:	b289      	uxth	r1, r1
10001e9a:	46a3      	mov	fp, r4
10001e9c:	9108      	str	r1, [sp, #32]
10001e9e:	2904      	cmp	r1, #4
10001ea0:	d900      	bls.n	10001ea4 <gfx_draw_char+0x5c>
10001ea2:	e108      	b.n	100020b6 <gfx_draw_char+0x26e>
10001ea4:	2000      	movs	r0, #0
10001ea6:	685b      	ldr	r3, [r3, #4]
10001ea8:	b289      	uxth	r1, r1
10001eaa:	189b      	adds	r3, r3, r2
10001eac:	9302      	str	r3, [sp, #8]
10001eae:	1c4b      	adds	r3, r1, #1
10001eb0:	b29b      	uxth	r3, r3
10001eb2:	9307      	str	r3, [sp, #28]
10001eb4:	1a7b      	subs	r3, r7, r1
10001eb6:	b29b      	uxth	r3, r3
10001eb8:	1e9a      	subs	r2, r3, #2
10001eba:	9101      	str	r1, [sp, #4]
10001ebc:	b291      	uxth	r1, r2
10001ebe:	4684      	mov	ip, r0
10001ec0:	9109      	str	r1, [sp, #36]	@ 0x24
10001ec2:	2100      	movs	r1, #0
10001ec4:	3b01      	subs	r3, #1
10001ec6:	b29b      	uxth	r3, r3
10001ec8:	930a      	str	r3, [sp, #40]	@ 0x28
10001eca:	464b      	mov	r3, r9
10001ecc:	950d      	str	r5, [sp, #52]	@ 0x34
10001ece:	4665      	mov	r5, ip
10001ed0:	46bc      	mov	ip, r7
10001ed2:	000f      	movs	r7, r1
10001ed4:	3001      	adds	r0, #1
10001ed6:	9a01      	ldr	r2, [sp, #4]
10001ed8:	4682      	mov	sl, r0
10001eda:	0418      	lsls	r0, r3, #16
10001edc:	4318      	orrs	r0, r3
10001ede:	1c93      	adds	r3, r2, #2
10001ee0:	b29b      	uxth	r3, r3
10001ee2:	930b      	str	r3, [sp, #44]	@ 0x2c
10001ee4:	960c      	str	r6, [sp, #48]	@ 0x30
10001ee6:	2d07      	cmp	r5, #7
10001ee8:	d800      	bhi.n	10001eec <gfx_draw_char+0xa4>
10001eea:	e08f      	b.n	1000200c <gfx_draw_char+0x1c4>
10001eec:	465b      	mov	r3, fp
10001eee:	085a      	lsrs	r2, r3, #1
10001ef0:	4653      	mov	r3, sl
10001ef2:	401a      	ands	r2, r3
10001ef4:	9b08      	ldr	r3, [sp, #32]
10001ef6:	2b05      	cmp	r3, #5
10001ef8:	d800      	bhi.n	10001efc <gfx_draw_char+0xb4>
10001efa:	e0e0      	b.n	100020be <gfx_draw_char+0x276>
10001efc:	2a00      	cmp	r2, #0
10001efe:	d100      	bne.n	10001f02 <gfx_draw_char+0xba>
10001f00:	e0d6      	b.n	100020b0 <gfx_draw_char+0x268>
10001f02:	465b      	mov	r3, fp
10001f04:	4649      	mov	r1, r9
10001f06:	4690      	mov	r8, r2
10001f08:	8019      	strh	r1, [r3, #0]
10001f0a:	4663      	mov	r3, ip
10001f0c:	1a9e      	subs	r6, r3, r2
10001f0e:	2300      	movs	r3, #0
10001f10:	19d2      	adds	r2, r2, r7
10001f12:	b2b6      	uxth	r6, r6
10001f14:	0052      	lsls	r2, r2, #1
10001f16:	0871      	lsrs	r1, r6, #1
10001f18:	18a2      	adds	r2, r4, r2
10001f1a:	9704      	str	r7, [sp, #16]
10001f1c:	009f      	lsls	r7, r3, #2
10001f1e:	3301      	adds	r3, #1
10001f20:	51d0      	str	r0, [r2, r7]
10001f22:	b29f      	uxth	r7, r3
10001f24:	42b9      	cmp	r1, r7
10001f26:	d8f9      	bhi.n	10001f1c <gfx_draw_char+0xd4>
10001f28:	4653      	mov	r3, sl
10001f2a:	9f04      	ldr	r7, [sp, #16]
10001f2c:	4233      	tst	r3, r6
10001f2e:	d02b      	beq.n	10001f88 <gfx_draw_char+0x140>
10001f30:	0033      	movs	r3, r6
10001f32:	4652      	mov	r2, sl
10001f34:	4393      	bics	r3, r2
10001f36:	4443      	add	r3, r8
10001f38:	b29e      	uxth	r6, r3
10001f3a:	464a      	mov	r2, r9
10001f3c:	19f3      	adds	r3, r6, r7
10001f3e:	005b      	lsls	r3, r3, #1
10001f40:	52e2      	strh	r2, [r4, r3]
10001f42:	1c73      	adds	r3, r6, #1
10001f44:	b29b      	uxth	r3, r3
10001f46:	459c      	cmp	ip, r3
10001f48:	d91e      	bls.n	10001f88 <gfx_draw_char+0x140>
10001f4a:	19db      	adds	r3, r3, r7
10001f4c:	005b      	lsls	r3, r3, #1
10001f4e:	52e2      	strh	r2, [r4, r3]
10001f50:	1cb3      	adds	r3, r6, #2
10001f52:	b29b      	uxth	r3, r3
10001f54:	459c      	cmp	ip, r3
10001f56:	d917      	bls.n	10001f88 <gfx_draw_char+0x140>
10001f58:	19db      	adds	r3, r3, r7
10001f5a:	005b      	lsls	r3, r3, #1
10001f5c:	52e2      	strh	r2, [r4, r3]
10001f5e:	1cf3      	adds	r3, r6, #3
10001f60:	b29b      	uxth	r3, r3
10001f62:	459c      	cmp	ip, r3
10001f64:	d910      	bls.n	10001f88 <gfx_draw_char+0x140>
10001f66:	19db      	adds	r3, r3, r7
10001f68:	005b      	lsls	r3, r3, #1
10001f6a:	52e2      	strh	r2, [r4, r3]
10001f6c:	1d33      	adds	r3, r6, #4
10001f6e:	b29b      	uxth	r3, r3
10001f70:	459c      	cmp	ip, r3
10001f72:	d909      	bls.n	10001f88 <gfx_draw_char+0x140>
10001f74:	19db      	adds	r3, r3, r7
10001f76:	3605      	adds	r6, #5
10001f78:	005b      	lsls	r3, r3, #1
10001f7a:	b2b6      	uxth	r6, r6
10001f7c:	52e2      	strh	r2, [r4, r3]
10001f7e:	45b4      	cmp	ip, r6
10001f80:	d902      	bls.n	10001f88 <gfx_draw_char+0x140>
10001f82:	19f6      	adds	r6, r6, r7
10001f84:	0076      	lsls	r6, r6, #1
10001f86:	53a2      	strh	r2, [r4, r6]
10001f88:	9b05      	ldr	r3, [sp, #20]
10001f8a:	3501      	adds	r5, #1
10001f8c:	4698      	mov	r8, r3
10001f8e:	9a03      	ldr	r2, [sp, #12]
10001f90:	b2ab      	uxth	r3, r5
10001f92:	4467      	add	r7, ip
10001f94:	44c3      	add	fp, r8
10001f96:	429a      	cmp	r2, r3
10001f98:	d8a5      	bhi.n	10001ee6 <gfx_draw_char+0x9e>
10001f9a:	4667      	mov	r7, ip
10001f9c:	9d0d      	ldr	r5, [sp, #52]	@ 0x34
10001f9e:	9e0c      	ldr	r6, [sp, #48]	@ 0x30
10001fa0:	0013      	movs	r3, r2
10001fa2:	4690      	mov	r8, r2
10001fa4:	0029      	movs	r1, r5
10001fa6:	003a      	movs	r2, r7
10001fa8:	0030      	movs	r0, r6
10001faa:	f7ff fcdb 	bl	10001964 <tft_set_window>
10001fae:	23d0      	movs	r3, #208	@ 0xd0
10001fb0:	2280      	movs	r2, #128	@ 0x80
10001fb2:	4645      	mov	r5, r8
10001fb4:	061b      	lsls	r3, r3, #24
10001fb6:	0152      	lsls	r2, r2, #5
10001fb8:	615a      	str	r2, [r3, #20]
10001fba:	2280      	movs	r2, #128	@ 0x80
10001fbc:	46b8      	mov	r8, r7
10001fbe:	437d      	muls	r5, r7
10001fc0:	0192      	lsls	r2, r2, #6
10001fc2:	619a      	str	r2, [r3, #24]
10001fc4:	002f      	movs	r7, r5
10001fc6:	2d40      	cmp	r5, #64	@ 0x40
10001fc8:	d900      	bls.n	10001fcc <gfx_draw_char+0x184>
10001fca:	2740      	movs	r7, #64	@ 0x40
10001fcc:	007a      	lsls	r2, r7, #1
10001fce:	0023      	movs	r3, r4
10001fd0:	a90e      	add	r1, sp, #56	@ 0x38
10001fd2:	18a4      	adds	r4, r4, r2
10001fd4:	8818      	ldrh	r0, [r3, #0]
10001fd6:	3302      	adds	r3, #2
10001fd8:	0a06      	lsrs	r6, r0, #8
10001fda:	700e      	strb	r6, [r1, #0]
10001fdc:	7048      	strb	r0, [r1, #1]
10001fde:	3102      	adds	r1, #2
10001fe0:	429c      	cmp	r4, r3
10001fe2:	d1f7      	bne.n	10001fd4 <gfx_draw_char+0x18c>
10001fe4:	4840      	ldr	r0, [pc, #256]	@ (100020e8 <gfx_draw_char+0x2a0>)
10001fe6:	a90e      	add	r1, sp, #56	@ 0x38
10001fe8:	f006 f962 	bl	100082b0 <__spi_write_blocking_veneer>
10001fec:	1bed      	subs	r5, r5, r7
10001fee:	d1e9      	bne.n	10001fc4 <gfx_draw_char+0x17c>
10001ff0:	4647      	mov	r7, r8
10001ff2:	23d0      	movs	r3, #208	@ 0xd0
10001ff4:	2280      	movs	r2, #128	@ 0x80
10001ff6:	0038      	movs	r0, r7
10001ff8:	061b      	lsls	r3, r3, #24
10001ffa:	0192      	lsls	r2, r2, #6
10001ffc:	615a      	str	r2, [r3, #20]
10001ffe:	b057      	add	sp, #348	@ 0x15c
10002000:	bcf0      	pop	{r4, r5, r6, r7}
10002002:	46bb      	mov	fp, r7
10002004:	46b2      	mov	sl, r6
10002006:	46a9      	mov	r9, r5
10002008:	46a0      	mov	r8, r4
1000200a:	bdf0      	pop	{r4, r5, r6, r7, pc}
1000200c:	2300      	movs	r3, #0
1000200e:	9a02      	ldr	r2, [sp, #8]
10002010:	4680      	mov	r8, r0
10002012:	5cd2      	ldrb	r2, [r2, r3]
10002014:	4650      	mov	r0, sl
10002016:	412a      	asrs	r2, r5
10002018:	4659      	mov	r1, fp
1000201a:	464e      	mov	r6, r9
1000201c:	4210      	tst	r0, r2
1000201e:	d10c      	bne.n	1000203a <gfx_draw_char+0x1f2>
10002020:	3301      	adds	r3, #1
10002022:	9801      	ldr	r0, [sp, #4]
10002024:	b29a      	uxth	r2, r3
10002026:	800e      	strh	r6, [r1, #0]
10002028:	4290      	cmp	r0, r2
1000202a:	d30d      	bcc.n	10002048 <gfx_draw_char+0x200>
1000202c:	9a02      	ldr	r2, [sp, #8]
1000202e:	4650      	mov	r0, sl
10002030:	5cd2      	ldrb	r2, [r2, r3]
10002032:	3102      	adds	r1, #2
10002034:	412a      	asrs	r2, r5
10002036:	4210      	tst	r0, r2
10002038:	d0f2      	beq.n	10002020 <gfx_draw_char+0x1d8>
1000203a:	9a06      	ldr	r2, [sp, #24]
1000203c:	3301      	adds	r3, #1
1000203e:	9801      	ldr	r0, [sp, #4]
10002040:	800a      	strh	r2, [r1, #0]
10002042:	b29a      	uxth	r2, r3
10002044:	4282      	cmp	r2, r0
10002046:	d9f1      	bls.n	1000202c <gfx_draw_char+0x1e4>
10002048:	9b07      	ldr	r3, [sp, #28]
1000204a:	46b1      	mov	r9, r6
1000204c:	4640      	mov	r0, r8
1000204e:	459c      	cmp	ip, r3
10002050:	d99a      	bls.n	10001f88 <gfx_draw_char+0x140>
10002052:	4651      	mov	r1, sl
10002054:	19da      	adds	r2, r3, r7
10002056:	001e      	movs	r6, r3
10002058:	0053      	lsls	r3, r2, #1
1000205a:	4698      	mov	r8, r3
1000205c:	18e3      	adds	r3, r4, r3
1000205e:	085b      	lsrs	r3, r3, #1
10002060:	400b      	ands	r3, r1
10002062:	9909      	ldr	r1, [sp, #36]	@ 0x24
10002064:	2905      	cmp	r1, #5
10002066:	d800      	bhi.n	1000206a <gfx_draw_char+0x222>
10002068:	e767      	b.n	10001f3a <gfx_draw_char+0xf2>
1000206a:	9604      	str	r6, [sp, #16]
1000206c:	2b00      	cmp	r3, #0
1000206e:	d004      	beq.n	1000207a <gfx_draw_char+0x232>
10002070:	4649      	mov	r1, r9
10002072:	4646      	mov	r6, r8
10002074:	53a1      	strh	r1, [r4, r6]
10002076:	990b      	ldr	r1, [sp, #44]	@ 0x2c
10002078:	9104      	str	r1, [sp, #16]
1000207a:	990a      	ldr	r1, [sp, #40]	@ 0x28
1000207c:	189a      	adds	r2, r3, r2
1000207e:	1ac9      	subs	r1, r1, r3
10002080:	b289      	uxth	r1, r1
10002082:	4688      	mov	r8, r1
10002084:	2300      	movs	r3, #0
10002086:	0052      	lsls	r2, r2, #1
10002088:	084e      	lsrs	r6, r1, #1
1000208a:	18a2      	adds	r2, r4, r2
1000208c:	0099      	lsls	r1, r3, #2
1000208e:	3301      	adds	r3, #1
10002090:	5050      	str	r0, [r2, r1]
10002092:	b299      	uxth	r1, r3
10002094:	428e      	cmp	r6, r1
10002096:	d8f9      	bhi.n	1000208c <gfx_draw_char+0x244>
10002098:	4653      	mov	r3, sl
1000209a:	4642      	mov	r2, r8
1000209c:	4213      	tst	r3, r2
1000209e:	d100      	bne.n	100020a2 <gfx_draw_char+0x25a>
100020a0:	e772      	b.n	10001f88 <gfx_draw_char+0x140>
100020a2:	4652      	mov	r2, sl
100020a4:	4643      	mov	r3, r8
100020a6:	4393      	bics	r3, r2
100020a8:	9a04      	ldr	r2, [sp, #16]
100020aa:	18d6      	adds	r6, r2, r3
100020ac:	b2b6      	uxth	r6, r6
100020ae:	e744      	b.n	10001f3a <gfx_draw_char+0xf2>
100020b0:	2300      	movs	r3, #0
100020b2:	4698      	mov	r8, r3
100020b4:	e729      	b.n	10001f0a <gfx_draw_char+0xc2>
100020b6:	2104      	movs	r1, #4
100020b8:	e6f4      	b.n	10001ea4 <gfx_draw_char+0x5c>
100020ba:	0011      	movs	r1, r2
100020bc:	e6db      	b.n	10001e76 <gfx_draw_char+0x2e>
100020be:	2600      	movs	r6, #0
100020c0:	e73b      	b.n	10001f3a <gfx_draw_char+0xf2>
100020c2:	2300      	movs	r3, #0
100020c4:	003a      	movs	r2, r7
100020c6:	0029      	movs	r1, r5
100020c8:	0030      	movs	r0, r6
100020ca:	f7ff fc4b 	bl	10001964 <tft_set_window>
100020ce:	23d0      	movs	r3, #208	@ 0xd0
100020d0:	2280      	movs	r2, #128	@ 0x80
100020d2:	061b      	lsls	r3, r3, #24
100020d4:	0152      	lsls	r2, r2, #5
100020d6:	615a      	str	r2, [r3, #20]
100020d8:	2280      	movs	r2, #128	@ 0x80
100020da:	0192      	lsls	r2, r2, #6
100020dc:	619a      	str	r2, [r3, #24]
100020de:	e788      	b.n	10001ff2 <gfx_draw_char+0x1aa>
100020e0:	2200      	movs	r2, #0
100020e2:	9b03      	ldr	r3, [sp, #12]
100020e4:	e7ef      	b.n	100020c6 <gfx_draw_char+0x27e>
100020e6:	46c0      	nop			@ (mov r8, r8)
100020e8:	40040000 	.word	0x40040000

100020ec <gfx_draw_str>:
100020ec:	b5f0      	push	{r4, r5, r6, r7, lr}
100020ee:	4657      	mov	r7, sl
100020f0:	464e      	mov	r6, r9
100020f2:	46de      	mov	lr, fp
100020f4:	4645      	mov	r5, r8
100020f6:	b5e0      	push	{r5, r6, r7, lr}
100020f8:	b083      	sub	sp, #12
100020fa:	001e      	movs	r6, r3
100020fc:	466b      	mov	r3, sp
100020fe:	8e1b      	ldrh	r3, [r3, #48]	@ 0x30
10002100:	0015      	movs	r5, r2
10002102:	4699      	mov	r9, r3
10002104:	466b      	mov	r3, sp
10002106:	7812      	ldrb	r2, [r2, #0]
10002108:	8e9b      	ldrh	r3, [r3, #52]	@ 0x34
1000210a:	4683      	mov	fp, r0
1000210c:	000f      	movs	r7, r1
1000210e:	469a      	mov	sl, r3
10002110:	2a00      	cmp	r2, #0
10002112:	d021      	beq.n	10002158 <gfx_draw_str+0x6c>
10002114:	23a0      	movs	r3, #160	@ 0xa0
10002116:	005b      	lsls	r3, r3, #1
10002118:	0004      	movs	r4, r0
1000211a:	4698      	mov	r8, r3
1000211c:	e00e      	b.n	1000213c <gfx_draw_str+0x50>
1000211e:	4653      	mov	r3, sl
10002120:	9301      	str	r3, [sp, #4]
10002122:	464b      	mov	r3, r9
10002124:	0020      	movs	r0, r4
10002126:	9300      	str	r3, [sp, #0]
10002128:	0039      	movs	r1, r7
1000212a:	0033      	movs	r3, r6
1000212c:	f7ff fe8c 	bl	10001e48 <gfx_draw_char>
10002130:	786a      	ldrb	r2, [r5, #1]
10002132:	1904      	adds	r4, r0, r4
10002134:	3501      	adds	r5, #1
10002136:	b2a4      	uxth	r4, r4
10002138:	2a00      	cmp	r2, #0
1000213a:	d003      	beq.n	10002144 <gfx_draw_str+0x58>
1000213c:	7833      	ldrb	r3, [r6, #0]
1000213e:	191b      	adds	r3, r3, r4
10002140:	4543      	cmp	r3, r8
10002142:	ddec      	ble.n	1000211e <gfx_draw_str+0x32>
10002144:	465b      	mov	r3, fp
10002146:	1ae0      	subs	r0, r4, r3
10002148:	b280      	uxth	r0, r0
1000214a:	b003      	add	sp, #12
1000214c:	bcf0      	pop	{r4, r5, r6, r7}
1000214e:	46bb      	mov	fp, r7
10002150:	46b2      	mov	sl, r6
10002152:	46a9      	mov	r9, r5
10002154:	46a0      	mov	r8, r4
10002156:	bdf0      	pop	{r4, r5, r6, r7, pc}
10002158:	2000      	movs	r0, #0
1000215a:	e7f6      	b.n	1000214a <gfx_draw_str+0x5e>

1000215c <gfx_draw_str_trunc>:
1000215c:	b5f0      	push	{r4, r5, r6, r7, lr}
1000215e:	4657      	mov	r7, sl
10002160:	464e      	mov	r6, r9
10002162:	4645      	mov	r5, r8
10002164:	46de      	mov	lr, fp
10002166:	b5e0      	push	{r5, r6, r7, lr}
10002168:	b085      	sub	sp, #20
1000216a:	001d      	movs	r5, r3
1000216c:	466b      	mov	r3, sp
1000216e:	8f1b      	ldrh	r3, [r3, #56]	@ 0x38
10002170:	782e      	ldrb	r6, [r5, #0]
10002172:	4699      	mov	r9, r3
10002174:	466b      	mov	r3, sp
10002176:	8f9b      	ldrh	r3, [r3, #60]	@ 0x3c
10002178:	0017      	movs	r7, r2
1000217a:	469a      	mov	sl, r3
1000217c:	7812      	ldrb	r2, [r2, #0]
1000217e:	ab10      	add	r3, sp, #64	@ 0x40
10002180:	4688      	mov	r8, r1
10002182:	8819      	ldrh	r1, [r3, #0]
10002184:	0073      	lsls	r3, r6, #1
10002186:	0004      	movs	r4, r0
10002188:	9003      	str	r0, [sp, #12]
1000218a:	18f6      	adds	r6, r6, r3
1000218c:	2a00      	cmp	r2, #0
1000218e:	d058      	beq.n	10002242 <gfx_draw_str_trunc+0xe6>
10002190:	000b      	movs	r3, r1
10002192:	4684      	mov	ip, r0
10002194:	4463      	add	r3, ip
10002196:	9302      	str	r3, [sp, #8]
10002198:	b29b      	uxth	r3, r3
1000219a:	469b      	mov	fp, r3
1000219c:	0033      	movs	r3, r6
1000219e:	465e      	mov	r6, fp
100021a0:	469b      	mov	fp, r3
100021a2:	e00e      	b.n	100021c2 <gfx_draw_str_trunc+0x66>
100021a4:	4653      	mov	r3, sl
100021a6:	9301      	str	r3, [sp, #4]
100021a8:	464b      	mov	r3, r9
100021aa:	0020      	movs	r0, r4
100021ac:	9300      	str	r3, [sp, #0]
100021ae:	4641      	mov	r1, r8
100021b0:	002b      	movs	r3, r5
100021b2:	f7ff fe49 	bl	10001e48 <gfx_draw_char>
100021b6:	787a      	ldrb	r2, [r7, #1]
100021b8:	1904      	adds	r4, r0, r4
100021ba:	3701      	adds	r7, #1
100021bc:	b2a4      	uxth	r4, r4
100021be:	2a00      	cmp	r2, #0
100021c0:	d00b      	beq.n	100021da <gfx_draw_str_trunc+0x7e>
100021c2:	1b33      	subs	r3, r6, r4
100021c4:	b29b      	uxth	r3, r3
100021c6:	459b      	cmp	fp, r3
100021c8:	d302      	bcc.n	100021d0 <gfx_draw_str_trunc+0x74>
100021ca:	787b      	ldrb	r3, [r7, #1]
100021cc:	2b00      	cmp	r3, #0
100021ce:	d10e      	bne.n	100021ee <gfx_draw_str_trunc+0x92>
100021d0:	782b      	ldrb	r3, [r5, #0]
100021d2:	9902      	ldr	r1, [sp, #8]
100021d4:	191b      	adds	r3, r3, r4
100021d6:	428b      	cmp	r3, r1
100021d8:	dde4      	ble.n	100021a4 <gfx_draw_str_trunc+0x48>
100021da:	9b03      	ldr	r3, [sp, #12]
100021dc:	1ae4      	subs	r4, r4, r3
100021de:	b2a0      	uxth	r0, r4
100021e0:	b005      	add	sp, #20
100021e2:	bcf0      	pop	{r4, r5, r6, r7}
100021e4:	46bb      	mov	fp, r7
100021e6:	46b2      	mov	sl, r6
100021e8:	46a9      	mov	r9, r5
100021ea:	46a0      	mov	r8, r4
100021ec:	bdf0      	pop	{r4, r5, r6, r7, pc}
100021ee:	4653      	mov	r3, sl
100021f0:	9301      	str	r3, [sp, #4]
100021f2:	464b      	mov	r3, r9
100021f4:	222e      	movs	r2, #46	@ 0x2e
100021f6:	4641      	mov	r1, r8
100021f8:	0020      	movs	r0, r4
100021fa:	9300      	str	r3, [sp, #0]
100021fc:	002b      	movs	r3, r5
100021fe:	f7ff fe23 	bl	10001e48 <gfx_draw_char>
10002202:	782b      	ldrb	r3, [r5, #0]
10002204:	222e      	movs	r2, #46	@ 0x2e
10002206:	18e4      	adds	r4, r4, r3
10002208:	4653      	mov	r3, sl
1000220a:	9301      	str	r3, [sp, #4]
1000220c:	464b      	mov	r3, r9
1000220e:	b2a4      	uxth	r4, r4
10002210:	4641      	mov	r1, r8
10002212:	0020      	movs	r0, r4
10002214:	9300      	str	r3, [sp, #0]
10002216:	002b      	movs	r3, r5
10002218:	f7ff fe16 	bl	10001e48 <gfx_draw_char>
1000221c:	782b      	ldrb	r3, [r5, #0]
1000221e:	222e      	movs	r2, #46	@ 0x2e
10002220:	18e4      	adds	r4, r4, r3
10002222:	4653      	mov	r3, sl
10002224:	9301      	str	r3, [sp, #4]
10002226:	464b      	mov	r3, r9
10002228:	b2a4      	uxth	r4, r4
1000222a:	0020      	movs	r0, r4
1000222c:	9300      	str	r3, [sp, #0]
1000222e:	4641      	mov	r1, r8
10002230:	002b      	movs	r3, r5
10002232:	f7ff fe09 	bl	10001e48 <gfx_draw_char>
10002236:	782b      	ldrb	r3, [r5, #0]
10002238:	9a03      	ldr	r2, [sp, #12]
1000223a:	1a9b      	subs	r3, r3, r2
1000223c:	18e4      	adds	r4, r4, r3
1000223e:	b2a0      	uxth	r0, r4
10002240:	e7ce      	b.n	100021e0 <gfx_draw_str_trunc+0x84>
10002242:	2000      	movs	r0, #0
10002244:	e7cc      	b.n	100021e0 <gfx_draw_str_trunc+0x84>
10002246:	46c0      	nop			@ (mov r8, r8)

10002248 <gfx_str_width>:
10002248:	7802      	ldrb	r2, [r0, #0]
1000224a:	0003      	movs	r3, r0
1000224c:	2a00      	cmp	r2, #0
1000224e:	d008      	beq.n	10002262 <gfx_str_width+0x1a>
10002250:	2000      	movs	r0, #0
10002252:	7809      	ldrb	r1, [r1, #0]
10002254:	785a      	ldrb	r2, [r3, #1]
10002256:	1808      	adds	r0, r1, r0
10002258:	3301      	adds	r3, #1
1000225a:	b280      	uxth	r0, r0
1000225c:	2a00      	cmp	r2, #0
1000225e:	d1f9      	bne.n	10002254 <gfx_str_width+0xc>
10002260:	4770      	bx	lr
10002262:	2000      	movs	r0, #0
10002264:	e7fc      	b.n	10002260 <gfx_str_width+0x18>
10002266:	46c0      	nop			@ (mov r8, r8)

10002268 <gfx_draw_str_right>:
10002268:	b5f0      	push	{r4, r5, r6, r7, lr}
1000226a:	464e      	mov	r6, r9
1000226c:	4657      	mov	r7, sl
1000226e:	4645      	mov	r5, r8
10002270:	46de      	mov	lr, fp
10002272:	b5e0      	push	{r5, r6, r7, lr}
10002274:	b085      	sub	sp, #20
10002276:	001e      	movs	r6, r3
10002278:	466b      	mov	r3, sp
1000227a:	8f1b      	ldrh	r3, [r3, #56]	@ 0x38
1000227c:	0015      	movs	r5, r2
1000227e:	4699      	mov	r9, r3
10002280:	466b      	mov	r3, sp
10002282:	7812      	ldrb	r2, [r2, #0]
10002284:	8f9b      	ldrh	r3, [r3, #60]	@ 0x3c
10002286:	4684      	mov	ip, r0
10002288:	469a      	mov	sl, r3
1000228a:	9103      	str	r1, [sp, #12]
1000228c:	2a00      	cmp	r2, #0
1000228e:	d034      	beq.n	100022fa <gfx_draw_str_right+0x92>
10002290:	7833      	ldrb	r3, [r6, #0]
10002292:	002c      	movs	r4, r5
10002294:	0018      	movs	r0, r3
10002296:	2100      	movs	r1, #0
10002298:	7867      	ldrb	r7, [r4, #1]
1000229a:	1841      	adds	r1, r0, r1
1000229c:	3401      	adds	r4, #1
1000229e:	b289      	uxth	r1, r1
100022a0:	2f00      	cmp	r7, #0
100022a2:	d1f9      	bne.n	10002298 <gfx_draw_str_right+0x30>
100022a4:	2000      	movs	r0, #0
100022a6:	4683      	mov	fp, r0
100022a8:	458c      	cmp	ip, r1
100022aa:	d821      	bhi.n	100022f0 <gfx_draw_str_right+0x88>
100022ac:	21a0      	movs	r1, #160	@ 0xa0
100022ae:	0049      	lsls	r1, r1, #1
100022b0:	465c      	mov	r4, fp
100022b2:	4688      	mov	r8, r1
100022b4:	e00f      	b.n	100022d6 <gfx_draw_str_right+0x6e>
100022b6:	4653      	mov	r3, sl
100022b8:	9301      	str	r3, [sp, #4]
100022ba:	464b      	mov	r3, r9
100022bc:	0020      	movs	r0, r4
100022be:	9300      	str	r3, [sp, #0]
100022c0:	9903      	ldr	r1, [sp, #12]
100022c2:	0033      	movs	r3, r6
100022c4:	f7ff fdc0 	bl	10001e48 <gfx_draw_char>
100022c8:	786a      	ldrb	r2, [r5, #1]
100022ca:	1904      	adds	r4, r0, r4
100022cc:	3501      	adds	r5, #1
100022ce:	b2a4      	uxth	r4, r4
100022d0:	2a00      	cmp	r2, #0
100022d2:	d003      	beq.n	100022dc <gfx_draw_str_right+0x74>
100022d4:	7833      	ldrb	r3, [r6, #0]
100022d6:	191b      	adds	r3, r3, r4
100022d8:	4543      	cmp	r3, r8
100022da:	ddec      	ble.n	100022b6 <gfx_draw_str_right+0x4e>
100022dc:	465b      	mov	r3, fp
100022de:	1ae4      	subs	r4, r4, r3
100022e0:	b2a0      	uxth	r0, r4
100022e2:	b005      	add	sp, #20
100022e4:	bcf0      	pop	{r4, r5, r6, r7}
100022e6:	46bb      	mov	fp, r7
100022e8:	46b2      	mov	sl, r6
100022ea:	46a9      	mov	r9, r5
100022ec:	46a0      	mov	r8, r4
100022ee:	bdf0      	pop	{r4, r5, r6, r7, pc}
100022f0:	4660      	mov	r0, ip
100022f2:	1a40      	subs	r0, r0, r1
100022f4:	b281      	uxth	r1, r0
100022f6:	468b      	mov	fp, r1
100022f8:	e7d8      	b.n	100022ac <gfx_draw_str_right+0x44>
100022fa:	2000      	movs	r0, #0
100022fc:	e7f1      	b.n	100022e2 <gfx_draw_str_right+0x7a>
100022fe:	46c0      	nop			@ (mov r8, r8)

10002300 <gfx_draw_icon>:
10002300:	b5f0      	push	{r4, r5, r6, r7, lr}
10002302:	464e      	mov	r6, r9
10002304:	4645      	mov	r5, r8
10002306:	46de      	mov	lr, fp
10002308:	4657      	mov	r7, sl
1000230a:	b5e0      	push	{r5, r6, r7, lr}
1000230c:	0015      	movs	r5, r2
1000230e:	2208      	movs	r2, #8
10002310:	b0c1      	sub	sp, #260	@ 0x104
10002312:	4694      	mov	ip, r2
10002314:	4688      	mov	r8, r1
10002316:	a94a      	add	r1, sp, #296	@ 0x128
10002318:	880e      	ldrh	r6, [r1, #0]
1000231a:	4681      	mov	r9, r0
1000231c:	466c      	mov	r4, sp
1000231e:	4669      	mov	r1, sp
10002320:	44ac      	add	ip, r5
10002322:	3a07      	subs	r2, #7
10002324:	7828      	ldrb	r0, [r5, #0]
10002326:	469b      	mov	fp, r3
10002328:	11c7      	asrs	r7, r0, #7
1000232a:	d100      	bne.n	1000232e <gfx_draw_icon+0x2e>
1000232c:	46b3      	mov	fp, r6
1000232e:	465f      	mov	r7, fp
10002330:	800f      	strh	r7, [r1, #0]
10002332:	1187      	asrs	r7, r0, #6
10002334:	469a      	mov	sl, r3
10002336:	423a      	tst	r2, r7
10002338:	d100      	bne.n	1000233c <gfx_draw_icon+0x3c>
1000233a:	46b2      	mov	sl, r6
1000233c:	4657      	mov	r7, sl
1000233e:	804f      	strh	r7, [r1, #2]
10002340:	1147      	asrs	r7, r0, #5
10002342:	469a      	mov	sl, r3
10002344:	423a      	tst	r2, r7
10002346:	d100      	bne.n	1000234a <gfx_draw_icon+0x4a>
10002348:	46b2      	mov	sl, r6
1000234a:	4657      	mov	r7, sl
1000234c:	808f      	strh	r7, [r1, #4]
1000234e:	1107      	asrs	r7, r0, #4
10002350:	469a      	mov	sl, r3
10002352:	423a      	tst	r2, r7
10002354:	d100      	bne.n	10002358 <gfx_draw_icon+0x58>
10002356:	46b2      	mov	sl, r6
10002358:	4657      	mov	r7, sl
1000235a:	80cf      	strh	r7, [r1, #6]
1000235c:	10c7      	asrs	r7, r0, #3
1000235e:	469a      	mov	sl, r3
10002360:	423a      	tst	r2, r7
10002362:	d100      	bne.n	10002366 <gfx_draw_icon+0x66>
10002364:	46b2      	mov	sl, r6
10002366:	4657      	mov	r7, sl
10002368:	810f      	strh	r7, [r1, #8]
1000236a:	1087      	asrs	r7, r0, #2
1000236c:	469a      	mov	sl, r3
1000236e:	423a      	tst	r2, r7
10002370:	d100      	bne.n	10002374 <gfx_draw_icon+0x74>
10002372:	46b2      	mov	sl, r6
10002374:	4657      	mov	r7, sl
10002376:	814f      	strh	r7, [r1, #10]
10002378:	1047      	asrs	r7, r0, #1
1000237a:	469a      	mov	sl, r3
1000237c:	423a      	tst	r2, r7
1000237e:	d100      	bne.n	10002382 <gfx_draw_icon+0x82>
10002380:	46b2      	mov	sl, r6
10002382:	4657      	mov	r7, sl
10002384:	818f      	strh	r7, [r1, #12]
10002386:	4202      	tst	r2, r0
10002388:	d12d      	bne.n	100023e6 <gfx_draw_icon+0xe6>
1000238a:	3501      	adds	r5, #1
1000238c:	81ce      	strh	r6, [r1, #14]
1000238e:	3110      	adds	r1, #16
10002390:	4565      	cmp	r5, ip
10002392:	d1c7      	bne.n	10002324 <gfx_draw_icon+0x24>
10002394:	2308      	movs	r3, #8
10002396:	2208      	movs	r2, #8
10002398:	4641      	mov	r1, r8
1000239a:	4648      	mov	r0, r9
1000239c:	f7ff fae2 	bl	10001964 <tft_set_window>
100023a0:	23d0      	movs	r3, #208	@ 0xd0
100023a2:	2280      	movs	r2, #128	@ 0x80
100023a4:	061b      	lsls	r3, r3, #24
100023a6:	0152      	lsls	r2, r2, #5
100023a8:	615a      	str	r2, [r3, #20]
100023aa:	2280      	movs	r2, #128	@ 0x80
100023ac:	0192      	lsls	r2, r2, #6
100023ae:	619a      	str	r2, [r3, #24]
100023b0:	ab20      	add	r3, sp, #128	@ 0x80
100023b2:	8822      	ldrh	r2, [r4, #0]
100023b4:	3402      	adds	r4, #2
100023b6:	0a11      	lsrs	r1, r2, #8
100023b8:	705a      	strb	r2, [r3, #1]
100023ba:	7019      	strb	r1, [r3, #0]
100023bc:	aa40      	add	r2, sp, #256	@ 0x100
100023be:	3302      	adds	r3, #2
100023c0:	4293      	cmp	r3, r2
100023c2:	d1f6      	bne.n	100023b2 <gfx_draw_icon+0xb2>
100023c4:	2280      	movs	r2, #128	@ 0x80
100023c6:	a920      	add	r1, sp, #128	@ 0x80
100023c8:	480a      	ldr	r0, [pc, #40]	@ (100023f4 <gfx_draw_icon+0xf4>)
100023ca:	f005 ff71 	bl	100082b0 <__spi_write_blocking_veneer>
100023ce:	23d0      	movs	r3, #208	@ 0xd0
100023d0:	2280      	movs	r2, #128	@ 0x80
100023d2:	061b      	lsls	r3, r3, #24
100023d4:	0192      	lsls	r2, r2, #6
100023d6:	615a      	str	r2, [r3, #20]
100023d8:	b041      	add	sp, #260	@ 0x104
100023da:	bcf0      	pop	{r4, r5, r6, r7}
100023dc:	46bb      	mov	fp, r7
100023de:	46b2      	mov	sl, r6
100023e0:	46a9      	mov	r9, r5
100023e2:	46a0      	mov	r8, r4
100023e4:	bdf0      	pop	{r4, r5, r6, r7, pc}
100023e6:	3501      	adds	r5, #1
100023e8:	81cb      	strh	r3, [r1, #14]
100023ea:	3110      	adds	r1, #16
100023ec:	4565      	cmp	r5, ip
100023ee:	d199      	bne.n	10002324 <gfx_draw_icon+0x24>
100023f0:	e7d0      	b.n	10002394 <gfx_draw_icon+0x94>
100023f2:	46c0      	nop			@ (mov r8, r8)
100023f4:	40040000 	.word	0x40040000

100023f8 <ui_menu_init>:
100023f8:	b510      	push	{r4, lr}
100023fa:	2100      	movs	r1, #0
100023fc:	4a03      	ldr	r2, [pc, #12]	@ (1000240c <ui_menu_init+0x14>)
100023fe:	0004      	movs	r4, r0
10002400:	f005 f98c 	bl	1000771c <__wrap_memset>
10002404:	2201      	movs	r2, #1
10002406:	4b02      	ldr	r3, [pc, #8]	@ (10002410 <ui_menu_init+0x18>)
10002408:	54e2      	strb	r2, [r4, r3]
1000240a:	bd10      	pop	{r4, pc}
1000240c:	00000464 	.word	0x00000464
10002410:	00000463 	.word	0x00000463

10002414 <ui_menu_add>:
10002414:	b5f8      	push	{r3, r4, r5, r6, r7, lr}
10002416:	4647      	mov	r7, r8
10002418:	46ce      	mov	lr, r9
1000241a:	b580      	push	{r7, lr}
1000241c:	001e      	movs	r6, r3
1000241e:	ab08      	add	r3, sp, #32
10002420:	781b      	ldrb	r3, [r3, #0]
10002422:	0004      	movs	r4, r0
10002424:	4699      	mov	r9, r3
10002426:	238c      	movs	r3, #140	@ 0x8c
10002428:	00db      	lsls	r3, r3, #3
1000242a:	4698      	mov	r8, r3
1000242c:	5cc3      	ldrb	r3, [r0, r3]
1000242e:	0017      	movs	r7, r2
10002430:	2b1f      	cmp	r3, #31
10002432:	d819      	bhi.n	10002468 <ui_menu_add+0x54>
10002434:	009a      	lsls	r2, r3, #2
10002436:	18d3      	adds	r3, r2, r3
10002438:	00dd      	lsls	r5, r3, #3
1000243a:	1aed      	subs	r5, r5, r3
1000243c:	1945      	adds	r5, r0, r5
1000243e:	221f      	movs	r2, #31
10002440:	0028      	movs	r0, r5
10002442:	f005 fead 	bl	100081a0 <strncpy>
10002446:	2300      	movs	r3, #0
10002448:	77eb      	strb	r3, [r5, #31]
1000244a:	002b      	movs	r3, r5
1000244c:	3320      	adds	r3, #32
1000244e:	701f      	strb	r7, [r3, #0]
10002450:	705e      	strb	r6, [r3, #1]
10002452:	464b      	mov	r3, r9
10002454:	3522      	adds	r5, #34	@ 0x22
10002456:	702b      	strb	r3, [r5, #0]
10002458:	4643      	mov	r3, r8
1000245a:	4642      	mov	r2, r8
1000245c:	5ce3      	ldrb	r3, [r4, r3]
1000245e:	3301      	adds	r3, #1
10002460:	54a3      	strb	r3, [r4, r2]
10002462:	2201      	movs	r2, #1
10002464:	4b02      	ldr	r3, [pc, #8]	@ (10002470 <ui_menu_add+0x5c>)
10002466:	54e2      	strb	r2, [r4, r3]
10002468:	bcc0      	pop	{r6, r7}
1000246a:	46b9      	mov	r9, r7
1000246c:	46b0      	mov	r8, r6
1000246e:	bdf8      	pop	{r3, r4, r5, r6, r7, pc}
10002470:	00000463 	.word	0x00000463

10002474 <ui_menu_clear>:
10002474:	228c      	movs	r2, #140	@ 0x8c
10002476:	2300      	movs	r3, #0
10002478:	00d2      	lsls	r2, r2, #3
1000247a:	5483      	strb	r3, [r0, r2]
1000247c:	4a03      	ldr	r2, [pc, #12]	@ (1000248c <ui_menu_clear+0x18>)
1000247e:	5483      	strb	r3, [r0, r2]
10002480:	4a03      	ldr	r2, [pc, #12]	@ (10002490 <ui_menu_clear+0x1c>)
10002482:	5483      	strb	r3, [r0, r2]
10002484:	2201      	movs	r2, #1
10002486:	4b03      	ldr	r3, [pc, #12]	@ (10002494 <ui_menu_clear+0x20>)
10002488:	54c2      	strb	r2, [r0, r3]
1000248a:	4770      	bx	lr
1000248c:	00000461 	.word	0x00000461
10002490:	00000462 	.word	0x00000462
10002494:	00000463 	.word	0x00000463

10002498 <ui_menu_draw>:
10002498:	b5f0      	push	{r4, r5, r6, r7, lr}
1000249a:	4657      	mov	r7, sl
1000249c:	46de      	mov	lr, fp
1000249e:	464e      	mov	r6, r9
100024a0:	4645      	mov	r5, r8
100024a2:	b5e0      	push	{r5, r6, r7, lr}
100024a4:	4b87      	ldr	r3, [pc, #540]	@ (100026c4 <ui_menu_draw+0x22c>)
100024a6:	0007      	movs	r7, r0
100024a8:	5cc3      	ldrb	r3, [r0, r3]
100024aa:	b089      	sub	sp, #36	@ 0x24
100024ac:	2b00      	cmp	r3, #0
100024ae:	d106      	bne.n	100024be <ui_menu_draw+0x26>
100024b0:	b009      	add	sp, #36	@ 0x24
100024b2:	bcf0      	pop	{r4, r5, r6, r7}
100024b4:	46bb      	mov	fp, r7
100024b6:	46b2      	mov	sl, r6
100024b8:	46a9      	mov	r9, r5
100024ba:	46a0      	mov	r8, r4
100024bc:	bdf0      	pop	{r4, r5, r6, r7, pc}
100024be:	2300      	movs	r3, #0
100024c0:	22a0      	movs	r2, #160	@ 0xa0
100024c2:	2000      	movs	r0, #0
100024c4:	9300      	str	r3, [sp, #0]
100024c6:	0052      	lsls	r2, r2, #1
100024c8:	33d0      	adds	r3, #208	@ 0xd0
100024ca:	2110      	movs	r1, #16
100024cc:	f7ff fc1c 	bl	10001d08 <gfx_fill_rect>
100024d0:	238c      	movs	r3, #140	@ 0x8c
100024d2:	00db      	lsls	r3, r3, #3
100024d4:	5cfa      	ldrb	r2, [r7, r3]
100024d6:	4b7c      	ldr	r3, [pc, #496]	@ (100026c8 <ui_menu_draw+0x230>)
100024d8:	5cfc      	ldrb	r4, [r7, r3]
100024da:	1b13      	subs	r3, r2, r4
100024dc:	1c18      	adds	r0, r3, #0
100024de:	b2db      	uxtb	r3, r3
100024e0:	2b0a      	cmp	r3, #10
100024e2:	d900      	bls.n	100024e6 <ui_menu_draw+0x4e>
100024e4:	200a      	movs	r0, #10
100024e6:	b2c0      	uxtb	r0, r0
100024e8:	42a2      	cmp	r2, r4
100024ea:	d100      	bne.n	100024ee <ui_menu_draw+0x56>
100024ec:	e0bf      	b.n	1000266e <ui_menu_draw+0x1d6>
100024ee:	1e43      	subs	r3, r0, #1
100024f0:	9304      	str	r3, [sp, #16]
100024f2:	2300      	movs	r3, #0
100024f4:	4699      	mov	r9, r3
100024f6:	4b75      	ldr	r3, [pc, #468]	@ (100026cc <ui_menu_draw+0x234>)
100024f8:	2616      	movs	r6, #22
100024fa:	9305      	str	r3, [sp, #20]
100024fc:	4b74      	ldr	r3, [pc, #464]	@ (100026d0 <ui_menu_draw+0x238>)
100024fe:	46ba      	mov	sl, r7
10002500:	9307      	str	r3, [sp, #28]
10002502:	9006      	str	r0, [sp, #24]
10002504:	e06b      	b.n	100025de <ui_menu_draw+0x146>
10002506:	2f00      	cmp	r7, #0
10002508:	d000      	beq.n	1000250c <ui_menu_draw+0x74>
1000250a:	e094      	b.n	10002636 <ui_menu_draw+0x19e>
1000250c:	22a0      	movs	r2, #160	@ 0xa0
1000250e:	2314      	movs	r3, #20
10002510:	9700      	str	r7, [sp, #0]
10002512:	2000      	movs	r0, #0
10002514:	0052      	lsls	r2, r2, #1
10002516:	f7ff fbf7 	bl	10001d08 <gfx_fill_rect>
1000251a:	2300      	movs	r3, #0
1000251c:	469b      	mov	fp, r3
1000251e:	4f6d      	ldr	r7, [pc, #436]	@ (100026d4 <ui_menu_draw+0x23c>)
10002520:	192a      	adds	r2, r5, r4
10002522:	00d3      	lsls	r3, r2, #3
10002524:	1a9b      	subs	r3, r3, r2
10002526:	4453      	add	r3, sl
10002528:	001a      	movs	r2, r3
1000252a:	3220      	adds	r2, #32
1000252c:	7812      	ldrb	r2, [r2, #0]
1000252e:	2a08      	cmp	r2, #8
10002530:	d819      	bhi.n	10002566 <ui_menu_draw+0xce>
10002532:	9907      	ldr	r1, [sp, #28]
10002534:	0092      	lsls	r2, r2, #2
10002536:	5852      	ldr	r2, [r2, r1]
10002538:	2a00      	cmp	r2, #0
1000253a:	d014      	beq.n	10002566 <ui_menu_draw+0xce>
1000253c:	3321      	adds	r3, #33	@ 0x21
1000253e:	781b      	ldrb	r3, [r3, #0]
10002540:	2b00      	cmp	r3, #0
10002542:	d000      	beq.n	10002546 <ui_menu_draw+0xae>
10002544:	e08d      	b.n	10002662 <ui_menu_draw+0x1ca>
10002546:	4643      	mov	r3, r8
10002548:	1b1b      	subs	r3, r3, r4
1000254a:	1e59      	subs	r1, r3, #1
1000254c:	418b      	sbcs	r3, r1
1000254e:	4962      	ldr	r1, [pc, #392]	@ (100026d8 <ui_menu_draw+0x240>)
10002550:	425b      	negs	r3, r3
10002552:	400b      	ands	r3, r1
10002554:	4961      	ldr	r1, [pc, #388]	@ (100026dc <ui_menu_draw+0x244>)
10002556:	468c      	mov	ip, r1
10002558:	4463      	add	r3, ip
1000255a:	4659      	mov	r1, fp
1000255c:	2006      	movs	r0, #6
1000255e:	9100      	str	r1, [sp, #0]
10002560:	0031      	movs	r1, r6
10002562:	f7ff fecd 	bl	10002300 <gfx_draw_icon>
10002566:	192b      	adds	r3, r5, r4
10002568:	00dd      	lsls	r5, r3, #3
1000256a:	1aed      	subs	r5, r5, r3
1000256c:	2391      	movs	r3, #145	@ 0x91
1000256e:	005b      	lsls	r3, r3, #1
10002570:	9302      	str	r3, [sp, #8]
10002572:	465b      	mov	r3, fp
10002574:	4455      	add	r5, sl
10002576:	1e71      	subs	r1, r6, #1
10002578:	9301      	str	r3, [sp, #4]
1000257a:	002a      	movs	r2, r5
1000257c:	9b05      	ldr	r3, [sp, #20]
1000257e:	2012      	movs	r0, #18
10002580:	b289      	uxth	r1, r1
10002582:	9700      	str	r7, [sp, #0]
10002584:	f7ff fdea 	bl	1000215c <gfx_draw_str_trunc>
10002588:	002b      	movs	r3, r5
1000258a:	3322      	adds	r3, #34	@ 0x22
1000258c:	781b      	ldrb	r3, [r3, #0]
1000258e:	2b00      	cmp	r3, #0
10002590:	d015      	beq.n	100025be <ui_menu_draw+0x126>
10002592:	3521      	adds	r5, #33	@ 0x21
10002594:	782b      	ldrb	r3, [r5, #0]
10002596:	2b00      	cmp	r3, #0
10002598:	d111      	bne.n	100025be <ui_menu_draw+0x126>
1000259a:	4643      	mov	r3, r8
1000259c:	1b1b      	subs	r3, r3, r4
1000259e:	1e5a      	subs	r2, r3, #1
100025a0:	4193      	sbcs	r3, r2
100025a2:	4a4f      	ldr	r2, [pc, #316]	@ (100026e0 <ui_menu_draw+0x248>)
100025a4:	425b      	negs	r3, r3
100025a6:	4013      	ands	r3, r2
100025a8:	4a4c      	ldr	r2, [pc, #304]	@ (100026dc <ui_menu_draw+0x244>)
100025aa:	4659      	mov	r1, fp
100025ac:	4694      	mov	ip, r2
100025ae:	209a      	movs	r0, #154	@ 0x9a
100025b0:	9100      	str	r1, [sp, #0]
100025b2:	4a4c      	ldr	r2, [pc, #304]	@ (100026e4 <ui_menu_draw+0x24c>)
100025b4:	0031      	movs	r1, r6
100025b6:	4463      	add	r3, ip
100025b8:	0040      	lsls	r0, r0, #1
100025ba:	f7ff fea1 	bl	10002300 <gfx_draw_icon>
100025be:	9b04      	ldr	r3, [sp, #16]
100025c0:	454b      	cmp	r3, r9
100025c2:	dc44      	bgt.n	1000264e <ui_menu_draw+0x1b6>
100025c4:	2301      	movs	r3, #1
100025c6:	469c      	mov	ip, r3
100025c8:	44e1      	add	r9, ip
100025ca:	464b      	mov	r3, r9
100025cc:	9a06      	ldr	r2, [sp, #24]
100025ce:	3614      	adds	r6, #20
100025d0:	b2db      	uxtb	r3, r3
100025d2:	b2b6      	uxth	r6, r6
100025d4:	429a      	cmp	r2, r3
100025d6:	d946      	bls.n	10002666 <ui_menu_draw+0x1ce>
100025d8:	4652      	mov	r2, sl
100025da:	4b3b      	ldr	r3, [pc, #236]	@ (100026c8 <ui_menu_draw+0x230>)
100025dc:	5cd4      	ldrb	r4, [r2, r3]
100025de:	4652      	mov	r2, sl
100025e0:	4b41      	ldr	r3, [pc, #260]	@ (100026e8 <ui_menu_draw+0x250>)
100025e2:	444c      	add	r4, r9
100025e4:	5cd3      	ldrb	r3, [r2, r3]
100025e6:	b2e4      	uxtb	r4, r4
100025e8:	4698      	mov	r8, r3
100025ea:	00a5      	lsls	r5, r4, #2
100025ec:	192a      	adds	r2, r5, r4
100025ee:	00d3      	lsls	r3, r2, #3
100025f0:	1a9b      	subs	r3, r3, r2
100025f2:	4453      	add	r3, sl
100025f4:	1fb1      	subs	r1, r6, #6
100025f6:	3321      	adds	r3, #33	@ 0x21
100025f8:	781f      	ldrb	r7, [r3, #0]
100025fa:	b289      	uxth	r1, r1
100025fc:	45a0      	cmp	r8, r4
100025fe:	d182      	bne.n	10002506 <ui_menu_draw+0x6e>
10002600:	1e7b      	subs	r3, r7, #1
10002602:	419f      	sbcs	r7, r3
10002604:	4b39      	ldr	r3, [pc, #228]	@ (100026ec <ui_menu_draw+0x254>)
10002606:	427f      	negs	r7, r7
10002608:	401f      	ands	r7, r3
1000260a:	4b34      	ldr	r3, [pc, #208]	@ (100026dc <ui_menu_draw+0x244>)
1000260c:	22a0      	movs	r2, #160	@ 0xa0
1000260e:	469c      	mov	ip, r3
10002610:	4b37      	ldr	r3, [pc, #220]	@ (100026f0 <ui_menu_draw+0x258>)
10002612:	2000      	movs	r0, #0
10002614:	9300      	str	r3, [sp, #0]
10002616:	469b      	mov	fp, r3
10002618:	0052      	lsls	r2, r2, #1
1000261a:	2314      	movs	r3, #20
1000261c:	4467      	add	r7, ip
1000261e:	f7ff fb73 	bl	10001d08 <gfx_fill_rect>
10002622:	4b2e      	ldr	r3, [pc, #184]	@ (100026dc <ui_menu_draw+0x244>)
10002624:	1f31      	subs	r1, r6, #4
10002626:	9300      	str	r3, [sp, #0]
10002628:	2202      	movs	r2, #2
1000262a:	2310      	movs	r3, #16
1000262c:	2000      	movs	r0, #0
1000262e:	b289      	uxth	r1, r1
10002630:	f7ff fb6a 	bl	10001d08 <gfx_fill_rect>
10002634:	e774      	b.n	10002520 <ui_menu_draw+0x88>
10002636:	2300      	movs	r3, #0
10002638:	22a0      	movs	r2, #160	@ 0xa0
1000263a:	9300      	str	r3, [sp, #0]
1000263c:	2000      	movs	r0, #0
1000263e:	3314      	adds	r3, #20
10002640:	0052      	lsls	r2, r2, #1
10002642:	f7ff fb61 	bl	10001d08 <gfx_fill_rect>
10002646:	2300      	movs	r3, #0
10002648:	4f2a      	ldr	r7, [pc, #168]	@ (100026f4 <ui_menu_draw+0x25c>)
1000264a:	469b      	mov	fp, r3
1000264c:	e768      	b.n	10002520 <ui_menu_draw+0x88>
1000264e:	0031      	movs	r1, r6
10002650:	2297      	movs	r2, #151	@ 0x97
10002652:	310d      	adds	r1, #13
10002654:	200e      	movs	r0, #14
10002656:	4b28      	ldr	r3, [pc, #160]	@ (100026f8 <ui_menu_draw+0x260>)
10002658:	b289      	uxth	r1, r1
1000265a:	0052      	lsls	r2, r2, #1
1000265c:	f7ff fbb2 	bl	10001dc4 <gfx_hline>
10002660:	e7b0      	b.n	100025c4 <ui_menu_draw+0x12c>
10002662:	4b24      	ldr	r3, [pc, #144]	@ (100026f4 <ui_menu_draw+0x25c>)
10002664:	e779      	b.n	1000255a <ui_menu_draw+0xc2>
10002666:	238c      	movs	r3, #140	@ 0x8c
10002668:	4657      	mov	r7, sl
1000266a:	00db      	lsls	r3, r3, #3
1000266c:	5cfc      	ldrb	r4, [r7, r3]
1000266e:	2c0a      	cmp	r4, #10
10002670:	d803      	bhi.n	1000267a <ui_menu_draw+0x1e2>
10002672:	2200      	movs	r2, #0
10002674:	4b13      	ldr	r3, [pc, #76]	@ (100026c4 <ui_menu_draw+0x22c>)
10002676:	54fa      	strb	r2, [r7, r3]
10002678:	e71a      	b.n	100024b0 <ui_menu_draw+0x18>
1000267a:	2082      	movs	r0, #130	@ 0x82
1000267c:	0021      	movs	r1, r4
1000267e:	0100      	lsls	r0, r0, #4
10002680:	f004 f948 	bl	10006914 <__wrap___aeabi_idiv>
10002684:	23d0      	movs	r3, #208	@ 0xd0
10002686:	0021      	movs	r1, r4
10002688:	4a0f      	ldr	r2, [pc, #60]	@ (100026c8 <ui_menu_draw+0x230>)
1000268a:	1a1b      	subs	r3, r3, r0
1000268c:	0005      	movs	r5, r0
1000268e:	5cb8      	ldrb	r0, [r7, r2]
10002690:	390a      	subs	r1, #10
10002692:	4358      	muls	r0, r3
10002694:	f004 f93e 	bl	10006914 <__wrap___aeabi_idiv>
10002698:	3010      	adds	r0, #16
1000269a:	b284      	uxth	r4, r0
1000269c:	209f      	movs	r0, #159	@ 0x9f
1000269e:	4b16      	ldr	r3, [pc, #88]	@ (100026f8 <ui_menu_draw+0x260>)
100026a0:	2202      	movs	r2, #2
100026a2:	9300      	str	r3, [sp, #0]
100026a4:	2110      	movs	r1, #16
100026a6:	23d0      	movs	r3, #208	@ 0xd0
100026a8:	0040      	lsls	r0, r0, #1
100026aa:	f7ff fb2d 	bl	10001d08 <gfx_fill_rect>
100026ae:	209f      	movs	r0, #159	@ 0x9f
100026b0:	4a12      	ldr	r2, [pc, #72]	@ (100026fc <ui_menu_draw+0x264>)
100026b2:	0021      	movs	r1, r4
100026b4:	9200      	str	r2, [sp, #0]
100026b6:	b2ab      	uxth	r3, r5
100026b8:	2202      	movs	r2, #2
100026ba:	0040      	lsls	r0, r0, #1
100026bc:	f7ff fb24 	bl	10001d08 <gfx_fill_rect>
100026c0:	e7d7      	b.n	10002672 <ui_menu_draw+0x1da>
100026c2:	46c0      	nop			@ (mov r8, r8)
100026c4:	00000463 	.word	0x00000463
100026c8:	00000462 	.word	0x00000462
100026cc:	1000855c 	.word	0x1000855c
100026d0:	10008748 	.word	0x10008748
100026d4:	0000defb 	.word	0x0000defb
100026d8:	00008b60 	.word	0x00008b60
100026dc:	00002c9f 	.word	0x00002c9f
100026e0:	00005fb2 	.word	0x00005fb2
100026e4:	1000876c 	.word	0x1000876c
100026e8:	00000461 	.word	0x00000461
100026ec:	00001daa 	.word	0x00001daa
100026f0:	00000926 	.word	0x00000926
100026f4:	00004a49 	.word	0x00004a49
100026f8:	00002104 	.word	0x00002104
100026fc:	00008c51 	.word	0x00008c51

10002700 <ui_status_bar_init>:
10002700:	b510      	push	{r4, lr}
10002702:	0004      	movs	r4, r0
10002704:	2208      	movs	r2, #8
10002706:	2100      	movs	r1, #0
10002708:	3018      	adds	r0, #24
1000270a:	f005 f807 	bl	1000771c <__wrap_memset>
1000270e:	2218      	movs	r2, #24
10002710:	0020      	movs	r0, r4
10002712:	4903      	ldr	r1, [pc, #12]	@ (10002720 <ui_status_bar_init+0x20>)
10002714:	f005 fd44 	bl	100081a0 <strncpy>
10002718:	2301      	movs	r3, #1
1000271a:	77e3      	strb	r3, [r4, #31]
1000271c:	bd10      	pop	{r4, pc}
1000271e:	46c0      	nop			@ (mov r8, r8)
10002720:	10008360 	.word	0x10008360

10002724 <ui_status_bar_draw>:
10002724:	b5f0      	push	{r4, r5, r6, r7, lr}
10002726:	7fc3      	ldrb	r3, [r0, #31]
10002728:	0004      	movs	r4, r0
1000272a:	b085      	sub	sp, #20
1000272c:	2b00      	cmp	r3, #0
1000272e:	d101      	bne.n	10002734 <ui_status_bar_draw+0x10>
10002730:	b005      	add	sp, #20
10002732:	bdf0      	pop	{r4, r5, r6, r7, pc}
10002734:	22a0      	movs	r2, #160	@ 0xa0
10002736:	4d5b      	ldr	r5, [pc, #364]	@ (100028a4 <ui_status_bar_draw+0x180>)
10002738:	2310      	movs	r3, #16
1000273a:	2100      	movs	r1, #0
1000273c:	2000      	movs	r0, #0
1000273e:	0052      	lsls	r2, r2, #1
10002740:	9500      	str	r5, [sp, #0]
10002742:	f7ff fae1 	bl	10001d08 <gfx_fill_rect>
10002746:	4f58      	ldr	r7, [pc, #352]	@ (100028a8 <ui_status_bar_draw+0x184>)
10002748:	4b58      	ldr	r3, [pc, #352]	@ (100028ac <ui_status_bar_draw+0x188>)
1000274a:	0022      	movs	r2, r4
1000274c:	2104      	movs	r1, #4
1000274e:	9300      	str	r3, [sp, #0]
10002750:	2004      	movs	r0, #4
10002752:	003b      	movs	r3, r7
10002754:	9501      	str	r5, [sp, #4]
10002756:	f7ff fcc9 	bl	100020ec <gfx_draw_str>
1000275a:	7e23      	ldrb	r3, [r4, #24]
1000275c:	4a54      	ldr	r2, [pc, #336]	@ (100028b0 <ui_status_bar_draw+0x18c>)
1000275e:	2108      	movs	r1, #8
10002760:	a802      	add	r0, sp, #8
10002762:	f004 f871 	bl	10006848 <__wrap_snprintf>
10002766:	0039      	movs	r1, r7
10002768:	a802      	add	r0, sp, #8
1000276a:	f7ff fd6d 	bl	10002248 <gfx_str_width>
1000276e:	239e      	movs	r3, #158	@ 0x9e
10002770:	7e22      	ldrb	r2, [r4, #24]
10002772:	005b      	lsls	r3, r3, #1
10002774:	1a1b      	subs	r3, r3, r0
10002776:	0006      	movs	r6, r0
10002778:	b298      	uxth	r0, r3
1000277a:	2a13      	cmp	r2, #19
1000277c:	d92f      	bls.n	100027de <ui_status_bar_draw+0xba>
1000277e:	2331      	movs	r3, #49	@ 0x31
10002780:	4293      	cmp	r3, r2
10002782:	419b      	sbcs	r3, r3
10002784:	4a4b      	ldr	r2, [pc, #300]	@ (100028b4 <ui_status_bar_draw+0x190>)
10002786:	4013      	ands	r3, r2
10002788:	4a4b      	ldr	r2, [pc, #300]	@ (100028b8 <ui_status_bar_draw+0x194>)
1000278a:	4694      	mov	ip, r2
1000278c:	4463      	add	r3, ip
1000278e:	4d45      	ldr	r5, [pc, #276]	@ (100028a4 <ui_status_bar_draw+0x180>)
10002790:	9300      	str	r3, [sp, #0]
10002792:	2104      	movs	r1, #4
10002794:	003b      	movs	r3, r7
10002796:	9501      	str	r5, [sp, #4]
10002798:	aa02      	add	r2, sp, #8
1000279a:	f7ff fca7 	bl	100020ec <gfx_draw_str>
1000279e:	7e63      	ldrb	r3, [r4, #25]
100027a0:	2b00      	cmp	r3, #0
100027a2:	d11f      	bne.n	100027e4 <ui_status_bar_draw+0xc0>
100027a4:	259c      	movs	r5, #156	@ 0x9c
100027a6:	7fa3      	ldrb	r3, [r4, #30]
100027a8:	006d      	lsls	r5, r5, #1
100027aa:	1bad      	subs	r5, r5, r6
100027ac:	b2ad      	uxth	r5, r5
100027ae:	2b00      	cmp	r3, #0
100027b0:	d12c      	bne.n	1000280c <ui_status_bar_draw+0xe8>
100027b2:	7f23      	ldrb	r3, [r4, #28]
100027b4:	2b00      	cmp	r3, #0
100027b6:	d139      	bne.n	1000282c <ui_status_bar_draw+0x108>
100027b8:	7ee3      	ldrb	r3, [r4, #27]
100027ba:	2b00      	cmp	r3, #0
100027bc:	d146      	bne.n	1000284c <ui_status_bar_draw+0x128>
100027be:	7ea3      	ldrb	r3, [r4, #26]
100027c0:	2b00      	cmp	r3, #0
100027c2:	d154      	bne.n	1000286e <ui_status_bar_draw+0x14a>
100027c4:	7f63      	ldrb	r3, [r4, #29]
100027c6:	2b00      	cmp	r3, #0
100027c8:	d162      	bne.n	10002890 <ui_status_bar_draw+0x16c>
100027ca:	22a0      	movs	r2, #160	@ 0xa0
100027cc:	4b3b      	ldr	r3, [pc, #236]	@ (100028bc <ui_status_bar_draw+0x198>)
100027ce:	210f      	movs	r1, #15
100027d0:	2000      	movs	r0, #0
100027d2:	0052      	lsls	r2, r2, #1
100027d4:	f7ff faf6 	bl	10001dc4 <gfx_hline>
100027d8:	2300      	movs	r3, #0
100027da:	77e3      	strb	r3, [r4, #31]
100027dc:	e7a8      	b.n	10002730 <ui_status_bar_draw+0xc>
100027de:	23f8      	movs	r3, #248	@ 0xf8
100027e0:	021b      	lsls	r3, r3, #8
100027e2:	e7d4      	b.n	1000278e <ui_status_bar_draw+0x6a>
100027e4:	2034      	movs	r0, #52	@ 0x34
100027e6:	23fc      	movs	r3, #252	@ 0xfc
100027e8:	9501      	str	r5, [sp, #4]
100027ea:	2532      	movs	r5, #50	@ 0x32
100027ec:	30ff      	adds	r0, #255	@ 0xff
100027ee:	00db      	lsls	r3, r3, #3
100027f0:	1b80      	subs	r0, r0, r6
100027f2:	9300      	str	r3, [sp, #0]
100027f4:	222b      	movs	r2, #43	@ 0x2b
100027f6:	003b      	movs	r3, r7
100027f8:	2104      	movs	r1, #4
100027fa:	b280      	uxth	r0, r0
100027fc:	f7ff fb24 	bl	10001e48 <gfx_draw_char>
10002800:	35ff      	adds	r5, #255	@ 0xff
10002802:	7fa3      	ldrb	r3, [r4, #30]
10002804:	1bad      	subs	r5, r5, r6
10002806:	b2ad      	uxth	r5, r5
10002808:	2b00      	cmp	r3, #0
1000280a:	d0d2      	beq.n	100027b2 <ui_status_bar_draw+0x8e>
1000280c:	4b25      	ldr	r3, [pc, #148]	@ (100028a4 <ui_status_bar_draw+0x180>)
1000280e:	0028      	movs	r0, r5
10002810:	9300      	str	r3, [sp, #0]
10002812:	23f8      	movs	r3, #248	@ 0xf8
10002814:	380a      	subs	r0, #10
10002816:	021b      	lsls	r3, r3, #8
10002818:	2104      	movs	r1, #4
1000281a:	4a29      	ldr	r2, [pc, #164]	@ (100028c0 <ui_status_bar_draw+0x19c>)
1000281c:	b280      	uxth	r0, r0
1000281e:	f7ff fd6f 	bl	10002300 <gfx_draw_icon>
10002822:	7f23      	ldrb	r3, [r4, #28]
10002824:	3d0c      	subs	r5, #12
10002826:	b2ad      	uxth	r5, r5
10002828:	2b00      	cmp	r3, #0
1000282a:	d0c5      	beq.n	100027b8 <ui_status_bar_draw+0x94>
1000282c:	4b1d      	ldr	r3, [pc, #116]	@ (100028a4 <ui_status_bar_draw+0x180>)
1000282e:	1f68      	subs	r0, r5, #5
10002830:	9301      	str	r3, [sp, #4]
10002832:	3b61      	subs	r3, #97	@ 0x61
10002834:	9300      	str	r3, [sp, #0]
10002836:	2257      	movs	r2, #87	@ 0x57
10002838:	003b      	movs	r3, r7
1000283a:	2104      	movs	r1, #4
1000283c:	b280      	uxth	r0, r0
1000283e:	f7ff fb03 	bl	10001e48 <gfx_draw_char>
10002842:	7ee3      	ldrb	r3, [r4, #27]
10002844:	3d07      	subs	r5, #7
10002846:	b2ad      	uxth	r5, r5
10002848:	2b00      	cmp	r3, #0
1000284a:	d0b8      	beq.n	100027be <ui_status_bar_draw+0x9a>
1000284c:	0028      	movs	r0, r5
1000284e:	4b15      	ldr	r3, [pc, #84]	@ (100028a4 <ui_status_bar_draw+0x180>)
10002850:	380a      	subs	r0, #10
10002852:	9301      	str	r3, [sp, #4]
10002854:	3b61      	subs	r3, #97	@ 0x61
10002856:	9300      	str	r3, [sp, #0]
10002858:	2104      	movs	r1, #4
1000285a:	003b      	movs	r3, r7
1000285c:	4a19      	ldr	r2, [pc, #100]	@ (100028c4 <ui_status_bar_draw+0x1a0>)
1000285e:	b280      	uxth	r0, r0
10002860:	f7ff fc44 	bl	100020ec <gfx_draw_str>
10002864:	7ea3      	ldrb	r3, [r4, #26]
10002866:	3d0c      	subs	r5, #12
10002868:	b2ad      	uxth	r5, r5
1000286a:	2b00      	cmp	r3, #0
1000286c:	d0aa      	beq.n	100027c4 <ui_status_bar_draw+0xa0>
1000286e:	0028      	movs	r0, r5
10002870:	4b0c      	ldr	r3, [pc, #48]	@ (100028a4 <ui_status_bar_draw+0x180>)
10002872:	380a      	subs	r0, #10
10002874:	9301      	str	r3, [sp, #4]
10002876:	3b61      	subs	r3, #97	@ 0x61
10002878:	9300      	str	r3, [sp, #0]
1000287a:	2104      	movs	r1, #4
1000287c:	003b      	movs	r3, r7
1000287e:	4a12      	ldr	r2, [pc, #72]	@ (100028c8 <ui_status_bar_draw+0x1a4>)
10002880:	b280      	uxth	r0, r0
10002882:	f7ff fc33 	bl	100020ec <gfx_draw_str>
10002886:	7f63      	ldrb	r3, [r4, #29]
10002888:	3d0c      	subs	r5, #12
1000288a:	b2ad      	uxth	r5, r5
1000288c:	2b00      	cmp	r3, #0
1000288e:	d09c      	beq.n	100027ca <ui_status_bar_draw+0xa6>
10002890:	4b04      	ldr	r3, [pc, #16]	@ (100028a4 <ui_status_bar_draw+0x180>)
10002892:	3d0a      	subs	r5, #10
10002894:	9300      	str	r3, [sp, #0]
10002896:	2104      	movs	r1, #4
10002898:	4a0c      	ldr	r2, [pc, #48]	@ (100028cc <ui_status_bar_draw+0x1a8>)
1000289a:	4b0d      	ldr	r3, [pc, #52]	@ (100028d0 <ui_status_bar_draw+0x1ac>)
1000289c:	b2a8      	uxth	r0, r5
1000289e:	f7ff fd2f 	bl	10002300 <gfx_draw_icon>
100028a2:	e792      	b.n	100027ca <ui_status_bar_draw+0xa6>
100028a4:	00000841 	.word	0x00000841
100028a8:	10008564 	.word	0x10008564
100028ac:	0000b7ff 	.word	0x0000b7ff
100028b0:	10008440 	.word	0x10008440
100028b4:	ffff8f31 	.word	0xffff8f31
100028b8:	0000fd20 	.word	0x0000fd20
100028bc:	00002104 	.word	0x00002104
100028c0:	10008774 	.word	0x10008774
100028c4:	10008448 	.word	0x10008448
100028c8:	1000844c 	.word	0x1000844c
100028cc:	1000877c 	.word	0x1000877c
100028d0:	00008c51 	.word	0x00008c51

100028d4 <ui_hint_bar_init>:
100028d4:	b510      	push	{r4, lr}
100028d6:	2214      	movs	r2, #20
100028d8:	2100      	movs	r1, #0
100028da:	0004      	movs	r4, r0
100028dc:	f004 ff1e 	bl	1000771c <__wrap_memset>
100028e0:	2301      	movs	r3, #1
100028e2:	7423      	strb	r3, [r4, #16]
100028e4:	7463      	strb	r3, [r4, #17]
100028e6:	74a3      	strb	r3, [r4, #18]
100028e8:	74e3      	strb	r3, [r4, #19]
100028ea:	bd10      	pop	{r4, pc}

100028ec <ui_hint_bar_draw>:
100028ec:	b5f0      	push	{r4, r5, r6, r7, lr}
100028ee:	7cc3      	ldrb	r3, [r0, #19]
100028f0:	0004      	movs	r4, r0
100028f2:	b089      	sub	sp, #36	@ 0x24
100028f4:	2b00      	cmp	r3, #0
100028f6:	d101      	bne.n	100028fc <ui_hint_bar_draw+0x10>
100028f8:	b009      	add	sp, #36	@ 0x24
100028fa:	bdf0      	pop	{r4, r5, r6, r7, pc}
100028fc:	22a0      	movs	r2, #160	@ 0xa0
100028fe:	4e43      	ldr	r6, [pc, #268]	@ (10002a0c <ui_hint_bar_draw+0x120>)
10002900:	2310      	movs	r3, #16
10002902:	21e0      	movs	r1, #224	@ 0xe0
10002904:	2000      	movs	r0, #0
10002906:	0052      	lsls	r2, r2, #1
10002908:	9600      	str	r6, [sp, #0]
1000290a:	f7ff f9fd 	bl	10001d08 <gfx_fill_rect>
1000290e:	22a0      	movs	r2, #160	@ 0xa0
10002910:	4b3f      	ldr	r3, [pc, #252]	@ (10002a10 <ui_hint_bar_draw+0x124>)
10002912:	21e0      	movs	r1, #224	@ 0xe0
10002914:	2000      	movs	r0, #0
10002916:	0052      	lsls	r2, r2, #1
10002918:	f7ff fa54 	bl	10001dc4 <gfx_hline>
1000291c:	7c23      	ldrb	r3, [r4, #16]
1000291e:	2504      	movs	r5, #4
10002920:	2b00      	cmp	r3, #0
10002922:	d10b      	bne.n	1000293c <ui_hint_bar_draw+0x50>
10002924:	7c63      	ldrb	r3, [r4, #17]
10002926:	2b00      	cmp	r3, #0
10002928:	d129      	bne.n	1000297e <ui_hint_bar_draw+0x92>
1000292a:	7ca3      	ldrb	r3, [r4, #18]
1000292c:	2b00      	cmp	r3, #0
1000292e:	d142      	bne.n	100029b6 <ui_hint_bar_draw+0xca>
10002930:	7823      	ldrb	r3, [r4, #0]
10002932:	2b00      	cmp	r3, #0
10002934:	d158      	bne.n	100029e8 <ui_hint_bar_draw+0xfc>
10002936:	2300      	movs	r3, #0
10002938:	74e3      	strb	r3, [r4, #19]
1000293a:	e7dd      	b.n	100028f8 <ui_hint_bar_draw+0xc>
1000293c:	4d35      	ldr	r5, [pc, #212]	@ (10002a14 <ui_hint_bar_draw+0x128>)
1000293e:	4b36      	ldr	r3, [pc, #216]	@ (10002a18 <ui_hint_bar_draw+0x12c>)
10002940:	225e      	movs	r2, #94	@ 0x5e
10002942:	21e4      	movs	r1, #228	@ 0xe4
10002944:	9300      	str	r3, [sp, #0]
10002946:	2004      	movs	r0, #4
10002948:	002b      	movs	r3, r5
1000294a:	9601      	str	r6, [sp, #4]
1000294c:	f7ff fa7c 	bl	10001e48 <gfx_draw_char>
10002950:	4b32      	ldr	r3, [pc, #200]	@ (10002a1c <ui_hint_bar_draw+0x130>)
10002952:	2276      	movs	r2, #118	@ 0x76
10002954:	21e4      	movs	r1, #228	@ 0xe4
10002956:	9300      	str	r3, [sp, #0]
10002958:	2009      	movs	r0, #9
1000295a:	002b      	movs	r3, r5
1000295c:	9601      	str	r6, [sp, #4]
1000295e:	f7ff fa73 	bl	10001e48 <gfx_draw_char>
10002962:	4b2f      	ldr	r3, [pc, #188]	@ (10002a20 <ui_hint_bar_draw+0x134>)
10002964:	21e4      	movs	r1, #228	@ 0xe4
10002966:	9300      	str	r3, [sp, #0]
10002968:	2010      	movs	r0, #16
1000296a:	002b      	movs	r3, r5
1000296c:	4a2d      	ldr	r2, [pc, #180]	@ (10002a24 <ui_hint_bar_draw+0x138>)
1000296e:	9601      	str	r6, [sp, #4]
10002970:	f7ff fbbc 	bl	100020ec <gfx_draw_str>
10002974:	7c63      	ldrb	r3, [r4, #17]
10002976:	3018      	adds	r0, #24
10002978:	b285      	uxth	r5, r0
1000297a:	2b00      	cmp	r3, #0
1000297c:	d0d5      	beq.n	1000292a <ui_hint_bar_draw+0x3e>
1000297e:	23fc      	movs	r3, #252	@ 0xfc
10002980:	4e24      	ldr	r6, [pc, #144]	@ (10002a14 <ui_hint_bar_draw+0x128>)
10002982:	4f22      	ldr	r7, [pc, #136]	@ (10002a0c <ui_hint_bar_draw+0x120>)
10002984:	00db      	lsls	r3, r3, #3
10002986:	222a      	movs	r2, #42	@ 0x2a
10002988:	21e4      	movs	r1, #228	@ 0xe4
1000298a:	0028      	movs	r0, r5
1000298c:	9300      	str	r3, [sp, #0]
1000298e:	9701      	str	r7, [sp, #4]
10002990:	0033      	movs	r3, r6
10002992:	f7ff fa59 	bl	10001e48 <gfx_draw_char>
10002996:	4b22      	ldr	r3, [pc, #136]	@ (10002a20 <ui_hint_bar_draw+0x134>)
10002998:	1de8      	adds	r0, r5, #7
1000299a:	9300      	str	r3, [sp, #0]
1000299c:	21e4      	movs	r1, #228	@ 0xe4
1000299e:	0033      	movs	r3, r6
100029a0:	4a21      	ldr	r2, [pc, #132]	@ (10002a28 <ui_hint_bar_draw+0x13c>)
100029a2:	b280      	uxth	r0, r0
100029a4:	9701      	str	r7, [sp, #4]
100029a6:	f7ff fba1 	bl	100020ec <gfx_draw_str>
100029aa:	350f      	adds	r5, #15
100029ac:	7ca3      	ldrb	r3, [r4, #18]
100029ae:	182d      	adds	r5, r5, r0
100029b0:	b2ad      	uxth	r5, r5
100029b2:	2b00      	cmp	r3, #0
100029b4:	d0bc      	beq.n	10002930 <ui_hint_bar_draw+0x44>
100029b6:	23f8      	movs	r3, #248	@ 0xf8
100029b8:	4e16      	ldr	r6, [pc, #88]	@ (10002a14 <ui_hint_bar_draw+0x128>)
100029ba:	4f14      	ldr	r7, [pc, #80]	@ (10002a0c <ui_hint_bar_draw+0x120>)
100029bc:	021b      	lsls	r3, r3, #8
100029be:	223c      	movs	r2, #60	@ 0x3c
100029c0:	21e4      	movs	r1, #228	@ 0xe4
100029c2:	0028      	movs	r0, r5
100029c4:	9300      	str	r3, [sp, #0]
100029c6:	9701      	str	r7, [sp, #4]
100029c8:	0033      	movs	r3, r6
100029ca:	f7ff fa3d 	bl	10001e48 <gfx_draw_char>
100029ce:	4b14      	ldr	r3, [pc, #80]	@ (10002a20 <ui_hint_bar_draw+0x134>)
100029d0:	3507      	adds	r5, #7
100029d2:	9300      	str	r3, [sp, #0]
100029d4:	21e4      	movs	r1, #228	@ 0xe4
100029d6:	0033      	movs	r3, r6
100029d8:	4a14      	ldr	r2, [pc, #80]	@ (10002a2c <ui_hint_bar_draw+0x140>)
100029da:	b2a8      	uxth	r0, r5
100029dc:	9701      	str	r7, [sp, #4]
100029de:	f7ff fb85 	bl	100020ec <gfx_draw_str>
100029e2:	7823      	ldrb	r3, [r4, #0]
100029e4:	2b00      	cmp	r3, #0
100029e6:	d0a6      	beq.n	10002936 <ui_hint_bar_draw+0x4a>
100029e8:	0023      	movs	r3, r4
100029ea:	2118      	movs	r1, #24
100029ec:	4a10      	ldr	r2, [pc, #64]	@ (10002a30 <ui_hint_bar_draw+0x144>)
100029ee:	a802      	add	r0, sp, #8
100029f0:	f003 ff2a 	bl	10006848 <__wrap_snprintf>
100029f4:	209e      	movs	r0, #158	@ 0x9e
100029f6:	4a05      	ldr	r2, [pc, #20]	@ (10002a0c <ui_hint_bar_draw+0x120>)
100029f8:	21e4      	movs	r1, #228	@ 0xe4
100029fa:	9201      	str	r2, [sp, #4]
100029fc:	4a08      	ldr	r2, [pc, #32]	@ (10002a20 <ui_hint_bar_draw+0x134>)
100029fe:	4b05      	ldr	r3, [pc, #20]	@ (10002a14 <ui_hint_bar_draw+0x128>)
10002a00:	9200      	str	r2, [sp, #0]
10002a02:	0040      	lsls	r0, r0, #1
10002a04:	aa02      	add	r2, sp, #8
10002a06:	f7ff fc2f 	bl	10002268 <gfx_draw_str_right>
10002a0a:	e794      	b.n	10002936 <ui_hint_bar_draw+0x4a>
10002a0c:	00000841 	.word	0x00000841
10002a10:	00002104 	.word	0x00002104
10002a14:	10008564 	.word	0x10008564
10002a18:	0000fd20 	.word	0x0000fd20
10002a1c:	00002c9f 	.word	0x00002c9f
10002a20:	00008c51 	.word	0x00008c51
10002a24:	10008450 	.word	0x10008450
10002a28:	10008454 	.word	0x10008454
10002a2c:	10008458 	.word	0x10008458
10002a30:	10008460 	.word	0x10008460

10002a34 <ui_toast_show>:
10002a34:	b570      	push	{r4, r5, r6, lr}
10002a36:	0015      	movs	r5, r2
10002a38:	222f      	movs	r2, #47	@ 0x2f
10002a3a:	0004      	movs	r4, r0
10002a3c:	f005 fbb0 	bl	100081a0 <strncpy>
10002a40:	232f      	movs	r3, #47	@ 0x2f
10002a42:	2200      	movs	r2, #0
10002a44:	54e2      	strb	r2, [r4, r3]
10002a46:	f001 fbc5 	bl	100041d4 <time_us_64>
10002a4a:	2900      	cmp	r1, #0
10002a4c:	d00a      	beq.n	10002a64 <ui_toast_show+0x30>
10002a4e:	22fa      	movs	r2, #250	@ 0xfa
10002a50:	2300      	movs	r3, #0
10002a52:	0092      	lsls	r2, r2, #2
10002a54:	f003 ffc4 	bl	100069e0 <__wrap___aeabi_uldivmod>
10002a58:	2334      	movs	r3, #52	@ 0x34
10002a5a:	2201      	movs	r2, #1
10002a5c:	182d      	adds	r5, r5, r0
10002a5e:	6325      	str	r5, [r4, #48]	@ 0x30
10002a60:	54e2      	strb	r2, [r4, r3]
10002a62:	bd70      	pop	{r4, r5, r6, pc}
10002a64:	21fa      	movs	r1, #250	@ 0xfa
10002a66:	0089      	lsls	r1, r1, #2
10002a68:	f003 ff7c 	bl	10006964 <__wrap___aeabi_uidiv>
10002a6c:	e7f4      	b.n	10002a58 <ui_toast_show+0x24>
10002a6e:	46c0      	nop			@ (mov r8, r8)

10002a70 <ui_toast_draw>:
10002a70:	b5f0      	push	{r4, r5, r6, r7, lr}
10002a72:	46c6      	mov	lr, r8
10002a74:	2334      	movs	r3, #52	@ 0x34
10002a76:	b500      	push	{lr}
10002a78:	5cc2      	ldrb	r2, [r0, r3]
10002a7a:	0004      	movs	r4, r0
10002a7c:	b082      	sub	sp, #8
10002a7e:	2a00      	cmp	r2, #0
10002a80:	d004      	beq.n	10002a8c <ui_toast_draw+0x1c>
10002a82:	6b02      	ldr	r2, [r0, #48]	@ 0x30
10002a84:	428a      	cmp	r2, r1
10002a86:	d805      	bhi.n	10002a94 <ui_toast_draw+0x24>
10002a88:	2200      	movs	r2, #0
10002a8a:	54c2      	strb	r2, [r0, r3]
10002a8c:	b002      	add	sp, #8
10002a8e:	bc80      	pop	{r7}
10002a90:	46b8      	mov	r8, r7
10002a92:	bdf0      	pop	{r4, r5, r6, r7, pc}
10002a94:	4e14      	ldr	r6, [pc, #80]	@ (10002ae8 <ui_toast_draw+0x78>)
10002a96:	0031      	movs	r1, r6
10002a98:	f7ff fbd6 	bl	10002248 <gfx_str_width>
10002a9c:	23a0      	movs	r3, #160	@ 0xa0
10002a9e:	3018      	adds	r0, #24
10002aa0:	b287      	uxth	r7, r0
10002aa2:	005b      	lsls	r3, r3, #1
10002aa4:	1bdb      	subs	r3, r3, r7
10002aa6:	0fdd      	lsrs	r5, r3, #31
10002aa8:	18ed      	adds	r5, r5, r3
10002aaa:	4b10      	ldr	r3, [pc, #64]	@ (10002aec <ui_toast_draw+0x7c>)
10002aac:	106d      	asrs	r5, r5, #1
10002aae:	4698      	mov	r8, r3
10002ab0:	b2ad      	uxth	r5, r5
10002ab2:	003a      	movs	r2, r7
10002ab4:	0028      	movs	r0, r5
10002ab6:	9300      	str	r3, [sp, #0]
10002ab8:	216a      	movs	r1, #106	@ 0x6a
10002aba:	231c      	movs	r3, #28
10002abc:	f7ff f924 	bl	10001d08 <gfx_fill_rect>
10002ac0:	4b0b      	ldr	r3, [pc, #44]	@ (10002af0 <ui_toast_draw+0x80>)
10002ac2:	003a      	movs	r2, r7
10002ac4:	0028      	movs	r0, r5
10002ac6:	9300      	str	r3, [sp, #0]
10002ac8:	216a      	movs	r1, #106	@ 0x6a
10002aca:	231c      	movs	r3, #28
10002acc:	f7ff f92c 	bl	10001d28 <gfx_draw_rect>
10002ad0:	4643      	mov	r3, r8
10002ad2:	9301      	str	r3, [sp, #4]
10002ad4:	4b07      	ldr	r3, [pc, #28]	@ (10002af4 <ui_toast_draw+0x84>)
10002ad6:	350c      	adds	r5, #12
10002ad8:	9300      	str	r3, [sp, #0]
10002ada:	0022      	movs	r2, r4
10002adc:	0033      	movs	r3, r6
10002ade:	2173      	movs	r1, #115	@ 0x73
10002ae0:	b2a8      	uxth	r0, r5
10002ae2:	f7ff fb03 	bl	100020ec <gfx_draw_str>
10002ae6:	e7d1      	b.n	10002a8c <ui_toast_draw+0x1c>
10002ae8:	1000855c 	.word	0x1000855c
10002aec:	00000841 	.word	0x00000841
10002af0:	00002c9f 	.word	0x00002c9f
10002af4:	0000defb 	.word	0x0000defb

10002af8 <ui_text_init>:
10002af8:	b510      	push	{r4, lr}
10002afa:	2100      	movs	r1, #0
10002afc:	4a04      	ldr	r2, [pc, #16]	@ (10002b10 <ui_text_init+0x18>)
10002afe:	0004      	movs	r4, r0
10002b00:	f004 fe0c 	bl	1000771c <__wrap_memset>
10002b04:	2202      	movs	r2, #2
10002b06:	4b03      	ldr	r3, [pc, #12]	@ (10002b14 <ui_text_init+0x1c>)
10002b08:	32ff      	adds	r2, #255	@ 0xff
10002b0a:	52e2      	strh	r2, [r4, r3]
10002b0c:	bd10      	pop	{r4, pc}
10002b0e:	46c0      	nop			@ (mov r8, r8)
10002b10:	00000d86 	.word	0x00000d86
10002b14:	00000d84 	.word	0x00000d84

10002b18 <ui_text_add_line>:
10002b18:	b5f0      	push	{r4, r5, r6, r7, lr}
10002b1a:	46c6      	mov	lr, r8
10002b1c:	23d8      	movs	r3, #216	@ 0xd8
10002b1e:	b500      	push	{lr}
10002b20:	011b      	lsls	r3, r3, #4
10002b22:	5ac5      	ldrh	r5, [r0, r3]
10002b24:	0004      	movs	r4, r0
10002b26:	000f      	movs	r7, r1
10002b28:	4698      	mov	r8, r3
10002b2a:	2d3f      	cmp	r5, #63	@ 0x3f
10002b2c:	d81c      	bhi.n	10002b68 <ui_text_add_line+0x50>
10002b2e:	2636      	movs	r6, #54	@ 0x36
10002b30:	4375      	muls	r5, r6
10002b32:	2235      	movs	r2, #53	@ 0x35
10002b34:	1940      	adds	r0, r0, r5
10002b36:	f005 fb33 	bl	100081a0 <strncpy>
10002b3a:	4643      	mov	r3, r8
10002b3c:	5ae5      	ldrh	r5, [r4, r3]
10002b3e:	2300      	movs	r3, #0
10002b40:	436e      	muls	r6, r5
10002b42:	19a6      	adds	r6, r4, r6
10002b44:	3635      	adds	r6, #53	@ 0x35
10002b46:	7033      	strb	r3, [r6, #0]
10002b48:	4643      	mov	r3, r8
10002b4a:	3501      	adds	r5, #1
10002b4c:	b2ad      	uxth	r5, r5
10002b4e:	52e5      	strh	r5, [r4, r3]
10002b50:	4b10      	ldr	r3, [pc, #64]	@ (10002b94 <ui_text_add_line+0x7c>)
10002b52:	5ce3      	ldrb	r3, [r4, r3]
10002b54:	2b00      	cmp	r3, #0
10002b56:	d001      	beq.n	10002b5c <ui_text_add_line+0x44>
10002b58:	2d14      	cmp	r5, #20
10002b5a:	d817      	bhi.n	10002b8c <ui_text_add_line+0x74>
10002b5c:	2201      	movs	r2, #1
10002b5e:	4b0e      	ldr	r3, [pc, #56]	@ (10002b98 <ui_text_add_line+0x80>)
10002b60:	54e2      	strb	r2, [r4, r3]
10002b62:	bc80      	pop	{r7}
10002b64:	46b8      	mov	r8, r7
10002b66:	bdf0      	pop	{r4, r5, r6, r7, pc}
10002b68:	0001      	movs	r1, r0
10002b6a:	4a0c      	ldr	r2, [pc, #48]	@ (10002b9c <ui_text_add_line+0x84>)
10002b6c:	3136      	adds	r1, #54	@ 0x36
10002b6e:	f005 fa97 	bl	100080a0 <memmove>
10002b72:	4b0a      	ldr	r3, [pc, #40]	@ (10002b9c <ui_text_add_line+0x84>)
10002b74:	2235      	movs	r2, #53	@ 0x35
10002b76:	18e0      	adds	r0, r4, r3
10002b78:	0039      	movs	r1, r7
10002b7a:	f005 fb11 	bl	100081a0 <strncpy>
10002b7e:	2200      	movs	r2, #0
10002b80:	4b07      	ldr	r3, [pc, #28]	@ (10002ba0 <ui_text_add_line+0x88>)
10002b82:	54e2      	strb	r2, [r4, r3]
10002b84:	4b03      	ldr	r3, [pc, #12]	@ (10002b94 <ui_text_add_line+0x7c>)
10002b86:	5ce3      	ldrb	r3, [r4, r3]
10002b88:	2b00      	cmp	r3, #0
10002b8a:	d0e7      	beq.n	10002b5c <ui_text_add_line+0x44>
10002b8c:	4b05      	ldr	r3, [pc, #20]	@ (10002ba4 <ui_text_add_line+0x8c>)
10002b8e:	3d14      	subs	r5, #20
10002b90:	52e5      	strh	r5, [r4, r3]
10002b92:	e7e3      	b.n	10002b5c <ui_text_add_line+0x44>
10002b94:	00000d84 	.word	0x00000d84
10002b98:	00000d85 	.word	0x00000d85
10002b9c:	00000d4a 	.word	0x00000d4a
10002ba0:	00000d7f 	.word	0x00000d7f
10002ba4:	00000d82 	.word	0x00000d82

10002ba8 <ui_text_clear>:
10002ba8:	22d8      	movs	r2, #216	@ 0xd8
10002baa:	2300      	movs	r3, #0
10002bac:	0112      	lsls	r2, r2, #4
10002bae:	5283      	strh	r3, [r0, r2]
10002bb0:	4a02      	ldr	r2, [pc, #8]	@ (10002bbc <ui_text_clear+0x14>)
10002bb2:	5283      	strh	r3, [r0, r2]
10002bb4:	2201      	movs	r2, #1
10002bb6:	4b02      	ldr	r3, [pc, #8]	@ (10002bc0 <ui_text_clear+0x18>)
10002bb8:	54c2      	strb	r2, [r0, r3]
10002bba:	4770      	bx	lr
10002bbc:	00000d82 	.word	0x00000d82
10002bc0:	00000d85 	.word	0x00000d85

10002bc4 <ui_text_draw>:
10002bc4:	b5f0      	push	{r4, r5, r6, r7, lr}
10002bc6:	46ce      	mov	lr, r9
10002bc8:	4647      	mov	r7, r8
10002bca:	b580      	push	{r7, lr}
10002bcc:	4b1b      	ldr	r3, [pc, #108]	@ (10002c3c <ui_text_draw+0x78>)
10002bce:	0005      	movs	r5, r0
10002bd0:	5cc3      	ldrb	r3, [r0, r3]
10002bd2:	b083      	sub	sp, #12
10002bd4:	2b00      	cmp	r3, #0
10002bd6:	d104      	bne.n	10002be2 <ui_text_draw+0x1e>
10002bd8:	b003      	add	sp, #12
10002bda:	bcc0      	pop	{r6, r7}
10002bdc:	46b9      	mov	r9, r7
10002bde:	46b0      	mov	r8, r6
10002be0:	bdf0      	pop	{r4, r5, r6, r7, pc}
10002be2:	2300      	movs	r3, #0
10002be4:	22a0      	movs	r2, #160	@ 0xa0
10002be6:	27d8      	movs	r7, #216	@ 0xd8
10002be8:	9300      	str	r3, [sp, #0]
10002bea:	2110      	movs	r1, #16
10002bec:	33d0      	adds	r3, #208	@ 0xd0
10002bee:	2000      	movs	r0, #0
10002bf0:	0052      	lsls	r2, r2, #1
10002bf2:	f7ff f889 	bl	10001d08 <gfx_fill_rect>
10002bf6:	4b12      	ldr	r3, [pc, #72]	@ (10002c40 <ui_text_draw+0x7c>)
10002bf8:	2600      	movs	r6, #0
10002bfa:	4698      	mov	r8, r3
10002bfc:	4b11      	ldr	r3, [pc, #68]	@ (10002c44 <ui_text_draw+0x80>)
10002bfe:	2410      	movs	r4, #16
10002c00:	4699      	mov	r9, r3
10002c02:	013f      	lsls	r7, r7, #4
10002c04:	e010      	b.n	10002c28 <ui_text_draw+0x64>
10002c06:	2236      	movs	r2, #54	@ 0x36
10002c08:	435a      	muls	r2, r3
10002c0a:	2300      	movs	r3, #0
10002c0c:	9301      	str	r3, [sp, #4]
10002c0e:	4b0e      	ldr	r3, [pc, #56]	@ (10002c48 <ui_text_draw+0x84>)
10002c10:	0021      	movs	r1, r4
10002c12:	340a      	adds	r4, #10
10002c14:	9300      	str	r3, [sp, #0]
10002c16:	2004      	movs	r0, #4
10002c18:	464b      	mov	r3, r9
10002c1a:	18aa      	adds	r2, r5, r2
10002c1c:	b2a4      	uxth	r4, r4
10002c1e:	f7ff fa65 	bl	100020ec <gfx_draw_str>
10002c22:	3601      	adds	r6, #1
10002c24:	2cd8      	cmp	r4, #216	@ 0xd8
10002c26:	d005      	beq.n	10002c34 <ui_text_draw+0x70>
10002c28:	4643      	mov	r3, r8
10002c2a:	5aeb      	ldrh	r3, [r5, r3]
10002c2c:	5bea      	ldrh	r2, [r5, r7]
10002c2e:	199b      	adds	r3, r3, r6
10002c30:	4293      	cmp	r3, r2
10002c32:	dbe8      	blt.n	10002c06 <ui_text_draw+0x42>
10002c34:	2200      	movs	r2, #0
10002c36:	4b01      	ldr	r3, [pc, #4]	@ (10002c3c <ui_text_draw+0x78>)
10002c38:	54ea      	strb	r2, [r5, r3]
10002c3a:	e7cd      	b.n	10002bd8 <ui_text_draw+0x14>
10002c3c:	00000d85 	.word	0x00000d85
10002c40:	00000d82 	.word	0x00000d82
10002c44:	1000855c 	.word	0x1000855c
10002c48:	0000defb 	.word	0x0000defb

10002c4c <ir_driver_init>:
10002c4c:	b5d0      	push	{r4, r6, r7, lr}
10002c4e:	2010      	movs	r0, #16
10002c50:	f000 fb86 	bl	10003360 <gpio_init>
10002c54:	24d0      	movs	r4, #208	@ 0xd0
10002c56:	2380      	movs	r3, #128	@ 0x80
10002c58:	0624      	lsls	r4, r4, #24
10002c5a:	025b      	lsls	r3, r3, #9
10002c5c:	62a3      	str	r3, [r4, #40]	@ 0x28
10002c5e:	2200      	movs	r2, #0
10002c60:	2101      	movs	r1, #1
10002c62:	2010      	movs	r0, #16
10002c64:	f000 faf6 	bl	10003254 <gpio_set_pulls>
10002c68:	f001 fab4 	bl	100041d4 <time_us_64>
10002c6c:	0006      	movs	r6, r0
10002c6e:	000f      	movs	r7, r1
10002c70:	2200      	movs	r2, #0
10002c72:	4b09      	ldr	r3, [pc, #36]	@ (10002c98 <ir_driver_init+0x4c>)
10002c74:	210c      	movs	r1, #12
10002c76:	601e      	str	r6, [r3, #0]
10002c78:	605f      	str	r7, [r3, #4]
10002c7a:	4b08      	ldr	r3, [pc, #32]	@ (10002c9c <ir_driver_init+0x50>)
10002c7c:	2010      	movs	r0, #16
10002c7e:	701a      	strb	r2, [r3, #0]
10002c80:	4b07      	ldr	r3, [pc, #28]	@ (10002ca0 <ir_driver_init+0x54>)
10002c82:	3201      	adds	r2, #1
10002c84:	f000 fb0a 	bl	1000329c <gpio_set_irq_enabled_with_callback>
10002c88:	2009      	movs	r0, #9
10002c8a:	f000 fb69 	bl	10003360 <gpio_init>
10002c8e:	2380      	movs	r3, #128	@ 0x80
10002c90:	009b      	lsls	r3, r3, #2
10002c92:	6263      	str	r3, [r4, #36]	@ 0x24
10002c94:	61a3      	str	r3, [r4, #24]
10002c96:	bdd0      	pop	{r4, r6, r7, pc}
10002c98:	20000c00 	.word	0x20000c00
10002c9c:	20007664 	.word	0x20007664
10002ca0:	20000325 	.word	0x20000325

10002ca4 <ir_driver_poll>:
10002ca4:	490d      	ldr	r1, [pc, #52]	@ (10002cdc <ir_driver_poll+0x38>)
10002ca6:	0002      	movs	r2, r0
10002ca8:	780b      	ldrb	r3, [r1, #0]
10002caa:	b530      	push	{r4, r5, lr}
10002cac:	b2d8      	uxtb	r0, r3
10002cae:	2b00      	cmp	r3, #0
10002cb0:	d013      	beq.n	10002cda <ir_driver_poll+0x36>
10002cb2:	2300      	movs	r3, #0
10002cb4:	700b      	strb	r3, [r1, #0]
10002cb6:	490a      	ldr	r1, [pc, #40]	@ (10002ce0 <ir_driver_poll+0x3c>)
10002cb8:	780b      	ldrb	r3, [r1, #0]
10002cba:	680c      	ldr	r4, [r1, #0]
10002cbc:	7013      	strb	r3, [r2, #0]
10002cbe:	684b      	ldr	r3, [r1, #4]
10002cc0:	0a24      	lsrs	r4, r4, #8
10002cc2:	061b      	lsls	r3, r3, #24
10002cc4:	4323      	orrs	r3, r4
10002cc6:	0a1d      	lsrs	r5, r3, #8
10002cc8:	7095      	strb	r5, [r2, #2]
10002cca:	021d      	lsls	r5, r3, #8
10002ccc:	7053      	strb	r3, [r2, #1]
10002cce:	0e2d      	lsrs	r5, r5, #24
10002cd0:	0e1b      	lsrs	r3, r3, #24
10002cd2:	70d5      	strb	r5, [r2, #3]
10002cd4:	7113      	strb	r3, [r2, #4]
10002cd6:	794b      	ldrb	r3, [r1, #5]
10002cd8:	7153      	strb	r3, [r2, #5]
10002cda:	bd30      	pop	{r4, r5, pc}
10002cdc:	20007663 	.word	0x20007663
10002ce0:	200063c0 	.word	0x200063c0

10002ce4 <ir_driver_send_nec>:
10002ce4:	b5f0      	push	{r4, r5, r6, r7, lr}
10002ce6:	464f      	mov	r7, r9
10002ce8:	4646      	mov	r6, r8
10002cea:	46d6      	mov	lr, sl
10002cec:	b5c0      	push	{r6, r7, lr}
10002cee:	4680      	mov	r8, r0
10002cf0:	4689      	mov	r9, r1
10002cf2:	2700      	movs	r7, #0
10002cf4:	f001 fa6e 	bl	100041d4 <time_us_64>
10002cf8:	24d0      	movs	r4, #208	@ 0xd0
10002cfa:	2580      	movs	r5, #128	@ 0x80
10002cfc:	4e40      	ldr	r6, [pc, #256]	@ (10002e00 <ir_driver_send_nec+0x11c>)
10002cfe:	0624      	lsls	r4, r4, #24
10002d00:	1836      	adds	r6, r6, r0
10002d02:	414f      	adcs	r7, r1
10002d04:	00ad      	lsls	r5, r5, #2
10002d06:	e007      	b.n	10002d18 <ir_driver_send_nec+0x34>
10002d08:	200d      	movs	r0, #13
10002d0a:	6165      	str	r5, [r4, #20]
10002d0c:	f001 fa6c 	bl	100041e8 <busy_wait_us_32>
10002d10:	200d      	movs	r0, #13
10002d12:	61a5      	str	r5, [r4, #24]
10002d14:	f001 fa68 	bl	100041e8 <busy_wait_us_32>
10002d18:	f001 fa5c 	bl	100041d4 <time_us_64>
10002d1c:	428f      	cmp	r7, r1
10002d1e:	d8f3      	bhi.n	10002d08 <ir_driver_send_nec+0x24>
10002d20:	d101      	bne.n	10002d26 <ir_driver_send_nec+0x42>
10002d22:	4286      	cmp	r6, r0
10002d24:	d8f0      	bhi.n	10002d08 <ir_driver_send_nec+0x24>
10002d26:	23d0      	movs	r3, #208	@ 0xd0
10002d28:	2280      	movs	r2, #128	@ 0x80
10002d2a:	061b      	lsls	r3, r3, #24
10002d2c:	0092      	lsls	r2, r2, #2
10002d2e:	619a      	str	r2, [r3, #24]
10002d30:	4834      	ldr	r0, [pc, #208]	@ (10002e04 <ir_driver_send_nec+0x120>)
10002d32:	f001 fa59 	bl	100041e8 <busy_wait_us_32>
10002d36:	464b      	mov	r3, r9
10002d38:	2b00      	cmp	r3, #0
10002d3a:	d030      	beq.n	10002d9e <ir_driver_send_nec+0xba>
10002d3c:	2300      	movs	r3, #0
10002d3e:	469a      	mov	sl, r3
10002d40:	f001 fa48 	bl	100041d4 <time_us_64>
10002d44:	2700      	movs	r7, #0
10002d46:	24d0      	movs	r4, #208	@ 0xd0
10002d48:	2580      	movs	r5, #128	@ 0x80
10002d4a:	4e2f      	ldr	r6, [pc, #188]	@ (10002e08 <ir_driver_send_nec+0x124>)
10002d4c:	0624      	lsls	r4, r4, #24
10002d4e:	1836      	adds	r6, r6, r0
10002d50:	414f      	adcs	r7, r1
10002d52:	00ad      	lsls	r5, r5, #2
10002d54:	e007      	b.n	10002d66 <ir_driver_send_nec+0x82>
10002d56:	200d      	movs	r0, #13
10002d58:	6165      	str	r5, [r4, #20]
10002d5a:	f001 fa45 	bl	100041e8 <busy_wait_us_32>
10002d5e:	200d      	movs	r0, #13
10002d60:	61a5      	str	r5, [r4, #24]
10002d62:	f001 fa41 	bl	100041e8 <busy_wait_us_32>
10002d66:	f001 fa35 	bl	100041d4 <time_us_64>
10002d6a:	428f      	cmp	r7, r1
10002d6c:	d8f3      	bhi.n	10002d56 <ir_driver_send_nec+0x72>
10002d6e:	d101      	bne.n	10002d74 <ir_driver_send_nec+0x90>
10002d70:	4286      	cmp	r6, r0
10002d72:	d8f0      	bhi.n	10002d56 <ir_driver_send_nec+0x72>
10002d74:	4652      	mov	r2, sl
10002d76:	2301      	movs	r3, #1
10002d78:	4093      	lsls	r3, r2
10002d7a:	4642      	mov	r2, r8
10002d7c:	421a      	tst	r2, r3
10002d7e:	d036      	beq.n	10002dee <ir_driver_send_nec+0x10a>
10002d80:	23d0      	movs	r3, #208	@ 0xd0
10002d82:	2280      	movs	r2, #128	@ 0x80
10002d84:	061b      	lsls	r3, r3, #24
10002d86:	0092      	lsls	r2, r2, #2
10002d88:	4820      	ldr	r0, [pc, #128]	@ (10002e0c <ir_driver_send_nec+0x128>)
10002d8a:	619a      	str	r2, [r3, #24]
10002d8c:	f001 fa2c 	bl	100041e8 <busy_wait_us_32>
10002d90:	2301      	movs	r3, #1
10002d92:	469c      	mov	ip, r3
10002d94:	44e2      	add	sl, ip
10002d96:	4653      	mov	r3, sl
10002d98:	b2db      	uxtb	r3, r3
10002d9a:	454b      	cmp	r3, r9
10002d9c:	d3d0      	bcc.n	10002d40 <ir_driver_send_nec+0x5c>
10002d9e:	f001 fa19 	bl	100041d4 <time_us_64>
10002da2:	2500      	movs	r5, #0
10002da4:	26d0      	movs	r6, #208	@ 0xd0
10002da6:	2780      	movs	r7, #128	@ 0x80
10002da8:	4c17      	ldr	r4, [pc, #92]	@ (10002e08 <ir_driver_send_nec+0x124>)
10002daa:	0636      	lsls	r6, r6, #24
10002dac:	1824      	adds	r4, r4, r0
10002dae:	414d      	adcs	r5, r1
10002db0:	00bf      	lsls	r7, r7, #2
10002db2:	e007      	b.n	10002dc4 <ir_driver_send_nec+0xe0>
10002db4:	200d      	movs	r0, #13
10002db6:	6177      	str	r7, [r6, #20]
10002db8:	f001 fa16 	bl	100041e8 <busy_wait_us_32>
10002dbc:	200d      	movs	r0, #13
10002dbe:	61b7      	str	r7, [r6, #24]
10002dc0:	f001 fa12 	bl	100041e8 <busy_wait_us_32>
10002dc4:	f001 fa06 	bl	100041d4 <time_us_64>
10002dc8:	428d      	cmp	r5, r1
10002dca:	d8f3      	bhi.n	10002db4 <ir_driver_send_nec+0xd0>
10002dcc:	d101      	bne.n	10002dd2 <ir_driver_send_nec+0xee>
10002dce:	4284      	cmp	r4, r0
10002dd0:	d8f0      	bhi.n	10002db4 <ir_driver_send_nec+0xd0>
10002dd2:	24d0      	movs	r4, #208	@ 0xd0
10002dd4:	2580      	movs	r5, #128	@ 0x80
10002dd6:	0624      	lsls	r4, r4, #24
10002dd8:	00ad      	lsls	r5, r5, #2
10002dda:	61a5      	str	r5, [r4, #24]
10002ddc:	480a      	ldr	r0, [pc, #40]	@ (10002e08 <ir_driver_send_nec+0x124>)
10002dde:	f001 fa03 	bl	100041e8 <busy_wait_us_32>
10002de2:	61a5      	str	r5, [r4, #24]
10002de4:	bce0      	pop	{r5, r6, r7}
10002de6:	46ba      	mov	sl, r7
10002de8:	46b1      	mov	r9, r6
10002dea:	46a8      	mov	r8, r5
10002dec:	bdf0      	pop	{r4, r5, r6, r7, pc}
10002dee:	23d0      	movs	r3, #208	@ 0xd0
10002df0:	2280      	movs	r2, #128	@ 0x80
10002df2:	061b      	lsls	r3, r3, #24
10002df4:	0092      	lsls	r2, r2, #2
10002df6:	4804      	ldr	r0, [pc, #16]	@ (10002e08 <ir_driver_send_nec+0x124>)
10002df8:	619a      	str	r2, [r3, #24]
10002dfa:	f001 f9f5 	bl	100041e8 <busy_wait_us_32>
10002dfe:	e7c7      	b.n	10002d90 <ir_driver_send_nec+0xac>
10002e00:	00002328 	.word	0x00002328
10002e04:	00001194 	.word	0x00001194
10002e08:	00000232 	.word	0x00000232
10002e0c:	00000697 	.word	0x00000697

10002e10 <ipp_encode.part.0>:
10002e10:	b5f0      	push	{r4, r5, r6, r7, lr}
10002e12:	46c6      	mov	lr, r8
10002e14:	23f1      	movs	r3, #241	@ 0xf1
10002e16:	b500      	push	{lr}
10002e18:	700b      	strb	r3, [r1, #0]
10002e1a:	7803      	ldrb	r3, [r0, #0]
10002e1c:	0006      	movs	r6, r0
10002e1e:	704b      	strb	r3, [r1, #1]
10002e20:	7843      	ldrb	r3, [r0, #1]
10002e22:	000c      	movs	r4, r1
10002e24:	708b      	strb	r3, [r1, #2]
10002e26:	8843      	ldrh	r3, [r0, #2]
10002e28:	70cb      	strb	r3, [r1, #3]
10002e2a:	8843      	ldrh	r3, [r0, #2]
10002e2c:	0a1b      	lsrs	r3, r3, #8
10002e2e:	710b      	strb	r3, [r1, #4]
10002e30:	8842      	ldrh	r2, [r0, #2]
10002e32:	2a00      	cmp	r2, #0
10002e34:	d000      	beq.n	10002e38 <ipp_encode.part.0+0x28>
10002e36:	e070      	b.n	10002f1a <ipp_encode.part.0+0x10a>
10002e38:	2306      	movs	r3, #6
10002e3a:	4698      	mov	r8, r3
10002e3c:	3b01      	subs	r3, #1
10002e3e:	2007      	movs	r0, #7
10002e40:	469c      	mov	ip, r3
10002e42:	1cd5      	adds	r5, r2, #3
10002e44:	4b3a      	ldr	r3, [pc, #232]	@ (10002f30 <ipp_encode.part.0+0x120>)
10002e46:	2200      	movs	r2, #0
10002e48:	493a      	ldr	r1, [pc, #232]	@ (10002f34 <ipp_encode.part.0+0x124>)
10002e4a:	1ca6      	adds	r6, r4, #2
10002e4c:	e027      	b.n	10002e9e <ipp_encode.part.0+0x8e>
10002e4e:	005b      	lsls	r3, r3, #1
10002e50:	b29f      	uxth	r7, r3
10002e52:	b21b      	sxth	r3, r3
10002e54:	2b00      	cmp	r3, #0
10002e56:	db2e      	blt.n	10002eb6 <ipp_encode.part.0+0xa6>
10002e58:	007f      	lsls	r7, r7, #1
10002e5a:	b2bb      	uxth	r3, r7
10002e5c:	b23f      	sxth	r7, r7
10002e5e:	2f00      	cmp	r7, #0
10002e60:	db2f      	blt.n	10002ec2 <ipp_encode.part.0+0xb2>
10002e62:	005f      	lsls	r7, r3, #1
10002e64:	b2bb      	uxth	r3, r7
10002e66:	b23f      	sxth	r7, r7
10002e68:	2f00      	cmp	r7, #0
10002e6a:	db30      	blt.n	10002ece <ipp_encode.part.0+0xbe>
10002e6c:	005b      	lsls	r3, r3, #1
10002e6e:	b29f      	uxth	r7, r3
10002e70:	b21b      	sxth	r3, r3
10002e72:	2b00      	cmp	r3, #0
10002e74:	db31      	blt.n	10002eda <ipp_encode.part.0+0xca>
10002e76:	007f      	lsls	r7, r7, #1
10002e78:	b2bb      	uxth	r3, r7
10002e7a:	b23f      	sxth	r7, r7
10002e7c:	2f00      	cmp	r7, #0
10002e7e:	db32      	blt.n	10002ee6 <ipp_encode.part.0+0xd6>
10002e80:	005b      	lsls	r3, r3, #1
10002e82:	b29f      	uxth	r7, r3
10002e84:	b21b      	sxth	r3, r3
10002e86:	2b00      	cmp	r3, #0
10002e88:	db33      	blt.n	10002ef2 <ipp_encode.part.0+0xe2>
10002e8a:	007f      	lsls	r7, r7, #1
10002e8c:	b2bb      	uxth	r3, r7
10002e8e:	b23f      	sxth	r7, r7
10002e90:	2f00      	cmp	r7, #0
10002e92:	db34      	blt.n	10002efe <ipp_encode.part.0+0xee>
10002e94:	005b      	lsls	r3, r3, #1
10002e96:	3201      	adds	r2, #1
10002e98:	b29b      	uxth	r3, r3
10002e9a:	4295      	cmp	r5, r2
10002e9c:	d935      	bls.n	10002f0a <ipp_encode.part.0+0xfa>
10002e9e:	5cb7      	ldrb	r7, [r6, r2]
10002ea0:	023f      	lsls	r7, r7, #8
10002ea2:	407b      	eors	r3, r7
10002ea4:	b21f      	sxth	r7, r3
10002ea6:	2f00      	cmp	r7, #0
10002ea8:	dad1      	bge.n	10002e4e <ipp_encode.part.0+0x3e>
10002eaa:	007f      	lsls	r7, r7, #1
10002eac:	404f      	eors	r7, r1
10002eae:	b23b      	sxth	r3, r7
10002eb0:	b2bf      	uxth	r7, r7
10002eb2:	2b00      	cmp	r3, #0
10002eb4:	dad0      	bge.n	10002e58 <ipp_encode.part.0+0x48>
10002eb6:	005b      	lsls	r3, r3, #1
10002eb8:	404b      	eors	r3, r1
10002eba:	b21f      	sxth	r7, r3
10002ebc:	b29b      	uxth	r3, r3
10002ebe:	2f00      	cmp	r7, #0
10002ec0:	dacf      	bge.n	10002e62 <ipp_encode.part.0+0x52>
10002ec2:	007b      	lsls	r3, r7, #1
10002ec4:	404b      	eors	r3, r1
10002ec6:	b21f      	sxth	r7, r3
10002ec8:	b29b      	uxth	r3, r3
10002eca:	2f00      	cmp	r7, #0
10002ecc:	dace      	bge.n	10002e6c <ipp_encode.part.0+0x5c>
10002ece:	007f      	lsls	r7, r7, #1
10002ed0:	404f      	eors	r7, r1
10002ed2:	b23b      	sxth	r3, r7
10002ed4:	b2bf      	uxth	r7, r7
10002ed6:	2b00      	cmp	r3, #0
10002ed8:	dacd      	bge.n	10002e76 <ipp_encode.part.0+0x66>
10002eda:	005b      	lsls	r3, r3, #1
10002edc:	404b      	eors	r3, r1
10002ede:	b21f      	sxth	r7, r3
10002ee0:	b29b      	uxth	r3, r3
10002ee2:	2f00      	cmp	r7, #0
10002ee4:	dacc      	bge.n	10002e80 <ipp_encode.part.0+0x70>
10002ee6:	007f      	lsls	r7, r7, #1
10002ee8:	404f      	eors	r7, r1
10002eea:	b23b      	sxth	r3, r7
10002eec:	b2bf      	uxth	r7, r7
10002eee:	2b00      	cmp	r3, #0
10002ef0:	dacb      	bge.n	10002e8a <ipp_encode.part.0+0x7a>
10002ef2:	005b      	lsls	r3, r3, #1
10002ef4:	404b      	eors	r3, r1
10002ef6:	b21f      	sxth	r7, r3
10002ef8:	b29b      	uxth	r3, r3
10002efa:	2f00      	cmp	r7, #0
10002efc:	daca      	bge.n	10002e94 <ipp_encode.part.0+0x84>
10002efe:	007b      	lsls	r3, r7, #1
10002f00:	404b      	eors	r3, r1
10002f02:	3201      	adds	r2, #1
10002f04:	b29b      	uxth	r3, r3
10002f06:	4295      	cmp	r5, r2
10002f08:	d8c9      	bhi.n	10002e9e <ipp_encode.part.0+0x8e>
10002f0a:	4662      	mov	r2, ip
10002f0c:	54a3      	strb	r3, [r4, r2]
10002f0e:	4642      	mov	r2, r8
10002f10:	0a1b      	lsrs	r3, r3, #8
10002f12:	54a3      	strb	r3, [r4, r2]
10002f14:	bc80      	pop	{r7}
10002f16:	46b8      	mov	r8, r7
10002f18:	bdf0      	pop	{r4, r5, r6, r7, pc}
10002f1a:	1d48      	adds	r0, r1, #5
10002f1c:	1d31      	adds	r1, r6, #4
10002f1e:	f004 fc03 	bl	10007728 <__wrap___aeabi_memcpy>
10002f22:	8872      	ldrh	r2, [r6, #2]
10002f24:	1d53      	adds	r3, r2, #5
10002f26:	469c      	mov	ip, r3
10002f28:	1d93      	adds	r3, r2, #6
10002f2a:	4698      	mov	r8, r3
10002f2c:	1dd0      	adds	r0, r2, #7
10002f2e:	e788      	b.n	10002e42 <ipp_encode.part.0+0x32>
10002f30:	0000ffff 	.word	0x0000ffff
10002f34:	00001021 	.word	0x00001021

10002f38 <ipp_build>:
10002f38:	b570      	push	{r4, r5, r6, lr}
10002f3a:	4e17      	ldr	r6, [pc, #92]	@ (10002f98 <ipp_build+0x60>)
10002f3c:	0015      	movs	r5, r2
10002f3e:	1e1c      	subs	r4, r3, #0
10002f40:	7030      	strb	r0, [r6, #0]
10002f42:	7071      	strb	r1, [r6, #1]
10002f44:	8073      	strh	r3, [r6, #2]
10002f46:	d107      	bne.n	10002f58 <ipp_build+0x20>
10002f48:	9b05      	ldr	r3, [sp, #20]
10002f4a:	2b06      	cmp	r3, #6
10002f4c:	d90a      	bls.n	10002f64 <ipp_build+0x2c>
10002f4e:	0030      	movs	r0, r6
10002f50:	9904      	ldr	r1, [sp, #16]
10002f52:	f7ff ff5d 	bl	10002e10 <ipp_encode.part.0>
10002f56:	e006      	b.n	10002f66 <ipp_build+0x2e>
10002f58:	2a00      	cmp	r2, #0
10002f5a:	d013      	beq.n	10002f84 <ipp_build+0x4c>
10002f5c:	2380      	movs	r3, #128	@ 0x80
10002f5e:	015b      	lsls	r3, r3, #5
10002f60:	429c      	cmp	r4, r3
10002f62:	d901      	bls.n	10002f68 <ipp_build+0x30>
10002f64:	2000      	movs	r0, #0
10002f66:	bd70      	pop	{r4, r5, r6, pc}
10002f68:	0022      	movs	r2, r4
10002f6a:	0029      	movs	r1, r5
10002f6c:	1d30      	adds	r0, r6, #4
10002f6e:	f004 fbdb 	bl	10007728 <__wrap___aeabi_memcpy>
10002f72:	9b05      	ldr	r3, [sp, #20]
10002f74:	3407      	adds	r4, #7
10002f76:	42a3      	cmp	r3, r4
10002f78:	d3f4      	bcc.n	10002f64 <ipp_build+0x2c>
10002f7a:	0030      	movs	r0, r6
10002f7c:	9904      	ldr	r1, [sp, #16]
10002f7e:	f7ff ff47 	bl	10002e10 <ipp_encode.part.0>
10002f82:	e7f0      	b.n	10002f66 <ipp_build+0x2e>
10002f84:	9a05      	ldr	r2, [sp, #20]
10002f86:	3307      	adds	r3, #7
10002f88:	429a      	cmp	r2, r3
10002f8a:	d3eb      	bcc.n	10002f64 <ipp_build+0x2c>
10002f8c:	2380      	movs	r3, #128	@ 0x80
10002f8e:	015b      	lsls	r3, r3, #5
10002f90:	429c      	cmp	r4, r3
10002f92:	d8e7      	bhi.n	10002f64 <ipp_build+0x2c>
10002f94:	e7db      	b.n	10002f4e <ipp_build+0x16>
10002f96:	46c0      	nop			@ (mov r8, r8)
10002f98:	20002eb0 	.word	0x20002eb0

10002f9c <ipp_rx_init>:
10002f9c:	b570      	push	{r4, r5, r6, lr}
10002f9e:	0015      	movs	r5, r2
10002fa0:	2281      	movs	r2, #129	@ 0x81
10002fa2:	0004      	movs	r4, r0
10002fa4:	000e      	movs	r6, r1
10002fa6:	0152      	lsls	r2, r2, #5
10002fa8:	2100      	movs	r1, #0
10002faa:	f004 fbb7 	bl	1000771c <__wrap_memset>
10002fae:	4b02      	ldr	r3, [pc, #8]	@ (10002fb8 <ipp_rx_init+0x1c>)
10002fb0:	50e6      	str	r6, [r4, r3]
10002fb2:	4b02      	ldr	r3, [pc, #8]	@ (10002fbc <ipp_rx_init+0x20>)
10002fb4:	50e5      	str	r5, [r4, r3]
10002fb6:	bd70      	pop	{r4, r5, r6, pc}
10002fb8:	0000100c 	.word	0x0000100c
10002fbc:	00001010 	.word	0x00001010

10002fc0 <gpio_default_irq_handler>:
10002fc0:	23d0      	movs	r3, #208	@ 0xd0
10002fc2:	061b      	lsls	r3, r3, #24
10002fc4:	681b      	ldr	r3, [r3, #0]
10002fc6:	4a93      	ldr	r2, [pc, #588]	@ (10003214 <gpio_default_irq_handler+0x254>)
10002fc8:	0099      	lsls	r1, r3, #2
10002fca:	b5f0      	push	{r4, r5, r6, r7, lr}
10002fcc:	46de      	mov	lr, fp
10002fce:	468b      	mov	fp, r1
10002fd0:	5851      	ldr	r1, [r2, r1]
10002fd2:	425a      	negs	r2, r3
10002fd4:	4153      	adcs	r3, r2
10002fd6:	222f      	movs	r2, #47	@ 0x2f
10002fd8:	4657      	mov	r7, sl
10002fda:	464e      	mov	r6, r9
10002fdc:	4645      	mov	r5, r8
10002fde:	425b      	negs	r3, r3
10002fe0:	4393      	bics	r3, r2
10002fe2:	469a      	mov	sl, r3
10002fe4:	4b8c      	ldr	r3, [pc, #560]	@ (10003218 <gpio_default_irq_handler+0x258>)
10002fe6:	b5e0      	push	{r5, r6, r7, lr}
10002fe8:	469c      	mov	ip, r3
10002fea:	b083      	sub	sp, #12
10002fec:	2600      	movs	r6, #0
10002fee:	9101      	str	r1, [sp, #4]
10002ff0:	44e2      	add	sl, ip
10002ff2:	2900      	cmp	r1, #0
10002ff4:	d034      	beq.n	10003060 <gpio_default_irq_handler+0xa0>
10002ff6:	4b89      	ldr	r3, [pc, #548]	@ (1000321c <gpio_default_irq_handler+0x25c>)
10002ff8:	4699      	mov	r9, r3
10002ffa:	4652      	mov	r2, sl
10002ffc:	08f3      	lsrs	r3, r6, #3
10002ffe:	3308      	adds	r3, #8
10003000:	009b      	lsls	r3, r3, #2
10003002:	589d      	ldr	r5, [r3, r2]
10003004:	2301      	movs	r3, #1
10003006:	0034      	movs	r4, r6
10003008:	4698      	mov	r8, r3
1000300a:	3608      	adds	r6, #8
1000300c:	2d00      	cmp	r5, #0
1000300e:	d01e      	beq.n	1000304e <gpio_default_irq_handler+0x8e>
10003010:	210f      	movs	r1, #15
10003012:	0020      	movs	r0, r4
10003014:	4029      	ands	r1, r5
10003016:	3401      	adds	r4, #1
10003018:	092d      	lsrs	r5, r5, #4
1000301a:	2900      	cmp	r1, #0
1000301c:	d015      	beq.n	1000304a <gpio_default_irq_handler+0x8a>
1000301e:	464b      	mov	r3, r9
10003020:	465a      	mov	r2, fp
10003022:	589a      	ldr	r2, [r3, r2]
10003024:	4643      	mov	r3, r8
10003026:	4083      	lsls	r3, r0
10003028:	421a      	tst	r2, r3
1000302a:	d10c      	bne.n	10003046 <gpio_default_irq_handler+0x86>
1000302c:	2207      	movs	r2, #7
1000302e:	000f      	movs	r7, r1
10003030:	4002      	ands	r2, r0
10003032:	0092      	lsls	r2, r2, #2
10003034:	4097      	lsls	r7, r2
10003036:	003a      	movs	r2, r7
10003038:	08c3      	lsrs	r3, r0, #3
1000303a:	4f79      	ldr	r7, [pc, #484]	@ (10003220 <gpio_default_irq_handler+0x260>)
1000303c:	333c      	adds	r3, #60	@ 0x3c
1000303e:	009b      	lsls	r3, r3, #2
10003040:	51da      	str	r2, [r3, r7]
10003042:	9b01      	ldr	r3, [sp, #4]
10003044:	4798      	blx	r3
10003046:	2d00      	cmp	r5, #0
10003048:	d001      	beq.n	1000304e <gpio_default_irq_handler+0x8e>
1000304a:	42b4      	cmp	r4, r6
1000304c:	d3e0      	bcc.n	10003010 <gpio_default_irq_handler+0x50>
1000304e:	2e20      	cmp	r6, #32
10003050:	d1d3      	bne.n	10002ffa <gpio_default_irq_handler+0x3a>
10003052:	b003      	add	sp, #12
10003054:	bcf0      	pop	{r4, r5, r6, r7}
10003056:	46bb      	mov	fp, r7
10003058:	46b2      	mov	sl, r6
1000305a:	46a9      	mov	r9, r5
1000305c:	46a0      	mov	r8, r4
1000305e:	bdf0      	pop	{r4, r5, r6, r7, pc}
10003060:	4e6e      	ldr	r6, [pc, #440]	@ (1000321c <gpio_default_irq_handler+0x25c>)
10003062:	465f      	mov	r7, fp
10003064:	2100      	movs	r1, #0
10003066:	230f      	movs	r3, #15
10003068:	46b3      	mov	fp, r6
1000306a:	08cc      	lsrs	r4, r1, #3
1000306c:	0022      	movs	r2, r4
1000306e:	4650      	mov	r0, sl
10003070:	3208      	adds	r2, #8
10003072:	0092      	lsls	r2, r2, #2
10003074:	5812      	ldr	r2, [r2, r0]
10003076:	2a00      	cmp	r2, #0
10003078:	d100      	bne.n	1000307c <gpio_default_irq_handler+0xbc>
1000307a:	e0a3      	b.n	100031c4 <gpio_default_irq_handler+0x204>
1000307c:	0018      	movs	r0, r3
1000307e:	4010      	ands	r0, r2
10003080:	4680      	mov	r8, r0
10003082:	0910      	lsrs	r0, r2, #4
10003084:	4213      	tst	r3, r2
10003086:	d011      	beq.n	100030ac <gpio_default_irq_handler+0xec>
10003088:	465d      	mov	r5, fp
1000308a:	59ee      	ldr	r6, [r5, r7]
1000308c:	46b1      	mov	r9, r6
1000308e:	2601      	movs	r6, #1
10003090:	408e      	lsls	r6, r1
10003092:	46b4      	mov	ip, r6
10003094:	464e      	mov	r6, r9
10003096:	4665      	mov	r5, ip
10003098:	422e      	tst	r6, r5
1000309a:	d104      	bne.n	100030a6 <gpio_default_irq_handler+0xe6>
1000309c:	4646      	mov	r6, r8
1000309e:	4d60      	ldr	r5, [pc, #384]	@ (10003220 <gpio_default_irq_handler+0x260>)
100030a0:	343c      	adds	r4, #60	@ 0x3c
100030a2:	00a4      	lsls	r4, r4, #2
100030a4:	5166      	str	r6, [r4, r5]
100030a6:	2800      	cmp	r0, #0
100030a8:	d100      	bne.n	100030ac <gpio_default_irq_handler+0xec>
100030aa:	e08b      	b.n	100031c4 <gpio_default_irq_handler+0x204>
100030ac:	001c      	movs	r4, r3
100030ae:	4004      	ands	r4, r0
100030b0:	46a4      	mov	ip, r4
100030b2:	0a14      	lsrs	r4, r2, #8
100030b4:	4203      	tst	r3, r0
100030b6:	d011      	beq.n	100030dc <gpio_default_irq_handler+0x11c>
100030b8:	2601      	movs	r6, #1
100030ba:	465d      	mov	r5, fp
100030bc:	1c48      	adds	r0, r1, #1
100030be:	4086      	lsls	r6, r0
100030c0:	59ed      	ldr	r5, [r5, r7]
100030c2:	4235      	tst	r5, r6
100030c4:	d108      	bne.n	100030d8 <gpio_default_irq_handler+0x118>
100030c6:	4665      	mov	r5, ip
100030c8:	012d      	lsls	r5, r5, #4
100030ca:	46ac      	mov	ip, r5
100030cc:	4666      	mov	r6, ip
100030ce:	08c0      	lsrs	r0, r0, #3
100030d0:	4d53      	ldr	r5, [pc, #332]	@ (10003220 <gpio_default_irq_handler+0x260>)
100030d2:	303c      	adds	r0, #60	@ 0x3c
100030d4:	0080      	lsls	r0, r0, #2
100030d6:	5146      	str	r6, [r0, r5]
100030d8:	2c00      	cmp	r4, #0
100030da:	d073      	beq.n	100031c4 <gpio_default_irq_handler+0x204>
100030dc:	0018      	movs	r0, r3
100030de:	4020      	ands	r0, r4
100030e0:	4684      	mov	ip, r0
100030e2:	0b10      	lsrs	r0, r2, #12
100030e4:	4223      	tst	r3, r4
100030e6:	d008      	beq.n	100030fa <gpio_default_irq_handler+0x13a>
100030e8:	2601      	movs	r6, #1
100030ea:	465d      	mov	r5, fp
100030ec:	1c8c      	adds	r4, r1, #2
100030ee:	40a6      	lsls	r6, r4
100030f0:	59ed      	ldr	r5, [r5, r7]
100030f2:	4235      	tst	r5, r6
100030f4:	d070      	beq.n	100031d8 <gpio_default_irq_handler+0x218>
100030f6:	2800      	cmp	r0, #0
100030f8:	d064      	beq.n	100031c4 <gpio_default_irq_handler+0x204>
100030fa:	001c      	movs	r4, r3
100030fc:	4004      	ands	r4, r0
100030fe:	46a4      	mov	ip, r4
10003100:	0c14      	lsrs	r4, r2, #16
10003102:	4203      	tst	r3, r0
10003104:	d00a      	beq.n	1000311c <gpio_default_irq_handler+0x15c>
10003106:	2501      	movs	r5, #1
10003108:	1cc8      	adds	r0, r1, #3
1000310a:	4085      	lsls	r5, r0
1000310c:	46a8      	mov	r8, r5
1000310e:	465d      	mov	r5, fp
10003110:	4646      	mov	r6, r8
10003112:	59ed      	ldr	r5, [r5, r7]
10003114:	4235      	tst	r5, r6
10003116:	d069      	beq.n	100031ec <gpio_default_irq_handler+0x22c>
10003118:	2c00      	cmp	r4, #0
1000311a:	d053      	beq.n	100031c4 <gpio_default_irq_handler+0x204>
1000311c:	0018      	movs	r0, r3
1000311e:	4020      	ands	r0, r4
10003120:	4680      	mov	r8, r0
10003122:	0d10      	lsrs	r0, r2, #20
10003124:	4223      	tst	r3, r4
10003126:	d00c      	beq.n	10003142 <gpio_default_irq_handler+0x182>
10003128:	4d3c      	ldr	r5, [pc, #240]	@ (1000321c <gpio_default_irq_handler+0x25c>)
1000312a:	1d0c      	adds	r4, r1, #4
1000312c:	46ac      	mov	ip, r5
1000312e:	2501      	movs	r5, #1
10003130:	40a5      	lsls	r5, r4
10003132:	46a9      	mov	r9, r5
10003134:	4665      	mov	r5, ip
10003136:	464e      	mov	r6, r9
10003138:	59ed      	ldr	r5, [r5, r7]
1000313a:	4235      	tst	r5, r6
1000313c:	d060      	beq.n	10003200 <gpio_default_irq_handler+0x240>
1000313e:	2800      	cmp	r0, #0
10003140:	d040      	beq.n	100031c4 <gpio_default_irq_handler+0x204>
10003142:	001c      	movs	r4, r3
10003144:	4004      	ands	r4, r0
10003146:	46a0      	mov	r8, r4
10003148:	0e14      	lsrs	r4, r2, #24
1000314a:	4203      	tst	r3, r0
1000314c:	d015      	beq.n	1000317a <gpio_default_irq_handler+0x1ba>
1000314e:	4d33      	ldr	r5, [pc, #204]	@ (1000321c <gpio_default_irq_handler+0x25c>)
10003150:	1d48      	adds	r0, r1, #5
10003152:	46ac      	mov	ip, r5
10003154:	2501      	movs	r5, #1
10003156:	4085      	lsls	r5, r0
10003158:	46a9      	mov	r9, r5
1000315a:	4665      	mov	r5, ip
1000315c:	464e      	mov	r6, r9
1000315e:	59ed      	ldr	r5, [r5, r7]
10003160:	4235      	tst	r5, r6
10003162:	d108      	bne.n	10003176 <gpio_default_irq_handler+0x1b6>
10003164:	4645      	mov	r5, r8
10003166:	052d      	lsls	r5, r5, #20
10003168:	46a8      	mov	r8, r5
1000316a:	4646      	mov	r6, r8
1000316c:	08c0      	lsrs	r0, r0, #3
1000316e:	4d2c      	ldr	r5, [pc, #176]	@ (10003220 <gpio_default_irq_handler+0x260>)
10003170:	303c      	adds	r0, #60	@ 0x3c
10003172:	0080      	lsls	r0, r0, #2
10003174:	5146      	str	r6, [r0, r5]
10003176:	2c00      	cmp	r4, #0
10003178:	d024      	beq.n	100031c4 <gpio_default_irq_handler+0x204>
1000317a:	0018      	movs	r0, r3
1000317c:	4020      	ands	r0, r4
1000317e:	4680      	mov	r8, r0
10003180:	0f12      	lsrs	r2, r2, #28
10003182:	4223      	tst	r3, r4
10003184:	d023      	beq.n	100031ce <gpio_default_irq_handler+0x20e>
10003186:	4c25      	ldr	r4, [pc, #148]	@ (1000321c <gpio_default_irq_handler+0x25c>)
10003188:	1d88      	adds	r0, r1, #6
1000318a:	46a4      	mov	ip, r4
1000318c:	2401      	movs	r4, #1
1000318e:	4665      	mov	r5, ip
10003190:	4084      	lsls	r4, r0
10003192:	59ed      	ldr	r5, [r5, r7]
10003194:	4225      	tst	r5, r4
10003196:	d106      	bne.n	100031a6 <gpio_default_irq_handler+0x1e6>
10003198:	4644      	mov	r4, r8
1000319a:	08c0      	lsrs	r0, r0, #3
1000319c:	4d20      	ldr	r5, [pc, #128]	@ (10003220 <gpio_default_irq_handler+0x260>)
1000319e:	303c      	adds	r0, #60	@ 0x3c
100031a0:	0624      	lsls	r4, r4, #24
100031a2:	0080      	lsls	r0, r0, #2
100031a4:	5144      	str	r4, [r0, r5]
100031a6:	2a00      	cmp	r2, #0
100031a8:	d00c      	beq.n	100031c4 <gpio_default_irq_handler+0x204>
100031aa:	2401      	movs	r4, #1
100031ac:	4665      	mov	r5, ip
100031ae:	1dc8      	adds	r0, r1, #7
100031b0:	4084      	lsls	r4, r0
100031b2:	59ed      	ldr	r5, [r5, r7]
100031b4:	4225      	tst	r5, r4
100031b6:	d105      	bne.n	100031c4 <gpio_default_irq_handler+0x204>
100031b8:	08c0      	lsrs	r0, r0, #3
100031ba:	4c19      	ldr	r4, [pc, #100]	@ (10003220 <gpio_default_irq_handler+0x260>)
100031bc:	303c      	adds	r0, #60	@ 0x3c
100031be:	0712      	lsls	r2, r2, #28
100031c0:	0080      	lsls	r0, r0, #2
100031c2:	5102      	str	r2, [r0, r4]
100031c4:	3108      	adds	r1, #8
100031c6:	2920      	cmp	r1, #32
100031c8:	d000      	beq.n	100031cc <gpio_default_irq_handler+0x20c>
100031ca:	e74e      	b.n	1000306a <gpio_default_irq_handler+0xaa>
100031cc:	e741      	b.n	10003052 <gpio_default_irq_handler+0x92>
100031ce:	2a00      	cmp	r2, #0
100031d0:	d0f8      	beq.n	100031c4 <gpio_default_irq_handler+0x204>
100031d2:	4812      	ldr	r0, [pc, #72]	@ (1000321c <gpio_default_irq_handler+0x25c>)
100031d4:	4684      	mov	ip, r0
100031d6:	e7e8      	b.n	100031aa <gpio_default_irq_handler+0x1ea>
100031d8:	4665      	mov	r5, ip
100031da:	022d      	lsls	r5, r5, #8
100031dc:	46ac      	mov	ip, r5
100031de:	4666      	mov	r6, ip
100031e0:	08e4      	lsrs	r4, r4, #3
100031e2:	4d0f      	ldr	r5, [pc, #60]	@ (10003220 <gpio_default_irq_handler+0x260>)
100031e4:	343c      	adds	r4, #60	@ 0x3c
100031e6:	00a4      	lsls	r4, r4, #2
100031e8:	5166      	str	r6, [r4, r5]
100031ea:	e784      	b.n	100030f6 <gpio_default_irq_handler+0x136>
100031ec:	4665      	mov	r5, ip
100031ee:	032d      	lsls	r5, r5, #12
100031f0:	46ac      	mov	ip, r5
100031f2:	4666      	mov	r6, ip
100031f4:	08c0      	lsrs	r0, r0, #3
100031f6:	4d0a      	ldr	r5, [pc, #40]	@ (10003220 <gpio_default_irq_handler+0x260>)
100031f8:	303c      	adds	r0, #60	@ 0x3c
100031fa:	0080      	lsls	r0, r0, #2
100031fc:	5146      	str	r6, [r0, r5]
100031fe:	e78b      	b.n	10003118 <gpio_default_irq_handler+0x158>
10003200:	4645      	mov	r5, r8
10003202:	042d      	lsls	r5, r5, #16
10003204:	46a8      	mov	r8, r5
10003206:	4646      	mov	r6, r8
10003208:	08e4      	lsrs	r4, r4, #3
1000320a:	4d05      	ldr	r5, [pc, #20]	@ (10003220 <gpio_default_irq_handler+0x260>)
1000320c:	343c      	adds	r4, #60	@ 0x3c
1000320e:	00a4      	lsls	r4, r4, #2
10003210:	5166      	str	r6, [r4, r5]
10003212:	e794      	b.n	1000313e <gpio_default_irq_handler+0x17e>
10003214:	20000e20 	.word	0x20000e20
10003218:	40014130 	.word	0x40014130
1000321c:	200063b8 	.word	0x200063b8
10003220:	40014000 	.word	0x40014000

10003224 <gpio_set_function>:
10003224:	4a09      	ldr	r2, [pc, #36]	@ (1000324c <gpio_set_function+0x28>)
10003226:	b510      	push	{r4, lr}
10003228:	4694      	mov	ip, r2
1000322a:	2440      	movs	r4, #64	@ 0x40
1000322c:	0083      	lsls	r3, r0, #2
1000322e:	4463      	add	r3, ip
10003230:	681a      	ldr	r2, [r3, #0]
10003232:	00c0      	lsls	r0, r0, #3
10003234:	4062      	eors	r2, r4
10003236:	3480      	adds	r4, #128	@ 0x80
10003238:	4014      	ands	r4, r2
1000323a:	2280      	movs	r2, #128	@ 0x80
1000323c:	0152      	lsls	r2, r2, #5
1000323e:	4313      	orrs	r3, r2
10003240:	601c      	str	r4, [r3, #0]
10003242:	4b03      	ldr	r3, [pc, #12]	@ (10003250 <gpio_set_function+0x2c>)
10003244:	469c      	mov	ip, r3
10003246:	4460      	add	r0, ip
10003248:	6041      	str	r1, [r0, #4]
1000324a:	bd10      	pop	{r4, pc}
1000324c:	4001c004 	.word	0x4001c004
10003250:	40014000 	.word	0x40014000

10003254 <gpio_set_pulls>:
10003254:	4b07      	ldr	r3, [pc, #28]	@ (10003274 <gpio_set_pulls+0x20>)
10003256:	0080      	lsls	r0, r0, #2
10003258:	469c      	mov	ip, r3
1000325a:	4460      	add	r0, ip
1000325c:	6803      	ldr	r3, [r0, #0]
1000325e:	00c9      	lsls	r1, r1, #3
10003260:	0092      	lsls	r2, r2, #2
10003262:	430a      	orrs	r2, r1
10003264:	405a      	eors	r2, r3
10003266:	230c      	movs	r3, #12
10003268:	401a      	ands	r2, r3
1000326a:	2380      	movs	r3, #128	@ 0x80
1000326c:	015b      	lsls	r3, r3, #5
1000326e:	4303      	orrs	r3, r0
10003270:	601a      	str	r2, [r3, #0]
10003272:	4770      	bx	lr
10003274:	4001c004 	.word	0x4001c004

10003278 <gpio_set_outover>:
10003278:	4b07      	ldr	r3, [pc, #28]	@ (10003298 <gpio_set_outover+0x20>)
1000327a:	00c0      	lsls	r0, r0, #3
1000327c:	469c      	mov	ip, r3
1000327e:	4460      	add	r0, ip
10003280:	6803      	ldr	r3, [r0, #0]
10003282:	0209      	lsls	r1, r1, #8
10003284:	4059      	eors	r1, r3
10003286:	23c0      	movs	r3, #192	@ 0xc0
10003288:	009b      	lsls	r3, r3, #2
1000328a:	4019      	ands	r1, r3
1000328c:	2380      	movs	r3, #128	@ 0x80
1000328e:	015b      	lsls	r3, r3, #5
10003290:	4303      	orrs	r3, r0
10003292:	6019      	str	r1, [r3, #0]
10003294:	4770      	bx	lr
10003296:	46c0      	nop			@ (mov r8, r8)
10003298:	40014004 	.word	0x40014004

1000329c <gpio_set_irq_enabled_with_callback>:
1000329c:	b5f8      	push	{r3, r4, r5, r6, r7, lr}
1000329e:	001d      	movs	r5, r3
100032a0:	23d0      	movs	r3, #208	@ 0xd0
100032a2:	061b      	lsls	r3, r3, #24
100032a4:	681c      	ldr	r4, [r3, #0]
100032a6:	0006      	movs	r6, r0
100032a8:	4260      	negs	r0, r4
100032aa:	4144      	adcs	r4, r0
100032ac:	202f      	movs	r0, #47	@ 0x2f
100032ae:	4264      	negs	r4, r4
100032b0:	4384      	bics	r4, r0
100032b2:	4827      	ldr	r0, [pc, #156]	@ (10003350 <gpio_set_irq_enabled_with_callback+0xb4>)
100032b4:	08f7      	lsrs	r7, r6, #3
100032b6:	4684      	mov	ip, r0
100032b8:	2007      	movs	r0, #7
100032ba:	4030      	ands	r0, r6
100032bc:	0080      	lsls	r0, r0, #2
100032be:	4081      	lsls	r1, r0
100032c0:	0038      	movs	r0, r7
100032c2:	4e24      	ldr	r6, [pc, #144]	@ (10003354 <gpio_set_irq_enabled_with_callback+0xb8>)
100032c4:	303c      	adds	r0, #60	@ 0x3c
100032c6:	4464      	add	r4, ip
100032c8:	0080      	lsls	r0, r0, #2
100032ca:	00bf      	lsls	r7, r7, #2
100032cc:	5181      	str	r1, [r0, r6]
100032ce:	19e4      	adds	r4, r4, r7
100032d0:	2a00      	cmp	r2, #0
100032d2:	d011      	beq.n	100032f8 <gpio_set_irq_enabled_with_callback+0x5c>
100032d4:	2280      	movs	r2, #128	@ 0x80
100032d6:	0192      	lsls	r2, r2, #6
100032d8:	4322      	orrs	r2, r4
100032da:	6011      	str	r1, [r2, #0]
100032dc:	681c      	ldr	r4, [r3, #0]
100032de:	4e1e      	ldr	r6, [pc, #120]	@ (10003358 <gpio_set_irq_enabled_with_callback+0xbc>)
100032e0:	00a4      	lsls	r4, r4, #2
100032e2:	59a3      	ldr	r3, [r4, r6]
100032e4:	2b00      	cmp	r3, #0
100032e6:	d015      	beq.n	10003314 <gpio_set_irq_enabled_with_callback+0x78>
100032e8:	2d00      	cmp	r5, #0
100032ea:	d025      	beq.n	10003338 <gpio_set_irq_enabled_with_callback+0x9c>
100032ec:	51a5      	str	r5, [r4, r6]
100032ee:	2101      	movs	r1, #1
100032f0:	200d      	movs	r0, #13
100032f2:	f000 f8f1 	bl	100034d8 <irq_set_enabled>
100032f6:	bdf8      	pop	{r3, r4, r5, r6, r7, pc}
100032f8:	22c0      	movs	r2, #192	@ 0xc0
100032fa:	0192      	lsls	r2, r2, #6
100032fc:	4322      	orrs	r2, r4
100032fe:	6011      	str	r1, [r2, #0]
10003300:	681c      	ldr	r4, [r3, #0]
10003302:	4e15      	ldr	r6, [pc, #84]	@ (10003358 <gpio_set_irq_enabled_with_callback+0xbc>)
10003304:	00a4      	lsls	r4, r4, #2
10003306:	59a3      	ldr	r3, [r4, r6]
10003308:	2b00      	cmp	r3, #0
1000330a:	d00c      	beq.n	10003326 <gpio_set_irq_enabled_with_callback+0x8a>
1000330c:	2d00      	cmp	r5, #0
1000330e:	d018      	beq.n	10003342 <gpio_set_irq_enabled_with_callback+0xa6>
10003310:	51a5      	str	r5, [r4, r6]
10003312:	e7f0      	b.n	100032f6 <gpio_set_irq_enabled_with_callback+0x5a>
10003314:	2d00      	cmp	r5, #0
10003316:	d0ea      	beq.n	100032ee <gpio_set_irq_enabled_with_callback+0x52>
10003318:	2200      	movs	r2, #0
1000331a:	200d      	movs	r0, #13
1000331c:	490f      	ldr	r1, [pc, #60]	@ (1000335c <gpio_set_irq_enabled_with_callback+0xc0>)
1000331e:	51a5      	str	r5, [r4, r6]
10003320:	f000 f92a 	bl	10003578 <irq_add_shared_handler>
10003324:	e7e3      	b.n	100032ee <gpio_set_irq_enabled_with_callback+0x52>
10003326:	2d00      	cmp	r5, #0
10003328:	d0e5      	beq.n	100032f6 <gpio_set_irq_enabled_with_callback+0x5a>
1000332a:	2200      	movs	r2, #0
1000332c:	200d      	movs	r0, #13
1000332e:	490b      	ldr	r1, [pc, #44]	@ (1000335c <gpio_set_irq_enabled_with_callback+0xc0>)
10003330:	51a5      	str	r5, [r4, r6]
10003332:	f000 f921 	bl	10003578 <irq_add_shared_handler>
10003336:	e7de      	b.n	100032f6 <gpio_set_irq_enabled_with_callback+0x5a>
10003338:	200d      	movs	r0, #13
1000333a:	4908      	ldr	r1, [pc, #32]	@ (1000335c <gpio_set_irq_enabled_with_callback+0xc0>)
1000333c:	f000 fa16 	bl	1000376c <irq_remove_handler>
10003340:	e7d4      	b.n	100032ec <gpio_set_irq_enabled_with_callback+0x50>
10003342:	200d      	movs	r0, #13
10003344:	4905      	ldr	r1, [pc, #20]	@ (1000335c <gpio_set_irq_enabled_with_callback+0xc0>)
10003346:	f000 fa11 	bl	1000376c <irq_remove_handler>
1000334a:	51a5      	str	r5, [r4, r6]
1000334c:	e7d3      	b.n	100032f6 <gpio_set_irq_enabled_with_callback+0x5a>
1000334e:	46c0      	nop			@ (mov r8, r8)
10003350:	40014130 	.word	0x40014130
10003354:	40014000 	.word	0x40014000
10003358:	20000e20 	.word	0x20000e20
1000335c:	10002fc1 	.word	0x10002fc1

10003360 <gpio_init>:
10003360:	2301      	movs	r3, #1
10003362:	22d0      	movs	r2, #208	@ 0xd0
10003364:	4083      	lsls	r3, r0
10003366:	0612      	lsls	r2, r2, #24
10003368:	6293      	str	r3, [r2, #40]	@ 0x28
1000336a:	6193      	str	r3, [r2, #24]
1000336c:	4a09      	ldr	r2, [pc, #36]	@ (10003394 <gpio_init+0x34>)
1000336e:	2140      	movs	r1, #64	@ 0x40
10003370:	4694      	mov	ip, r2
10003372:	0083      	lsls	r3, r0, #2
10003374:	4463      	add	r3, ip
10003376:	681a      	ldr	r2, [r3, #0]
10003378:	00c0      	lsls	r0, r0, #3
1000337a:	404a      	eors	r2, r1
1000337c:	3180      	adds	r1, #128	@ 0x80
1000337e:	4011      	ands	r1, r2
10003380:	2280      	movs	r2, #128	@ 0x80
10003382:	0152      	lsls	r2, r2, #5
10003384:	4313      	orrs	r3, r2
10003386:	6019      	str	r1, [r3, #0]
10003388:	4b03      	ldr	r3, [pc, #12]	@ (10003398 <gpio_init+0x38>)
1000338a:	469c      	mov	ip, r3
1000338c:	2305      	movs	r3, #5
1000338e:	4460      	add	r0, ip
10003390:	6043      	str	r3, [r0, #4]
10003392:	4770      	bx	lr
10003394:	4001c004 	.word	0x4001c004
10003398:	40014000 	.word	0x40014000

1000339c <running_on_fpga>:
1000339c:	4b02      	ldr	r3, [pc, #8]	@ (100033a8 <running_on_fpga+0xc>)
1000339e:	6818      	ldr	r0, [r3, #0]
100033a0:	0780      	lsls	r0, r0, #30
100033a2:	0fc0      	lsrs	r0, r0, #31
100033a4:	4770      	bx	lr
100033a6:	46c0      	nop			@ (mov r8, r8)
100033a8:	4006c000 	.word	0x4006c000

100033ac <hw_claim_lock>:
100033ac:	f3ef 8010 	mrs	r0, PRIMASK
100033b0:	b672      	cpsid	i
100033b2:	4a03      	ldr	r2, [pc, #12]	@ (100033c0 <hw_claim_lock+0x14>)
100033b4:	6813      	ldr	r3, [r2, #0]
100033b6:	2b00      	cmp	r3, #0
100033b8:	d0fc      	beq.n	100033b4 <hw_claim_lock+0x8>
100033ba:	f3bf 8f5f 	dmb	sy
100033be:	4770      	bx	lr
100033c0:	d000012c 	.word	0xd000012c

100033c4 <hw_claim_unlock>:
100033c4:	f3bf 8f5f 	dmb	sy
100033c8:	2200      	movs	r2, #0
100033ca:	4b02      	ldr	r3, [pc, #8]	@ (100033d4 <hw_claim_unlock+0x10>)
100033cc:	601a      	str	r2, [r3, #0]
100033ce:	f380 8810 	msr	PRIMASK, r0
100033d2:	4770      	bx	lr
100033d4:	d000012c 	.word	0xd000012c

100033d8 <hw_claim_or_assert>:
100033d8:	b570      	push	{r4, r5, r6, lr}
100033da:	f3ef 8c10 	mrs	ip, PRIMASK
100033de:	b672      	cpsid	i
100033e0:	4d0d      	ldr	r5, [pc, #52]	@ (10003418 <hw_claim_or_assert+0x40>)
100033e2:	682b      	ldr	r3, [r5, #0]
100033e4:	2b00      	cmp	r3, #0
100033e6:	d0fc      	beq.n	100033e2 <hw_claim_or_assert+0xa>
100033e8:	f3bf 8f5f 	dmb	sy
100033ec:	2407      	movs	r4, #7
100033ee:	08cb      	lsrs	r3, r1, #3
100033f0:	18c6      	adds	r6, r0, r3
100033f2:	5cc0      	ldrb	r0, [r0, r3]
100033f4:	2301      	movs	r3, #1
100033f6:	400c      	ands	r4, r1
100033f8:	40a3      	lsls	r3, r4
100033fa:	001c      	movs	r4, r3
100033fc:	4004      	ands	r4, r0
100033fe:	4203      	tst	r3, r0
10003400:	d107      	bne.n	10003412 <hw_claim_or_assert+0x3a>
10003402:	4318      	orrs	r0, r3
10003404:	7030      	strb	r0, [r6, #0]
10003406:	f3bf 8f5f 	dmb	sy
1000340a:	602c      	str	r4, [r5, #0]
1000340c:	f38c 8810 	msr	PRIMASK, ip
10003410:	bd70      	pop	{r4, r5, r6, pc}
10003412:	0010      	movs	r0, r2
10003414:	f001 fdae 	bl	10004f74 <panic>
10003418:	d000012c 	.word	0xd000012c

1000341c <hw_claim_unused_from_range>:
1000341c:	b5f8      	push	{r3, r4, r5, r6, r7, lr}
1000341e:	4647      	mov	r7, r8
10003420:	46ce      	mov	lr, r9
10003422:	4688      	mov	r8, r1
10003424:	b580      	push	{r7, lr}
10003426:	f3ef 8c10 	mrs	ip, PRIMASK
1000342a:	b672      	cpsid	i
1000342c:	4d1c      	ldr	r5, [pc, #112]	@ (100034a0 <hw_claim_unused_from_range+0x84>)
1000342e:	682c      	ldr	r4, [r5, #0]
10003430:	2c00      	cmp	r4, #0
10003432:	d0fc      	beq.n	1000342e <hw_claim_unused_from_range+0x12>
10003434:	f3bf 8f5f 	dmb	sy
10003438:	429a      	cmp	r2, r3
1000343a:	d822      	bhi.n	10003482 <hw_claim_unused_from_range+0x66>
1000343c:	2107      	movs	r1, #7
1000343e:	2601      	movs	r6, #1
10003440:	4689      	mov	r9, r1
10003442:	e002      	b.n	1000344a <hw_claim_unused_from_range+0x2e>
10003444:	3201      	adds	r2, #1
10003446:	4293      	cmp	r3, r2
10003448:	d318      	bcc.n	1000347c <hw_claim_unused_from_range+0x60>
1000344a:	464d      	mov	r5, r9
1000344c:	0037      	movs	r7, r6
1000344e:	4015      	ands	r5, r2
10003450:	40af      	lsls	r7, r5
10003452:	08d4      	lsrs	r4, r2, #3
10003454:	1901      	adds	r1, r0, r4
10003456:	5d04      	ldrb	r4, [r0, r4]
10003458:	4227      	tst	r7, r4
1000345a:	d1f3      	bne.n	10003444 <hw_claim_unused_from_range+0x28>
1000345c:	0010      	movs	r0, r2
1000345e:	433c      	orrs	r4, r7
10003460:	700c      	strb	r4, [r1, #0]
10003462:	f3bf 8f5f 	dmb	sy
10003466:	2200      	movs	r2, #0
10003468:	4b0d      	ldr	r3, [pc, #52]	@ (100034a0 <hw_claim_unused_from_range+0x84>)
1000346a:	601a      	str	r2, [r3, #0]
1000346c:	f38c 8810 	msr	PRIMASK, ip
10003470:	2800      	cmp	r0, #0
10003472:	db0e      	blt.n	10003492 <hw_claim_unused_from_range+0x76>
10003474:	bcc0      	pop	{r6, r7}
10003476:	46b9      	mov	r9, r7
10003478:	46b0      	mov	r8, r6
1000347a:	bdf8      	pop	{r3, r4, r5, r6, r7, pc}
1000347c:	2001      	movs	r0, #1
1000347e:	4240      	negs	r0, r0
10003480:	e7ef      	b.n	10003462 <hw_claim_unused_from_range+0x46>
10003482:	f3bf 8f5f 	dmb	sy
10003486:	2300      	movs	r3, #0
10003488:	602b      	str	r3, [r5, #0]
1000348a:	f38c 8810 	msr	PRIMASK, ip
1000348e:	2001      	movs	r0, #1
10003490:	4240      	negs	r0, r0
10003492:	4643      	mov	r3, r8
10003494:	2b00      	cmp	r3, #0
10003496:	d0ed      	beq.n	10003474 <hw_claim_unused_from_range+0x58>
10003498:	9808      	ldr	r0, [sp, #32]
1000349a:	f001 fd6b 	bl	10004f74 <panic>
1000349e:	46c0      	nop			@ (mov r8, r8)
100034a0:	d000012c 	.word	0xd000012c

100034a4 <spin_locks_reset>:
100034a4:	2100      	movs	r1, #0
100034a6:	4b04      	ldr	r3, [pc, #16]	@ (100034b8 <spin_locks_reset+0x14>)
100034a8:	4a04      	ldr	r2, [pc, #16]	@ (100034bc <spin_locks_reset+0x18>)
100034aa:	f3bf 8f5f 	dmb	sy
100034ae:	c302      	stmia	r3!, {r1}
100034b0:	4293      	cmp	r3, r2
100034b2:	d1fa      	bne.n	100034aa <spin_locks_reset+0x6>
100034b4:	4770      	bx	lr
100034b6:	46c0      	nop			@ (mov r8, r8)
100034b8:	d0000100 	.word	0xd0000100
100034bc:	d0000180 	.word	0xd0000180

100034c0 <next_striped_spin_lock_num>:
100034c0:	4a04      	ldr	r2, [pc, #16]	@ (100034d4 <next_striped_spin_lock_num+0x14>)
100034c2:	7810      	ldrb	r0, [r2, #0]
100034c4:	1c43      	adds	r3, r0, #1
100034c6:	b2db      	uxtb	r3, r3
100034c8:	2b17      	cmp	r3, #23
100034ca:	d900      	bls.n	100034ce <next_striped_spin_lock_num+0xe>
100034cc:	2310      	movs	r3, #16
100034ce:	7013      	strb	r3, [r2, #0]
100034d0:	4770      	bx	lr
100034d2:	46c0      	nop			@ (mov r8, r8)
100034d4:	20000a08 	.word	0x20000a08

100034d8 <irq_set_enabled>:
100034d8:	2301      	movs	r3, #1
100034da:	4083      	lsls	r3, r0
100034dc:	2900      	cmp	r1, #0
100034de:	d004      	beq.n	100034ea <irq_set_enabled+0x12>
100034e0:	4a03      	ldr	r2, [pc, #12]	@ (100034f0 <irq_set_enabled+0x18>)
100034e2:	6013      	str	r3, [r2, #0]
100034e4:	4a03      	ldr	r2, [pc, #12]	@ (100034f4 <irq_set_enabled+0x1c>)
100034e6:	6013      	str	r3, [r2, #0]
100034e8:	4770      	bx	lr
100034ea:	4a03      	ldr	r2, [pc, #12]	@ (100034f8 <irq_set_enabled+0x20>)
100034ec:	6013      	str	r3, [r2, #0]
100034ee:	e7fb      	b.n	100034e8 <irq_set_enabled+0x10>
100034f0:	e000e280 	.word	0xe000e280
100034f4:	e000e100 	.word	0xe000e100
100034f8:	e000e180 	.word	0xe000e180

100034fc <irq_is_enabled>:
100034fc:	2201      	movs	r2, #1
100034fe:	4082      	lsls	r2, r0
10003500:	4b03      	ldr	r3, [pc, #12]	@ (10003510 <irq_is_enabled+0x14>)
10003502:	681b      	ldr	r3, [r3, #0]
10003504:	4013      	ands	r3, r2
10003506:	1e5a      	subs	r2, r3, #1
10003508:	4193      	sbcs	r3, r2
1000350a:	b2d8      	uxtb	r0, r3
1000350c:	4770      	bx	lr
1000350e:	46c0      	nop			@ (mov r8, r8)
10003510:	e000e100 	.word	0xe000e100

10003514 <irq_get_vtable_handler>:
10003514:	4b02      	ldr	r3, [pc, #8]	@ (10003520 <irq_get_vtable_handler+0xc>)
10003516:	3010      	adds	r0, #16
10003518:	689b      	ldr	r3, [r3, #8]
1000351a:	0080      	lsls	r0, r0, #2
1000351c:	58c0      	ldr	r0, [r0, r3]
1000351e:	4770      	bx	lr
10003520:	e000ed00 	.word	0xe000ed00

10003524 <irq_set_exclusive_handler>:
10003524:	b570      	push	{r4, r5, r6, lr}
10003526:	000d      	movs	r5, r1
10003528:	f3ef 8610 	mrs	r6, PRIMASK
1000352c:	b672      	cpsid	i
1000352e:	4a0f      	ldr	r2, [pc, #60]	@ (1000356c <irq_set_exclusive_handler+0x48>)
10003530:	6813      	ldr	r3, [r2, #0]
10003532:	2b00      	cmp	r3, #0
10003534:	d0fc      	beq.n	10003530 <irq_set_exclusive_handler+0xc>
10003536:	f3bf 8f5f 	dmb	sy
1000353a:	4b0d      	ldr	r3, [pc, #52]	@ (10003570 <irq_set_exclusive_handler+0x4c>)
1000353c:	3010      	adds	r0, #16
1000353e:	689b      	ldr	r3, [r3, #8]
10003540:	0084      	lsls	r4, r0, #2
10003542:	591b      	ldr	r3, [r3, r4]
10003544:	4a0b      	ldr	r2, [pc, #44]	@ (10003574 <irq_set_exclusive_handler+0x50>)
10003546:	4293      	cmp	r3, r2
10003548:	d003      	beq.n	10003552 <irq_set_exclusive_handler+0x2e>
1000354a:	429d      	cmp	r5, r3
1000354c:	d001      	beq.n	10003552 <irq_set_exclusive_handler+0x2e>
1000354e:	f001 fd29 	bl	10004fa4 <hard_assertion_failure>
10003552:	4b07      	ldr	r3, [pc, #28]	@ (10003570 <irq_set_exclusive_handler+0x4c>)
10003554:	689b      	ldr	r3, [r3, #8]
10003556:	511d      	str	r5, [r3, r4]
10003558:	f3bf 8f5f 	dmb	sy
1000355c:	f3bf 8f5f 	dmb	sy
10003560:	2200      	movs	r2, #0
10003562:	4b02      	ldr	r3, [pc, #8]	@ (1000356c <irq_set_exclusive_handler+0x48>)
10003564:	601a      	str	r2, [r3, #0]
10003566:	f386 8810 	msr	PRIMASK, r6
1000356a:	bd70      	pop	{r4, r5, r6, pc}
1000356c:	d0000124 	.word	0xd0000124
10003570:	e000ed00 	.word	0xe000ed00
10003574:	100001cd 	.word	0x100001cd

10003578 <irq_add_shared_handler>:
10003578:	b5f0      	push	{r4, r5, r6, r7, lr}
1000357a:	4657      	mov	r7, sl
1000357c:	464e      	mov	r6, r9
1000357e:	46de      	mov	lr, fp
10003580:	4645      	mov	r5, r8
10003582:	b5e0      	push	{r5, r6, r7, lr}
10003584:	b085      	sub	sp, #20
10003586:	0006      	movs	r6, r0
10003588:	9100      	str	r1, [sp, #0]
1000358a:	0017      	movs	r7, r2
1000358c:	f3ef 8b10 	mrs	fp, PRIMASK
10003590:	b672      	cpsid	i
10003592:	4a6a      	ldr	r2, [pc, #424]	@ (1000373c <irq_add_shared_handler+0x1c4>)
10003594:	6813      	ldr	r3, [r2, #0]
10003596:	2b00      	cmp	r3, #0
10003598:	d0fc      	beq.n	10003594 <irq_add_shared_handler+0x1c>
1000359a:	f3bf 8f5f 	dmb	sy
1000359e:	2500      	movs	r5, #0
100035a0:	4b67      	ldr	r3, [pc, #412]	@ (10003740 <irq_add_shared_handler+0x1c8>)
100035a2:	575d      	ldrsb	r5, [r3, r5]
100035a4:	469a      	mov	sl, r3
100035a6:	2d00      	cmp	r5, #0
100035a8:	da00      	bge.n	100035ac <irq_add_shared_handler+0x34>
100035aa:	e0a9      	b.n	10003700 <irq_add_shared_handler+0x188>
100035ac:	006b      	lsls	r3, r5, #1
100035ae:	4c65      	ldr	r4, [pc, #404]	@ (10003744 <irq_add_shared_handler+0x1cc>)
100035b0:	9301      	str	r3, [sp, #4]
100035b2:	195b      	adds	r3, r3, r5
100035b4:	009b      	lsls	r3, r3, #2
100035b6:	4698      	mov	r8, r3
100035b8:	46a1      	mov	r9, r4
100035ba:	44c1      	add	r9, r8
100035bc:	464b      	mov	r3, r9
100035be:	4652      	mov	r2, sl
100035c0:	799b      	ldrb	r3, [r3, #6]
100035c2:	3610      	adds	r6, #16
100035c4:	7013      	strb	r3, [r2, #0]
100035c6:	4b60      	ldr	r3, [pc, #384]	@ (10003748 <irq_add_shared_handler+0x1d0>)
100035c8:	00b6      	lsls	r6, r6, #2
100035ca:	689b      	ldr	r3, [r3, #8]
100035cc:	5999      	ldr	r1, [r3, r6]
100035ce:	1b0b      	subs	r3, r1, r4
100035d0:	2b2f      	cmp	r3, #47	@ 0x2f
100035d2:	d933      	bls.n	1000363c <irq_add_shared_handler+0xc4>
100035d4:	4b5d      	ldr	r3, [pc, #372]	@ (1000374c <irq_add_shared_handler+0x1d4>)
100035d6:	4299      	cmp	r1, r3
100035d8:	d000      	beq.n	100035dc <irq_add_shared_handler+0x64>
100035da:	e0ac      	b.n	10003736 <irq_add_shared_handler+0x1be>
100035dc:	9b01      	ldr	r3, [sp, #4]
100035de:	4642      	mov	r2, r8
100035e0:	469c      	mov	ip, r3
100035e2:	4b5b      	ldr	r3, [pc, #364]	@ (10003750 <irq_add_shared_handler+0x1d8>)
100035e4:	4465      	add	r5, ip
100035e6:	00ad      	lsls	r5, r5, #2
100035e8:	5363      	strh	r3, [r4, r5]
100035ea:	4b5a      	ldr	r3, [pc, #360]	@ (10003754 <irq_add_shared_handler+0x1dc>)
100035ec:	3202      	adds	r2, #2
100035ee:	18a2      	adds	r2, r4, r2
100035f0:	3b04      	subs	r3, #4
100035f2:	1a9b      	subs	r3, r3, r2
100035f4:	051b      	lsls	r3, r3, #20
100035f6:	4a58      	ldr	r2, [pc, #352]	@ (10003758 <irq_add_shared_handler+0x1e0>)
100035f8:	0d5b      	lsrs	r3, r3, #21
100035fa:	1965      	adds	r5, r4, r5
100035fc:	4313      	orrs	r3, r2
100035fe:	806b      	strh	r3, [r5, #2]
10003600:	4b56      	ldr	r3, [pc, #344]	@ (1000375c <irq_add_shared_handler+0x1e4>)
10003602:	2101      	movs	r1, #1
10003604:	80ab      	strh	r3, [r5, #4]
10003606:	23ff      	movs	r3, #255	@ 0xff
10003608:	71ab      	strb	r3, [r5, #6]
1000360a:	9b00      	ldr	r3, [sp, #0]
1000360c:	71ef      	strb	r7, [r5, #7]
1000360e:	60ab      	str	r3, [r5, #8]
10003610:	464b      	mov	r3, r9
10003612:	430b      	orrs	r3, r1
10003614:	0019      	movs	r1, r3
10003616:	4b4c      	ldr	r3, [pc, #304]	@ (10003748 <irq_add_shared_handler+0x1d0>)
10003618:	689b      	ldr	r3, [r3, #8]
1000361a:	5199      	str	r1, [r3, r6]
1000361c:	f3bf 8f5f 	dmb	sy
10003620:	f3bf 8f5f 	dmb	sy
10003624:	2200      	movs	r2, #0
10003626:	4b45      	ldr	r3, [pc, #276]	@ (1000373c <irq_add_shared_handler+0x1c4>)
10003628:	601a      	str	r2, [r3, #0]
1000362a:	f38b 8810 	msr	PRIMASK, fp
1000362e:	b005      	add	sp, #20
10003630:	bcf0      	pop	{r4, r5, r6, r7}
10003632:	46bb      	mov	fp, r7
10003634:	46b2      	mov	sl, r6
10003636:	46a9      	mov	r9, r5
10003638:	46a0      	mov	r8, r4
1000363a:	bdf0      	pop	{r4, r5, r6, r7, pc}
1000363c:	2001      	movs	r0, #1
1000363e:	000a      	movs	r2, r1
10003640:	4382      	bics	r2, r0
10003642:	79d3      	ldrb	r3, [r2, #7]
10003644:	468c      	mov	ip, r1
10003646:	42bb      	cmp	r3, r7
10003648:	d831      	bhi.n	100036ae <irq_add_shared_handler+0x136>
1000364a:	4645      	mov	r5, r8
1000364c:	0013      	movs	r3, r2
1000364e:	4944      	ldr	r1, [pc, #272]	@ (10003760 <irq_add_shared_handler+0x1e8>)
10003650:	1b1b      	subs	r3, r3, r4
10003652:	415b      	adcs	r3, r3
10003654:	4359      	muls	r1, r3
10003656:	0d09      	lsrs	r1, r1, #20
10003658:	4b3d      	ldr	r3, [pc, #244]	@ (10003750 <irq_add_shared_handler+0x1d8>)
1000365a:	5363      	strh	r3, [r4, r5]
1000365c:	4b3d      	ldr	r3, [pc, #244]	@ (10003754 <irq_add_shared_handler+0x1dc>)
1000365e:	3502      	adds	r5, #2
10003660:	1965      	adds	r5, r4, r5
10003662:	3b04      	subs	r3, #4
10003664:	1b5b      	subs	r3, r3, r5
10003666:	051b      	lsls	r3, r3, #20
10003668:	4d3b      	ldr	r5, [pc, #236]	@ (10003758 <irq_add_shared_handler+0x1e0>)
1000366a:	0d5b      	lsrs	r3, r3, #21
1000366c:	432b      	orrs	r3, r5
1000366e:	46aa      	mov	sl, r5
10003670:	464d      	mov	r5, r9
10003672:	806b      	strh	r3, [r5, #2]
10003674:	2504      	movs	r5, #4
10003676:	46ac      	mov	ip, r5
10003678:	4655      	mov	r5, sl
1000367a:	44e0      	add	r8, ip
1000367c:	1f13      	subs	r3, r2, #4
1000367e:	4444      	add	r4, r8
10003680:	1b1b      	subs	r3, r3, r4
10003682:	051b      	lsls	r3, r3, #20
10003684:	0d5b      	lsrs	r3, r3, #21
10003686:	431d      	orrs	r5, r3
10003688:	464b      	mov	r3, r9
1000368a:	7199      	strb	r1, [r3, #6]
1000368c:	9900      	ldr	r1, [sp, #0]
1000368e:	809d      	strh	r5, [r3, #4]
10003690:	6099      	str	r1, [r3, #8]
10003692:	4649      	mov	r1, r9
10003694:	71df      	strb	r7, [r3, #7]
10003696:	4b33      	ldr	r3, [pc, #204]	@ (10003764 <irq_add_shared_handler+0x1ec>)
10003698:	4301      	orrs	r1, r0
1000369a:	6013      	str	r3, [r2, #0]
1000369c:	e7bb      	b.n	10003616 <irq_add_shared_handler+0x9e>
1000369e:	0058      	lsls	r0, r3, #1
100036a0:	18c0      	adds	r0, r0, r3
100036a2:	0080      	lsls	r0, r0, #2
100036a4:	1820      	adds	r0, r4, r0
100036a6:	79c1      	ldrb	r1, [r0, #7]
100036a8:	42b9      	cmp	r1, r7
100036aa:	d92f      	bls.n	1000370c <irq_add_shared_handler+0x194>
100036ac:	0002      	movs	r2, r0
100036ae:	2306      	movs	r3, #6
100036b0:	56d3      	ldrsb	r3, [r2, r3]
100036b2:	2b00      	cmp	r3, #0
100036b4:	daf3      	bge.n	1000369e <irq_add_shared_handler+0x126>
100036b6:	9302      	str	r3, [sp, #8]
100036b8:	4b2b      	ldr	r3, [pc, #172]	@ (10003768 <irq_add_shared_handler+0x1f0>)
100036ba:	4661      	mov	r1, ip
100036bc:	9303      	str	r3, [sp, #12]
100036be:	1d13      	adds	r3, r2, #4
100036c0:	469a      	mov	sl, r3
100036c2:	2304      	movs	r3, #4
100036c4:	425b      	negs	r3, r3
100036c6:	469c      	mov	ip, r3
100036c8:	44e1      	add	r9, ip
100036ca:	4650      	mov	r0, sl
100036cc:	464b      	mov	r3, r9
100036ce:	1a1b      	subs	r3, r3, r0
100036d0:	051b      	lsls	r3, r3, #20
100036d2:	0d5b      	lsrs	r3, r3, #21
100036d4:	469c      	mov	ip, r3
100036d6:	4b20      	ldr	r3, [pc, #128]	@ (10003758 <irq_add_shared_handler+0x1e0>)
100036d8:	7195      	strb	r5, [r2, #6]
100036da:	4698      	mov	r8, r3
100036dc:	4663      	mov	r3, ip
100036de:	4640      	mov	r0, r8
100036e0:	4303      	orrs	r3, r0
100036e2:	8093      	strh	r3, [r2, #4]
100036e4:	9b01      	ldr	r3, [sp, #4]
100036e6:	195a      	adds	r2, r3, r5
100036e8:	0092      	lsls	r2, r2, #2
100036ea:	9b03      	ldr	r3, [sp, #12]
100036ec:	18a4      	adds	r4, r4, r2
100036ee:	80a3      	strh	r3, [r4, #4]
100036f0:	9b02      	ldr	r3, [sp, #8]
100036f2:	4a1c      	ldr	r2, [pc, #112]	@ (10003764 <irq_add_shared_handler+0x1ec>)
100036f4:	71a3      	strb	r3, [r4, #6]
100036f6:	9b00      	ldr	r3, [sp, #0]
100036f8:	6022      	str	r2, [r4, #0]
100036fa:	71e7      	strb	r7, [r4, #7]
100036fc:	60a3      	str	r3, [r4, #8]
100036fe:	e78a      	b.n	10003616 <irq_add_shared_handler+0x9e>
10003700:	f001 fc50 	bl	10004fa4 <hard_assertion_failure>
10003704:	2500      	movs	r5, #0
10003706:	4653      	mov	r3, sl
10003708:	575d      	ldrsb	r5, [r3, r5]
1000370a:	e74f      	b.n	100035ac <irq_add_shared_handler+0x34>
1000370c:	8890      	ldrh	r0, [r2, #4]
1000370e:	9302      	str	r3, [sp, #8]
10003710:	0540      	lsls	r0, r0, #21
10003712:	1d13      	adds	r3, r2, #4
10003714:	469a      	mov	sl, r3
10003716:	1503      	asrs	r3, r0, #20
10003718:	4661      	mov	r1, ip
1000371a:	469c      	mov	ip, r3
1000371c:	4640      	mov	r0, r8
1000371e:	44d4      	add	ip, sl
10003720:	4663      	mov	r3, ip
10003722:	3004      	adds	r0, #4
10003724:	1820      	adds	r0, r4, r0
10003726:	1a18      	subs	r0, r3, r0
10003728:	23e0      	movs	r3, #224	@ 0xe0
1000372a:	0500      	lsls	r0, r0, #20
1000372c:	0d40      	lsrs	r0, r0, #21
1000372e:	021b      	lsls	r3, r3, #8
10003730:	4318      	orrs	r0, r3
10003732:	9003      	str	r0, [sp, #12]
10003734:	e7c5      	b.n	100036c2 <irq_add_shared_handler+0x14a>
10003736:	f001 fc35 	bl	10004fa4 <hard_assertion_failure>
1000373a:	e74f      	b.n	100035dc <irq_add_shared_handler+0x64>
1000373c:	d0000124 	.word	0xd0000124
10003740:	2000764f 	.word	0x2000764f
10003744:	20000a0c 	.word	0x20000a0c
10003748:	e000ed00 	.word	0xe000ed00
1000374c:	100001cd 	.word	0x100001cd
10003750:	ffffa100 	.word	0xffffa100
10003754:	20000a3c 	.word	0x20000a3c
10003758:	ffffe000 	.word	0xffffe000
1000375c:	ffffbd01 	.word	0xffffbd01
10003760:	0000aaaa 	.word	0x0000aaaa
10003764:	47804801 	.word	0x47804801
10003768:	0000bd01 	.word	0x0000bd01

1000376c <irq_remove_handler>:
1000376c:	b5f8      	push	{r3, r4, r5, r6, r7, lr}
1000376e:	46de      	mov	lr, fp
10003770:	4657      	mov	r7, sl
10003772:	464e      	mov	r6, r9
10003774:	4645      	mov	r5, r8
10003776:	000c      	movs	r4, r1
10003778:	b5e0      	push	{r5, r6, r7, lr}
1000377a:	f3ef 8810 	mrs	r8, PRIMASK
1000377e:	b672      	cpsid	i
10003780:	4a5b      	ldr	r2, [pc, #364]	@ (100038f0 <irq_remove_handler+0x184>)
10003782:	6813      	ldr	r3, [r2, #0]
10003784:	2b00      	cmp	r3, #0
10003786:	d0fc      	beq.n	10003782 <irq_remove_handler+0x16>
10003788:	f3bf 8f5f 	dmb	sy
1000378c:	4b59      	ldr	r3, [pc, #356]	@ (100038f4 <irq_remove_handler+0x188>)
1000378e:	495a      	ldr	r1, [pc, #360]	@ (100038f8 <irq_remove_handler+0x18c>)
10003790:	689a      	ldr	r2, [r3, #8]
10003792:	0003      	movs	r3, r0
10003794:	3310      	adds	r3, #16
10003796:	009f      	lsls	r7, r3, #2
10003798:	59d5      	ldr	r5, [r2, r7]
1000379a:	469c      	mov	ip, r3
1000379c:	428d      	cmp	r5, r1
1000379e:	d038      	beq.n	10003812 <irq_remove_handler+0xa6>
100037a0:	42a5      	cmp	r5, r4
100037a2:	d048      	beq.n	10003836 <irq_remove_handler+0xca>
100037a4:	4e55      	ldr	r6, [pc, #340]	@ (100038fc <irq_remove_handler+0x190>)
100037a6:	1baa      	subs	r2, r5, r6
100037a8:	2a2f      	cmp	r2, #47	@ 0x2f
100037aa:	d832      	bhi.n	10003812 <irq_remove_handler+0xa6>
100037ac:	2201      	movs	r2, #1
100037ae:	0013      	movs	r3, r2
100037b0:	4083      	lsls	r3, r0
100037b2:	4699      	mov	r9, r3
100037b4:	4852      	ldr	r0, [pc, #328]	@ (10003900 <irq_remove_handler+0x194>)
100037b6:	6800      	ldr	r0, [r0, #0]
100037b8:	4003      	ands	r3, r0
100037ba:	469a      	mov	sl, r3
100037bc:	464b      	mov	r3, r9
100037be:	4851      	ldr	r0, [pc, #324]	@ (10003904 <irq_remove_handler+0x198>)
100037c0:	6003      	str	r3, [r0, #0]
100037c2:	f3bf 8f5f 	dmb	sy
100037c6:	f3ef 8305 	mrs	r3, IPSR
100037ca:	469b      	mov	fp, r3
100037cc:	2b00      	cmp	r3, #0
100037ce:	d034      	beq.n	1000383a <irq_remove_handler+0xce>
100037d0:	459c      	cmp	ip, r3
100037d2:	d001      	beq.n	100037d8 <irq_remove_handler+0x6c>
100037d4:	f001 fbe6 	bl	10004fa4 <hard_assertion_failure>
100037d8:	2301      	movs	r3, #1
100037da:	002a      	movs	r2, r5
100037dc:	439a      	bics	r2, r3
100037de:	6890      	ldr	r0, [r2, #8]
100037e0:	4284      	cmp	r4, r0
100037e2:	d108      	bne.n	100037f6 <irq_remove_handler+0x8a>
100037e4:	e072      	b.n	100038cc <irq_remove_handler+0x160>
100037e6:	004b      	lsls	r3, r1, #1
100037e8:	185b      	adds	r3, r3, r1
100037ea:	009b      	lsls	r3, r3, #2
100037ec:	18f3      	adds	r3, r6, r3
100037ee:	6898      	ldr	r0, [r3, #8]
100037f0:	42a0      	cmp	r0, r4
100037f2:	d032      	beq.n	1000385a <irq_remove_handler+0xee>
100037f4:	001a      	movs	r2, r3
100037f6:	2106      	movs	r1, #6
100037f8:	5651      	ldrsb	r1, [r2, r1]
100037fa:	2900      	cmp	r1, #0
100037fc:	daf3      	bge.n	100037e6 <irq_remove_handler+0x7a>
100037fe:	4284      	cmp	r4, r0
10003800:	d050      	beq.n	100038a4 <irq_remove_handler+0x138>
10003802:	4653      	mov	r3, sl
10003804:	2b00      	cmp	r3, #0
10003806:	d024      	beq.n	10003852 <irq_remove_handler+0xe6>
10003808:	464a      	mov	r2, r9
1000380a:	4b3f      	ldr	r3, [pc, #252]	@ (10003908 <irq_remove_handler+0x19c>)
1000380c:	601a      	str	r2, [r3, #0]
1000380e:	4b3c      	ldr	r3, [pc, #240]	@ (10003900 <irq_remove_handler+0x194>)
10003810:	601a      	str	r2, [r3, #0]
10003812:	4b38      	ldr	r3, [pc, #224]	@ (100038f4 <irq_remove_handler+0x188>)
10003814:	689b      	ldr	r3, [r3, #8]
10003816:	51dd      	str	r5, [r3, r7]
10003818:	f3bf 8f5f 	dmb	sy
1000381c:	f3bf 8f5f 	dmb	sy
10003820:	2200      	movs	r2, #0
10003822:	4b33      	ldr	r3, [pc, #204]	@ (100038f0 <irq_remove_handler+0x184>)
10003824:	601a      	str	r2, [r3, #0]
10003826:	f388 8810 	msr	PRIMASK, r8
1000382a:	bcf0      	pop	{r4, r5, r6, r7}
1000382c:	46bb      	mov	fp, r7
1000382e:	46b2      	mov	sl, r6
10003830:	46a9      	mov	r9, r5
10003832:	46a0      	mov	r8, r4
10003834:	bdf8      	pop	{r3, r4, r5, r6, r7, pc}
10003836:	000d      	movs	r5, r1
10003838:	e7eb      	b.n	10003812 <irq_remove_handler+0xa6>
1000383a:	002b      	movs	r3, r5
1000383c:	4393      	bics	r3, r2
1000383e:	6898      	ldr	r0, [r3, #8]
10003840:	001a      	movs	r2, r3
10003842:	4284      	cmp	r4, r0
10003844:	d1d7      	bne.n	100037f6 <irq_remove_handler+0x8a>
10003846:	2006      	movs	r0, #6
10003848:	5618      	ldrsb	r0, [r3, r0]
1000384a:	2800      	cmp	r0, #0
1000384c:	da09      	bge.n	10003862 <irq_remove_handler+0xf6>
1000384e:	000d      	movs	r5, r1
10003850:	e030      	b.n	100038b4 <irq_remove_handler+0x148>
10003852:	464a      	mov	r2, r9
10003854:	4b2b      	ldr	r3, [pc, #172]	@ (10003904 <irq_remove_handler+0x198>)
10003856:	601a      	str	r2, [r3, #0]
10003858:	e7db      	b.n	10003812 <irq_remove_handler+0xa6>
1000385a:	2006      	movs	r0, #6
1000385c:	5618      	ldrsb	r0, [r3, r0]
1000385e:	2800      	cmp	r0, #0
10003860:	db21      	blt.n	100038a6 <irq_remove_handler+0x13a>
10003862:	0042      	lsls	r2, r0, #1
10003864:	1811      	adds	r1, r2, r0
10003866:	0089      	lsls	r1, r1, #2
10003868:	1874      	adds	r4, r6, r1
1000386a:	468b      	mov	fp, r1
1000386c:	68a1      	ldr	r1, [r4, #8]
1000386e:	6099      	str	r1, [r3, #8]
10003870:	79e1      	ldrb	r1, [r4, #7]
10003872:	71d9      	strb	r1, [r3, #7]
10003874:	2106      	movs	r1, #6
10003876:	5661      	ldrsb	r1, [r4, r1]
10003878:	7199      	strb	r1, [r3, #6]
1000387a:	2900      	cmp	r1, #0
1000387c:	db24      	blt.n	100038c8 <irq_remove_handler+0x15c>
1000387e:	88a4      	ldrh	r4, [r4, #4]
10003880:	1af1      	subs	r1, r6, r3
10003882:	0564      	lsls	r4, r4, #21
10003884:	1524      	asrs	r4, r4, #20
10003886:	445c      	add	r4, fp
10003888:	1909      	adds	r1, r1, r4
1000388a:	0509      	lsls	r1, r1, #20
1000388c:	4c1f      	ldr	r4, [pc, #124]	@ (1000390c <irq_remove_handler+0x1a0>)
1000388e:	0d49      	lsrs	r1, r1, #21
10003890:	4321      	orrs	r1, r4
10003892:	8099      	strh	r1, [r3, #4]
10003894:	1813      	adds	r3, r2, r0
10003896:	4a1e      	ldr	r2, [pc, #120]	@ (10003910 <irq_remove_handler+0x1a4>)
10003898:	009b      	lsls	r3, r3, #2
1000389a:	7811      	ldrb	r1, [r2, #0]
1000389c:	18f3      	adds	r3, r6, r3
1000389e:	7199      	strb	r1, [r3, #6]
100038a0:	7010      	strb	r0, [r2, #0]
100038a2:	e7ae      	b.n	10003802 <irq_remove_handler+0x96>
100038a4:	0013      	movs	r3, r2
100038a6:	4659      	mov	r1, fp
100038a8:	2900      	cmp	r1, #0
100038aa:	d114      	bne.n	100038d6 <irq_remove_handler+0x16a>
100038ac:	31ff      	adds	r1, #255	@ 0xff
100038ae:	7191      	strb	r1, [r2, #6]
100038b0:	4918      	ldr	r1, [pc, #96]	@ (10003914 <irq_remove_handler+0x1a8>)
100038b2:	8091      	strh	r1, [r2, #4]
100038b4:	4916      	ldr	r1, [pc, #88]	@ (10003910 <irq_remove_handler+0x1a4>)
100038b6:	780a      	ldrb	r2, [r1, #0]
100038b8:	719a      	strb	r2, [r3, #6]
100038ba:	4a17      	ldr	r2, [pc, #92]	@ (10003918 <irq_remove_handler+0x1ac>)
100038bc:	1b9b      	subs	r3, r3, r6
100038be:	415b      	adcs	r3, r3
100038c0:	435a      	muls	r2, r3
100038c2:	0d12      	lsrs	r2, r2, #20
100038c4:	700a      	strb	r2, [r1, #0]
100038c6:	e79c      	b.n	10003802 <irq_remove_handler+0x96>
100038c8:	4912      	ldr	r1, [pc, #72]	@ (10003914 <irq_remove_handler+0x1a8>)
100038ca:	e7e2      	b.n	10003892 <irq_remove_handler+0x126>
100038cc:	2006      	movs	r0, #6
100038ce:	5610      	ldrsb	r0, [r2, r0]
100038d0:	0013      	movs	r3, r2
100038d2:	2800      	cmp	r0, #0
100038d4:	dac5      	bge.n	10003862 <irq_remove_handler+0xf6>
100038d6:	4a11      	ldr	r2, [pc, #68]	@ (1000391c <irq_remove_handler+0x1b0>)
100038d8:	4911      	ldr	r1, [pc, #68]	@ (10003920 <irq_remove_handler+0x1b4>)
100038da:	1ad2      	subs	r2, r2, r3
100038dc:	3a08      	subs	r2, #8
100038de:	0250      	lsls	r0, r2, #9
100038e0:	0d40      	lsrs	r0, r0, #21
100038e2:	4301      	orrs	r1, r0
100038e4:	8099      	strh	r1, [r3, #4]
100038e6:	490f      	ldr	r1, [pc, #60]	@ (10003924 <irq_remove_handler+0x1b8>)
100038e8:	0852      	lsrs	r2, r2, #1
100038ea:	430a      	orrs	r2, r1
100038ec:	80da      	strh	r2, [r3, #6]
100038ee:	e788      	b.n	10003802 <irq_remove_handler+0x96>
100038f0:	d0000124 	.word	0xd0000124
100038f4:	e000ed00 	.word	0xe000ed00
100038f8:	100001cd 	.word	0x100001cd
100038fc:	20000a0c 	.word	0x20000a0c
10003900:	e000e100 	.word	0xe000e100
10003904:	e000e180 	.word	0xe000e180
10003908:	e000e280 	.word	0xe000e280
1000390c:	ffffe000 	.word	0xffffe000
10003910:	2000764f 	.word	0x2000764f
10003914:	ffffbd01 	.word	0xffffbd01
10003918:	0000aaaa 	.word	0x0000aaaa
1000391c:	20000a46 	.word	0x20000a46
10003920:	fffff000 	.word	0xfffff000
10003924:	fffff800 	.word	0xfffff800

10003928 <irq_add_tail_to_free_list>:
10003928:	b570      	push	{r4, r5, r6, lr}
1000392a:	f3ef 8105 	mrs	r1, IPSR
1000392e:	2401      	movs	r4, #1
10003930:	4304      	orrs	r4, r0
10003932:	f3ef 8c10 	mrs	ip, PRIMASK
10003936:	b672      	cpsid	i
10003938:	4a21      	ldr	r2, [pc, #132]	@ (100039c0 <irq_add_tail_to_free_list+0x98>)
1000393a:	6813      	ldr	r3, [r2, #0]
1000393c:	2b00      	cmp	r3, #0
1000393e:	d0fc      	beq.n	1000393a <irq_add_tail_to_free_list+0x12>
10003940:	f3bf 8f5f 	dmb	sy
10003944:	4b1f      	ldr	r3, [pc, #124]	@ (100039c4 <irq_add_tail_to_free_list+0x9c>)
10003946:	0005      	movs	r5, r0
10003948:	4a1f      	ldr	r2, [pc, #124]	@ (100039c8 <irq_add_tail_to_free_list+0xa0>)
1000394a:	1aed      	subs	r5, r5, r3
1000394c:	416d      	adcs	r5, r5
1000394e:	436a      	muls	r2, r5
10003950:	0d12      	lsrs	r2, r2, #20
10003952:	4d1e      	ldr	r5, [pc, #120]	@ (100039cc <irq_add_tail_to_free_list+0xa4>)
10003954:	0089      	lsls	r1, r1, #2
10003956:	68ae      	ldr	r6, [r5, #8]
10003958:	b252      	sxtb	r2, r2
1000395a:	5876      	ldr	r6, [r6, r1]
1000395c:	42a6      	cmp	r6, r4
1000395e:	d01c      	beq.n	1000399a <irq_add_tail_to_free_list+0x72>
10003960:	2106      	movs	r1, #6
10003962:	5659      	ldrsb	r1, [r3, r1]
10003964:	4291      	cmp	r1, r2
10003966:	d01c      	beq.n	100039a2 <irq_add_tail_to_free_list+0x7a>
10003968:	2112      	movs	r1, #18
1000396a:	5659      	ldrsb	r1, [r3, r1]
1000396c:	4291      	cmp	r1, r2
1000396e:	d022      	beq.n	100039b6 <irq_add_tail_to_free_list+0x8e>
10003970:	211e      	movs	r1, #30
10003972:	5659      	ldrsb	r1, [r3, r1]
10003974:	4291      	cmp	r1, r2
10003976:	d020      	beq.n	100039ba <irq_add_tail_to_free_list+0x92>
10003978:	212a      	movs	r1, #42	@ 0x2a
1000397a:	5659      	ldrsb	r1, [r3, r1]
1000397c:	2403      	movs	r4, #3
1000397e:	4291      	cmp	r1, r2
10003980:	d010      	beq.n	100039a4 <irq_add_tail_to_free_list+0x7c>
10003982:	4b13      	ldr	r3, [pc, #76]	@ (100039d0 <irq_add_tail_to_free_list+0xa8>)
10003984:	7819      	ldrb	r1, [r3, #0]
10003986:	701a      	strb	r2, [r3, #0]
10003988:	7181      	strb	r1, [r0, #6]
1000398a:	f3bf 8f5f 	dmb	sy
1000398e:	2200      	movs	r2, #0
10003990:	4b0b      	ldr	r3, [pc, #44]	@ (100039c0 <irq_add_tail_to_free_list+0x98>)
10003992:	601a      	str	r2, [r3, #0]
10003994:	f38c 8810 	msr	PRIMASK, ip
10003998:	bd70      	pop	{r4, r5, r6, pc}
1000399a:	68ab      	ldr	r3, [r5, #8]
1000399c:	4c0d      	ldr	r4, [pc, #52]	@ (100039d4 <irq_add_tail_to_free_list+0xac>)
1000399e:	505c      	str	r4, [r3, r1]
100039a0:	e7ef      	b.n	10003982 <irq_add_tail_to_free_list+0x5a>
100039a2:	2400      	movs	r4, #0
100039a4:	0061      	lsls	r1, r4, #1
100039a6:	1909      	adds	r1, r1, r4
100039a8:	0089      	lsls	r1, r1, #2
100039aa:	185b      	adds	r3, r3, r1
100039ac:	21ff      	movs	r1, #255	@ 0xff
100039ae:	7199      	strb	r1, [r3, #6]
100039b0:	4909      	ldr	r1, [pc, #36]	@ (100039d8 <irq_add_tail_to_free_list+0xb0>)
100039b2:	8099      	strh	r1, [r3, #4]
100039b4:	e7e5      	b.n	10003982 <irq_add_tail_to_free_list+0x5a>
100039b6:	2401      	movs	r4, #1
100039b8:	e7f4      	b.n	100039a4 <irq_add_tail_to_free_list+0x7c>
100039ba:	2402      	movs	r4, #2
100039bc:	e7f2      	b.n	100039a4 <irq_add_tail_to_free_list+0x7c>
100039be:	46c0      	nop			@ (mov r8, r8)
100039c0:	d0000124 	.word	0xd0000124
100039c4:	20000a0c 	.word	0x20000a0c
100039c8:	0000aaaa 	.word	0x0000aaaa
100039cc:	e000ed00 	.word	0xe000ed00
100039d0:	2000764f 	.word	0x2000764f
100039d4:	100001cd 	.word	0x100001cd
100039d8:	ffffbd01 	.word	0xffffbd01

100039dc <irq_init_priorities>:
100039dc:	4b05      	ldr	r3, [pc, #20]	@ (100039f4 <irq_init_priorities+0x18>)
100039de:	4a06      	ldr	r2, [pc, #24]	@ (100039f8 <irq_init_priorities+0x1c>)
100039e0:	6013      	str	r3, [r2, #0]
100039e2:	4a06      	ldr	r2, [pc, #24]	@ (100039fc <irq_init_priorities+0x20>)
100039e4:	6013      	str	r3, [r2, #0]
100039e6:	6053      	str	r3, [r2, #4]
100039e8:	6093      	str	r3, [r2, #8]
100039ea:	60d3      	str	r3, [r2, #12]
100039ec:	6113      	str	r3, [r2, #16]
100039ee:	6153      	str	r3, [r2, #20]
100039f0:	6193      	str	r3, [r2, #24]
100039f2:	4770      	bx	lr
100039f4:	80808080 	.word	0x80808080
100039f8:	e000e400 	.word	0xe000e400
100039fc:	e000e404 	.word	0xe000e404

10003a00 <lock_init>:
10003a00:	4b02      	ldr	r3, [pc, #8]	@ (10003a0c <lock_init+0xc>)
10003a02:	469c      	mov	ip, r3
10003a04:	4461      	add	r1, ip
10003a06:	0089      	lsls	r1, r1, #2
10003a08:	6001      	str	r1, [r0, #0]
10003a0a:	4770      	bx	lr
10003a0c:	34000040 	.word	0x34000040

10003a10 <mutex_init>:
10003a10:	b510      	push	{r4, lr}
10003a12:	0004      	movs	r4, r0
10003a14:	f7ff fd54 	bl	100034c0 <next_striped_spin_lock_num>
10003a18:	0001      	movs	r1, r0
10003a1a:	0020      	movs	r0, r4
10003a1c:	f7ff fff0 	bl	10003a00 <lock_init>
10003a20:	23ff      	movs	r3, #255	@ 0xff
10003a22:	7123      	strb	r3, [r4, #4]
10003a24:	f3bf 8f5f 	dmb	sy
10003a28:	bd10      	pop	{r4, pc}
10003a2a:	46c0      	nop			@ (mov r8, r8)

10003a2c <recursive_mutex_init>:
10003a2c:	b510      	push	{r4, lr}
10003a2e:	0004      	movs	r4, r0
10003a30:	f7ff fd46 	bl	100034c0 <next_striped_spin_lock_num>
10003a34:	0001      	movs	r1, r0
10003a36:	0020      	movs	r0, r4
10003a38:	f7ff ffe2 	bl	10003a00 <lock_init>
10003a3c:	23ff      	movs	r3, #255	@ 0xff
10003a3e:	80a3      	strh	r3, [r4, #4]
10003a40:	f3bf 8f5f 	dmb	sy
10003a44:	bd10      	pop	{r4, pc}
10003a46:	46c0      	nop			@ (mov r8, r8)

10003a48 <timer_pool_entry_comparator>:
10003a48:	6883      	ldr	r3, [r0, #8]
10003a4a:	480b      	ldr	r0, [pc, #44]	@ (10003a78 <timer_pool_entry_comparator+0x30>)
10003a4c:	b510      	push	{r4, lr}
10003a4e:	4684      	mov	ip, r0
10003a50:	4461      	add	r1, ip
10003a52:	4462      	add	r2, ip
10003a54:	0112      	lsls	r2, r2, #4
10003a56:	0109      	lsls	r1, r1, #4
10003a58:	1859      	adds	r1, r3, r1
10003a5a:	189b      	adds	r3, r3, r2
10003a5c:	685c      	ldr	r4, [r3, #4]
10003a5e:	684a      	ldr	r2, [r1, #4]
10003a60:	2001      	movs	r0, #1
10003a62:	4294      	cmp	r4, r2
10003a64:	d801      	bhi.n	10003a6a <timer_pool_entry_comparator+0x22>
10003a66:	d002      	beq.n	10003a6e <timer_pool_entry_comparator+0x26>
10003a68:	2000      	movs	r0, #0
10003a6a:	b2c0      	uxtb	r0, r0
10003a6c:	bd10      	pop	{r4, pc}
10003a6e:	681a      	ldr	r2, [r3, #0]
10003a70:	680b      	ldr	r3, [r1, #0]
10003a72:	429a      	cmp	r2, r3
10003a74:	d8f9      	bhi.n	10003a6a <timer_pool_entry_comparator+0x22>
10003a76:	e7f7      	b.n	10003a68 <timer_pool_entry_comparator+0x20>
10003a78:	0fffffff 	.word	0x0fffffff

10003a7c <sleep_until_callback>:
10003a7c:	4b0a      	ldr	r3, [pc, #40]	@ (10003aa8 <sleep_until_callback+0x2c>)
10003a7e:	6819      	ldr	r1, [r3, #0]
10003a80:	f3ef 8010 	mrs	r0, PRIMASK
10003a84:	b672      	cpsid	i
10003a86:	680a      	ldr	r2, [r1, #0]
10003a88:	2a00      	cmp	r2, #0
10003a8a:	d0fc      	beq.n	10003a86 <sleep_until_callback+0xa>
10003a8c:	f3bf 8f5f 	dmb	sy
10003a90:	681b      	ldr	r3, [r3, #0]
10003a92:	f3bf 8f5f 	dmb	sy
10003a96:	2200      	movs	r2, #0
10003a98:	601a      	str	r2, [r3, #0]
10003a9a:	f380 8810 	msr	PRIMASK, r0
10003a9e:	bf40      	sev
10003aa0:	2000      	movs	r0, #0
10003aa2:	2100      	movs	r1, #0
10003aa4:	4770      	bx	lr
10003aa6:	46c0      	nop			@ (mov r8, r8)
10003aa8:	200063d0 	.word	0x200063d0

10003aac <add_alarm_under_lock.isra.0>:
10003aac:	b5f8      	push	{r3, r4, r5, r6, r7, lr}
10003aae:	4657      	mov	r7, sl
10003ab0:	464e      	mov	r6, r9
10003ab2:	4645      	mov	r5, r8
10003ab4:	46de      	mov	lr, fp
10003ab6:	b5e0      	push	{r5, r6, r7, lr}
10003ab8:	4698      	mov	r8, r3
10003aba:	ab0c      	add	r3, sp, #48	@ 0x30
10003abc:	781c      	ldrb	r4, [r3, #0]
10003abe:	ab0d      	add	r3, sp, #52	@ 0x34
10003ac0:	781b      	ldrb	r3, [r3, #0]
10003ac2:	0007      	movs	r7, r0
10003ac4:	4691      	mov	r9, r2
10003ac6:	469a      	mov	sl, r3
10003ac8:	6806      	ldr	r6, [r0, #0]
10003aca:	2c00      	cmp	r4, #0
10003acc:	d157      	bne.n	10003b7e <add_alarm_under_lock.isra.0+0xd2>
10003ace:	7bb4      	ldrb	r4, [r6, #14]
10003ad0:	2c00      	cmp	r4, #0
10003ad2:	d03a      	beq.n	10003b4a <add_alarm_under_lock.isra.0+0x9e>
10003ad4:	0065      	lsls	r5, r4, #1
10003ad6:	6831      	ldr	r1, [r6, #0]
10003ad8:	192d      	adds	r5, r5, r4
10003ada:	3d03      	subs	r5, #3
10003adc:	1949      	adds	r1, r1, r5
10003ade:	784b      	ldrb	r3, [r1, #1]
10003ae0:	73b3      	strb	r3, [r6, #14]
10003ae2:	2b00      	cmp	r3, #0
10003ae4:	d100      	bne.n	10003ae8 <add_alarm_under_lock.isra.0+0x3c>
10003ae6:	73f3      	strb	r3, [r6, #15]
10003ae8:	2300      	movs	r3, #0
10003aea:	708b      	strb	r3, [r1, #2]
10003aec:	704b      	strb	r3, [r1, #1]
10003aee:	700b      	strb	r3, [r1, #0]
10003af0:	4b2d      	ldr	r3, [pc, #180]	@ (10003ba8 <add_alarm_under_lock.isra.0+0xfc>)
10003af2:	18e2      	adds	r2, r4, r3
10003af4:	68bb      	ldr	r3, [r7, #8]
10003af6:	0112      	lsls	r2, r2, #4
10003af8:	189b      	adds	r3, r3, r2
10003afa:	464a      	mov	r2, r9
10003afc:	601a      	str	r2, [r3, #0]
10003afe:	4642      	mov	r2, r8
10003b00:	605a      	str	r2, [r3, #4]
10003b02:	9a0a      	ldr	r2, [sp, #40]	@ 0x28
10003b04:	609a      	str	r2, [r3, #8]
10003b06:	9a0b      	ldr	r2, [sp, #44]	@ 0x2c
10003b08:	60da      	str	r2, [r3, #12]
10003b0a:	2300      	movs	r3, #0
10003b0c:	708b      	strb	r3, [r1, #2]
10003b0e:	704b      	strb	r3, [r1, #1]
10003b10:	700b      	strb	r3, [r1, #0]
10003b12:	7b73      	ldrb	r3, [r6, #13]
10003b14:	469b      	mov	fp, r3
10003b16:	2b00      	cmp	r3, #0
10003b18:	d024      	beq.n	10003b64 <add_alarm_under_lock.isra.0+0xb8>
10003b1a:	0022      	movs	r2, r4
10003b1c:	6873      	ldr	r3, [r6, #4]
10003b1e:	4659      	mov	r1, fp
10003b20:	68b0      	ldr	r0, [r6, #8]
10003b22:	4798      	blx	r3
10003b24:	465b      	mov	r3, fp
10003b26:	005b      	lsls	r3, r3, #1
10003b28:	6832      	ldr	r2, [r6, #0]
10003b2a:	445b      	add	r3, fp
10003b2c:	3b03      	subs	r3, #3
10003b2e:	1955      	adds	r5, r2, r5
10003b30:	18d2      	adds	r2, r2, r3
10003b32:	2800      	cmp	r0, #0
10003b34:	d00f      	beq.n	10003b56 <add_alarm_under_lock.isra.0+0xaa>
10003b36:	465b      	mov	r3, fp
10003b38:	70ab      	strb	r3, [r5, #2]
10003b3a:	7813      	ldrb	r3, [r2, #0]
10003b3c:	2b00      	cmp	r3, #0
10003b3e:	d124      	bne.n	10003b8a <add_alarm_under_lock.isra.0+0xde>
10003b40:	465b      	mov	r3, fp
10003b42:	7014      	strb	r4, [r2, #0]
10003b44:	7373      	strb	r3, [r6, #13]
10003b46:	455c      	cmp	r4, fp
10003b48:	d00d      	beq.n	10003b66 <add_alarm_under_lock.isra.0+0xba>
10003b4a:	bcf0      	pop	{r4, r5, r6, r7}
10003b4c:	46bb      	mov	fp, r7
10003b4e:	46b2      	mov	sl, r6
10003b50:	46a9      	mov	r9, r5
10003b52:	46a0      	mov	r8, r4
10003b54:	bdf8      	pop	{r3, r4, r5, r6, r7, pc}
10003b56:	7094      	strb	r4, [r2, #2]
10003b58:	782b      	ldrb	r3, [r5, #0]
10003b5a:	2b00      	cmp	r3, #0
10003b5c:	d000      	beq.n	10003b60 <add_alarm_under_lock.isra.0+0xb4>
10003b5e:	7053      	strb	r3, [r2, #1]
10003b60:	465b      	mov	r3, fp
10003b62:	702b      	strb	r3, [r5, #0]
10003b64:	7374      	strb	r4, [r6, #13]
10003b66:	464a      	mov	r2, r9
10003b68:	4643      	mov	r3, r8
10003b6a:	7d38      	ldrb	r0, [r7, #20]
10003b6c:	f000 fc04 	bl	10004378 <hardware_alarm_set_target>
10003b70:	1e05      	subs	r5, r0, #0
10003b72:	d111      	bne.n	10003b98 <add_alarm_under_lock.isra.0+0xec>
10003b74:	9b0e      	ldr	r3, [sp, #56]	@ 0x38
10003b76:	2b00      	cmp	r3, #0
10003b78:	d0e7      	beq.n	10003b4a <add_alarm_under_lock.isra.0+0x9e>
10003b7a:	701d      	strb	r5, [r3, #0]
10003b7c:	e7e5      	b.n	10003b4a <add_alarm_under_lock.isra.0+0x9e>
10003b7e:	0065      	lsls	r5, r4, #1
10003b80:	6831      	ldr	r1, [r6, #0]
10003b82:	192d      	adds	r5, r5, r4
10003b84:	3d03      	subs	r5, #3
10003b86:	1949      	adds	r1, r1, r5
10003b88:	e7b2      	b.n	10003af0 <add_alarm_under_lock.isra.0+0x44>
10003b8a:	706b      	strb	r3, [r5, #1]
10003b8c:	465b      	mov	r3, fp
10003b8e:	7014      	strb	r4, [r2, #0]
10003b90:	7373      	strb	r3, [r6, #13]
10003b92:	455c      	cmp	r4, fp
10003b94:	d1d9      	bne.n	10003b4a <add_alarm_under_lock.isra.0+0x9e>
10003b96:	e7e6      	b.n	10003b66 <add_alarm_under_lock.isra.0+0xba>
10003b98:	4653      	mov	r3, sl
10003b9a:	2b00      	cmp	r3, #0
10003b9c:	d1ea      	bne.n	10003b74 <add_alarm_under_lock.isra.0+0xc8>
10003b9e:	0021      	movs	r1, r4
10003ba0:	6838      	ldr	r0, [r7, #0]
10003ba2:	f000 fe1f 	bl	100047e4 <ph_remove_and_free_node>
10003ba6:	e7e5      	b.n	10003b74 <add_alarm_under_lock.isra.0+0xc8>
10003ba8:	0fffffff 	.word	0x0fffffff

10003bac <alarm_pool_alarm_callback>:
10003bac:	4b66      	ldr	r3, [pc, #408]	@ (10003d48 <alarm_pool_alarm_callback+0x19c>)
10003bae:	0082      	lsls	r2, r0, #2
10003bb0:	b5f0      	push	{r4, r5, r6, r7, lr}
10003bb2:	58d4      	ldr	r4, [r2, r3]
10003bb4:	2300      	movs	r3, #0
10003bb6:	46de      	mov	lr, fp
10003bb8:	4657      	mov	r7, sl
10003bba:	464e      	mov	r6, r9
10003bbc:	4645      	mov	r5, r8
10003bbe:	469b      	mov	fp, r3
10003bc0:	b5e0      	push	{r5, r6, r7, lr}
10003bc2:	b08d      	sub	sp, #52	@ 0x34
10003bc4:	9009      	str	r0, [sp, #36]	@ 0x24
10003bc6:	f000 fb05 	bl	100041d4 <time_us_64>
10003bca:	6862      	ldr	r2, [r4, #4]
10003bcc:	0006      	movs	r6, r0
10003bce:	000f      	movs	r7, r1
10003bd0:	f3ef 8810 	mrs	r8, PRIMASK
10003bd4:	b672      	cpsid	i
10003bd6:	6813      	ldr	r3, [r2, #0]
10003bd8:	2b00      	cmp	r3, #0
10003bda:	d0fc      	beq.n	10003bd6 <alarm_pool_alarm_callback+0x2a>
10003bdc:	f3bf 8f5f 	dmb	sy
10003be0:	6823      	ldr	r3, [r4, #0]
10003be2:	469c      	mov	ip, r3
10003be4:	7b5b      	ldrb	r3, [r3, #13]
10003be6:	4699      	mov	r9, r3
10003be8:	2b00      	cmp	r3, #0
10003bea:	d10d      	bne.n	10003c08 <alarm_pool_alarm_callback+0x5c>
10003bec:	6863      	ldr	r3, [r4, #4]
10003bee:	f3bf 8f5f 	dmb	sy
10003bf2:	464a      	mov	r2, r9
10003bf4:	601a      	str	r2, [r3, #0]
10003bf6:	f388 8810 	msr	PRIMASK, r8
10003bfa:	b00d      	add	sp, #52	@ 0x34
10003bfc:	bcf0      	pop	{r4, r5, r6, r7}
10003bfe:	46bb      	mov	fp, r7
10003c00:	46b2      	mov	sl, r6
10003c02:	46a9      	mov	r9, r5
10003c04:	46a0      	mov	r8, r4
10003c06:	bdf0      	pop	{r4, r5, r6, r7, pc}
10003c08:	4b50      	ldr	r3, [pc, #320]	@ (10003d4c <alarm_pool_alarm_callback+0x1a0>)
10003c0a:	68a5      	ldr	r5, [r4, #8]
10003c0c:	444b      	add	r3, r9
10003c0e:	011b      	lsls	r3, r3, #4
10003c10:	18ed      	adds	r5, r5, r3
10003c12:	6828      	ldr	r0, [r5, #0]
10003c14:	6869      	ldr	r1, [r5, #4]
10003c16:	0002      	movs	r2, r0
10003c18:	000b      	movs	r3, r1
10003c1a:	1b92      	subs	r2, r2, r6
10003c1c:	41bb      	sbcs	r3, r7
10003c1e:	2b00      	cmp	r3, #0
10003c20:	dd0e      	ble.n	10003c40 <alarm_pool_alarm_callback+0x94>
10003c22:	0002      	movs	r2, r0
10003c24:	000b      	movs	r3, r1
10003c26:	9809      	ldr	r0, [sp, #36]	@ 0x24
10003c28:	f000 fba6 	bl	10004378 <hardware_alarm_set_target>
10003c2c:	6863      	ldr	r3, [r4, #4]
10003c2e:	f3bf 8f5f 	dmb	sy
10003c32:	465a      	mov	r2, fp
10003c34:	601a      	str	r2, [r3, #0]
10003c36:	f388 8810 	msr	PRIMASK, r8
10003c3a:	2800      	cmp	r0, #0
10003c3c:	d1c3      	bne.n	10003bc6 <alarm_pool_alarm_callback+0x1a>
10003c3e:	e7dc      	b.n	10003bfa <alarm_pool_alarm_callback+0x4e>
10003c40:	2b00      	cmp	r3, #0
10003c42:	d101      	bne.n	10003c48 <alarm_pool_alarm_callback+0x9c>
10003c44:	2a00      	cmp	r2, #0
10003c46:	d1ec      	bne.n	10003c22 <alarm_pool_alarm_callback+0x76>
10003c48:	2100      	movs	r1, #0
10003c4a:	4660      	mov	r0, ip
10003c4c:	f000 fd36 	bl	100046bc <ph_remove_head>
10003c50:	68ab      	ldr	r3, [r5, #8]
10003c52:	0002      	movs	r2, r0
10003c54:	6828      	ldr	r0, [r5, #0]
10003c56:	6869      	ldr	r1, [r5, #4]
10003c58:	469a      	mov	sl, r3
10003c5a:	68eb      	ldr	r3, [r5, #12]
10003c5c:	900a      	str	r0, [sp, #40]	@ 0x28
10003c5e:	910b      	str	r1, [sp, #44]	@ 0x2c
10003c60:	9308      	str	r3, [sp, #32]
10003c62:	464b      	mov	r3, r9
10003c64:	1e5d      	subs	r5, r3, #1
10003c66:	68e3      	ldr	r3, [r4, #12]
10003c68:	5d58      	ldrb	r0, [r3, r5]
10003c6a:	6863      	ldr	r3, [r4, #4]
10003c6c:	0200      	lsls	r0, r0, #8
10003c6e:	4302      	orrs	r2, r0
10003c70:	6122      	str	r2, [r4, #16]
10003c72:	f3bf 8f5f 	dmb	sy
10003c76:	465a      	mov	r2, fp
10003c78:	601a      	str	r2, [r3, #0]
10003c7a:	f388 8810 	msr	PRIMASK, r8
10003c7e:	4653      	mov	r3, sl
10003c80:	2b00      	cmp	r3, #0
10003c82:	d0ba      	beq.n	10003bfa <alarm_pool_alarm_callback+0x4e>
10003c84:	464b      	mov	r3, r9
10003c86:	9908      	ldr	r1, [sp, #32]
10003c88:	4318      	orrs	r0, r3
10003c8a:	47d0      	blx	sl
10003c8c:	6862      	ldr	r2, [r4, #4]
10003c8e:	9006      	str	r0, [sp, #24]
10003c90:	9107      	str	r1, [sp, #28]
10003c92:	f3ef 8810 	mrs	r8, PRIMASK
10003c96:	b672      	cpsid	i
10003c98:	6813      	ldr	r3, [r2, #0]
10003c9a:	2b00      	cmp	r3, #0
10003c9c:	d0fc      	beq.n	10003c98 <alarm_pool_alarm_callback+0xec>
10003c9e:	f3bf 8f5f 	dmb	sy
10003ca2:	9b07      	ldr	r3, [sp, #28]
10003ca4:	2b00      	cmp	r3, #0
10003ca6:	db27      	blt.n	10003cf8 <alarm_pool_alarm_callback+0x14c>
10003ca8:	9a06      	ldr	r2, [sp, #24]
10003caa:	9b07      	ldr	r3, [sp, #28]
10003cac:	0011      	movs	r1, r2
10003cae:	4319      	orrs	r1, r3
10003cb0:	d002      	beq.n	10003cb8 <alarm_pool_alarm_callback+0x10c>
10003cb2:	6923      	ldr	r3, [r4, #16]
10003cb4:	2b00      	cmp	r3, #0
10003cb6:	d13b      	bne.n	10003d30 <alarm_pool_alarm_callback+0x184>
10003cb8:	6823      	ldr	r3, [r4, #0]
10003cba:	7bd9      	ldrb	r1, [r3, #15]
10003cbc:	2900      	cmp	r1, #0
10003cbe:	d006      	beq.n	10003cce <alarm_pool_alarm_callback+0x122>
10003cc0:	681a      	ldr	r2, [r3, #0]
10003cc2:	0048      	lsls	r0, r1, #1
10003cc4:	1841      	adds	r1, r0, r1
10003cc6:	1852      	adds	r2, r2, r1
10003cc8:	4649      	mov	r1, r9
10003cca:	3a03      	subs	r2, #3
10003ccc:	7051      	strb	r1, [r2, #1]
10003cce:	7b9a      	ldrb	r2, [r3, #14]
10003cd0:	2a00      	cmp	r2, #0
10003cd2:	d101      	bne.n	10003cd8 <alarm_pool_alarm_callback+0x12c>
10003cd4:	464a      	mov	r2, r9
10003cd6:	739a      	strb	r2, [r3, #14]
10003cd8:	464a      	mov	r2, r9
10003cda:	73da      	strb	r2, [r3, #15]
10003cdc:	68e2      	ldr	r2, [r4, #12]
10003cde:	5d53      	ldrb	r3, [r2, r5]
10003ce0:	3301      	adds	r3, #1
10003ce2:	5553      	strb	r3, [r2, r5]
10003ce4:	465b      	mov	r3, fp
10003ce6:	6123      	str	r3, [r4, #16]
10003ce8:	6863      	ldr	r3, [r4, #4]
10003cea:	f3bf 8f5f 	dmb	sy
10003cee:	465a      	mov	r2, fp
10003cf0:	601a      	str	r2, [r3, #0]
10003cf2:	f388 8810 	msr	PRIMASK, r8
10003cf6:	e766      	b.n	10003bc6 <alarm_pool_alarm_callback+0x1a>
10003cf8:	6923      	ldr	r3, [r4, #16]
10003cfa:	2b00      	cmp	r3, #0
10003cfc:	d0dc      	beq.n	10003cb8 <alarm_pool_alarm_callback+0x10c>
10003cfe:	9a0a      	ldr	r2, [sp, #40]	@ 0x28
10003d00:	9b0b      	ldr	r3, [sp, #44]	@ 0x2c
10003d02:	9806      	ldr	r0, [sp, #24]
10003d04:	9907      	ldr	r1, [sp, #28]
10003d06:	1a12      	subs	r2, r2, r0
10003d08:	418b      	sbcs	r3, r1
10003d0a:	2b00      	cmp	r3, #0
10003d0c:	da02      	bge.n	10003d14 <alarm_pool_alarm_callback+0x168>
10003d0e:	2201      	movs	r2, #1
10003d10:	4b0f      	ldr	r3, [pc, #60]	@ (10003d50 <alarm_pool_alarm_callback+0x1a4>)
10003d12:	4252      	negs	r2, r2
10003d14:	2100      	movs	r1, #0
10003d16:	9104      	str	r1, [sp, #16]
10003d18:	3101      	adds	r1, #1
10003d1a:	9103      	str	r1, [sp, #12]
10003d1c:	4649      	mov	r1, r9
10003d1e:	9102      	str	r1, [sp, #8]
10003d20:	9908      	ldr	r1, [sp, #32]
10003d22:	0020      	movs	r0, r4
10003d24:	9101      	str	r1, [sp, #4]
10003d26:	4651      	mov	r1, sl
10003d28:	9100      	str	r1, [sp, #0]
10003d2a:	f7ff febf 	bl	10003aac <add_alarm_under_lock.isra.0>
10003d2e:	e7d9      	b.n	10003ce4 <alarm_pool_alarm_callback+0x138>
10003d30:	f000 fa50 	bl	100041d4 <time_us_64>
10003d34:	9a06      	ldr	r2, [sp, #24]
10003d36:	9b07      	ldr	r3, [sp, #28]
10003d38:	1812      	adds	r2, r2, r0
10003d3a:	414b      	adcs	r3, r1
10003d3c:	2b00      	cmp	r3, #0
10003d3e:	dae9      	bge.n	10003d14 <alarm_pool_alarm_callback+0x168>
10003d40:	2201      	movs	r2, #1
10003d42:	4b03      	ldr	r3, [pc, #12]	@ (10003d50 <alarm_pool_alarm_callback+0x1a4>)
10003d44:	4252      	negs	r2, r2
10003d46:	e7e5      	b.n	10003d14 <alarm_pool_alarm_callback+0x168>
10003d48:	200063a8 	.word	0x200063a8
10003d4c:	0fffffff 	.word	0x0fffffff
10003d50:	7fffffff 	.word	0x7fffffff

10003d54 <alarm_pool_init_default>:
10003d54:	b510      	push	{r4, lr}
10003d56:	4c14      	ldr	r4, [pc, #80]	@ (10003da8 <alarm_pool_init_default+0x54>)
10003d58:	6863      	ldr	r3, [r4, #4]
10003d5a:	2b00      	cmp	r3, #0
10003d5c:	d004      	beq.n	10003d68 <alarm_pool_init_default+0x14>
10003d5e:	210a      	movs	r1, #10
10003d60:	4812      	ldr	r0, [pc, #72]	@ (10003dac <alarm_pool_init_default+0x58>)
10003d62:	f7ff fe4d 	bl	10003a00 <lock_init>
10003d66:	bd10      	pop	{r4, pc}
10003d68:	0023      	movs	r3, r4
10003d6a:	4a11      	ldr	r2, [pc, #68]	@ (10003db0 <alarm_pool_init_default+0x5c>)
10003d6c:	2110      	movs	r1, #16
10003d6e:	6820      	ldr	r0, [r4, #0]
10003d70:	f000 fbb0 	bl	100044d4 <ph_post_alloc_init>
10003d74:	2003      	movs	r0, #3
10003d76:	f000 fa21 	bl	100041bc <hardware_alarm_claim>
10003d7a:	2003      	movs	r0, #3
10003d7c:	f000 fb64 	bl	10004448 <hardware_alarm_cancel>
10003d80:	2003      	movs	r0, #3
10003d82:	490c      	ldr	r1, [pc, #48]	@ (10003db4 <alarm_pool_init_default+0x60>)
10003d84:	f000 fab2 	bl	100042ec <hardware_alarm_set_callback>
10003d88:	f7ff fb9a 	bl	100034c0 <next_striped_spin_lock_num>
10003d8c:	4b0a      	ldr	r3, [pc, #40]	@ (10003db8 <alarm_pool_init_default+0x64>)
10003d8e:	469c      	mov	ip, r3
10003d90:	2303      	movs	r3, #3
10003d92:	7523      	strb	r3, [r4, #20]
10003d94:	23d0      	movs	r3, #208	@ 0xd0
10003d96:	061b      	lsls	r3, r3, #24
10003d98:	681b      	ldr	r3, [r3, #0]
10003d9a:	4460      	add	r0, ip
10003d9c:	7563      	strb	r3, [r4, #21]
10003d9e:	4b07      	ldr	r3, [pc, #28]	@ (10003dbc <alarm_pool_init_default+0x68>)
10003da0:	0080      	lsls	r0, r0, #2
10003da2:	6060      	str	r0, [r4, #4]
10003da4:	60dc      	str	r4, [r3, #12]
10003da6:	e7da      	b.n	10003d5e <alarm_pool_init_default+0xa>
10003da8:	20000a54 	.word	0x20000a54
10003dac:	200063d0 	.word	0x200063d0
10003db0:	10003a49 	.word	0x10003a49
10003db4:	10003bad 	.word	0x10003bad
10003db8:	34000040 	.word	0x34000040
10003dbc:	200063a8 	.word	0x200063a8

10003dc0 <alarm_pool_add_alarm_at>:
10003dc0:	b5f0      	push	{r4, r5, r6, r7, lr}
10003dc2:	464e      	mov	r6, r9
10003dc4:	4657      	mov	r7, sl
10003dc6:	46de      	mov	lr, fp
10003dc8:	4645      	mov	r5, r8
10003dca:	b5e0      	push	{r5, r6, r7, lr}
10003dcc:	b087      	sub	sp, #28
10003dce:	9301      	str	r3, [sp, #4]
10003dd0:	ab12      	add	r3, sp, #72	@ 0x48
10003dd2:	781b      	ldrb	r3, [r3, #0]
10003dd4:	0006      	movs	r6, r0
10003dd6:	9305      	str	r3, [sp, #20]
10003dd8:	2300      	movs	r3, #0
10003dda:	469a      	mov	sl, r3
10003ddc:	4699      	mov	r9, r3
10003dde:	9200      	str	r2, [sp, #0]
10003de0:	6872      	ldr	r2, [r6, #4]
10003de2:	f3ef 8b10 	mrs	fp, PRIMASK
10003de6:	b672      	cpsid	i
10003de8:	6813      	ldr	r3, [r2, #0]
10003dea:	2b00      	cmp	r3, #0
10003dec:	d0fc      	beq.n	10003de8 <alarm_pool_add_alarm_at+0x28>
10003dee:	f3bf 8f5f 	dmb	sy
10003df2:	6835      	ldr	r5, [r6, #0]
10003df4:	7bac      	ldrb	r4, [r5, #14]
10003df6:	2c00      	cmp	r4, #0
10003df8:	d100      	bne.n	10003dfc <alarm_pool_add_alarm_at+0x3c>
10003dfa:	e070      	b.n	10003ede <alarm_pool_add_alarm_at+0x11e>
10003dfc:	0067      	lsls	r7, r4, #1
10003dfe:	682b      	ldr	r3, [r5, #0]
10003e00:	193f      	adds	r7, r7, r4
10003e02:	3f03      	subs	r7, #3
10003e04:	19db      	adds	r3, r3, r7
10003e06:	785a      	ldrb	r2, [r3, #1]
10003e08:	73aa      	strb	r2, [r5, #14]
10003e0a:	2a00      	cmp	r2, #0
10003e0c:	d100      	bne.n	10003e10 <alarm_pool_add_alarm_at+0x50>
10003e0e:	73ea      	strb	r2, [r5, #15]
10003e10:	4a46      	ldr	r2, [pc, #280]	@ (10003f2c <alarm_pool_add_alarm_at+0x16c>)
10003e12:	18a1      	adds	r1, r4, r2
10003e14:	68b2      	ldr	r2, [r6, #8]
10003e16:	0109      	lsls	r1, r1, #4
10003e18:	1852      	adds	r2, r2, r1
10003e1a:	9800      	ldr	r0, [sp, #0]
10003e1c:	9901      	ldr	r1, [sp, #4]
10003e1e:	6010      	str	r0, [r2, #0]
10003e20:	6051      	str	r1, [r2, #4]
10003e22:	9910      	ldr	r1, [sp, #64]	@ 0x40
10003e24:	6091      	str	r1, [r2, #8]
10003e26:	9911      	ldr	r1, [sp, #68]	@ 0x44
10003e28:	60d1      	str	r1, [r2, #12]
10003e2a:	464a      	mov	r2, r9
10003e2c:	709a      	strb	r2, [r3, #2]
10003e2e:	705a      	strb	r2, [r3, #1]
10003e30:	701a      	strb	r2, [r3, #0]
10003e32:	7b6b      	ldrb	r3, [r5, #13]
10003e34:	4698      	mov	r8, r3
10003e36:	2b00      	cmp	r3, #0
10003e38:	d061      	beq.n	10003efe <alarm_pool_add_alarm_at+0x13e>
10003e3a:	0022      	movs	r2, r4
10003e3c:	686b      	ldr	r3, [r5, #4]
10003e3e:	4641      	mov	r1, r8
10003e40:	68a8      	ldr	r0, [r5, #8]
10003e42:	4798      	blx	r3
10003e44:	4643      	mov	r3, r8
10003e46:	005b      	lsls	r3, r3, #1
10003e48:	682a      	ldr	r2, [r5, #0]
10003e4a:	4443      	add	r3, r8
10003e4c:	3b03      	subs	r3, #3
10003e4e:	19d7      	adds	r7, r2, r7
10003e50:	18d2      	adds	r2, r2, r3
10003e52:	2800      	cmp	r0, #0
10003e54:	d04c      	beq.n	10003ef0 <alarm_pool_add_alarm_at+0x130>
10003e56:	4643      	mov	r3, r8
10003e58:	70bb      	strb	r3, [r7, #2]
10003e5a:	7813      	ldrb	r3, [r2, #0]
10003e5c:	2b00      	cmp	r3, #0
10003e5e:	d000      	beq.n	10003e62 <alarm_pool_add_alarm_at+0xa2>
10003e60:	707b      	strb	r3, [r7, #1]
10003e62:	4643      	mov	r3, r8
10003e64:	7014      	strb	r4, [r2, #0]
10003e66:	736b      	strb	r3, [r5, #13]
10003e68:	4544      	cmp	r4, r8
10003e6a:	d049      	beq.n	10003f00 <alarm_pool_add_alarm_at+0x140>
10003e6c:	68f3      	ldr	r3, [r6, #12]
10003e6e:	191b      	adds	r3, r3, r4
10003e70:	3b01      	subs	r3, #1
10003e72:	7818      	ldrb	r0, [r3, #0]
10003e74:	6873      	ldr	r3, [r6, #4]
10003e76:	f3bf 8f5f 	dmb	sy
10003e7a:	464a      	mov	r2, r9
10003e7c:	601a      	str	r2, [r3, #0]
10003e7e:	f38b 8810 	msr	PRIMASK, fp
10003e82:	4653      	mov	r3, sl
10003e84:	2b00      	cmp	r3, #0
10003e86:	d108      	bne.n	10003e9a <alarm_pool_add_alarm_at+0xda>
10003e88:	0200      	lsls	r0, r0, #8
10003e8a:	4320      	orrs	r0, r4
10003e8c:	b007      	add	sp, #28
10003e8e:	bcf0      	pop	{r4, r5, r6, r7}
10003e90:	46bb      	mov	fp, r7
10003e92:	46b2      	mov	sl, r6
10003e94:	46a9      	mov	r9, r5
10003e96:	46a0      	mov	r8, r4
10003e98:	bdf0      	pop	{r4, r5, r6, r7, pc}
10003e9a:	9b05      	ldr	r3, [sp, #20]
10003e9c:	2b00      	cmp	r3, #0
10003e9e:	d043      	beq.n	10003f28 <alarm_pool_add_alarm_at+0x168>
10003ea0:	9b10      	ldr	r3, [sp, #64]	@ 0x40
10003ea2:	2000      	movs	r0, #0
10003ea4:	9911      	ldr	r1, [sp, #68]	@ 0x44
10003ea6:	4798      	blx	r3
10003ea8:	0003      	movs	r3, r0
10003eaa:	430b      	orrs	r3, r1
10003eac:	d03c      	beq.n	10003f28 <alarm_pool_add_alarm_at+0x168>
10003eae:	9002      	str	r0, [sp, #8]
10003eb0:	9103      	str	r1, [sp, #12]
10003eb2:	2900      	cmp	r1, #0
10003eb4:	da31      	bge.n	10003f1a <alarm_pool_add_alarm_at+0x15a>
10003eb6:	9b00      	ldr	r3, [sp, #0]
10003eb8:	9c01      	ldr	r4, [sp, #4]
10003eba:	9902      	ldr	r1, [sp, #8]
10003ebc:	9a03      	ldr	r2, [sp, #12]
10003ebe:	1a5b      	subs	r3, r3, r1
10003ec0:	4194      	sbcs	r4, r2
10003ec2:	2280      	movs	r2, #128	@ 0x80
10003ec4:	9300      	str	r3, [sp, #0]
10003ec6:	9401      	str	r4, [sp, #4]
10003ec8:	0612      	lsls	r2, r2, #24
10003eca:	4294      	cmp	r4, r2
10003ecc:	d304      	bcc.n	10003ed8 <alarm_pool_add_alarm_at+0x118>
10003ece:	2301      	movs	r3, #1
10003ed0:	4c17      	ldr	r4, [pc, #92]	@ (10003f30 <alarm_pool_add_alarm_at+0x170>)
10003ed2:	425b      	negs	r3, r3
10003ed4:	9300      	str	r3, [sp, #0]
10003ed6:	9401      	str	r4, [sp, #4]
10003ed8:	9b05      	ldr	r3, [sp, #20]
10003eda:	469a      	mov	sl, r3
10003edc:	e780      	b.n	10003de0 <alarm_pool_add_alarm_at+0x20>
10003ede:	6873      	ldr	r3, [r6, #4]
10003ee0:	f3bf 8f5f 	dmb	sy
10003ee4:	601c      	str	r4, [r3, #0]
10003ee6:	f38b 8810 	msr	PRIMASK, fp
10003eea:	2001      	movs	r0, #1
10003eec:	4240      	negs	r0, r0
10003eee:	e7cd      	b.n	10003e8c <alarm_pool_add_alarm_at+0xcc>
10003ef0:	7094      	strb	r4, [r2, #2]
10003ef2:	783b      	ldrb	r3, [r7, #0]
10003ef4:	2b00      	cmp	r3, #0
10003ef6:	d000      	beq.n	10003efa <alarm_pool_add_alarm_at+0x13a>
10003ef8:	7053      	strb	r3, [r2, #1]
10003efa:	4643      	mov	r3, r8
10003efc:	703b      	strb	r3, [r7, #0]
10003efe:	736c      	strb	r4, [r5, #13]
10003f00:	7d30      	ldrb	r0, [r6, #20]
10003f02:	9a00      	ldr	r2, [sp, #0]
10003f04:	9b01      	ldr	r3, [sp, #4]
10003f06:	f000 fa37 	bl	10004378 <hardware_alarm_set_target>
10003f0a:	4682      	mov	sl, r0
10003f0c:	2800      	cmp	r0, #0
10003f0e:	d0ad      	beq.n	10003e6c <alarm_pool_add_alarm_at+0xac>
10003f10:	0021      	movs	r1, r4
10003f12:	6830      	ldr	r0, [r6, #0]
10003f14:	f000 fc66 	bl	100047e4 <ph_remove_and_free_node>
10003f18:	e7a8      	b.n	10003e6c <alarm_pool_add_alarm_at+0xac>
10003f1a:	f000 f95b 	bl	100041d4 <time_us_64>
10003f1e:	9b02      	ldr	r3, [sp, #8]
10003f20:	9c03      	ldr	r4, [sp, #12]
10003f22:	181b      	adds	r3, r3, r0
10003f24:	414c      	adcs	r4, r1
10003f26:	e7cc      	b.n	10003ec2 <alarm_pool_add_alarm_at+0x102>
10003f28:	2000      	movs	r0, #0
10003f2a:	e7af      	b.n	10003e8c <alarm_pool_add_alarm_at+0xcc>
10003f2c:	0fffffff 	.word	0x0fffffff
10003f30:	7fffffff 	.word	0x7fffffff

10003f34 <sleep_ms>:
10003f34:	b5f0      	push	{r4, r5, r6, r7, lr}
10003f36:	46c6      	mov	lr, r8
10003f38:	b500      	push	{lr}
10003f3a:	b084      	sub	sp, #16
10003f3c:	0004      	movs	r4, r0
10003f3e:	f000 f949 	bl	100041d4 <time_us_64>
10003f42:	22fa      	movs	r2, #250	@ 0xfa
10003f44:	0006      	movs	r6, r0
10003f46:	000f      	movs	r7, r1
10003f48:	0020      	movs	r0, r4
10003f4a:	2300      	movs	r3, #0
10003f4c:	2100      	movs	r1, #0
10003f4e:	0092      	lsls	r2, r2, #2
10003f50:	f003 fb28 	bl	100075a4 <__wrap___aeabi_lmul>
10003f54:	1980      	adds	r0, r0, r6
10003f56:	4179      	adcs	r1, r7
10003f58:	0004      	movs	r4, r0
10003f5a:	1e0d      	subs	r5, r1, #0
10003f5c:	da02      	bge.n	10003f64 <sleep_ms+0x30>
10003f5e:	2401      	movs	r4, #1
10003f60:	4d2a      	ldr	r5, [pc, #168]	@ (1000400c <sleep_ms+0xd8>)
10003f62:	4264      	negs	r4, r4
10003f64:	2606      	movs	r6, #6
10003f66:	4276      	negs	r6, r6
10003f68:	17f7      	asrs	r7, r6, #31
10003f6a:	1936      	adds	r6, r6, r4
10003f6c:	416f      	adcs	r7, r5
10003f6e:	42af      	cmp	r7, r5
10003f70:	d814      	bhi.n	10003f9c <sleep_ms+0x68>
10003f72:	d011      	beq.n	10003f98 <sleep_ms+0x64>
10003f74:	f000 f92e 	bl	100041d4 <time_us_64>
10003f78:	0032      	movs	r2, r6
10003f7a:	003b      	movs	r3, r7
10003f7c:	1a12      	subs	r2, r2, r0
10003f7e:	418b      	sbcs	r3, r1
10003f80:	2b00      	cmp	r3, #0
10003f82:	dc15      	bgt.n	10003fb0 <sleep_ms+0x7c>
10003f84:	2b00      	cmp	r3, #0
10003f86:	d03e      	beq.n	10004006 <sleep_ms+0xd2>
10003f88:	0020      	movs	r0, r4
10003f8a:	0029      	movs	r1, r5
10003f8c:	f000 f99e 	bl	100042cc <busy_wait_until>
10003f90:	b004      	add	sp, #16
10003f92:	bc80      	pop	{r7}
10003f94:	46b8      	mov	r8, r7
10003f96:	bdf0      	pop	{r4, r5, r6, r7, pc}
10003f98:	42a6      	cmp	r6, r4
10003f9a:	d9eb      	bls.n	10003f74 <sleep_ms+0x40>
10003f9c:	2600      	movs	r6, #0
10003f9e:	2700      	movs	r7, #0
10003fa0:	f000 f918 	bl	100041d4 <time_us_64>
10003fa4:	0032      	movs	r2, r6
10003fa6:	003b      	movs	r3, r7
10003fa8:	1a12      	subs	r2, r2, r0
10003faa:	418b      	sbcs	r3, r1
10003fac:	2b00      	cmp	r3, #0
10003fae:	dde9      	ble.n	10003f84 <sleep_ms+0x50>
10003fb0:	2300      	movs	r3, #0
10003fb2:	9302      	str	r3, [sp, #8]
10003fb4:	9301      	str	r3, [sp, #4]
10003fb6:	4b16      	ldr	r3, [pc, #88]	@ (10004010 <sleep_ms+0xdc>)
10003fb8:	0032      	movs	r2, r6
10003fba:	9300      	str	r3, [sp, #0]
10003fbc:	4815      	ldr	r0, [pc, #84]	@ (10004014 <sleep_ms+0xe0>)
10003fbe:	003b      	movs	r3, r7
10003fc0:	f7ff fefe 	bl	10003dc0 <alarm_pool_add_alarm_at>
10003fc4:	3001      	adds	r0, #1
10003fc6:	d0df      	beq.n	10003f88 <sleep_ms+0x54>
10003fc8:	2300      	movs	r3, #0
10003fca:	0039      	movs	r1, r7
10003fcc:	4698      	mov	r8, r3
10003fce:	4a12      	ldr	r2, [pc, #72]	@ (10004018 <sleep_ms+0xe4>)
10003fd0:	4812      	ldr	r0, [pc, #72]	@ (1000401c <sleep_ms+0xe8>)
10003fd2:	6a53      	ldr	r3, [r2, #36]	@ 0x24
10003fd4:	4299      	cmp	r1, r3
10003fd6:	d804      	bhi.n	10003fe2 <sleep_ms+0xae>
10003fd8:	6a97      	ldr	r7, [r2, #40]	@ 0x28
10003fda:	42be      	cmp	r6, r7
10003fdc:	d9d4      	bls.n	10003f88 <sleep_ms+0x54>
10003fde:	4299      	cmp	r1, r3
10003fe0:	d1d2      	bne.n	10003f88 <sleep_ms+0x54>
10003fe2:	6807      	ldr	r7, [r0, #0]
10003fe4:	f3ef 8c10 	mrs	ip, PRIMASK
10003fe8:	b672      	cpsid	i
10003fea:	683b      	ldr	r3, [r7, #0]
10003fec:	2b00      	cmp	r3, #0
10003fee:	d0fc      	beq.n	10003fea <sleep_ms+0xb6>
10003ff0:	f3bf 8f5f 	dmb	sy
10003ff4:	6803      	ldr	r3, [r0, #0]
10003ff6:	f3bf 8f5f 	dmb	sy
10003ffa:	4647      	mov	r7, r8
10003ffc:	601f      	str	r7, [r3, #0]
10003ffe:	f38c 8810 	msr	PRIMASK, ip
10004002:	bf20      	wfe
10004004:	e7e5      	b.n	10003fd2 <sleep_ms+0x9e>
10004006:	2a00      	cmp	r2, #0
10004008:	d0be      	beq.n	10003f88 <sleep_ms+0x54>
1000400a:	e7d1      	b.n	10003fb0 <sleep_ms+0x7c>
1000400c:	7fffffff 	.word	0x7fffffff
10004010:	10003a7d 	.word	0x10003a7d
10004014:	20000a54 	.word	0x20000a54
10004018:	40054000 	.word	0x40054000
1000401c:	200063d0 	.word	0x200063d0

10004020 <best_effort_wfe_or_timeout>:
10004020:	b5f0      	push	{r4, r5, r6, r7, lr}
10004022:	f3ef 8305 	mrs	r3, IPSR
10004026:	46c6      	mov	lr, r8
10004028:	b500      	push	{lr}
1000402a:	0005      	movs	r5, r0
1000402c:	000c      	movs	r4, r1
1000402e:	b084      	sub	sp, #16
10004030:	2b00      	cmp	r3, #0
10004032:	d00f      	beq.n	10004054 <best_effort_wfe_or_timeout+0x34>
10004034:	4a2f      	ldr	r2, [pc, #188]	@ (100040f4 <best_effort_wfe_or_timeout+0xd4>)
10004036:	2000      	movs	r0, #0
10004038:	6a53      	ldr	r3, [r2, #36]	@ 0x24
1000403a:	42a3      	cmp	r3, r4
1000403c:	d306      	bcc.n	1000404c <best_effort_wfe_or_timeout+0x2c>
1000403e:	6a92      	ldr	r2, [r2, #40]	@ 0x28
10004040:	1b1b      	subs	r3, r3, r4
10004042:	1e59      	subs	r1, r3, #1
10004044:	418b      	sbcs	r3, r1
10004046:	42aa      	cmp	r2, r5
10004048:	4140      	adcs	r0, r0
1000404a:	4318      	orrs	r0, r3
1000404c:	b004      	add	sp, #16
1000404e:	bc80      	pop	{r7}
10004050:	46b8      	mov	r8, r7
10004052:	bdf0      	pop	{r4, r5, r6, r7, pc}
10004054:	4e28      	ldr	r6, [pc, #160]	@ (100040f8 <best_effort_wfe_or_timeout+0xd8>)
10004056:	9302      	str	r3, [sp, #8]
10004058:	9301      	str	r3, [sp, #4]
1000405a:	4b28      	ldr	r3, [pc, #160]	@ (100040fc <best_effort_wfe_or_timeout+0xdc>)
1000405c:	0002      	movs	r2, r0
1000405e:	9300      	str	r3, [sp, #0]
10004060:	0030      	movs	r0, r6
10004062:	000b      	movs	r3, r1
10004064:	f7ff feac 	bl	10003dc0 <alarm_pool_add_alarm_at>
10004068:	2800      	cmp	r0, #0
1000406a:	dc0c      	bgt.n	10004086 <best_effort_wfe_or_timeout+0x66>
1000406c:	4a21      	ldr	r2, [pc, #132]	@ (100040f4 <best_effort_wfe_or_timeout+0xd4>)
1000406e:	2000      	movs	r0, #0
10004070:	6a53      	ldr	r3, [r2, #36]	@ 0x24
10004072:	42a3      	cmp	r3, r4
10004074:	d3ea      	bcc.n	1000404c <best_effort_wfe_or_timeout+0x2c>
10004076:	6a92      	ldr	r2, [r2, #40]	@ 0x28
10004078:	1b1b      	subs	r3, r3, r4
1000407a:	42aa      	cmp	r2, r5
1000407c:	4140      	adcs	r0, r0
1000407e:	1e5a      	subs	r2, r3, #1
10004080:	4193      	sbcs	r3, r2
10004082:	4318      	orrs	r0, r3
10004084:	e7e2      	b.n	1000404c <best_effort_wfe_or_timeout+0x2c>
10004086:	bf20      	wfe
10004088:	6872      	ldr	r2, [r6, #4]
1000408a:	f3ef 8710 	mrs	r7, PRIMASK
1000408e:	b672      	cpsid	i
10004090:	6813      	ldr	r3, [r2, #0]
10004092:	2b00      	cmp	r3, #0
10004094:	d0fc      	beq.n	10004090 <best_effort_wfe_or_timeout+0x70>
10004096:	f3bf 8f5f 	dmb	sy
1000409a:	b2c3      	uxtb	r3, r0
1000409c:	4698      	mov	r8, r3
1000409e:	22ff      	movs	r2, #255	@ 0xff
100040a0:	6833      	ldr	r3, [r6, #0]
100040a2:	4002      	ands	r2, r0
100040a4:	469c      	mov	ip, r3
100040a6:	7b5b      	ldrb	r3, [r3, #13]
100040a8:	4543      	cmp	r3, r8
100040aa:	d00d      	beq.n	100040c8 <best_effort_wfe_or_timeout+0xa8>
100040ac:	4663      	mov	r3, ip
100040ae:	0051      	lsls	r1, r2, #1
100040b0:	681b      	ldr	r3, [r3, #0]
100040b2:	1889      	adds	r1, r1, r2
100040b4:	185b      	adds	r3, r3, r1
100040b6:	3b03      	subs	r3, #3
100040b8:	789b      	ldrb	r3, [r3, #2]
100040ba:	2b00      	cmp	r3, #0
100040bc:	d104      	bne.n	100040c8 <best_effort_wfe_or_timeout+0xa8>
100040be:	6932      	ldr	r2, [r6, #16]
100040c0:	4290      	cmp	r0, r2
100040c2:	d109      	bne.n	100040d8 <best_effort_wfe_or_timeout+0xb8>
100040c4:	6133      	str	r3, [r6, #16]
100040c6:	e007      	b.n	100040d8 <best_effort_wfe_or_timeout+0xb8>
100040c8:	68f1      	ldr	r1, [r6, #12]
100040ca:	0a03      	lsrs	r3, r0, #8
100040cc:	188a      	adds	r2, r1, r2
100040ce:	3a01      	subs	r2, #1
100040d0:	7812      	ldrb	r2, [r2, #0]
100040d2:	b2db      	uxtb	r3, r3
100040d4:	429a      	cmp	r2, r3
100040d6:	d007      	beq.n	100040e8 <best_effort_wfe_or_timeout+0xc8>
100040d8:	6873      	ldr	r3, [r6, #4]
100040da:	f3bf 8f5f 	dmb	sy
100040de:	2200      	movs	r2, #0
100040e0:	601a      	str	r2, [r3, #0]
100040e2:	f387 8810 	msr	PRIMASK, r7
100040e6:	e7a5      	b.n	10004034 <best_effort_wfe_or_timeout+0x14>
100040e8:	4641      	mov	r1, r8
100040ea:	4660      	mov	r0, ip
100040ec:	f000 fb7a 	bl	100047e4 <ph_remove_and_free_node>
100040f0:	e7f2      	b.n	100040d8 <best_effort_wfe_or_timeout+0xb8>
100040f2:	46c0      	nop			@ (mov r8, r8)
100040f4:	40054000 	.word	0x40054000
100040f8:	20000a54 	.word	0x20000a54
100040fc:	10003a7d 	.word	0x10003a7d

10004100 <hardware_alarm_irq_handler>:
10004100:	b5f0      	push	{r4, r5, r6, r7, lr}
10004102:	f3ef 8205 	mrs	r2, IPSR
10004106:	46d6      	mov	lr, sl
10004108:	464f      	mov	r7, r9
1000410a:	4646      	mov	r6, r8
1000410c:	0010      	movs	r0, r2
1000410e:	b5c0      	push	{r6, r7, lr}
10004110:	3810      	subs	r0, #16
10004112:	f3ef 8810 	mrs	r8, PRIMASK
10004116:	b672      	cpsid	i
10004118:	4c21      	ldr	r4, [pc, #132]	@ (100041a0 <hardware_alarm_irq_handler+0xa0>)
1000411a:	6823      	ldr	r3, [r4, #0]
1000411c:	2b00      	cmp	r3, #0
1000411e:	d0fc      	beq.n	1000411a <hardware_alarm_irq_handler+0x1a>
10004120:	f3bf 8f5f 	dmb	sy
10004124:	2301      	movs	r3, #1
10004126:	0019      	movs	r1, r3
10004128:	4081      	lsls	r1, r0
1000412a:	4d1e      	ldr	r5, [pc, #120]	@ (100041a4 <hardware_alarm_irq_handler+0xa4>)
1000412c:	001f      	movs	r7, r3
1000412e:	6369      	str	r1, [r5, #52]	@ 0x34
10004130:	46aa      	mov	sl, r5
10004132:	4d1d      	ldr	r5, [pc, #116]	@ (100041a8 <hardware_alarm_irq_handler+0xa8>)
10004134:	6029      	str	r1, [r5, #0]
10004136:	4d1d      	ldr	r5, [pc, #116]	@ (100041ac <hardware_alarm_irq_handler+0xac>)
10004138:	782e      	ldrb	r6, [r5, #0]
1000413a:	46ac      	mov	ip, r5
1000413c:	0035      	movs	r5, r6
1000413e:	40c5      	lsrs	r5, r0
10004140:	402f      	ands	r7, r5
10004142:	422b      	tst	r3, r5
10004144:	d015      	beq.n	10004172 <hardware_alarm_irq_handler+0x72>
10004146:	4653      	mov	r3, sl
10004148:	6a5f      	ldr	r7, [r3, #36]	@ 0x24
1000414a:	4b19      	ldr	r3, [pc, #100]	@ (100041b0 <hardware_alarm_irq_handler+0xb0>)
1000414c:	0085      	lsls	r5, r0, #2
1000414e:	58eb      	ldr	r3, [r5, r3]
10004150:	429f      	cmp	r7, r3
10004152:	d318      	bcc.n	10004186 <hardware_alarm_irq_handler+0x86>
10004154:	4662      	mov	r2, ip
10004156:	4b17      	ldr	r3, [pc, #92]	@ (100041b4 <hardware_alarm_irq_handler+0xb4>)
10004158:	438e      	bics	r6, r1
1000415a:	58eb      	ldr	r3, [r5, r3]
1000415c:	7016      	strb	r6, [r2, #0]
1000415e:	f3bf 8f5f 	dmb	sy
10004162:	2200      	movs	r2, #0
10004164:	6022      	str	r2, [r4, #0]
10004166:	f388 8810 	msr	PRIMASK, r8
1000416a:	2b00      	cmp	r3, #0
1000416c:	d006      	beq.n	1000417c <hardware_alarm_irq_handler+0x7c>
1000416e:	4798      	blx	r3
10004170:	e004      	b.n	1000417c <hardware_alarm_irq_handler+0x7c>
10004172:	f3bf 8f5f 	dmb	sy
10004176:	6027      	str	r7, [r4, #0]
10004178:	f388 8810 	msr	PRIMASK, r8
1000417c:	bce0      	pop	{r5, r6, r7}
1000417e:	46ba      	mov	sl, r7
10004180:	46b1      	mov	r9, r6
10004182:	46a8      	mov	r8, r5
10004184:	bdf0      	pop	{r4, r5, r6, r7, pc}
10004186:	4b0c      	ldr	r3, [pc, #48]	@ (100041b8 <hardware_alarm_irq_handler+0xb8>)
10004188:	0092      	lsls	r2, r2, #2
1000418a:	469c      	mov	ip, r3
1000418c:	4462      	add	r2, ip
1000418e:	6813      	ldr	r3, [r2, #0]
10004190:	6013      	str	r3, [r2, #0]
10004192:	f3bf 8f5f 	dmb	sy
10004196:	2300      	movs	r3, #0
10004198:	6023      	str	r3, [r4, #0]
1000419a:	f388 8810 	msr	PRIMASK, r8
1000419e:	e7ed      	b.n	1000417c <hardware_alarm_irq_handler+0x7c>
100041a0:	d0000128 	.word	0xd0000128
100041a4:	40054000 	.word	0x40054000
100041a8:	4005703c 	.word	0x4005703c
100041ac:	20007665 	.word	0x20007665
100041b0:	200063d4 	.word	0x200063d4
100041b4:	20000e10 	.word	0x20000e10
100041b8:	40053fd0 	.word	0x40053fd0

100041bc <hardware_alarm_claim>:
100041bc:	b510      	push	{r4, lr}
100041be:	4b03      	ldr	r3, [pc, #12]	@ (100041cc <hardware_alarm_claim+0x10>)
100041c0:	0001      	movs	r1, r0
100041c2:	0018      	movs	r0, r3
100041c4:	4a02      	ldr	r2, [pc, #8]	@ (100041d0 <hardware_alarm_claim+0x14>)
100041c6:	f7ff f907 	bl	100033d8 <hw_claim_or_assert>
100041ca:	bd10      	pop	{r4, pc}
100041cc:	20007648 	.word	0x20007648
100041d0:	10008468 	.word	0x10008468

100041d4 <time_us_64>:
100041d4:	4b03      	ldr	r3, [pc, #12]	@ (100041e4 <time_us_64+0x10>)
100041d6:	6a59      	ldr	r1, [r3, #36]	@ 0x24
100041d8:	000a      	movs	r2, r1
100041da:	6a98      	ldr	r0, [r3, #40]	@ 0x28
100041dc:	6a59      	ldr	r1, [r3, #36]	@ 0x24
100041de:	428a      	cmp	r2, r1
100041e0:	d1fa      	bne.n	100041d8 <time_us_64+0x4>
100041e2:	4770      	bx	lr
100041e4:	40054000 	.word	0x40054000

100041e8 <busy_wait_us_32>:
100041e8:	b570      	push	{r4, r5, r6, lr}
100041ea:	2800      	cmp	r0, #0
100041ec:	db06      	blt.n	100041fc <busy_wait_us_32+0x14>
100041ee:	4a1c      	ldr	r2, [pc, #112]	@ (10004260 <busy_wait_us_32+0x78>)
100041f0:	6a91      	ldr	r1, [r2, #40]	@ 0x28
100041f2:	6a93      	ldr	r3, [r2, #40]	@ 0x28
100041f4:	1a5b      	subs	r3, r3, r1
100041f6:	4283      	cmp	r3, r0
100041f8:	d3fb      	bcc.n	100041f2 <busy_wait_us_32+0xa>
100041fa:	bd70      	pop	{r4, r5, r6, pc}
100041fc:	0004      	movs	r4, r0
100041fe:	2500      	movs	r5, #0
10004200:	4a17      	ldr	r2, [pc, #92]	@ (10004260 <busy_wait_us_32+0x78>)
10004202:	6a53      	ldr	r3, [r2, #36]	@ 0x24
10004204:	0019      	movs	r1, r3
10004206:	6a96      	ldr	r6, [r2, #40]	@ 0x28
10004208:	6a53      	ldr	r3, [r2, #36]	@ 0x24
1000420a:	428b      	cmp	r3, r1
1000420c:	d1fa      	bne.n	10004204 <busy_wait_us_32+0x1c>
1000420e:	0030      	movs	r0, r6
10004210:	0019      	movs	r1, r3
10004212:	1824      	adds	r4, r4, r0
10004214:	414d      	adcs	r5, r1
10004216:	42ab      	cmp	r3, r5
10004218:	d918      	bls.n	1000424c <busy_wait_us_32+0x64>
1000421a:	4b11      	ldr	r3, [pc, #68]	@ (10004260 <busy_wait_us_32+0x78>)
1000421c:	6a5b      	ldr	r3, [r3, #36]	@ 0x24
1000421e:	001c      	movs	r4, r3
10004220:	1c5a      	adds	r2, r3, #1
10004222:	d00a      	beq.n	1000423a <busy_wait_us_32+0x52>
10004224:	2301      	movs	r3, #1
10004226:	2401      	movs	r4, #1
10004228:	4264      	negs	r4, r4
1000422a:	17e5      	asrs	r5, r4, #31
1000422c:	425b      	negs	r3, r3
1000422e:	490c      	ldr	r1, [pc, #48]	@ (10004260 <busy_wait_us_32+0x78>)
10004230:	6a4a      	ldr	r2, [r1, #36]	@ 0x24
10004232:	429a      	cmp	r2, r3
10004234:	d3fc      	bcc.n	10004230 <busy_wait_us_32+0x48>
10004236:	429a      	cmp	r2, r3
10004238:	d1df      	bne.n	100041fa <busy_wait_us_32+0x12>
1000423a:	4a09      	ldr	r2, [pc, #36]	@ (10004260 <busy_wait_us_32+0x78>)
1000423c:	e002      	b.n	10004244 <busy_wait_us_32+0x5c>
1000423e:	6a51      	ldr	r1, [r2, #36]	@ 0x24
10004240:	4299      	cmp	r1, r3
10004242:	d1da      	bne.n	100041fa <busy_wait_us_32+0x12>
10004244:	6a91      	ldr	r1, [r2, #40]	@ 0x28
10004246:	42a1      	cmp	r1, r4
10004248:	d3f9      	bcc.n	1000423e <busy_wait_us_32+0x56>
1000424a:	e7d6      	b.n	100041fa <busy_wait_us_32+0x12>
1000424c:	42ab      	cmp	r3, r5
1000424e:	d101      	bne.n	10004254 <busy_wait_us_32+0x6c>
10004250:	42a6      	cmp	r6, r4
10004252:	d8e2      	bhi.n	1000421a <busy_wait_us_32+0x32>
10004254:	4a02      	ldr	r2, [pc, #8]	@ (10004260 <busy_wait_us_32+0x78>)
10004256:	002b      	movs	r3, r5
10004258:	6a52      	ldr	r2, [r2, #36]	@ 0x24
1000425a:	4295      	cmp	r5, r2
1000425c:	d8e7      	bhi.n	1000422e <busy_wait_us_32+0x46>
1000425e:	e7ea      	b.n	10004236 <busy_wait_us_32+0x4e>
10004260:	40054000 	.word	0x40054000

10004264 <busy_wait_us>:
10004264:	b570      	push	{r4, r5, r6, lr}
10004266:	0004      	movs	r4, r0
10004268:	000d      	movs	r5, r1
1000426a:	4a17      	ldr	r2, [pc, #92]	@ (100042c8 <busy_wait_us+0x64>)
1000426c:	6a53      	ldr	r3, [r2, #36]	@ 0x24
1000426e:	0019      	movs	r1, r3
10004270:	6a96      	ldr	r6, [r2, #40]	@ 0x28
10004272:	6a53      	ldr	r3, [r2, #36]	@ 0x24
10004274:	428b      	cmp	r3, r1
10004276:	d1fa      	bne.n	1000426e <busy_wait_us+0xa>
10004278:	0030      	movs	r0, r6
1000427a:	0019      	movs	r1, r3
1000427c:	1824      	adds	r4, r4, r0
1000427e:	414d      	adcs	r5, r1
10004280:	42ab      	cmp	r3, r5
10004282:	d816      	bhi.n	100042b2 <busy_wait_us+0x4e>
10004284:	d013      	beq.n	100042ae <busy_wait_us+0x4a>
10004286:	4b10      	ldr	r3, [pc, #64]	@ (100042c8 <busy_wait_us+0x64>)
10004288:	002a      	movs	r2, r5
1000428a:	6a5b      	ldr	r3, [r3, #36]	@ 0x24
1000428c:	429d      	cmp	r5, r3
1000428e:	d903      	bls.n	10004298 <busy_wait_us+0x34>
10004290:	490d      	ldr	r1, [pc, #52]	@ (100042c8 <busy_wait_us+0x64>)
10004292:	6a4b      	ldr	r3, [r1, #36]	@ 0x24
10004294:	4293      	cmp	r3, r2
10004296:	d3fc      	bcc.n	10004292 <busy_wait_us+0x2e>
10004298:	4293      	cmp	r3, r2
1000429a:	d107      	bne.n	100042ac <busy_wait_us+0x48>
1000429c:	4a0a      	ldr	r2, [pc, #40]	@ (100042c8 <busy_wait_us+0x64>)
1000429e:	e002      	b.n	100042a6 <busy_wait_us+0x42>
100042a0:	6a51      	ldr	r1, [r2, #36]	@ 0x24
100042a2:	4299      	cmp	r1, r3
100042a4:	d102      	bne.n	100042ac <busy_wait_us+0x48>
100042a6:	6a91      	ldr	r1, [r2, #40]	@ 0x28
100042a8:	42a1      	cmp	r1, r4
100042aa:	d3f9      	bcc.n	100042a0 <busy_wait_us+0x3c>
100042ac:	bd70      	pop	{r4, r5, r6, pc}
100042ae:	42a6      	cmp	r6, r4
100042b0:	d9e9      	bls.n	10004286 <busy_wait_us+0x22>
100042b2:	4b05      	ldr	r3, [pc, #20]	@ (100042c8 <busy_wait_us+0x64>)
100042b4:	6a5b      	ldr	r3, [r3, #36]	@ 0x24
100042b6:	001c      	movs	r4, r3
100042b8:	1c5a      	adds	r2, r3, #1
100042ba:	d0ef      	beq.n	1000429c <busy_wait_us+0x38>
100042bc:	2201      	movs	r2, #1
100042be:	2401      	movs	r4, #1
100042c0:	4264      	negs	r4, r4
100042c2:	17e5      	asrs	r5, r4, #31
100042c4:	4252      	negs	r2, r2
100042c6:	e7e3      	b.n	10004290 <busy_wait_us+0x2c>
100042c8:	40054000 	.word	0x40054000

100042cc <busy_wait_until>:
100042cc:	4a06      	ldr	r2, [pc, #24]	@ (100042e8 <busy_wait_until+0x1c>)
100042ce:	6a53      	ldr	r3, [r2, #36]	@ 0x24
100042d0:	4299      	cmp	r1, r3
100042d2:	d8fc      	bhi.n	100042ce <busy_wait_until+0x2>
100042d4:	d107      	bne.n	100042e6 <busy_wait_until+0x1a>
100042d6:	4b04      	ldr	r3, [pc, #16]	@ (100042e8 <busy_wait_until+0x1c>)
100042d8:	e002      	b.n	100042e0 <busy_wait_until+0x14>
100042da:	6a5a      	ldr	r2, [r3, #36]	@ 0x24
100042dc:	4291      	cmp	r1, r2
100042de:	d102      	bne.n	100042e6 <busy_wait_until+0x1a>
100042e0:	6a9a      	ldr	r2, [r3, #40]	@ 0x28
100042e2:	4282      	cmp	r2, r0
100042e4:	d3f9      	bcc.n	100042da <busy_wait_until+0xe>
100042e6:	4770      	bx	lr
100042e8:	40054000 	.word	0x40054000

100042ec <hardware_alarm_set_callback>:
100042ec:	b570      	push	{r4, r5, r6, lr}
100042ee:	0004      	movs	r4, r0
100042f0:	000d      	movs	r5, r1
100042f2:	f3ef 8610 	mrs	r6, PRIMASK
100042f6:	b672      	cpsid	i
100042f8:	4a1a      	ldr	r2, [pc, #104]	@ (10004364 <hardware_alarm_set_callback+0x78>)
100042fa:	6813      	ldr	r3, [r2, #0]
100042fc:	2b00      	cmp	r3, #0
100042fe:	d0fc      	beq.n	100042fa <hardware_alarm_set_callback+0xe>
10004300:	f3bf 8f5f 	dmb	sy
10004304:	2d00      	cmp	r5, #0
10004306:	d01b      	beq.n	10004340 <hardware_alarm_set_callback+0x54>
10004308:	0020      	movs	r0, r4
1000430a:	f7ff f903 	bl	10003514 <irq_get_vtable_handler>
1000430e:	4916      	ldr	r1, [pc, #88]	@ (10004368 <hardware_alarm_set_callback+0x7c>)
10004310:	4281      	cmp	r1, r0
10004312:	d00a      	beq.n	1000432a <hardware_alarm_set_callback+0x3e>
10004314:	0020      	movs	r0, r4
10004316:	f7ff f905 	bl	10003524 <irq_set_exclusive_handler>
1000431a:	2101      	movs	r1, #1
1000431c:	0020      	movs	r0, r4
1000431e:	f7ff f8db 	bl	100034d8 <irq_set_enabled>
10004322:	2301      	movs	r3, #1
10004324:	40a3      	lsls	r3, r4
10004326:	4a11      	ldr	r2, [pc, #68]	@ (1000436c <hardware_alarm_set_callback+0x80>)
10004328:	6013      	str	r3, [r2, #0]
1000432a:	4b11      	ldr	r3, [pc, #68]	@ (10004370 <hardware_alarm_set_callback+0x84>)
1000432c:	00a4      	lsls	r4, r4, #2
1000432e:	50e5      	str	r5, [r4, r3]
10004330:	f3bf 8f5f 	dmb	sy
10004334:	2200      	movs	r2, #0
10004336:	4b0b      	ldr	r3, [pc, #44]	@ (10004364 <hardware_alarm_set_callback+0x78>)
10004338:	601a      	str	r2, [r3, #0]
1000433a:	f386 8810 	msr	PRIMASK, r6
1000433e:	bd70      	pop	{r4, r5, r6, pc}
10004340:	2101      	movs	r1, #1
10004342:	40a1      	lsls	r1, r4
10004344:	4b0a      	ldr	r3, [pc, #40]	@ (10004370 <hardware_alarm_set_callback+0x84>)
10004346:	00a2      	lsls	r2, r4, #2
10004348:	50d5      	str	r5, [r2, r3]
1000434a:	4b0a      	ldr	r3, [pc, #40]	@ (10004374 <hardware_alarm_set_callback+0x88>)
1000434c:	0020      	movs	r0, r4
1000434e:	781a      	ldrb	r2, [r3, #0]
10004350:	438a      	bics	r2, r1
10004352:	4905      	ldr	r1, [pc, #20]	@ (10004368 <hardware_alarm_set_callback+0x7c>)
10004354:	701a      	strb	r2, [r3, #0]
10004356:	f7ff fa09 	bl	1000376c <irq_remove_handler>
1000435a:	2100      	movs	r1, #0
1000435c:	0020      	movs	r0, r4
1000435e:	f7ff f8bb 	bl	100034d8 <irq_set_enabled>
10004362:	e7e5      	b.n	10004330 <hardware_alarm_set_callback+0x44>
10004364:	d0000128 	.word	0xd0000128
10004368:	10004101 	.word	0x10004101
1000436c:	40056038 	.word	0x40056038
10004370:	20000e10 	.word	0x20000e10
10004374:	20007665 	.word	0x20007665

10004378 <hardware_alarm_set_target>:
10004378:	b5f0      	push	{r4, r5, r6, r7, lr}
1000437a:	464f      	mov	r7, r9
1000437c:	46d6      	mov	lr, sl
1000437e:	4646      	mov	r6, r8
10004380:	b5c0      	push	{r6, r7, lr}
10004382:	0007      	movs	r7, r0
10004384:	4c2b      	ldr	r4, [pc, #172]	@ (10004434 <hardware_alarm_set_target+0xbc>)
10004386:	6a61      	ldr	r1, [r4, #36]	@ 0x24
10004388:	000d      	movs	r5, r1
1000438a:	6aa6      	ldr	r6, [r4, #40]	@ 0x28
1000438c:	6a61      	ldr	r1, [r4, #36]	@ 0x24
1000438e:	42a9      	cmp	r1, r5
10004390:	d1fa      	bne.n	10004388 <hardware_alarm_set_target+0x10>
10004392:	428b      	cmp	r3, r1
10004394:	d808      	bhi.n	100043a8 <hardware_alarm_set_target+0x30>
10004396:	d005      	beq.n	100043a4 <hardware_alarm_set_target+0x2c>
10004398:	2001      	movs	r0, #1
1000439a:	bce0      	pop	{r5, r6, r7}
1000439c:	46ba      	mov	sl, r7
1000439e:	46b1      	mov	r9, r6
100043a0:	46a8      	mov	r8, r5
100043a2:	bdf0      	pop	{r4, r5, r6, r7, pc}
100043a4:	42b2      	cmp	r2, r6
100043a6:	d9f7      	bls.n	10004398 <hardware_alarm_set_target+0x20>
100043a8:	f3ef 8a10 	mrs	sl, PRIMASK
100043ac:	b672      	cpsid	i
100043ae:	4822      	ldr	r0, [pc, #136]	@ (10004438 <hardware_alarm_set_target+0xc0>)
100043b0:	6801      	ldr	r1, [r0, #0]
100043b2:	2900      	cmp	r1, #0
100043b4:	d0fc      	beq.n	100043b0 <hardware_alarm_set_target+0x38>
100043b6:	f3bf 8f5f 	dmb	sy
100043ba:	2501      	movs	r5, #1
100043bc:	40bd      	lsls	r5, r7
100043be:	491f      	ldr	r1, [pc, #124]	@ (1000443c <hardware_alarm_set_target+0xc4>)
100043c0:	4c1c      	ldr	r4, [pc, #112]	@ (10004434 <hardware_alarm_set_target+0xbc>)
100043c2:	4688      	mov	r8, r1
100043c4:	7809      	ldrb	r1, [r1, #0]
100043c6:	4689      	mov	r9, r1
100043c8:	4329      	orrs	r1, r5
100043ca:	b2c9      	uxtb	r1, r1
100043cc:	468c      	mov	ip, r1
100043ce:	4641      	mov	r1, r8
100043d0:	4660      	mov	r0, ip
100043d2:	7008      	strb	r0, [r1, #0]
100043d4:	1d39      	adds	r1, r7, #4
100043d6:	0089      	lsls	r1, r1, #2
100043d8:	6365      	str	r5, [r4, #52]	@ 0x34
100043da:	510a      	str	r2, [r1, r4]
100043dc:	4918      	ldr	r1, [pc, #96]	@ (10004440 <hardware_alarm_set_target+0xc8>)
100043de:	00b8      	lsls	r0, r7, #2
100043e0:	5043      	str	r3, [r0, r1]
100043e2:	6a21      	ldr	r1, [r4, #32]
100043e4:	2000      	movs	r0, #0
100043e6:	4229      	tst	r1, r5
100043e8:	d019      	beq.n	1000441e <hardware_alarm_set_target+0xa6>
100043ea:	6a61      	ldr	r1, [r4, #36]	@ 0x24
100043ec:	0008      	movs	r0, r1
100043ee:	6aa6      	ldr	r6, [r4, #40]	@ 0x28
100043f0:	6a61      	ldr	r1, [r4, #36]	@ 0x24
100043f2:	4281      	cmp	r1, r0
100043f4:	d1fa      	bne.n	100043ec <hardware_alarm_set_target+0x74>
100043f6:	428b      	cmp	r3, r1
100043f8:	d819      	bhi.n	1000442e <hardware_alarm_set_target+0xb6>
100043fa:	d101      	bne.n	10004400 <hardware_alarm_set_target+0x88>
100043fc:	42b2      	cmp	r2, r6
100043fe:	d816      	bhi.n	1000442e <hardware_alarm_set_target+0xb6>
10004400:	45cc      	cmp	ip, r9
10004402:	d00b      	beq.n	1000441c <hardware_alarm_set_target+0xa4>
10004404:	4b0b      	ldr	r3, [pc, #44]	@ (10004434 <hardware_alarm_set_target+0xbc>)
10004406:	221f      	movs	r2, #31
10004408:	621d      	str	r5, [r3, #32]
1000440a:	635d      	str	r5, [r3, #52]	@ 0x34
1000440c:	2301      	movs	r3, #1
1000440e:	403a      	ands	r2, r7
10004410:	4093      	lsls	r3, r2
10004412:	4a0c      	ldr	r2, [pc, #48]	@ (10004444 <hardware_alarm_set_target+0xcc>)
10004414:	6013      	str	r3, [r2, #0]
10004416:	4643      	mov	r3, r8
10004418:	464a      	mov	r2, r9
1000441a:	701a      	strb	r2, [r3, #0]
1000441c:	2001      	movs	r0, #1
1000441e:	f3bf 8f5f 	dmb	sy
10004422:	2200      	movs	r2, #0
10004424:	4b04      	ldr	r3, [pc, #16]	@ (10004438 <hardware_alarm_set_target+0xc0>)
10004426:	601a      	str	r2, [r3, #0]
10004428:	f38a 8810 	msr	PRIMASK, sl
1000442c:	e7b5      	b.n	1000439a <hardware_alarm_set_target+0x22>
1000442e:	2000      	movs	r0, #0
10004430:	e7f5      	b.n	1000441e <hardware_alarm_set_target+0xa6>
10004432:	46c0      	nop			@ (mov r8, r8)
10004434:	40054000 	.word	0x40054000
10004438:	d0000128 	.word	0xd0000128
1000443c:	20007665 	.word	0x20007665
10004440:	200063d4 	.word	0x200063d4
10004444:	e000e280 	.word	0xe000e280

10004448 <hardware_alarm_cancel>:
10004448:	f3ef 8c10 	mrs	ip, PRIMASK
1000444c:	b672      	cpsid	i
1000444e:	490a      	ldr	r1, [pc, #40]	@ (10004478 <hardware_alarm_cancel+0x30>)
10004450:	680b      	ldr	r3, [r1, #0]
10004452:	2b00      	cmp	r3, #0
10004454:	d0fc      	beq.n	10004450 <hardware_alarm_cancel+0x8>
10004456:	f3bf 8f5f 	dmb	sy
1000445a:	2301      	movs	r3, #1
1000445c:	4083      	lsls	r3, r0
1000445e:	4a07      	ldr	r2, [pc, #28]	@ (1000447c <hardware_alarm_cancel+0x34>)
10004460:	4807      	ldr	r0, [pc, #28]	@ (10004480 <hardware_alarm_cancel+0x38>)
10004462:	6213      	str	r3, [r2, #32]
10004464:	7802      	ldrb	r2, [r0, #0]
10004466:	439a      	bics	r2, r3
10004468:	7002      	strb	r2, [r0, #0]
1000446a:	f3bf 8f5f 	dmb	sy
1000446e:	2300      	movs	r3, #0
10004470:	600b      	str	r3, [r1, #0]
10004472:	f38c 8810 	msr	PRIMASK, ip
10004476:	4770      	bx	lr
10004478:	d0000128 	.word	0xd0000128
1000447c:	40054000 	.word	0x40054000
10004480:	20007665 	.word	0x20007665

10004484 <ph_merge_nodes>:
10004484:	b570      	push	{r4, r5, r6, lr}
10004486:	0006      	movs	r6, r0
10004488:	000d      	movs	r5, r1
1000448a:	0014      	movs	r4, r2
1000448c:	2900      	cmp	r1, #0
1000448e:	d01c      	beq.n	100044ca <ph_merge_nodes+0x46>
10004490:	2a00      	cmp	r2, #0
10004492:	d012      	beq.n	100044ba <ph_merge_nodes+0x36>
10004494:	6873      	ldr	r3, [r6, #4]
10004496:	6880      	ldr	r0, [r0, #8]
10004498:	4798      	blx	r3
1000449a:	0063      	lsls	r3, r4, #1
1000449c:	006a      	lsls	r2, r5, #1
1000449e:	6831      	ldr	r1, [r6, #0]
100044a0:	191b      	adds	r3, r3, r4
100044a2:	1952      	adds	r2, r2, r5
100044a4:	3b03      	subs	r3, #3
100044a6:	3a03      	subs	r2, #3
100044a8:	18cb      	adds	r3, r1, r3
100044aa:	1889      	adds	r1, r1, r2
100044ac:	2800      	cmp	r0, #0
100044ae:	d006      	beq.n	100044be <ph_merge_nodes+0x3a>
100044b0:	709d      	strb	r5, [r3, #2]
100044b2:	780a      	ldrb	r2, [r1, #0]
100044b4:	2a00      	cmp	r2, #0
100044b6:	d10a      	bne.n	100044ce <ph_merge_nodes+0x4a>
100044b8:	700c      	strb	r4, [r1, #0]
100044ba:	0028      	movs	r0, r5
100044bc:	bd70      	pop	{r4, r5, r6, pc}
100044be:	708c      	strb	r4, [r1, #2]
100044c0:	781a      	ldrb	r2, [r3, #0]
100044c2:	2a00      	cmp	r2, #0
100044c4:	d000      	beq.n	100044c8 <ph_merge_nodes+0x44>
100044c6:	704a      	strb	r2, [r1, #1]
100044c8:	701d      	strb	r5, [r3, #0]
100044ca:	0020      	movs	r0, r4
100044cc:	e7f6      	b.n	100044bc <ph_merge_nodes+0x38>
100044ce:	705a      	strb	r2, [r3, #1]
100044d0:	700c      	strb	r4, [r1, #0]
100044d2:	e7f2      	b.n	100044ba <ph_merge_nodes+0x36>

100044d4 <ph_post_alloc_init>:
100044d4:	b510      	push	{r4, lr}
100044d6:	6083      	str	r3, [r0, #8]
100044d8:	2300      	movs	r3, #0
100044da:	b2cc      	uxtb	r4, r1
100044dc:	7343      	strb	r3, [r0, #13]
100044de:	3301      	adds	r3, #1
100044e0:	6042      	str	r2, [r0, #4]
100044e2:	7304      	strb	r4, [r0, #12]
100044e4:	7383      	strb	r3, [r0, #14]
100044e6:	73c4      	strb	r4, [r0, #15]
100044e8:	6800      	ldr	r0, [r0, #0]
100044ea:	1c42      	adds	r2, r0, #1
100044ec:	2c01      	cmp	r4, #1
100044ee:	d905      	bls.n	100044fc <ph_post_alloc_init+0x28>
100044f0:	3301      	adds	r3, #1
100044f2:	b2db      	uxtb	r3, r3
100044f4:	7013      	strb	r3, [r2, #0]
100044f6:	3203      	adds	r2, #3
100044f8:	429c      	cmp	r4, r3
100044fa:	d1f9      	bne.n	100044f0 <ph_post_alloc_init+0x1c>
100044fc:	23ff      	movs	r3, #255	@ 0xff
100044fe:	400b      	ands	r3, r1
10004500:	005a      	lsls	r2, r3, #1
10004502:	18d3      	adds	r3, r2, r3
10004504:	18c0      	adds	r0, r0, r3
10004506:	2300      	movs	r3, #0
10004508:	3803      	subs	r0, #3
1000450a:	7043      	strb	r3, [r0, #1]
1000450c:	bd10      	pop	{r4, pc}
1000450e:	46c0      	nop			@ (mov r8, r8)

10004510 <ph_merge_two_pass>:
10004510:	b5f8      	push	{r3, r4, r5, r6, r7, lr}
10004512:	46ce      	mov	lr, r9
10004514:	4647      	mov	r7, r8
10004516:	0005      	movs	r5, r0
10004518:	000c      	movs	r4, r1
1000451a:	b580      	push	{r7, lr}
1000451c:	2900      	cmp	r1, #0
1000451e:	d007      	beq.n	10004530 <ph_merge_two_pass+0x20>
10004520:	004e      	lsls	r6, r1, #1
10004522:	6803      	ldr	r3, [r0, #0]
10004524:	1876      	adds	r6, r6, r1
10004526:	3e03      	subs	r6, #3
10004528:	199a      	adds	r2, r3, r6
1000452a:	7857      	ldrb	r7, [r2, #1]
1000452c:	2f00      	cmp	r7, #0
1000452e:	d104      	bne.n	1000453a <ph_merge_two_pass+0x2a>
10004530:	0020      	movs	r0, r4
10004532:	bcc0      	pop	{r6, r7}
10004534:	46b9      	mov	r9, r7
10004536:	46b0      	mov	r8, r6
10004538:	bdf8      	pop	{r3, r4, r5, r6, r7, pc}
1000453a:	0079      	lsls	r1, r7, #1
1000453c:	19c9      	adds	r1, r1, r7
1000453e:	3903      	subs	r1, #3
10004540:	4688      	mov	r8, r1
10004542:	4443      	add	r3, r8
10004544:	7859      	ldrb	r1, [r3, #1]
10004546:	4689      	mov	r9, r1
10004548:	2100      	movs	r1, #0
1000454a:	7059      	strb	r1, [r3, #1]
1000454c:	7051      	strb	r1, [r2, #1]
1000454e:	686b      	ldr	r3, [r5, #4]
10004550:	003a      	movs	r2, r7
10004552:	0021      	movs	r1, r4
10004554:	6880      	ldr	r0, [r0, #8]
10004556:	4798      	blx	r3
10004558:	4643      	mov	r3, r8
1000455a:	682a      	ldr	r2, [r5, #0]
1000455c:	18d3      	adds	r3, r2, r3
1000455e:	1992      	adds	r2, r2, r6
10004560:	2800      	cmp	r0, #0
10004562:	d011      	beq.n	10004588 <ph_merge_two_pass+0x78>
10004564:	709c      	strb	r4, [r3, #2]
10004566:	7811      	ldrb	r1, [r2, #0]
10004568:	2900      	cmp	r1, #0
1000456a:	d000      	beq.n	1000456e <ph_merge_two_pass+0x5e>
1000456c:	7059      	strb	r1, [r3, #1]
1000456e:	7017      	strb	r7, [r2, #0]
10004570:	0027      	movs	r7, r4
10004572:	4649      	mov	r1, r9
10004574:	0028      	movs	r0, r5
10004576:	f7ff ffcb 	bl	10004510 <ph_merge_two_pass>
1000457a:	0039      	movs	r1, r7
1000457c:	0002      	movs	r2, r0
1000457e:	0028      	movs	r0, r5
10004580:	f7ff ff80 	bl	10004484 <ph_merge_nodes>
10004584:	0004      	movs	r4, r0
10004586:	e7d3      	b.n	10004530 <ph_merge_two_pass+0x20>
10004588:	7097      	strb	r7, [r2, #2]
1000458a:	7819      	ldrb	r1, [r3, #0]
1000458c:	2900      	cmp	r1, #0
1000458e:	d000      	beq.n	10004592 <ph_merge_two_pass+0x82>
10004590:	7051      	strb	r1, [r2, #1]
10004592:	701c      	strb	r4, [r3, #0]
10004594:	e7ed      	b.n	10004572 <ph_merge_two_pass+0x62>
10004596:	46c0      	nop			@ (mov r8, r8)

10004598 <ph_remove_any_head>:
10004598:	b5f8      	push	{r3, r4, r5, r6, r7, lr}
1000459a:	4657      	mov	r7, sl
1000459c:	464e      	mov	r6, r9
1000459e:	4645      	mov	r5, r8
100045a0:	46de      	mov	lr, fp
100045a2:	004c      	lsls	r4, r1, #1
100045a4:	b5e0      	push	{r5, r6, r7, lr}
100045a6:	1864      	adds	r4, r4, r1
100045a8:	0017      	movs	r7, r2
100045aa:	6802      	ldr	r2, [r0, #0]
100045ac:	3c03      	subs	r4, #3
100045ae:	0005      	movs	r5, r0
100045b0:	5d10      	ldrb	r0, [r2, r4]
100045b2:	1913      	adds	r3, r2, r4
100045b4:	000e      	movs	r6, r1
100045b6:	469c      	mov	ip, r3
100045b8:	2800      	cmp	r0, #0
100045ba:	d054      	beq.n	10004666 <ph_remove_any_head+0xce>
100045bc:	0043      	lsls	r3, r0, #1
100045be:	4698      	mov	r8, r3
100045c0:	181b      	adds	r3, r3, r0
100045c2:	3b03      	subs	r3, #3
100045c4:	18d3      	adds	r3, r2, r3
100045c6:	7859      	ldrb	r1, [r3, #1]
100045c8:	468a      	mov	sl, r1
100045ca:	2900      	cmp	r1, #0
100045cc:	d120      	bne.n	10004610 <ph_remove_any_head+0x78>
100045ce:	2f00      	cmp	r7, #0
100045d0:	d013      	beq.n	100045fa <ph_remove_any_head+0x62>
100045d2:	7bec      	ldrb	r4, [r5, #15]
100045d4:	2c00      	cmp	r4, #0
100045d6:	d051      	beq.n	1000467c <ph_remove_any_head+0xe4>
100045d8:	0063      	lsls	r3, r4, #1
100045da:	191b      	adds	r3, r3, r4
100045dc:	18d3      	adds	r3, r2, r3
100045de:	3b03      	subs	r3, #3
100045e0:	705e      	strb	r6, [r3, #1]
100045e2:	7bab      	ldrb	r3, [r5, #14]
100045e4:	2b00      	cmp	r3, #0
100045e6:	d03c      	beq.n	10004662 <ph_remove_any_head+0xca>
100045e8:	73ee      	strb	r6, [r5, #15]
100045ea:	2800      	cmp	r0, #0
100045ec:	d007      	beq.n	100045fe <ph_remove_any_head+0x66>
100045ee:	0043      	lsls	r3, r0, #1
100045f0:	4698      	mov	r8, r3
100045f2:	4643      	mov	r3, r8
100045f4:	1819      	adds	r1, r3, r0
100045f6:	3903      	subs	r1, #3
100045f8:	1853      	adds	r3, r2, r1
100045fa:	2200      	movs	r2, #0
100045fc:	709a      	strb	r2, [r3, #2]
100045fe:	2300      	movs	r3, #0
10004600:	4662      	mov	r2, ip
10004602:	7053      	strb	r3, [r2, #1]
10004604:	bcf0      	pop	{r4, r5, r6, r7}
10004606:	46bb      	mov	fp, r7
10004608:	46b2      	mov	sl, r6
1000460a:	46a9      	mov	r9, r5
1000460c:	46a0      	mov	r8, r4
1000460e:	bdf8      	pop	{r3, r4, r5, r6, r7, pc}
10004610:	0049      	lsls	r1, r1, #1
10004612:	4451      	add	r1, sl
10004614:	3903      	subs	r1, #3
10004616:	1852      	adds	r2, r2, r1
10004618:	7851      	ldrb	r1, [r2, #1]
1000461a:	4688      	mov	r8, r1
1000461c:	2100      	movs	r1, #0
1000461e:	7051      	strb	r1, [r2, #1]
10004620:	4689      	mov	r9, r1
10004622:	7059      	strb	r1, [r3, #1]
10004624:	4652      	mov	r2, sl
10004626:	0001      	movs	r1, r0
10004628:	0028      	movs	r0, r5
1000462a:	f7ff ff2b 	bl	10004484 <ph_merge_nodes>
1000462e:	4643      	mov	r3, r8
10004630:	4682      	mov	sl, r0
10004632:	2b00      	cmp	r3, #0
10004634:	d007      	beq.n	10004646 <ph_remove_any_head+0xae>
10004636:	005b      	lsls	r3, r3, #1
10004638:	6829      	ldr	r1, [r5, #0]
1000463a:	4443      	add	r3, r8
1000463c:	3b03      	subs	r3, #3
1000463e:	18cb      	adds	r3, r1, r3
10004640:	785a      	ldrb	r2, [r3, #1]
10004642:	2a00      	cmp	r2, #0
10004644:	d11f      	bne.n	10004686 <ph_remove_any_head+0xee>
10004646:	4642      	mov	r2, r8
10004648:	4651      	mov	r1, sl
1000464a:	0028      	movs	r0, r5
1000464c:	f7ff ff1a 	bl	10004484 <ph_merge_nodes>
10004650:	46a4      	mov	ip, r4
10004652:	682a      	ldr	r2, [r5, #0]
10004654:	4494      	add	ip, r2
10004656:	2f00      	cmp	r7, #0
10004658:	d0c7      	beq.n	100045ea <ph_remove_any_head+0x52>
1000465a:	7bec      	ldrb	r4, [r5, #15]
1000465c:	2c00      	cmp	r4, #0
1000465e:	d0c0      	beq.n	100045e2 <ph_remove_any_head+0x4a>
10004660:	e7ba      	b.n	100045d8 <ph_remove_any_head+0x40>
10004662:	73ae      	strb	r6, [r5, #14]
10004664:	e7c0      	b.n	100045e8 <ph_remove_any_head+0x50>
10004666:	2f00      	cmp	r7, #0
10004668:	d0c9      	beq.n	100045fe <ph_remove_any_head+0x66>
1000466a:	7bec      	ldrb	r4, [r5, #15]
1000466c:	2c00      	cmp	r4, #0
1000466e:	d1b3      	bne.n	100045d8 <ph_remove_any_head+0x40>
10004670:	7bab      	ldrb	r3, [r5, #14]
10004672:	2b00      	cmp	r3, #0
10004674:	d120      	bne.n	100046b8 <ph_remove_any_head+0x120>
10004676:	73a9      	strb	r1, [r5, #14]
10004678:	73e9      	strb	r1, [r5, #15]
1000467a:	e7c0      	b.n	100045fe <ph_remove_any_head+0x66>
1000467c:	7bab      	ldrb	r3, [r5, #14]
1000467e:	2b00      	cmp	r3, #0
10004680:	d0ef      	beq.n	10004662 <ph_remove_any_head+0xca>
10004682:	73ee      	strb	r6, [r5, #15]
10004684:	e7b5      	b.n	100045f2 <ph_remove_any_head+0x5a>
10004686:	0050      	lsls	r0, r2, #1
10004688:	1880      	adds	r0, r0, r2
1000468a:	3803      	subs	r0, #3
1000468c:	1809      	adds	r1, r1, r0
1000468e:	7848      	ldrb	r0, [r1, #1]
10004690:	4683      	mov	fp, r0
10004692:	4648      	mov	r0, r9
10004694:	7048      	strb	r0, [r1, #1]
10004696:	7058      	strb	r0, [r3, #1]
10004698:	4641      	mov	r1, r8
1000469a:	0028      	movs	r0, r5
1000469c:	f7ff fef2 	bl	10004484 <ph_merge_nodes>
100046a0:	4659      	mov	r1, fp
100046a2:	4680      	mov	r8, r0
100046a4:	0028      	movs	r0, r5
100046a6:	f7ff ff33 	bl	10004510 <ph_merge_two_pass>
100046aa:	4641      	mov	r1, r8
100046ac:	0002      	movs	r2, r0
100046ae:	0028      	movs	r0, r5
100046b0:	f7ff fee8 	bl	10004484 <ph_merge_nodes>
100046b4:	4680      	mov	r8, r0
100046b6:	e7c6      	b.n	10004646 <ph_remove_any_head+0xae>
100046b8:	73e9      	strb	r1, [r5, #15]
100046ba:	e7a0      	b.n	100045fe <ph_remove_any_head+0x66>

100046bc <ph_remove_head>:
100046bc:	b5f8      	push	{r3, r4, r5, r6, r7, lr}
100046be:	4657      	mov	r7, sl
100046c0:	464e      	mov	r6, r9
100046c2:	4645      	mov	r5, r8
100046c4:	46de      	mov	lr, fp
100046c6:	b5e0      	push	{r5, r6, r7, lr}
100046c8:	7b46      	ldrb	r6, [r0, #13]
100046ca:	6802      	ldr	r2, [r0, #0]
100046cc:	0075      	lsls	r5, r6, #1
100046ce:	19ad      	adds	r5, r5, r6
100046d0:	3d03      	subs	r5, #3
100046d2:	000f      	movs	r7, r1
100046d4:	5d51      	ldrb	r1, [r2, r5]
100046d6:	1953      	adds	r3, r2, r5
100046d8:	0004      	movs	r4, r0
100046da:	469c      	mov	ip, r3
100046dc:	2900      	cmp	r1, #0
100046de:	d056      	beq.n	1000478e <ph_remove_head+0xd2>
100046e0:	004b      	lsls	r3, r1, #1
100046e2:	4698      	mov	r8, r3
100046e4:	185b      	adds	r3, r3, r1
100046e6:	3b03      	subs	r3, #3
100046e8:	18d3      	adds	r3, r2, r3
100046ea:	7858      	ldrb	r0, [r3, #1]
100046ec:	4682      	mov	sl, r0
100046ee:	2800      	cmp	r0, #0
100046f0:	d122      	bne.n	10004738 <ph_remove_head+0x7c>
100046f2:	2f00      	cmp	r7, #0
100046f4:	d013      	beq.n	1000471e <ph_remove_head+0x62>
100046f6:	7be5      	ldrb	r5, [r4, #15]
100046f8:	2d00      	cmp	r5, #0
100046fa:	d053      	beq.n	100047a4 <ph_remove_head+0xe8>
100046fc:	006b      	lsls	r3, r5, #1
100046fe:	195b      	adds	r3, r3, r5
10004700:	18d3      	adds	r3, r2, r3
10004702:	3b03      	subs	r3, #3
10004704:	705e      	strb	r6, [r3, #1]
10004706:	7ba3      	ldrb	r3, [r4, #14]
10004708:	2b00      	cmp	r3, #0
1000470a:	d03e      	beq.n	1000478a <ph_remove_head+0xce>
1000470c:	73e6      	strb	r6, [r4, #15]
1000470e:	2900      	cmp	r1, #0
10004710:	d007      	beq.n	10004722 <ph_remove_head+0x66>
10004712:	004b      	lsls	r3, r1, #1
10004714:	4698      	mov	r8, r3
10004716:	4643      	mov	r3, r8
10004718:	1858      	adds	r0, r3, r1
1000471a:	3803      	subs	r0, #3
1000471c:	1813      	adds	r3, r2, r0
1000471e:	2200      	movs	r2, #0
10004720:	709a      	strb	r2, [r3, #2]
10004722:	2300      	movs	r3, #0
10004724:	4662      	mov	r2, ip
10004726:	0030      	movs	r0, r6
10004728:	7053      	strb	r3, [r2, #1]
1000472a:	7361      	strb	r1, [r4, #13]
1000472c:	bcf0      	pop	{r4, r5, r6, r7}
1000472e:	46bb      	mov	fp, r7
10004730:	46b2      	mov	sl, r6
10004732:	46a9      	mov	r9, r5
10004734:	46a0      	mov	r8, r4
10004736:	bdf8      	pop	{r3, r4, r5, r6, r7, pc}
10004738:	0040      	lsls	r0, r0, #1
1000473a:	4450      	add	r0, sl
1000473c:	3803      	subs	r0, #3
1000473e:	1812      	adds	r2, r2, r0
10004740:	7850      	ldrb	r0, [r2, #1]
10004742:	4680      	mov	r8, r0
10004744:	2000      	movs	r0, #0
10004746:	7050      	strb	r0, [r2, #1]
10004748:	4681      	mov	r9, r0
1000474a:	7058      	strb	r0, [r3, #1]
1000474c:	4652      	mov	r2, sl
1000474e:	0020      	movs	r0, r4
10004750:	f7ff fe98 	bl	10004484 <ph_merge_nodes>
10004754:	4643      	mov	r3, r8
10004756:	4682      	mov	sl, r0
10004758:	2b00      	cmp	r3, #0
1000475a:	d007      	beq.n	1000476c <ph_remove_head+0xb0>
1000475c:	005b      	lsls	r3, r3, #1
1000475e:	6821      	ldr	r1, [r4, #0]
10004760:	4443      	add	r3, r8
10004762:	3b03      	subs	r3, #3
10004764:	18cb      	adds	r3, r1, r3
10004766:	785a      	ldrb	r2, [r3, #1]
10004768:	2a00      	cmp	r2, #0
1000476a:	d120      	bne.n	100047ae <ph_remove_head+0xf2>
1000476c:	4642      	mov	r2, r8
1000476e:	4651      	mov	r1, sl
10004770:	0020      	movs	r0, r4
10004772:	f7ff fe87 	bl	10004484 <ph_merge_nodes>
10004776:	46ac      	mov	ip, r5
10004778:	6822      	ldr	r2, [r4, #0]
1000477a:	0001      	movs	r1, r0
1000477c:	4494      	add	ip, r2
1000477e:	2f00      	cmp	r7, #0
10004780:	d0c5      	beq.n	1000470e <ph_remove_head+0x52>
10004782:	7be5      	ldrb	r5, [r4, #15]
10004784:	2d00      	cmp	r5, #0
10004786:	d0be      	beq.n	10004706 <ph_remove_head+0x4a>
10004788:	e7b8      	b.n	100046fc <ph_remove_head+0x40>
1000478a:	73a6      	strb	r6, [r4, #14]
1000478c:	e7be      	b.n	1000470c <ph_remove_head+0x50>
1000478e:	2f00      	cmp	r7, #0
10004790:	d0c7      	beq.n	10004722 <ph_remove_head+0x66>
10004792:	7bc5      	ldrb	r5, [r0, #15]
10004794:	2d00      	cmp	r5, #0
10004796:	d1b1      	bne.n	100046fc <ph_remove_head+0x40>
10004798:	7b83      	ldrb	r3, [r0, #14]
1000479a:	2b00      	cmp	r3, #0
1000479c:	d120      	bne.n	100047e0 <ph_remove_head+0x124>
1000479e:	7386      	strb	r6, [r0, #14]
100047a0:	73c6      	strb	r6, [r0, #15]
100047a2:	e7be      	b.n	10004722 <ph_remove_head+0x66>
100047a4:	7ba3      	ldrb	r3, [r4, #14]
100047a6:	2b00      	cmp	r3, #0
100047a8:	d0ef      	beq.n	1000478a <ph_remove_head+0xce>
100047aa:	73e6      	strb	r6, [r4, #15]
100047ac:	e7b3      	b.n	10004716 <ph_remove_head+0x5a>
100047ae:	0050      	lsls	r0, r2, #1
100047b0:	1880      	adds	r0, r0, r2
100047b2:	3803      	subs	r0, #3
100047b4:	1809      	adds	r1, r1, r0
100047b6:	7848      	ldrb	r0, [r1, #1]
100047b8:	4683      	mov	fp, r0
100047ba:	4648      	mov	r0, r9
100047bc:	7048      	strb	r0, [r1, #1]
100047be:	7058      	strb	r0, [r3, #1]
100047c0:	4641      	mov	r1, r8
100047c2:	0020      	movs	r0, r4
100047c4:	f7ff fe5e 	bl	10004484 <ph_merge_nodes>
100047c8:	4659      	mov	r1, fp
100047ca:	4680      	mov	r8, r0
100047cc:	0020      	movs	r0, r4
100047ce:	f7ff fe9f 	bl	10004510 <ph_merge_two_pass>
100047d2:	4641      	mov	r1, r8
100047d4:	0002      	movs	r2, r0
100047d6:	0020      	movs	r0, r4
100047d8:	f7ff fe54 	bl	10004484 <ph_merge_nodes>
100047dc:	4680      	mov	r8, r0
100047de:	e7c5      	b.n	1000476c <ph_remove_head+0xb0>
100047e0:	73c6      	strb	r6, [r0, #15]
100047e2:	e79e      	b.n	10004722 <ph_remove_head+0x66>

100047e4 <ph_remove_and_free_node>:
100047e4:	b570      	push	{r4, r5, r6, lr}
100047e6:	0004      	movs	r4, r0
100047e8:	2900      	cmp	r1, #0
100047ea:	d02c      	beq.n	10004846 <ph_remove_and_free_node+0x62>
100047ec:	7b43      	ldrb	r3, [r0, #13]
100047ee:	428b      	cmp	r3, r1
100047f0:	d02e      	beq.n	10004850 <ph_remove_and_free_node+0x6c>
100047f2:	6805      	ldr	r5, [r0, #0]
100047f4:	0048      	lsls	r0, r1, #1
100047f6:	1840      	adds	r0, r0, r1
100047f8:	3803      	subs	r0, #3
100047fa:	1828      	adds	r0, r5, r0
100047fc:	7882      	ldrb	r2, [r0, #2]
100047fe:	2a00      	cmp	r2, #0
10004800:	d021      	beq.n	10004846 <ph_remove_and_free_node+0x62>
10004802:	0053      	lsls	r3, r2, #1
10004804:	189b      	adds	r3, r3, r2
10004806:	3b03      	subs	r3, #3
10004808:	5cea      	ldrb	r2, [r5, r3]
1000480a:	18ee      	adds	r6, r5, r3
1000480c:	428a      	cmp	r2, r1
1000480e:	d102      	bne.n	10004816 <ph_remove_and_free_node+0x32>
10004810:	e01b      	b.n	1000484a <ph_remove_and_free_node+0x66>
10004812:	2a00      	cmp	r2, #0
10004814:	d008      	beq.n	10004828 <ph_remove_and_free_node+0x44>
10004816:	0053      	lsls	r3, r2, #1
10004818:	189b      	adds	r3, r3, r2
1000481a:	3b03      	subs	r3, #3
1000481c:	18eb      	adds	r3, r5, r3
1000481e:	785a      	ldrb	r2, [r3, #1]
10004820:	428a      	cmp	r2, r1
10004822:	d1f6      	bne.n	10004812 <ph_remove_and_free_node+0x2e>
10004824:	7842      	ldrb	r2, [r0, #1]
10004826:	705a      	strb	r2, [r3, #1]
10004828:	2300      	movs	r3, #0
1000482a:	2201      	movs	r2, #1
1000482c:	7083      	strb	r3, [r0, #2]
1000482e:	7043      	strb	r3, [r0, #1]
10004830:	0020      	movs	r0, r4
10004832:	f7ff feb1 	bl	10004598 <ph_remove_any_head>
10004836:	7b61      	ldrb	r1, [r4, #13]
10004838:	0002      	movs	r2, r0
1000483a:	0020      	movs	r0, r4
1000483c:	f7ff fe22 	bl	10004484 <ph_merge_nodes>
10004840:	7360      	strb	r0, [r4, #13]
10004842:	2001      	movs	r0, #1
10004844:	e000      	b.n	10004848 <ph_remove_and_free_node+0x64>
10004846:	2000      	movs	r0, #0
10004848:	bd70      	pop	{r4, r5, r6, pc}
1000484a:	7843      	ldrb	r3, [r0, #1]
1000484c:	7033      	strb	r3, [r6, #0]
1000484e:	e7eb      	b.n	10004828 <ph_remove_and_free_node+0x44>
10004850:	2201      	movs	r2, #1
10004852:	0019      	movs	r1, r3
10004854:	f7ff fea0 	bl	10004598 <ph_remove_any_head>
10004858:	e7f2      	b.n	10004840 <ph_remove_and_free_node+0x5c>
1000485a:	46c0      	nop			@ (mov r8, r8)

1000485c <uart_init>:
1000485c:	b5f8      	push	{r3, r4, r5, r6, r7, lr}
1000485e:	46ce      	mov	lr, r9
10004860:	4647      	mov	r7, r8
10004862:	0004      	movs	r4, r0
10004864:	b580      	push	{r7, lr}
10004866:	2006      	movs	r0, #6
10004868:	000e      	movs	r6, r1
1000486a:	f000 fa91 	bl	10004d90 <clock_get_hz>
1000486e:	1e05      	subs	r5, r0, #0
10004870:	d075      	beq.n	1000495e <uart_init+0x102>
10004872:	4b53      	ldr	r3, [pc, #332]	@ (100049c0 <uart_init+0x164>)
10004874:	2280      	movs	r2, #128	@ 0x80
10004876:	429c      	cmp	r4, r3
10004878:	d100      	bne.n	1000487c <uart_init+0x20>
1000487a:	e092      	b.n	100049a2 <uart_init+0x146>
1000487c:	4b51      	ldr	r3, [pc, #324]	@ (100049c4 <uart_init+0x168>)
1000487e:	03d2      	lsls	r2, r2, #15
10004880:	601a      	str	r2, [r3, #0]
10004882:	4b51      	ldr	r3, [pc, #324]	@ (100049c8 <uart_init+0x16c>)
10004884:	4951      	ldr	r1, [pc, #324]	@ (100049cc <uart_init+0x170>)
10004886:	601a      	str	r2, [r3, #0]
10004888:	0010      	movs	r0, r2
1000488a:	688b      	ldr	r3, [r1, #8]
1000488c:	4398      	bics	r0, r3
1000488e:	d1fb      	bne.n	10004888 <uart_init+0x2c>
10004890:	4b4f      	ldr	r3, [pc, #316]	@ (100049d0 <uart_init+0x174>)
10004892:	4a50      	ldr	r2, [pc, #320]	@ (100049d4 <uart_init+0x178>)
10004894:	18e3      	adds	r3, r4, r3
10004896:	4259      	negs	r1, r3
10004898:	414b      	adcs	r3, r1
1000489a:	2180      	movs	r1, #128	@ 0x80
1000489c:	005b      	lsls	r3, r3, #1
1000489e:	0049      	lsls	r1, r1, #1
100048a0:	2006      	movs	r0, #6
100048a2:	5299      	strh	r1, [r3, r2]
100048a4:	f000 fa74 	bl	10004d90 <clock_get_hz>
100048a8:	0031      	movs	r1, r6
100048aa:	00c0      	lsls	r0, r0, #3
100048ac:	f002 f85a 	bl	10006964 <__wrap___aeabi_uidiv>
100048b0:	09c3      	lsrs	r3, r0, #7
100048b2:	d026      	beq.n	10004902 <uart_init+0xa6>
100048b4:	4a48      	ldr	r2, [pc, #288]	@ (100049d8 <uart_init+0x17c>)
100048b6:	4293      	cmp	r3, r2
100048b8:	d800      	bhi.n	100048bc <uart_init+0x60>
100048ba:	e076      	b.n	100049aa <uart_init+0x14e>
100048bc:	2300      	movs	r3, #0
100048be:	4947      	ldr	r1, [pc, #284]	@ (100049dc <uart_init+0x180>)
100048c0:	4a47      	ldr	r2, [pc, #284]	@ (100049e0 <uart_init+0x184>)
100048c2:	6261      	str	r1, [r4, #36]	@ 0x24
100048c4:	62a3      	str	r3, [r4, #40]	@ 0x28
100048c6:	6b25      	ldr	r5, [r4, #48]	@ 0x30
100048c8:	4690      	mov	r8, r2
100048ca:	07eb      	lsls	r3, r5, #31
100048cc:	d521      	bpl.n	10004912 <uart_init+0xb6>
100048ce:	0022      	movs	r2, r4
100048d0:	23c0      	movs	r3, #192	@ 0xc0
100048d2:	3230      	adds	r2, #48	@ 0x30
100048d4:	019b      	lsls	r3, r3, #6
100048d6:	4313      	orrs	r3, r2
100048d8:	4a42      	ldr	r2, [pc, #264]	@ (100049e4 <uart_init+0x188>)
100048da:	2006      	movs	r0, #6
100048dc:	601a      	str	r2, [r3, #0]
100048de:	6a66      	ldr	r6, [r4, #36]	@ 0x24
100048e0:	6aa3      	ldr	r3, [r4, #40]	@ 0x28
100048e2:	01b6      	lsls	r6, r6, #6
100048e4:	18f6      	adds	r6, r6, r3
100048e6:	f000 fa53 	bl	10004d90 <clock_get_hz>
100048ea:	493f      	ldr	r1, [pc, #252]	@ (100049e8 <uart_init+0x18c>)
100048ec:	f002 f83a 	bl	10006964 <__wrap___aeabi_uidiv>
100048f0:	02b6      	lsls	r6, r6, #10
100048f2:	0001      	movs	r1, r0
100048f4:	0030      	movs	r0, r6
100048f6:	f002 f835 	bl	10006964 <__wrap___aeabi_uidiv>
100048fa:	2100      	movs	r1, #0
100048fc:	f7ff fcb2 	bl	10004264 <busy_wait_us>
10004900:	e007      	b.n	10004912 <uart_init+0xb6>
10004902:	2240      	movs	r2, #64	@ 0x40
10004904:	2101      	movs	r1, #1
10004906:	4690      	mov	r8, r2
10004908:	6261      	str	r1, [r4, #36]	@ 0x24
1000490a:	62a3      	str	r3, [r4, #40]	@ 0x28
1000490c:	6b25      	ldr	r5, [r4, #48]	@ 0x30
1000490e:	07eb      	lsls	r3, r5, #31
10004910:	d4dd      	bmi.n	100048ce <uart_init+0x72>
10004912:	0027      	movs	r7, r4
10004914:	2680      	movs	r6, #128	@ 0x80
10004916:	6ae3      	ldr	r3, [r4, #44]	@ 0x2c
10004918:	2300      	movs	r3, #0
1000491a:	372c      	adds	r7, #44	@ 0x2c
1000491c:	0176      	lsls	r6, r6, #5
1000491e:	433e      	orrs	r6, r7
10004920:	6033      	str	r3, [r6, #0]
10004922:	2006      	movs	r0, #6
10004924:	6325      	str	r5, [r4, #48]	@ 0x30
10004926:	f000 fa33 	bl	10004d90 <clock_get_hz>
1000492a:	4641      	mov	r1, r8
1000492c:	0080      	lsls	r0, r0, #2
1000492e:	f002 f819 	bl	10006964 <__wrap___aeabi_uidiv>
10004932:	6b23      	ldr	r3, [r4, #48]	@ 0x30
10004934:	0005      	movs	r5, r0
10004936:	4698      	mov	r8, r3
10004938:	07db      	lsls	r3, r3, #31
1000493a:	d415      	bmi.n	10004968 <uart_init+0x10c>
1000493c:	2360      	movs	r3, #96	@ 0x60
1000493e:	6ae2      	ldr	r2, [r4, #44]	@ 0x2c
10004940:	405a      	eors	r2, r3
10004942:	330e      	adds	r3, #14
10004944:	4013      	ands	r3, r2
10004946:	6033      	str	r3, [r6, #0]
10004948:	4643      	mov	r3, r8
1000494a:	6323      	str	r3, [r4, #48]	@ 0x30
1000494c:	2380      	movs	r3, #128	@ 0x80
1000494e:	2210      	movs	r2, #16
10004950:	019b      	lsls	r3, r3, #6
10004952:	433b      	orrs	r3, r7
10004954:	601a      	str	r2, [r3, #0]
10004956:	4b23      	ldr	r3, [pc, #140]	@ (100049e4 <uart_init+0x188>)
10004958:	6323      	str	r3, [r4, #48]	@ 0x30
1000495a:	2303      	movs	r3, #3
1000495c:	64a3      	str	r3, [r4, #72]	@ 0x48
1000495e:	0028      	movs	r0, r5
10004960:	bcc0      	pop	{r6, r7}
10004962:	46b9      	mov	r9, r7
10004964:	46b0      	mov	r8, r6
10004966:	bdf8      	pop	{r3, r4, r5, r6, r7, pc}
10004968:	0022      	movs	r2, r4
1000496a:	23c0      	movs	r3, #192	@ 0xc0
1000496c:	3230      	adds	r2, #48	@ 0x30
1000496e:	019b      	lsls	r3, r3, #6
10004970:	4313      	orrs	r3, r2
10004972:	4a1c      	ldr	r2, [pc, #112]	@ (100049e4 <uart_init+0x188>)
10004974:	2006      	movs	r0, #6
10004976:	601a      	str	r2, [r3, #0]
10004978:	6a63      	ldr	r3, [r4, #36]	@ 0x24
1000497a:	6aa2      	ldr	r2, [r4, #40]	@ 0x28
1000497c:	019b      	lsls	r3, r3, #6
1000497e:	4699      	mov	r9, r3
10004980:	4491      	add	r9, r2
10004982:	f000 fa05 	bl	10004d90 <clock_get_hz>
10004986:	464b      	mov	r3, r9
10004988:	4917      	ldr	r1, [pc, #92]	@ (100049e8 <uart_init+0x18c>)
1000498a:	029b      	lsls	r3, r3, #10
1000498c:	4699      	mov	r9, r3
1000498e:	f001 ffe9 	bl	10006964 <__wrap___aeabi_uidiv>
10004992:	0001      	movs	r1, r0
10004994:	4648      	mov	r0, r9
10004996:	f001 ffe5 	bl	10006964 <__wrap___aeabi_uidiv>
1000499a:	2100      	movs	r1, #0
1000499c:	f7ff fc62 	bl	10004264 <busy_wait_us>
100049a0:	e7cc      	b.n	1000493c <uart_init+0xe0>
100049a2:	4b08      	ldr	r3, [pc, #32]	@ (100049c4 <uart_init+0x168>)
100049a4:	0412      	lsls	r2, r2, #16
100049a6:	601a      	str	r2, [r3, #0]
100049a8:	e76b      	b.n	10004882 <uart_init+0x26>
100049aa:	227f      	movs	r2, #127	@ 0x7f
100049ac:	0199      	lsls	r1, r3, #6
100049ae:	4688      	mov	r8, r1
100049b0:	4002      	ands	r2, r0
100049b2:	3201      	adds	r2, #1
100049b4:	0852      	lsrs	r2, r2, #1
100049b6:	0019      	movs	r1, r3
100049b8:	4490      	add	r8, r2
100049ba:	0013      	movs	r3, r2
100049bc:	e7a4      	b.n	10004908 <uart_init+0xac>
100049be:	46c0      	nop			@ (mov r8, r8)
100049c0:	40038000 	.word	0x40038000
100049c4:	4000e000 	.word	0x4000e000
100049c8:	4000f000 	.word	0x4000f000
100049cc:	4000c000 	.word	0x4000c000
100049d0:	bffc8000 	.word	0xbffc8000
100049d4:	200063e4 	.word	0x200063e4
100049d8:	0000fffe 	.word	0x0000fffe
100049dc:	0000ffff 	.word	0x0000ffff
100049e0:	003fffc0 	.word	0x003fffc0
100049e4:	00000301 	.word	0x00000301
100049e8:	00000e4e 	.word	0x00000e4e

100049ec <uart_set_format>:
100049ec:	3905      	subs	r1, #5
100049ee:	3a01      	subs	r2, #1
100049f0:	b5f8      	push	{r3, r4, r5, r6, r7, lr}
100049f2:	00d2      	lsls	r2, r2, #3
100049f4:	014c      	lsls	r4, r1, #5
100049f6:	0005      	movs	r5, r0
100049f8:	4314      	orrs	r4, r2
100049fa:	2b00      	cmp	r3, #0
100049fc:	d006      	beq.n	10004a0c <uart_set_format+0x20>
100049fe:	3b01      	subs	r3, #1
10004a00:	425a      	negs	r2, r3
10004a02:	4153      	adcs	r3, r2
10004a04:	009b      	lsls	r3, r3, #2
10004a06:	4323      	orrs	r3, r4
10004a08:	2402      	movs	r4, #2
10004a0a:	431c      	orrs	r4, r3
10004a0c:	6b2e      	ldr	r6, [r5, #48]	@ 0x30
10004a0e:	07f3      	lsls	r3, r6, #31
10004a10:	d40b      	bmi.n	10004a2a <uart_set_format+0x3e>
10004a12:	226e      	movs	r2, #110	@ 0x6e
10004a14:	6aeb      	ldr	r3, [r5, #44]	@ 0x2c
10004a16:	0029      	movs	r1, r5
10004a18:	4063      	eors	r3, r4
10004a1a:	401a      	ands	r2, r3
10004a1c:	2380      	movs	r3, #128	@ 0x80
10004a1e:	312c      	adds	r1, #44	@ 0x2c
10004a20:	015b      	lsls	r3, r3, #5
10004a22:	430b      	orrs	r3, r1
10004a24:	601a      	str	r2, [r3, #0]
10004a26:	632e      	str	r6, [r5, #48]	@ 0x30
10004a28:	bdf8      	pop	{r3, r4, r5, r6, r7, pc}
10004a2a:	002a      	movs	r2, r5
10004a2c:	23c0      	movs	r3, #192	@ 0xc0
10004a2e:	3230      	adds	r2, #48	@ 0x30
10004a30:	019b      	lsls	r3, r3, #6
10004a32:	4313      	orrs	r3, r2
10004a34:	4a0a      	ldr	r2, [pc, #40]	@ (10004a60 <uart_set_format+0x74>)
10004a36:	2006      	movs	r0, #6
10004a38:	601a      	str	r2, [r3, #0]
10004a3a:	6a6f      	ldr	r7, [r5, #36]	@ 0x24
10004a3c:	6aab      	ldr	r3, [r5, #40]	@ 0x28
10004a3e:	01bf      	lsls	r7, r7, #6
10004a40:	18ff      	adds	r7, r7, r3
10004a42:	f000 f9a5 	bl	10004d90 <clock_get_hz>
10004a46:	4907      	ldr	r1, [pc, #28]	@ (10004a64 <uart_set_format+0x78>)
10004a48:	f001 ff8c 	bl	10006964 <__wrap___aeabi_uidiv>
10004a4c:	02bf      	lsls	r7, r7, #10
10004a4e:	0001      	movs	r1, r0
10004a50:	0038      	movs	r0, r7
10004a52:	f001 ff87 	bl	10006964 <__wrap___aeabi_uidiv>
10004a56:	2100      	movs	r1, #0
10004a58:	f7ff fc04 	bl	10004264 <busy_wait_us>
10004a5c:	e7d9      	b.n	10004a12 <uart_set_format+0x26>
10004a5e:	46c0      	nop			@ (mov r8, r8)
10004a60:	00000301 	.word	0x00000301
10004a64:	00000e4e 	.word	0x00000e4e

10004a68 <uart_set_fifo_enabled>:
10004a68:	b5f8      	push	{r3, r4, r5, r6, r7, lr}
10004a6a:	6b06      	ldr	r6, [r0, #48]	@ 0x30
10004a6c:	0004      	movs	r4, r0
10004a6e:	010d      	lsls	r5, r1, #4
10004a70:	07f3      	lsls	r3, r6, #31
10004a72:	d40b      	bmi.n	10004a8c <uart_set_fifo_enabled+0x24>
10004a74:	6ae3      	ldr	r3, [r4, #44]	@ 0x2c
10004a76:	0022      	movs	r2, r4
10004a78:	405d      	eors	r5, r3
10004a7a:	2310      	movs	r3, #16
10004a7c:	401d      	ands	r5, r3
10004a7e:	2380      	movs	r3, #128	@ 0x80
10004a80:	322c      	adds	r2, #44	@ 0x2c
10004a82:	015b      	lsls	r3, r3, #5
10004a84:	4313      	orrs	r3, r2
10004a86:	601d      	str	r5, [r3, #0]
10004a88:	6326      	str	r6, [r4, #48]	@ 0x30
10004a8a:	bdf8      	pop	{r3, r4, r5, r6, r7, pc}
10004a8c:	0002      	movs	r2, r0
10004a8e:	23c0      	movs	r3, #192	@ 0xc0
10004a90:	3230      	adds	r2, #48	@ 0x30
10004a92:	019b      	lsls	r3, r3, #6
10004a94:	4313      	orrs	r3, r2
10004a96:	4a0a      	ldr	r2, [pc, #40]	@ (10004ac0 <uart_set_fifo_enabled+0x58>)
10004a98:	601a      	str	r2, [r3, #0]
10004a9a:	6a47      	ldr	r7, [r0, #36]	@ 0x24
10004a9c:	6a83      	ldr	r3, [r0, #40]	@ 0x28
10004a9e:	01bf      	lsls	r7, r7, #6
10004aa0:	2006      	movs	r0, #6
10004aa2:	18ff      	adds	r7, r7, r3
10004aa4:	f000 f974 	bl	10004d90 <clock_get_hz>
10004aa8:	4906      	ldr	r1, [pc, #24]	@ (10004ac4 <uart_set_fifo_enabled+0x5c>)
10004aaa:	f001 ff5b 	bl	10006964 <__wrap___aeabi_uidiv>
10004aae:	02bf      	lsls	r7, r7, #10
10004ab0:	0001      	movs	r1, r0
10004ab2:	0038      	movs	r0, r7
10004ab4:	f001 ff56 	bl	10006964 <__wrap___aeabi_uidiv>
10004ab8:	2100      	movs	r1, #0
10004aba:	f7ff fbd3 	bl	10004264 <busy_wait_us>
10004abe:	e7d9      	b.n	10004a74 <uart_set_fifo_enabled+0xc>
10004ac0:	00000301 	.word	0x00000301
10004ac4:	00000e4e 	.word	0x00000e4e

10004ac8 <clocks_init>:
10004ac8:	b510      	push	{r4, lr}
10004aca:	200c      	movs	r0, #12
10004acc:	b082      	sub	sp, #8
10004ace:	f000 f9b7 	bl	10004e40 <watchdog_start_tick>
10004ad2:	f7fe fc63 	bl	1000339c <running_on_fpga>
10004ad6:	2800      	cmp	r0, #0
10004ad8:	d010      	beq.n	10004afc <clocks_init+0x34>
10004ada:	4b8b      	ldr	r3, [pc, #556]	@ (10004d08 <clocks_init+0x240>)
10004adc:	488b      	ldr	r0, [pc, #556]	@ (10004d0c <clocks_init+0x244>)
10004ade:	498b      	ldr	r1, [pc, #556]	@ (10004d0c <clocks_init+0x244>)
10004ae0:	4a8b      	ldr	r2, [pc, #556]	@ (10004d10 <clocks_init+0x248>)
10004ae2:	6018      	str	r0, [r3, #0]
10004ae4:	6059      	str	r1, [r3, #4]
10004ae6:	6098      	str	r0, [r3, #8]
10004ae8:	60d9      	str	r1, [r3, #12]
10004aea:	6118      	str	r0, [r3, #16]
10004aec:	6159      	str	r1, [r3, #20]
10004aee:	6198      	str	r0, [r3, #24]
10004af0:	61d9      	str	r1, [r3, #28]
10004af2:	6218      	str	r0, [r3, #32]
10004af4:	6259      	str	r1, [r3, #36]	@ 0x24
10004af6:	625a      	str	r2, [r3, #36]	@ 0x24
10004af8:	b002      	add	sp, #8
10004afa:	bd10      	pop	{r4, pc}
10004afc:	4c85      	ldr	r4, [pc, #532]	@ (10004d14 <clocks_init+0x24c>)
10004afe:	67a0      	str	r0, [r4, #120]	@ 0x78
10004b00:	f000 f9a6 	bl	10004e50 <xosc_init>
10004b04:	2201      	movs	r2, #1
10004b06:	4b84      	ldr	r3, [pc, #528]	@ (10004d18 <clocks_init+0x250>)
10004b08:	601a      	str	r2, [r3, #0]
10004b0a:	6c63      	ldr	r3, [r4, #68]	@ 0x44
10004b0c:	2b01      	cmp	r3, #1
10004b0e:	d1fc      	bne.n	10004b0a <clocks_init+0x42>
10004b10:	2203      	movs	r2, #3
10004b12:	4b82      	ldr	r3, [pc, #520]	@ (10004d1c <clocks_init+0x254>)
10004b14:	601a      	str	r2, [r3, #0]
10004b16:	4a7f      	ldr	r2, [pc, #508]	@ (10004d14 <clocks_init+0x24c>)
10004b18:	6b93      	ldr	r3, [r2, #56]	@ 0x38
10004b1a:	2b01      	cmp	r3, #1
10004b1c:	d1fc      	bne.n	10004b18 <clocks_init+0x50>
10004b1e:	3301      	adds	r3, #1
10004b20:	2101      	movs	r1, #1
10004b22:	4a7f      	ldr	r2, [pc, #508]	@ (10004d20 <clocks_init+0x258>)
10004b24:	487f      	ldr	r0, [pc, #508]	@ (10004d24 <clocks_init+0x25c>)
10004b26:	9300      	str	r3, [sp, #0]
10004b28:	3304      	adds	r3, #4
10004b2a:	f000 f937 	bl	10004d9c <pll_init>
10004b2e:	2305      	movs	r3, #5
10004b30:	4a7d      	ldr	r2, [pc, #500]	@ (10004d28 <clocks_init+0x260>)
10004b32:	9300      	str	r3, [sp, #0]
10004b34:	2101      	movs	r1, #1
10004b36:	487d      	ldr	r0, [pc, #500]	@ (10004d2c <clocks_init+0x264>)
10004b38:	f000 f930 	bl	10004d9c <pll_init>
10004b3c:	4b7c      	ldr	r3, [pc, #496]	@ (10004d30 <clocks_init+0x268>)
10004b3e:	685a      	ldr	r2, [r3, #4]
10004b40:	2aff      	cmp	r2, #255	@ 0xff
10004b42:	d802      	bhi.n	10004b4a <clocks_init+0x82>
10004b44:	2280      	movs	r2, #128	@ 0x80
10004b46:	0052      	lsls	r2, r2, #1
10004b48:	605a      	str	r2, [r3, #4]
10004b4a:	2280      	movs	r2, #128	@ 0x80
10004b4c:	4b73      	ldr	r3, [pc, #460]	@ (10004d1c <clocks_init+0x254>)
10004b4e:	4c6e      	ldr	r4, [pc, #440]	@ (10004d08 <clocks_init+0x240>)
10004b50:	0112      	lsls	r2, r2, #4
10004b52:	601a      	str	r2, [r3, #0]
10004b54:	6921      	ldr	r1, [r4, #16]
10004b56:	2900      	cmp	r1, #0
10004b58:	d007      	beq.n	10004b6a <clocks_init+0xa2>
10004b5a:	6960      	ldr	r0, [r4, #20]
10004b5c:	f001 ff02 	bl	10006964 <__wrap___aeabi_uidiv>
10004b60:	3001      	adds	r0, #1
10004b62:	0043      	lsls	r3, r0, #1
10004b64:	181b      	adds	r3, r3, r0
10004b66:	3b03      	subs	r3, #3
10004b68:	d2fd      	bcs.n	10004b66 <clocks_init+0x9e>
10004b6a:	23e0      	movs	r3, #224	@ 0xe0
10004b6c:	4a70      	ldr	r2, [pc, #448]	@ (10004d30 <clocks_init+0x268>)
10004b6e:	4871      	ldr	r0, [pc, #452]	@ (10004d34 <clocks_init+0x26c>)
10004b70:	6811      	ldr	r1, [r2, #0]
10004b72:	400b      	ands	r3, r1
10004b74:	6003      	str	r3, [r0, #0]
10004b76:	2302      	movs	r3, #2
10004b78:	6811      	ldr	r1, [r2, #0]
10004b7a:	4059      	eors	r1, r3
10004b7c:	3301      	adds	r3, #1
10004b7e:	400b      	ands	r3, r1
10004b80:	2104      	movs	r1, #4
10004b82:	6003      	str	r3, [r0, #0]
10004b84:	6893      	ldr	r3, [r2, #8]
10004b86:	4219      	tst	r1, r3
10004b88:	d0fc      	beq.n	10004b84 <clocks_init+0xbc>
10004b8a:	2180      	movs	r1, #128	@ 0x80
10004b8c:	4b6a      	ldr	r3, [pc, #424]	@ (10004d38 <clocks_init+0x270>)
10004b8e:	0109      	lsls	r1, r1, #4
10004b90:	6019      	str	r1, [r3, #0]
10004b92:	2180      	movs	r1, #128	@ 0x80
10004b94:	4b69      	ldr	r3, [pc, #420]	@ (10004d3c <clocks_init+0x274>)
10004b96:	0049      	lsls	r1, r1, #1
10004b98:	6051      	str	r1, [r2, #4]
10004b9a:	6123      	str	r3, [r4, #16]
10004b9c:	4b68      	ldr	r3, [pc, #416]	@ (10004d40 <clocks_init+0x278>)
10004b9e:	685a      	ldr	r2, [r3, #4]
10004ba0:	2aff      	cmp	r2, #255	@ 0xff
10004ba2:	d800      	bhi.n	10004ba6 <clocks_init+0xde>
10004ba4:	6059      	str	r1, [r3, #4]
10004ba6:	2203      	movs	r2, #3
10004ba8:	2101      	movs	r1, #1
10004baa:	4b5b      	ldr	r3, [pc, #364]	@ (10004d18 <clocks_init+0x250>)
10004bac:	601a      	str	r2, [r3, #0]
10004bae:	4a64      	ldr	r2, [pc, #400]	@ (10004d40 <clocks_init+0x278>)
10004bb0:	6893      	ldr	r3, [r2, #8]
10004bb2:	4219      	tst	r1, r3
10004bb4:	d0fc      	beq.n	10004bb0 <clocks_init+0xe8>
10004bb6:	23e0      	movs	r3, #224	@ 0xe0
10004bb8:	6810      	ldr	r0, [r2, #0]
10004bba:	4003      	ands	r3, r0
10004bbc:	4861      	ldr	r0, [pc, #388]	@ (10004d44 <clocks_init+0x27c>)
10004bbe:	6003      	str	r3, [r0, #0]
10004bc0:	6812      	ldr	r2, [r2, #0]
10004bc2:	2303      	movs	r3, #3
10004bc4:	404a      	eors	r2, r1
10004bc6:	2102      	movs	r1, #2
10004bc8:	4013      	ands	r3, r2
10004bca:	4a5d      	ldr	r2, [pc, #372]	@ (10004d40 <clocks_init+0x278>)
10004bcc:	6003      	str	r3, [r0, #0]
10004bce:	6893      	ldr	r3, [r2, #8]
10004bd0:	4219      	tst	r1, r3
10004bd2:	d0fc      	beq.n	10004bce <clocks_init+0x106>
10004bd4:	2180      	movs	r1, #128	@ 0x80
10004bd6:	4b5c      	ldr	r3, [pc, #368]	@ (10004d48 <clocks_init+0x280>)
10004bd8:	0109      	lsls	r1, r1, #4
10004bda:	6019      	str	r1, [r3, #0]
10004bdc:	2180      	movs	r1, #128	@ 0x80
10004bde:	4b5b      	ldr	r3, [pc, #364]	@ (10004d4c <clocks_init+0x284>)
10004be0:	0049      	lsls	r1, r1, #1
10004be2:	6051      	str	r1, [r2, #4]
10004be4:	6163      	str	r3, [r4, #20]
10004be6:	4b5a      	ldr	r3, [pc, #360]	@ (10004d50 <clocks_init+0x288>)
10004be8:	685a      	ldr	r2, [r3, #4]
10004bea:	2aff      	cmp	r2, #255	@ 0xff
10004bec:	d800      	bhi.n	10004bf0 <clocks_init+0x128>
10004bee:	6059      	str	r1, [r3, #4]
10004bf0:	2280      	movs	r2, #128	@ 0x80
10004bf2:	4b58      	ldr	r3, [pc, #352]	@ (10004d54 <clocks_init+0x28c>)
10004bf4:	0112      	lsls	r2, r2, #4
10004bf6:	601a      	str	r2, [r3, #0]
10004bf8:	69e1      	ldr	r1, [r4, #28]
10004bfa:	2900      	cmp	r1, #0
10004bfc:	d007      	beq.n	10004c0e <clocks_init+0x146>
10004bfe:	6960      	ldr	r0, [r4, #20]
10004c00:	f001 feb0 	bl	10006964 <__wrap___aeabi_uidiv>
10004c04:	3001      	adds	r0, #1
10004c06:	0043      	lsls	r3, r0, #1
10004c08:	181b      	adds	r3, r3, r0
10004c0a:	3b03      	subs	r3, #3
10004c0c:	d2fd      	bcs.n	10004c0a <clocks_init+0x142>
10004c0e:	23e0      	movs	r3, #224	@ 0xe0
10004c10:	4a4f      	ldr	r2, [pc, #316]	@ (10004d50 <clocks_init+0x288>)
10004c12:	6811      	ldr	r1, [r2, #0]
10004c14:	400b      	ands	r3, r1
10004c16:	4950      	ldr	r1, [pc, #320]	@ (10004d58 <clocks_init+0x290>)
10004c18:	600b      	str	r3, [r1, #0]
10004c1a:	2180      	movs	r1, #128	@ 0x80
10004c1c:	4b4f      	ldr	r3, [pc, #316]	@ (10004d5c <clocks_init+0x294>)
10004c1e:	0109      	lsls	r1, r1, #4
10004c20:	6019      	str	r1, [r3, #0]
10004c22:	2180      	movs	r1, #128	@ 0x80
10004c24:	4b39      	ldr	r3, [pc, #228]	@ (10004d0c <clocks_init+0x244>)
10004c26:	0049      	lsls	r1, r1, #1
10004c28:	6051      	str	r1, [r2, #4]
10004c2a:	61e3      	str	r3, [r4, #28]
10004c2c:	4b4c      	ldr	r3, [pc, #304]	@ (10004d60 <clocks_init+0x298>)
10004c2e:	685a      	ldr	r2, [r3, #4]
10004c30:	2aff      	cmp	r2, #255	@ 0xff
10004c32:	d800      	bhi.n	10004c36 <clocks_init+0x16e>
10004c34:	6059      	str	r1, [r3, #4]
10004c36:	2280      	movs	r2, #128	@ 0x80
10004c38:	4b4a      	ldr	r3, [pc, #296]	@ (10004d64 <clocks_init+0x29c>)
10004c3a:	0112      	lsls	r2, r2, #4
10004c3c:	601a      	str	r2, [r3, #0]
10004c3e:	6a21      	ldr	r1, [r4, #32]
10004c40:	2900      	cmp	r1, #0
10004c42:	d007      	beq.n	10004c54 <clocks_init+0x18c>
10004c44:	6960      	ldr	r0, [r4, #20]
10004c46:	f001 fe8d 	bl	10006964 <__wrap___aeabi_uidiv>
10004c4a:	3001      	adds	r0, #1
10004c4c:	0043      	lsls	r3, r0, #1
10004c4e:	181b      	adds	r3, r3, r0
10004c50:	3b03      	subs	r3, #3
10004c52:	d2fd      	bcs.n	10004c50 <clocks_init+0x188>
10004c54:	23e0      	movs	r3, #224	@ 0xe0
10004c56:	4a42      	ldr	r2, [pc, #264]	@ (10004d60 <clocks_init+0x298>)
10004c58:	6811      	ldr	r1, [r2, #0]
10004c5a:	400b      	ands	r3, r1
10004c5c:	4942      	ldr	r1, [pc, #264]	@ (10004d68 <clocks_init+0x2a0>)
10004c5e:	600b      	str	r3, [r1, #0]
10004c60:	2180      	movs	r1, #128	@ 0x80
10004c62:	4b42      	ldr	r3, [pc, #264]	@ (10004d6c <clocks_init+0x2a4>)
10004c64:	0109      	lsls	r1, r1, #4
10004c66:	6019      	str	r1, [r3, #0]
10004c68:	2380      	movs	r3, #128	@ 0x80
10004c6a:	005b      	lsls	r3, r3, #1
10004c6c:	6053      	str	r3, [r2, #4]
10004c6e:	2280      	movs	r2, #128	@ 0x80
10004c70:	4b26      	ldr	r3, [pc, #152]	@ (10004d0c <clocks_init+0x244>)
10004c72:	02d2      	lsls	r2, r2, #11
10004c74:	6223      	str	r3, [r4, #32]
10004c76:	4b3e      	ldr	r3, [pc, #248]	@ (10004d70 <clocks_init+0x2a8>)
10004c78:	6859      	ldr	r1, [r3, #4]
10004c7a:	4291      	cmp	r1, r2
10004c7c:	d200      	bcs.n	10004c80 <clocks_init+0x1b8>
10004c7e:	605a      	str	r2, [r3, #4]
10004c80:	2280      	movs	r2, #128	@ 0x80
10004c82:	4b3c      	ldr	r3, [pc, #240]	@ (10004d74 <clocks_init+0x2ac>)
10004c84:	0112      	lsls	r2, r2, #4
10004c86:	601a      	str	r2, [r3, #0]
10004c88:	6a61      	ldr	r1, [r4, #36]	@ 0x24
10004c8a:	2900      	cmp	r1, #0
10004c8c:	d007      	beq.n	10004c9e <clocks_init+0x1d6>
10004c8e:	6960      	ldr	r0, [r4, #20]
10004c90:	f001 fe68 	bl	10006964 <__wrap___aeabi_uidiv>
10004c94:	3001      	adds	r0, #1
10004c96:	0043      	lsls	r3, r0, #1
10004c98:	181b      	adds	r3, r3, r0
10004c9a:	3b03      	subs	r3, #3
10004c9c:	d2fd      	bcs.n	10004c9a <clocks_init+0x1d2>
10004c9e:	23e0      	movs	r3, #224	@ 0xe0
10004ca0:	4a33      	ldr	r2, [pc, #204]	@ (10004d70 <clocks_init+0x2a8>)
10004ca2:	6811      	ldr	r1, [r2, #0]
10004ca4:	400b      	ands	r3, r1
10004ca6:	4934      	ldr	r1, [pc, #208]	@ (10004d78 <clocks_init+0x2b0>)
10004ca8:	600b      	str	r3, [r1, #0]
10004caa:	2180      	movs	r1, #128	@ 0x80
10004cac:	4b33      	ldr	r3, [pc, #204]	@ (10004d7c <clocks_init+0x2b4>)
10004cae:	0109      	lsls	r1, r1, #4
10004cb0:	6019      	str	r1, [r3, #0]
10004cb2:	2380      	movs	r3, #128	@ 0x80
10004cb4:	02db      	lsls	r3, r3, #11
10004cb6:	6053      	str	r3, [r2, #4]
10004cb8:	4b15      	ldr	r3, [pc, #84]	@ (10004d10 <clocks_init+0x248>)
10004cba:	6263      	str	r3, [r4, #36]	@ 0x24
10004cbc:	4b30      	ldr	r3, [pc, #192]	@ (10004d80 <clocks_init+0x2b8>)
10004cbe:	685a      	ldr	r2, [r3, #4]
10004cc0:	2aff      	cmp	r2, #255	@ 0xff
10004cc2:	d802      	bhi.n	10004cca <clocks_init+0x202>
10004cc4:	2280      	movs	r2, #128	@ 0x80
10004cc6:	0052      	lsls	r2, r2, #1
10004cc8:	605a      	str	r2, [r3, #4]
10004cca:	2280      	movs	r2, #128	@ 0x80
10004ccc:	4b2d      	ldr	r3, [pc, #180]	@ (10004d84 <clocks_init+0x2bc>)
10004cce:	0112      	lsls	r2, r2, #4
10004cd0:	601a      	str	r2, [r3, #0]
10004cd2:	69a1      	ldr	r1, [r4, #24]
10004cd4:	2900      	cmp	r1, #0
10004cd6:	d007      	beq.n	10004ce8 <clocks_init+0x220>
10004cd8:	6960      	ldr	r0, [r4, #20]
10004cda:	f001 fe43 	bl	10006964 <__wrap___aeabi_uidiv>
10004cde:	3001      	adds	r0, #1
10004ce0:	0043      	lsls	r3, r0, #1
10004ce2:	181b      	adds	r3, r3, r0
10004ce4:	3b03      	subs	r3, #3
10004ce6:	d2fd      	bcs.n	10004ce4 <clocks_init+0x21c>
10004ce8:	23e0      	movs	r3, #224	@ 0xe0
10004cea:	4a25      	ldr	r2, [pc, #148]	@ (10004d80 <clocks_init+0x2b8>)
10004cec:	6811      	ldr	r1, [r2, #0]
10004cee:	400b      	ands	r3, r1
10004cf0:	4925      	ldr	r1, [pc, #148]	@ (10004d88 <clocks_init+0x2c0>)
10004cf2:	600b      	str	r3, [r1, #0]
10004cf4:	2180      	movs	r1, #128	@ 0x80
10004cf6:	4b25      	ldr	r3, [pc, #148]	@ (10004d8c <clocks_init+0x2c4>)
10004cf8:	0109      	lsls	r1, r1, #4
10004cfa:	6019      	str	r1, [r3, #0]
10004cfc:	2380      	movs	r3, #128	@ 0x80
10004cfe:	005b      	lsls	r3, r3, #1
10004d00:	6053      	str	r3, [r2, #4]
10004d02:	4b12      	ldr	r3, [pc, #72]	@ (10004d4c <clocks_init+0x284>)
10004d04:	61a3      	str	r3, [r4, #24]
10004d06:	e6f7      	b.n	10004af8 <clocks_init+0x30>
10004d08:	20000ad8 	.word	0x20000ad8
10004d0c:	02dc6c00 	.word	0x02dc6c00
10004d10:	0000b71b 	.word	0x0000b71b
10004d14:	40008000 	.word	0x40008000
10004d18:	4000b03c 	.word	0x4000b03c
10004d1c:	4000b030 	.word	0x4000b030
10004d20:	59682f00 	.word	0x59682f00
10004d24:	40028000 	.word	0x40028000
10004d28:	47868c00 	.word	0x47868c00
10004d2c:	4002c000 	.word	0x4002c000
10004d30:	40008030 	.word	0x40008030
10004d34:	40009030 	.word	0x40009030
10004d38:	4000a030 	.word	0x4000a030
10004d3c:	00b71b00 	.word	0x00b71b00
10004d40:	4000803c 	.word	0x4000803c
10004d44:	4000903c 	.word	0x4000903c
10004d48:	4000a03c 	.word	0x4000a03c
10004d4c:	07735940 	.word	0x07735940
10004d50:	40008054 	.word	0x40008054
10004d54:	4000b054 	.word	0x4000b054
10004d58:	40009054 	.word	0x40009054
10004d5c:	4000a054 	.word	0x4000a054
10004d60:	40008060 	.word	0x40008060
10004d64:	4000b060 	.word	0x4000b060
10004d68:	40009060 	.word	0x40009060
10004d6c:	4000a060 	.word	0x4000a060
10004d70:	4000806c 	.word	0x4000806c
10004d74:	4000b06c 	.word	0x4000b06c
10004d78:	4000906c 	.word	0x4000906c
10004d7c:	4000a06c 	.word	0x4000a06c
10004d80:	40008048 	.word	0x40008048
10004d84:	4000b048 	.word	0x4000b048
10004d88:	40009048 	.word	0x40009048
10004d8c:	4000a048 	.word	0x4000a048

10004d90 <clock_get_hz>:
10004d90:	4b01      	ldr	r3, [pc, #4]	@ (10004d98 <clock_get_hz+0x8>)
10004d92:	0080      	lsls	r0, r0, #2
10004d94:	58c0      	ldr	r0, [r0, r3]
10004d96:	4770      	bx	lr
10004d98:	20000ad8 	.word	0x20000ad8

10004d9c <pll_init>:
10004d9c:	b5f8      	push	{r3, r4, r5, r6, r7, lr}
10004d9e:	0004      	movs	r4, r0
10004da0:	4822      	ldr	r0, [pc, #136]	@ (10004e2c <pll_init+0x90>)
10004da2:	001e      	movs	r6, r3
10004da4:	0017      	movs	r7, r2
10004da6:	000d      	movs	r5, r1
10004da8:	f001 fddc 	bl	10006964 <__wrap___aeabi_uidiv>
10004dac:	0001      	movs	r1, r0
10004dae:	0038      	movs	r0, r7
10004db0:	f001 fdd8 	bl	10006964 <__wrap___aeabi_uidiv>
10004db4:	9b06      	ldr	r3, [sp, #24]
10004db6:	0436      	lsls	r6, r6, #16
10004db8:	031b      	lsls	r3, r3, #12
10004dba:	431e      	orrs	r6, r3
10004dbc:	6823      	ldr	r3, [r4, #0]
10004dbe:	2b00      	cmp	r3, #0
10004dc0:	db22      	blt.n	10004e08 <pll_init+0x6c>
10004dc2:	4b1b      	ldr	r3, [pc, #108]	@ (10004e30 <pll_init+0x94>)
10004dc4:	491b      	ldr	r1, [pc, #108]	@ (10004e34 <pll_init+0x98>)
10004dc6:	18e3      	adds	r3, r4, r3
10004dc8:	1e5a      	subs	r2, r3, #1
10004dca:	4193      	sbcs	r3, r2
10004dcc:	2280      	movs	r2, #128	@ 0x80
10004dce:	0192      	lsls	r2, r2, #6
10004dd0:	4694      	mov	ip, r2
10004dd2:	425b      	negs	r3, r3
10004dd4:	0b1b      	lsrs	r3, r3, #12
10004dd6:	4a18      	ldr	r2, [pc, #96]	@ (10004e38 <pll_init+0x9c>)
10004dd8:	031b      	lsls	r3, r3, #12
10004dda:	4463      	add	r3, ip
10004ddc:	6013      	str	r3, [r2, #0]
10004dde:	4a17      	ldr	r2, [pc, #92]	@ (10004e3c <pll_init+0xa0>)
10004de0:	6013      	str	r3, [r2, #0]
10004de2:	001f      	movs	r7, r3
10004de4:	688a      	ldr	r2, [r1, #8]
10004de6:	4397      	bics	r7, r2
10004de8:	d1fb      	bne.n	10004de2 <pll_init+0x46>
10004dea:	22c0      	movs	r2, #192	@ 0xc0
10004dec:	1d23      	adds	r3, r4, #4
10004dee:	0192      	lsls	r2, r2, #6
10004df0:	431a      	orrs	r2, r3
10004df2:	2321      	movs	r3, #33	@ 0x21
10004df4:	6025      	str	r5, [r4, #0]
10004df6:	60a0      	str	r0, [r4, #8]
10004df8:	6013      	str	r3, [r2, #0]
10004dfa:	6823      	ldr	r3, [r4, #0]
10004dfc:	2b00      	cmp	r3, #0
10004dfe:	dafc      	bge.n	10004dfa <pll_init+0x5e>
10004e00:	2308      	movs	r3, #8
10004e02:	60e6      	str	r6, [r4, #12]
10004e04:	6013      	str	r3, [r2, #0]
10004e06:	bdf8      	pop	{r3, r4, r5, r6, r7, pc}
10004e08:	233f      	movs	r3, #63	@ 0x3f
10004e0a:	6822      	ldr	r2, [r4, #0]
10004e0c:	4013      	ands	r3, r2
10004e0e:	42ab      	cmp	r3, r5
10004e10:	d1d7      	bne.n	10004dc2 <pll_init+0x26>
10004e12:	68a3      	ldr	r3, [r4, #8]
10004e14:	051b      	lsls	r3, r3, #20
10004e16:	0d1b      	lsrs	r3, r3, #20
10004e18:	4283      	cmp	r3, r0
10004e1a:	d1d2      	bne.n	10004dc2 <pll_init+0x26>
10004e1c:	22ee      	movs	r2, #238	@ 0xee
10004e1e:	68e3      	ldr	r3, [r4, #12]
10004e20:	02d2      	lsls	r2, r2, #11
10004e22:	4013      	ands	r3, r2
10004e24:	42b3      	cmp	r3, r6
10004e26:	d1cc      	bne.n	10004dc2 <pll_init+0x26>
10004e28:	e7ed      	b.n	10004e06 <pll_init+0x6a>
10004e2a:	46c0      	nop			@ (mov r8, r8)
10004e2c:	00b71b00 	.word	0x00b71b00
10004e30:	bffd4000 	.word	0xbffd4000
10004e34:	4000c000 	.word	0x4000c000
10004e38:	4000e000 	.word	0x4000e000
10004e3c:	4000f000 	.word	0x4000f000

10004e40 <watchdog_start_tick>:
10004e40:	2380      	movs	r3, #128	@ 0x80
10004e42:	4a02      	ldr	r2, [pc, #8]	@ (10004e4c <watchdog_start_tick+0xc>)
10004e44:	009b      	lsls	r3, r3, #2
10004e46:	4303      	orrs	r3, r0
10004e48:	62d3      	str	r3, [r2, #44]	@ 0x2c
10004e4a:	4770      	bx	lr
10004e4c:	40058000 	.word	0x40058000

10004e50 <xosc_init>:
10004e50:	23aa      	movs	r3, #170	@ 0xaa
10004e52:	4a06      	ldr	r2, [pc, #24]	@ (10004e6c <xosc_init+0x1c>)
10004e54:	011b      	lsls	r3, r3, #4
10004e56:	6013      	str	r3, [r2, #0]
10004e58:	232f      	movs	r3, #47	@ 0x2f
10004e5a:	4905      	ldr	r1, [pc, #20]	@ (10004e70 <xosc_init+0x20>)
10004e5c:	60d3      	str	r3, [r2, #12]
10004e5e:	4b05      	ldr	r3, [pc, #20]	@ (10004e74 <xosc_init+0x24>)
10004e60:	6019      	str	r1, [r3, #0]
10004e62:	6853      	ldr	r3, [r2, #4]
10004e64:	2b00      	cmp	r3, #0
10004e66:	dafc      	bge.n	10004e62 <xosc_init+0x12>
10004e68:	4770      	bx	lr
10004e6a:	46c0      	nop			@ (mov r8, r8)
10004e6c:	40024000 	.word	0x40024000
10004e70:	00fab000 	.word	0x00fab000
10004e74:	40026000 	.word	0x40026000

10004e78 <runtime_init>:
10004e78:	4b2c      	ldr	r3, [pc, #176]	@ (10004f2c <runtime_init+0xb4>)
10004e7a:	4a2d      	ldr	r2, [pc, #180]	@ (10004f30 <runtime_init+0xb8>)
10004e7c:	b570      	push	{r4, r5, r6, lr}
10004e7e:	601a      	str	r2, [r3, #0]
10004e80:	4a2c      	ldr	r2, [pc, #176]	@ (10004f34 <runtime_init+0xbc>)
10004e82:	4b2d      	ldr	r3, [pc, #180]	@ (10004f38 <runtime_init+0xc0>)
10004e84:	492d      	ldr	r1, [pc, #180]	@ (10004f3c <runtime_init+0xc4>)
10004e86:	601a      	str	r2, [r3, #0]
10004e88:	0014      	movs	r4, r2
10004e8a:	688b      	ldr	r3, [r1, #8]
10004e8c:	439c      	bics	r4, r3
10004e8e:	d1fb      	bne.n	10004e88 <runtime_init+0x10>
10004e90:	4d2b      	ldr	r5, [pc, #172]	@ (10004f40 <runtime_init+0xc8>)
10004e92:	4e2c      	ldr	r6, [pc, #176]	@ (10004f44 <runtime_init+0xcc>)
10004e94:	42b5      	cmp	r5, r6
10004e96:	d208      	bcs.n	10004eaa <runtime_init+0x32>
10004e98:	3e01      	subs	r6, #1
10004e9a:	1b76      	subs	r6, r6, r5
10004e9c:	08b6      	lsrs	r6, r6, #2
10004e9e:	cd08      	ldmia	r5!, {r3}
10004ea0:	4798      	blx	r3
10004ea2:	0023      	movs	r3, r4
10004ea4:	3401      	adds	r4, #1
10004ea6:	42b3      	cmp	r3, r6
10004ea8:	d1f9      	bne.n	10004e9e <runtime_init+0x26>
10004eaa:	f7ff fe0d 	bl	10004ac8 <clocks_init>
10004eae:	4a26      	ldr	r2, [pc, #152]	@ (10004f48 <runtime_init+0xd0>)
10004eb0:	4b21      	ldr	r3, [pc, #132]	@ (10004f38 <runtime_init+0xc0>)
10004eb2:	601a      	str	r2, [r3, #0]
10004eb4:	4a21      	ldr	r2, [pc, #132]	@ (10004f3c <runtime_init+0xc4>)
10004eb6:	6893      	ldr	r3, [r2, #8]
10004eb8:	43db      	mvns	r3, r3
10004eba:	01db      	lsls	r3, r3, #7
10004ebc:	09dd      	lsrs	r5, r3, #7
10004ebe:	2b00      	cmp	r3, #0
10004ec0:	d1f9      	bne.n	10004eb6 <runtime_init+0x3e>
10004ec2:	2240      	movs	r2, #64	@ 0x40
10004ec4:	4b21      	ldr	r3, [pc, #132]	@ (10004f4c <runtime_init+0xd4>)
10004ec6:	4c22      	ldr	r4, [pc, #136]	@ (10004f50 <runtime_init+0xd8>)
10004ec8:	4e22      	ldr	r6, [pc, #136]	@ (10004f54 <runtime_init+0xdc>)
10004eca:	679a      	str	r2, [r3, #120]	@ 0x78
10004ecc:	675a      	str	r2, [r3, #116]	@ 0x74
10004ece:	671a      	str	r2, [r3, #112]	@ 0x70
10004ed0:	66da      	str	r2, [r3, #108]	@ 0x6c
10004ed2:	42b4      	cmp	r4, r6
10004ed4:	d208      	bcs.n	10004ee8 <runtime_init+0x70>
10004ed6:	6823      	ldr	r3, [r4, #0]
10004ed8:	0020      	movs	r0, r4
10004eda:	2b00      	cmp	r3, #0
10004edc:	d020      	beq.n	10004f20 <runtime_init+0xa8>
10004ede:	3408      	adds	r4, #8
10004ee0:	f7fe fda4 	bl	10003a2c <recursive_mutex_init>
10004ee4:	42b4      	cmp	r4, r6
10004ee6:	d3f6      	bcc.n	10004ed6 <runtime_init+0x5e>
10004ee8:	4c1b      	ldr	r4, [pc, #108]	@ (10004f58 <runtime_init+0xe0>)
10004eea:	4e1c      	ldr	r6, [pc, #112]	@ (10004f5c <runtime_init+0xe4>)
10004eec:	22c0      	movs	r2, #192	@ 0xc0
10004eee:	68b1      	ldr	r1, [r6, #8]
10004ef0:	0020      	movs	r0, r4
10004ef2:	f002 fc19 	bl	10007728 <__wrap___aeabi_memcpy>
10004ef6:	60b4      	str	r4, [r6, #8]
10004ef8:	f7fe fad4 	bl	100034a4 <spin_locks_reset>
10004efc:	f7fe fd6e 	bl	100039dc <irq_init_priorities>
10004f00:	f7fe ff28 	bl	10003d54 <alarm_pool_init_default>
10004f04:	4c16      	ldr	r4, [pc, #88]	@ (10004f60 <runtime_init+0xe8>)
10004f06:	4e17      	ldr	r6, [pc, #92]	@ (10004f64 <runtime_init+0xec>)
10004f08:	42b4      	cmp	r4, r6
10004f0a:	d208      	bcs.n	10004f1e <runtime_init+0xa6>
10004f0c:	3e01      	subs	r6, #1
10004f0e:	1b36      	subs	r6, r6, r4
10004f10:	08b6      	lsrs	r6, r6, #2
10004f12:	cc08      	ldmia	r4!, {r3}
10004f14:	4798      	blx	r3
10004f16:	002b      	movs	r3, r5
10004f18:	3501      	adds	r5, #1
10004f1a:	429e      	cmp	r6, r3
10004f1c:	d1f9      	bne.n	10004f12 <runtime_init+0x9a>
10004f1e:	bd70      	pop	{r4, r5, r6, pc}
10004f20:	3408      	adds	r4, #8
10004f22:	f7fe fd75 	bl	10003a10 <mutex_init>
10004f26:	42b4      	cmp	r4, r6
10004f28:	d3d5      	bcc.n	10004ed6 <runtime_init+0x5e>
10004f2a:	e7dd      	b.n	10004ee8 <runtime_init+0x70>
10004f2c:	4000e000 	.word	0x4000e000
10004f30:	fefbcdbf 	.word	0xfefbcdbf
10004f34:	003c7ffe 	.word	0x003c7ffe
10004f38:	4000f000 	.word	0x4000f000
10004f3c:	4000c000 	.word	0x4000c000
10004f40:	20000ac0 	.word	0x20000ac0
10004f44:	20000ad0 	.word	0x20000ad0
10004f48:	01ffffff 	.word	0x01ffffff
10004f4c:	4001f000 	.word	0x4001f000
10004f50:	20000ab0 	.word	0x20000ab0
10004f54:	20000ac0 	.word	0x20000ac0
10004f58:	20000000 	.word	0x20000000
10004f5c:	e000ed00 	.word	0xe000ed00
10004f60:	20000ad0 	.word	0x20000ad0
10004f64:	20000ad4 	.word	0x20000ad4

10004f68 <_exit>:
10004f68:	be00      	bkpt	0x0000
10004f6a:	e7fd      	b.n	10004f68 <_exit>

10004f6c <exit>:
10004f6c:	b510      	push	{r4, lr}
10004f6e:	f7ff fffb 	bl	10004f68 <_exit>
10004f72:	46c0      	nop			@ (mov r8, r8)

10004f74 <panic>:
10004f74:	b40f      	push	{r0, r1, r2, r3}
10004f76:	b500      	push	{lr}
10004f78:	4808      	ldr	r0, [pc, #32]	@ (10004f9c <panic+0x28>)
10004f7a:	b083      	sub	sp, #12
10004f7c:	f002 fc7c 	bl	10007878 <__wrap_puts>
10004f80:	9b04      	ldr	r3, [sp, #16]
10004f82:	2b00      	cmp	r3, #0
10004f84:	d007      	beq.n	10004f96 <panic+0x22>
10004f86:	a905      	add	r1, sp, #20
10004f88:	0018      	movs	r0, r3
10004f8a:	9101      	str	r1, [sp, #4]
10004f8c:	f001 fc70 	bl	10006870 <weak_raw_vprintf>
10004f90:	4803      	ldr	r0, [pc, #12]	@ (10004fa0 <panic+0x2c>)
10004f92:	f002 fc71 	bl	10007878 <__wrap_puts>
10004f96:	2001      	movs	r0, #1
10004f98:	f7ff ffe6 	bl	10004f68 <_exit>
10004f9c:	1000848c 	.word	0x1000848c
10004fa0:	1000849c 	.word	0x1000849c

10004fa4 <hard_assertion_failure>:
10004fa4:	b510      	push	{r4, lr}
10004fa6:	4801      	ldr	r0, [pc, #4]	@ (10004fac <hard_assertion_failure+0x8>)
10004fa8:	f7ff ffe4 	bl	10004f74 <panic>
10004fac:	100084a0 	.word	0x100084a0

10004fb0 <_out_buffer>:
10004fb0:	429a      	cmp	r2, r3
10004fb2:	d200      	bcs.n	10004fb6 <_out_buffer+0x6>
10004fb4:	5488      	strb	r0, [r1, r2]
10004fb6:	4770      	bx	lr

10004fb8 <_out_null>:
10004fb8:	4770      	bx	lr
10004fba:	46c0      	nop			@ (mov r8, r8)

10004fbc <_out_rev>:
10004fbc:	b5f8      	push	{r3, r4, r5, r6, r7, lr}
10004fbe:	4657      	mov	r7, sl
10004fc0:	46de      	mov	lr, fp
10004fc2:	464e      	mov	r6, r9
10004fc4:	4645      	mov	r5, r8
10004fc6:	b5e0      	push	{r5, r6, r7, lr}
10004fc8:	4699      	mov	r9, r3
10004fca:	9b0a      	ldr	r3, [sp, #40]	@ 0x28
10004fcc:	0007      	movs	r7, r0
10004fce:	469a      	mov	sl, r3
10004fd0:	9b0d      	ldr	r3, [sp, #52]	@ 0x34
10004fd2:	4688      	mov	r8, r1
10004fd4:	4693      	mov	fp, r2
10004fd6:	9c0b      	ldr	r4, [sp, #44]	@ 0x2c
10004fd8:	079b      	lsls	r3, r3, #30
10004fda:	d13b      	bne.n	10005054 <_out_rev+0x98>
10004fdc:	9b0c      	ldr	r3, [sp, #48]	@ 0x30
10004fde:	429c      	cmp	r4, r3
10004fe0:	d23d      	bcs.n	1000505e <_out_rev+0xa2>
10004fe2:	1b1e      	subs	r6, r3, r4
10004fe4:	940b      	str	r4, [sp, #44]	@ 0x2c
10004fe6:	0015      	movs	r5, r2
10004fe8:	000c      	movs	r4, r1
10004fea:	445e      	add	r6, fp
10004fec:	002a      	movs	r2, r5
10004fee:	464b      	mov	r3, r9
10004ff0:	3501      	adds	r5, #1
10004ff2:	0021      	movs	r1, r4
10004ff4:	2020      	movs	r0, #32
10004ff6:	47b8      	blx	r7
10004ff8:	42b5      	cmp	r5, r6
10004ffa:	d1f7      	bne.n	10004fec <_out_rev+0x30>
10004ffc:	46a0      	mov	r8, r4
10004ffe:	9c0b      	ldr	r4, [sp, #44]	@ 0x2c
10005000:	2c00      	cmp	r4, #0
10005002:	d020      	beq.n	10005046 <_out_rev+0x8a>
10005004:	4645      	mov	r5, r8
10005006:	1936      	adds	r6, r6, r4
10005008:	4653      	mov	r3, sl
1000500a:	1b32      	subs	r2, r6, r4
1000500c:	3c01      	subs	r4, #1
1000500e:	5d18      	ldrb	r0, [r3, r4]
10005010:	0029      	movs	r1, r5
10005012:	464b      	mov	r3, r9
10005014:	47b8      	blx	r7
10005016:	2c00      	cmp	r4, #0
10005018:	d1f6      	bne.n	10005008 <_out_rev+0x4c>
1000501a:	002b      	movs	r3, r5
1000501c:	0035      	movs	r5, r6
1000501e:	4698      	mov	r8, r3
10005020:	9b0d      	ldr	r3, [sp, #52]	@ 0x34
10005022:	079b      	lsls	r3, r3, #30
10005024:	d50f      	bpl.n	10005046 <_out_rev+0x8a>
10005026:	465b      	mov	r3, fp
10005028:	1aec      	subs	r4, r5, r3
1000502a:	9b0c      	ldr	r3, [sp, #48]	@ 0x30
1000502c:	42a3      	cmp	r3, r4
1000502e:	d90a      	bls.n	10005046 <_out_rev+0x8a>
10005030:	4646      	mov	r6, r8
10005032:	4698      	mov	r8, r3
10005034:	002a      	movs	r2, r5
10005036:	464b      	mov	r3, r9
10005038:	0031      	movs	r1, r6
1000503a:	2020      	movs	r0, #32
1000503c:	3401      	adds	r4, #1
1000503e:	47b8      	blx	r7
10005040:	3501      	adds	r5, #1
10005042:	4544      	cmp	r4, r8
10005044:	d3f6      	bcc.n	10005034 <_out_rev+0x78>
10005046:	0028      	movs	r0, r5
10005048:	bcf0      	pop	{r4, r5, r6, r7}
1000504a:	46bb      	mov	fp, r7
1000504c:	46b2      	mov	sl, r6
1000504e:	46a9      	mov	r9, r5
10005050:	46a0      	mov	r8, r4
10005052:	bdf8      	pop	{r3, r4, r5, r6, r7, pc}
10005054:	0016      	movs	r6, r2
10005056:	0015      	movs	r5, r2
10005058:	2c00      	cmp	r4, #0
1000505a:	d1d3      	bne.n	10005004 <_out_rev+0x48>
1000505c:	e7e0      	b.n	10005020 <_out_rev+0x64>
1000505e:	0016      	movs	r6, r2
10005060:	0015      	movs	r5, r2
10005062:	2c00      	cmp	r4, #0
10005064:	d1ce      	bne.n	10005004 <_out_rev+0x48>
10005066:	e7ee      	b.n	10005046 <_out_rev+0x8a>

10005068 <_ntoa_format>:
10005068:	b5f0      	push	{r4, r5, r6, r7, lr}
1000506a:	4645      	mov	r5, r8
1000506c:	46de      	mov	lr, fp
1000506e:	4657      	mov	r7, sl
10005070:	464e      	mov	r6, r9
10005072:	b5e0      	push	{r5, r6, r7, lr}
10005074:	b085      	sub	sp, #20
10005076:	469c      	mov	ip, r3
10005078:	ab10      	add	r3, sp, #64	@ 0x40
1000507a:	781b      	ldrb	r3, [r3, #0]
1000507c:	9f14      	ldr	r7, [sp, #80]	@ 0x50
1000507e:	4693      	mov	fp, r2
10005080:	4698      	mov	r8, r3
10005082:	9c0f      	ldr	r4, [sp, #60]	@ 0x3c
10005084:	9e12      	ldr	r6, [sp, #72]	@ 0x48
10005086:	9d13      	ldr	r5, [sp, #76]	@ 0x4c
10005088:	07bb      	lsls	r3, r7, #30
1000508a:	d44c      	bmi.n	10005126 <_ntoa_format+0xbe>
1000508c:	2d00      	cmp	r5, #0
1000508e:	d142      	bne.n	10005116 <_ntoa_format+0xae>
10005090:	42b4      	cmp	r4, r6
10005092:	d248      	bcs.n	10005126 <_ntoa_format+0xbe>
10005094:	2301      	movs	r3, #1
10005096:	403b      	ands	r3, r7
10005098:	4699      	mov	r9, r3
1000509a:	9b0e      	ldr	r3, [sp, #56]	@ 0x38
1000509c:	3b01      	subs	r3, #1
1000509e:	469a      	mov	sl, r3
100050a0:	2330      	movs	r3, #48	@ 0x30
100050a2:	e004      	b.n	100050ae <_ntoa_format+0x46>
100050a4:	4652      	mov	r2, sl
100050a6:	3401      	adds	r4, #1
100050a8:	5513      	strb	r3, [r2, r4]
100050aa:	42a6      	cmp	r6, r4
100050ac:	d901      	bls.n	100050b2 <_ntoa_format+0x4a>
100050ae:	2c20      	cmp	r4, #32
100050b0:	d1f8      	bne.n	100050a4 <_ntoa_format+0x3c>
100050b2:	464b      	mov	r3, r9
100050b4:	2b00      	cmp	r3, #0
100050b6:	d100      	bne.n	100050ba <_ntoa_format+0x52>
100050b8:	e083      	b.n	100051c2 <_ntoa_format+0x15a>
100050ba:	9b0e      	ldr	r3, [sp, #56]	@ 0x38
100050bc:	3b01      	subs	r3, #1
100050be:	4699      	mov	r9, r3
100050c0:	2330      	movs	r3, #48	@ 0x30
100050c2:	42a5      	cmp	r5, r4
100050c4:	d805      	bhi.n	100050d2 <_ntoa_format+0x6a>
100050c6:	e02e      	b.n	10005126 <_ntoa_format+0xbe>
100050c8:	464a      	mov	r2, r9
100050ca:	3401      	adds	r4, #1
100050cc:	5513      	strb	r3, [r2, r4]
100050ce:	42ac      	cmp	r4, r5
100050d0:	d029      	beq.n	10005126 <_ntoa_format+0xbe>
100050d2:	2c20      	cmp	r4, #32
100050d4:	d1f8      	bne.n	100050c8 <_ntoa_format+0x60>
100050d6:	06fb      	lsls	r3, r7, #27
100050d8:	d50c      	bpl.n	100050f4 <_ntoa_format+0x8c>
100050da:	057b      	lsls	r3, r7, #21
100050dc:	d454      	bmi.n	10005188 <_ntoa_format+0x120>
100050de:	42a6      	cmp	r6, r4
100050e0:	d063      	beq.n	100051aa <_ntoa_format+0x142>
100050e2:	42a5      	cmp	r5, r4
100050e4:	d061      	beq.n	100051aa <_ntoa_format+0x142>
100050e6:	9b11      	ldr	r3, [sp, #68]	@ 0x44
100050e8:	2b10      	cmp	r3, #16
100050ea:	d050      	beq.n	1000518e <_ntoa_format+0x126>
100050ec:	2b02      	cmp	r3, #2
100050ee:	d057      	beq.n	100051a0 <_ntoa_format+0x138>
100050f0:	2c20      	cmp	r4, #32
100050f2:	d132      	bne.n	1000515a <_ntoa_format+0xf2>
100050f4:	2320      	movs	r3, #32
100050f6:	9301      	str	r3, [sp, #4]
100050f8:	9b0e      	ldr	r3, [sp, #56]	@ 0x38
100050fa:	465a      	mov	r2, fp
100050fc:	9300      	str	r3, [sp, #0]
100050fe:	9703      	str	r7, [sp, #12]
10005100:	4663      	mov	r3, ip
10005102:	9502      	str	r5, [sp, #8]
10005104:	f7ff ff5a 	bl	10004fbc <_out_rev>
10005108:	b005      	add	sp, #20
1000510a:	bcf0      	pop	{r4, r5, r6, r7}
1000510c:	46bb      	mov	fp, r7
1000510e:	46b2      	mov	sl, r6
10005110:	46a9      	mov	r9, r5
10005112:	46a0      	mov	r8, r4
10005114:	bdf0      	pop	{r4, r5, r6, r7, pc}
10005116:	2301      	movs	r3, #1
10005118:	403b      	ands	r3, r7
1000511a:	4699      	mov	r9, r3
1000511c:	2301      	movs	r3, #1
1000511e:	423b      	tst	r3, r7
10005120:	d12a      	bne.n	10005178 <_ntoa_format+0x110>
10005122:	42b4      	cmp	r4, r6
10005124:	d3b9      	bcc.n	1000509a <_ntoa_format+0x32>
10005126:	06fb      	lsls	r3, r7, #27
10005128:	d51c      	bpl.n	10005164 <_ntoa_format+0xfc>
1000512a:	057b      	lsls	r3, r7, #21
1000512c:	d4db      	bmi.n	100050e6 <_ntoa_format+0x7e>
1000512e:	2c00      	cmp	r4, #0
10005130:	d1d5      	bne.n	100050de <_ntoa_format+0x76>
10005132:	9b11      	ldr	r3, [sp, #68]	@ 0x44
10005134:	2b10      	cmp	r3, #16
10005136:	d05b      	beq.n	100051f0 <_ntoa_format+0x188>
10005138:	9b11      	ldr	r3, [sp, #68]	@ 0x44
1000513a:	2b02      	cmp	r3, #2
1000513c:	d06b      	beq.n	10005216 <_ntoa_format+0x1ae>
1000513e:	2330      	movs	r3, #48	@ 0x30
10005140:	2401      	movs	r4, #1
10005142:	9a0e      	ldr	r2, [sp, #56]	@ 0x38
10005144:	7013      	strb	r3, [r2, #0]
10005146:	4643      	mov	r3, r8
10005148:	2b00      	cmp	r3, #0
1000514a:	d110      	bne.n	1000516e <_ntoa_format+0x106>
1000514c:	077b      	lsls	r3, r7, #29
1000514e:	d53e      	bpl.n	100051ce <_ntoa_format+0x166>
10005150:	262b      	movs	r6, #43	@ 0x2b
10005152:	9a0e      	ldr	r2, [sp, #56]	@ 0x38
10005154:	1c63      	adds	r3, r4, #1
10005156:	5516      	strb	r6, [r2, r4]
10005158:	e7cd      	b.n	100050f6 <_ntoa_format+0x8e>
1000515a:	0023      	movs	r3, r4
1000515c:	3401      	adds	r4, #1
1000515e:	2630      	movs	r6, #48	@ 0x30
10005160:	9a0e      	ldr	r2, [sp, #56]	@ 0x38
10005162:	54d6      	strb	r6, [r2, r3]
10005164:	2c20      	cmp	r4, #32
10005166:	d0c5      	beq.n	100050f4 <_ntoa_format+0x8c>
10005168:	4643      	mov	r3, r8
1000516a:	2b00      	cmp	r3, #0
1000516c:	d0ee      	beq.n	1000514c <_ntoa_format+0xe4>
1000516e:	262d      	movs	r6, #45	@ 0x2d
10005170:	9a0e      	ldr	r2, [sp, #56]	@ 0x38
10005172:	1c63      	adds	r3, r4, #1
10005174:	5516      	strb	r6, [r2, r4]
10005176:	e7be      	b.n	100050f6 <_ntoa_format+0x8e>
10005178:	4643      	mov	r3, r8
1000517a:	2b00      	cmp	r3, #0
1000517c:	d02f      	beq.n	100051de <_ntoa_format+0x176>
1000517e:	3d01      	subs	r5, #1
10005180:	42b4      	cmp	r4, r6
10005182:	d200      	bcs.n	10005186 <_ntoa_format+0x11e>
10005184:	e789      	b.n	1000509a <_ntoa_format+0x32>
10005186:	e798      	b.n	100050ba <_ntoa_format+0x52>
10005188:	9b11      	ldr	r3, [sp, #68]	@ 0x44
1000518a:	2b10      	cmp	r3, #16
1000518c:	d1b2      	bne.n	100050f4 <_ntoa_format+0x8c>
1000518e:	06bb      	lsls	r3, r7, #26
10005190:	d537      	bpl.n	10005202 <_ntoa_format+0x19a>
10005192:	2c20      	cmp	r4, #32
10005194:	d0ae      	beq.n	100050f4 <_ntoa_format+0x8c>
10005196:	2358      	movs	r3, #88	@ 0x58
10005198:	9a0e      	ldr	r2, [sp, #56]	@ 0x38
1000519a:	5513      	strb	r3, [r2, r4]
1000519c:	3401      	adds	r4, #1
1000519e:	e7a7      	b.n	100050f0 <_ntoa_format+0x88>
100051a0:	2c20      	cmp	r4, #32
100051a2:	d0a7      	beq.n	100050f4 <_ntoa_format+0x8c>
100051a4:	0023      	movs	r3, r4
100051a6:	3401      	adds	r4, #1
100051a8:	e007      	b.n	100051ba <_ntoa_format+0x152>
100051aa:	1e63      	subs	r3, r4, #1
100051ac:	2c01      	cmp	r4, #1
100051ae:	d0c0      	beq.n	10005132 <_ntoa_format+0xca>
100051b0:	9a11      	ldr	r2, [sp, #68]	@ 0x44
100051b2:	2a10      	cmp	r2, #16
100051b4:	d031      	beq.n	1000521a <_ntoa_format+0x1b2>
100051b6:	2a02      	cmp	r2, #2
100051b8:	d1d1      	bne.n	1000515e <_ntoa_format+0xf6>
100051ba:	2662      	movs	r6, #98	@ 0x62
100051bc:	9a0e      	ldr	r2, [sp, #56]	@ 0x38
100051be:	54d6      	strb	r6, [r2, r3]
100051c0:	e796      	b.n	100050f0 <_ntoa_format+0x88>
100051c2:	06fb      	lsls	r3, r7, #27
100051c4:	d5ce      	bpl.n	10005164 <_ntoa_format+0xfc>
100051c6:	057b      	lsls	r3, r7, #21
100051c8:	d400      	bmi.n	100051cc <_ntoa_format+0x164>
100051ca:	e788      	b.n	100050de <_ntoa_format+0x76>
100051cc:	e78b      	b.n	100050e6 <_ntoa_format+0x7e>
100051ce:	0023      	movs	r3, r4
100051d0:	073e      	lsls	r6, r7, #28
100051d2:	d590      	bpl.n	100050f6 <_ntoa_format+0x8e>
100051d4:	2620      	movs	r6, #32
100051d6:	9a0e      	ldr	r2, [sp, #56]	@ 0x38
100051d8:	3301      	adds	r3, #1
100051da:	5516      	strb	r6, [r2, r4]
100051dc:	e78b      	b.n	100050f6 <_ntoa_format+0x8e>
100051de:	230c      	movs	r3, #12
100051e0:	403b      	ands	r3, r7
100051e2:	1e5a      	subs	r2, r3, #1
100051e4:	4193      	sbcs	r3, r2
100051e6:	1aed      	subs	r5, r5, r3
100051e8:	42b4      	cmp	r4, r6
100051ea:	d200      	bcs.n	100051ee <_ntoa_format+0x186>
100051ec:	e755      	b.n	1000509a <_ntoa_format+0x32>
100051ee:	e764      	b.n	100050ba <_ntoa_format+0x52>
100051f0:	06bb      	lsls	r3, r7, #26
100051f2:	d40e      	bmi.n	10005212 <_ntoa_format+0x1aa>
100051f4:	2378      	movs	r3, #120	@ 0x78
100051f6:	9a0e      	ldr	r2, [sp, #56]	@ 0x38
100051f8:	2402      	movs	r4, #2
100051fa:	7013      	strb	r3, [r2, #0]
100051fc:	2330      	movs	r3, #48	@ 0x30
100051fe:	7053      	strb	r3, [r2, #1]
10005200:	e7a1      	b.n	10005146 <_ntoa_format+0xde>
10005202:	2c20      	cmp	r4, #32
10005204:	d100      	bne.n	10005208 <_ntoa_format+0x1a0>
10005206:	e775      	b.n	100050f4 <_ntoa_format+0x8c>
10005208:	2378      	movs	r3, #120	@ 0x78
1000520a:	9a0e      	ldr	r2, [sp, #56]	@ 0x38
1000520c:	5513      	strb	r3, [r2, r4]
1000520e:	3401      	adds	r4, #1
10005210:	e76e      	b.n	100050f0 <_ntoa_format+0x88>
10005212:	2358      	movs	r3, #88	@ 0x58
10005214:	e7ef      	b.n	100051f6 <_ntoa_format+0x18e>
10005216:	3360      	adds	r3, #96	@ 0x60
10005218:	e7ed      	b.n	100051f6 <_ntoa_format+0x18e>
1000521a:	9a0e      	ldr	r2, [sp, #56]	@ 0x38
1000521c:	1ea6      	subs	r6, r4, #2
1000521e:	4691      	mov	r9, r2
10005220:	444e      	add	r6, r9
10005222:	06ba      	lsls	r2, r7, #26
10005224:	d502      	bpl.n	1000522c <_ntoa_format+0x1c4>
10005226:	2258      	movs	r2, #88	@ 0x58
10005228:	7032      	strb	r2, [r6, #0]
1000522a:	e798      	b.n	1000515e <_ntoa_format+0xf6>
1000522c:	2278      	movs	r2, #120	@ 0x78
1000522e:	7032      	strb	r2, [r6, #0]
10005230:	e795      	b.n	1000515e <_ntoa_format+0xf6>
10005232:	46c0      	nop			@ (mov r8, r8)

10005234 <_out_char>:
10005234:	b510      	push	{r4, lr}
10005236:	2800      	cmp	r0, #0
10005238:	d100      	bne.n	1000523c <_out_char+0x8>
1000523a:	bd10      	pop	{r4, pc}
1000523c:	f002 fad2 	bl	100077e4 <__wrap_putchar>
10005240:	e7fb      	b.n	1000523a <_out_char+0x6>
10005242:	46c0      	nop			@ (mov r8, r8)

10005244 <_ftoa>:
10005244:	b5f0      	push	{r4, r5, r6, r7, lr}
10005246:	4657      	mov	r7, sl
10005248:	46de      	mov	lr, fp
1000524a:	464e      	mov	r6, r9
1000524c:	4645      	mov	r5, r8
1000524e:	b5e0      	push	{r5, r6, r7, lr}
10005250:	b095      	sub	sp, #84	@ 0x54
10005252:	4683      	mov	fp, r0
10005254:	000f      	movs	r7, r1
10005256:	4692      	mov	sl, r2
10005258:	4698      	mov	r8, r3
1000525a:	9a1e      	ldr	r2, [sp, #120]	@ 0x78
1000525c:	9b1f      	ldr	r3, [sp, #124]	@ 0x7c
1000525e:	0010      	movs	r0, r2
10005260:	0019      	movs	r1, r3
10005262:	9e20      	ldr	r6, [sp, #128]	@ 0x80
10005264:	f001 fe47 	bl	10006ef6 <__wrap___aeabi_dcmpun>
10005268:	2800      	cmp	r0, #0
1000526a:	d000      	beq.n	1000526e <_ftoa+0x2a>
1000526c:	e1ea      	b.n	10005644 <_ftoa+0x400>
1000526e:	981e      	ldr	r0, [sp, #120]	@ 0x78
10005270:	991f      	ldr	r1, [sp, #124]	@ 0x7c
10005272:	2201      	movs	r2, #1
10005274:	4bc5      	ldr	r3, [pc, #788]	@ (1000558c <_ftoa+0x348>)
10005276:	4252      	negs	r2, r2
10005278:	f001 fe22 	bl	10006ec0 <__wrap___aeabi_dcmplt>
1000527c:	2800      	cmp	r0, #0
1000527e:	d000      	beq.n	10005282 <_ftoa+0x3e>
10005280:	e114      	b.n	100054ac <_ftoa+0x268>
10005282:	981e      	ldr	r0, [sp, #120]	@ 0x78
10005284:	991f      	ldr	r1, [sp, #124]	@ 0x7c
10005286:	2201      	movs	r2, #1
10005288:	4bc1      	ldr	r3, [pc, #772]	@ (10005590 <_ftoa+0x34c>)
1000528a:	4252      	negs	r2, r2
1000528c:	f001 fe2e 	bl	10006eec <__wrap___aeabi_dcmpgt>
10005290:	2800      	cmp	r0, #0
10005292:	d000      	beq.n	10005296 <_ftoa+0x52>
10005294:	e0e9      	b.n	1000546a <_ftoa+0x226>
10005296:	981e      	ldr	r0, [sp, #120]	@ 0x78
10005298:	991f      	ldr	r1, [sp, #124]	@ 0x7c
1000529a:	2200      	movs	r2, #0
1000529c:	4bbd      	ldr	r3, [pc, #756]	@ (10005594 <_ftoa+0x350>)
1000529e:	f001 fe25 	bl	10006eec <__wrap___aeabi_dcmpgt>
100052a2:	2800      	cmp	r0, #0
100052a4:	d000      	beq.n	100052a8 <_ftoa+0x64>
100052a6:	e0c8      	b.n	1000543a <_ftoa+0x1f6>
100052a8:	981e      	ldr	r0, [sp, #120]	@ 0x78
100052aa:	991f      	ldr	r1, [sp, #124]	@ 0x7c
100052ac:	2200      	movs	r2, #0
100052ae:	4bba      	ldr	r3, [pc, #744]	@ (10005598 <_ftoa+0x354>)
100052b0:	f001 fe06 	bl	10006ec0 <__wrap___aeabi_dcmplt>
100052b4:	2800      	cmp	r0, #0
100052b6:	d000      	beq.n	100052ba <_ftoa+0x76>
100052b8:	e0bf      	b.n	1000543a <_ftoa+0x1f6>
100052ba:	981e      	ldr	r0, [sp, #120]	@ 0x78
100052bc:	991f      	ldr	r1, [sp, #124]	@ 0x7c
100052be:	2200      	movs	r2, #0
100052c0:	2300      	movs	r3, #0
100052c2:	f001 fdfd 	bl	10006ec0 <__wrap___aeabi_dcmplt>
100052c6:	2800      	cmp	r0, #0
100052c8:	d000      	beq.n	100052cc <_ftoa+0x88>
100052ca:	e0e4      	b.n	10005496 <_ftoa+0x252>
100052cc:	2300      	movs	r3, #0
100052ce:	930b      	str	r3, [sp, #44]	@ 0x2c
100052d0:	9b22      	ldr	r3, [sp, #136]	@ 0x88
100052d2:	055b      	lsls	r3, r3, #21
100052d4:	d400      	bmi.n	100052d8 <_ftoa+0x94>
100052d6:	2606      	movs	r6, #6
100052d8:	2400      	movs	r4, #0
100052da:	2330      	movs	r3, #48	@ 0x30
100052dc:	e007      	b.n	100052ee <_ftoa+0xaa>
100052de:	2117      	movs	r1, #23
100052e0:	aa06      	add	r2, sp, #24
100052e2:	3401      	adds	r4, #1
100052e4:	1852      	adds	r2, r2, r1
100052e6:	5513      	strb	r3, [r2, r4]
100052e8:	3e01      	subs	r6, #1
100052ea:	2c20      	cmp	r4, #32
100052ec:	d001      	beq.n	100052f2 <_ftoa+0xae>
100052ee:	2e09      	cmp	r6, #9
100052f0:	d8f5      	bhi.n	100052de <_ftoa+0x9a>
100052f2:	981e      	ldr	r0, [sp, #120]	@ 0x78
100052f4:	991f      	ldr	r1, [sp, #124]	@ 0x7c
100052f6:	f001 fe29 	bl	10006f4c <__wrap___aeabi_d2iz>
100052fa:	4ba8      	ldr	r3, [pc, #672]	@ (1000559c <_ftoa+0x358>)
100052fc:	00f2      	lsls	r2, r6, #3
100052fe:	189b      	adds	r3, r3, r2
10005300:	681a      	ldr	r2, [r3, #0]
10005302:	685b      	ldr	r3, [r3, #4]
10005304:	0005      	movs	r5, r0
10005306:	9208      	str	r2, [sp, #32]
10005308:	9309      	str	r3, [sp, #36]	@ 0x24
1000530a:	f001 fe07 	bl	10006f1c <__wrap___aeabi_i2d>
1000530e:	0002      	movs	r2, r0
10005310:	000b      	movs	r3, r1
10005312:	981e      	ldr	r0, [sp, #120]	@ 0x78
10005314:	991f      	ldr	r1, [sp, #124]	@ 0x7c
10005316:	f001 fd60 	bl	10006dda <__wrap___aeabi_dsub>
1000531a:	9a08      	ldr	r2, [sp, #32]
1000531c:	9b09      	ldr	r3, [sp, #36]	@ 0x24
1000531e:	f001 fd8c 	bl	10006e3a <__wrap___aeabi_dmul>
10005322:	9006      	str	r0, [sp, #24]
10005324:	9107      	str	r1, [sp, #28]
10005326:	f001 fe35 	bl	10006f94 <__wrap___aeabi_d2uiz>
1000532a:	4681      	mov	r9, r0
1000532c:	f001 fdf2 	bl	10006f14 <__wrap___aeabi_ui2d>
10005330:	0002      	movs	r2, r0
10005332:	000b      	movs	r3, r1
10005334:	9806      	ldr	r0, [sp, #24]
10005336:	9907      	ldr	r1, [sp, #28]
10005338:	f001 fd4f 	bl	10006dda <__wrap___aeabi_dsub>
1000533c:	2200      	movs	r2, #0
1000533e:	4b98      	ldr	r3, [pc, #608]	@ (100055a0 <_ftoa+0x35c>)
10005340:	9006      	str	r0, [sp, #24]
10005342:	9107      	str	r1, [sp, #28]
10005344:	f001 fdd2 	bl	10006eec <__wrap___aeabi_dcmpgt>
10005348:	2800      	cmp	r0, #0
1000534a:	d100      	bne.n	1000534e <_ftoa+0x10a>
1000534c:	e10d      	b.n	1000556a <_ftoa+0x326>
1000534e:	2301      	movs	r3, #1
10005350:	469c      	mov	ip, r3
10005352:	44e1      	add	r9, ip
10005354:	4648      	mov	r0, r9
10005356:	f001 fddd 	bl	10006f14 <__wrap___aeabi_ui2d>
1000535a:	0002      	movs	r2, r0
1000535c:	000b      	movs	r3, r1
1000535e:	9808      	ldr	r0, [sp, #32]
10005360:	9909      	ldr	r1, [sp, #36]	@ 0x24
10005362:	f001 fdb3 	bl	10006ecc <__wrap___aeabi_dcmple>
10005366:	2800      	cmp	r0, #0
10005368:	d002      	beq.n	10005370 <_ftoa+0x12c>
1000536a:	2300      	movs	r3, #0
1000536c:	4699      	mov	r9, r3
1000536e:	3501      	adds	r5, #1
10005370:	2e00      	cmp	r6, #0
10005372:	d100      	bne.n	10005376 <_ftoa+0x132>
10005374:	e0d9      	b.n	1000552a <_ftoa+0x2e6>
10005376:	9506      	str	r5, [sp, #24]
10005378:	464d      	mov	r5, r9
1000537a:	46b9      	mov	r9, r7
1000537c:	e014      	b.n	100053a8 <_ftoa+0x164>
1000537e:	aa06      	add	r2, sp, #24
10005380:	4694      	mov	ip, r2
10005382:	2317      	movs	r3, #23
10005384:	210a      	movs	r1, #10
10005386:	4463      	add	r3, ip
10005388:	0028      	movs	r0, r5
1000538a:	3401      	adds	r4, #1
1000538c:	191f      	adds	r7, r3, r4
1000538e:	f001 fae9 	bl	10006964 <__wrap___aeabi_uidiv>
10005392:	3130      	adds	r1, #48	@ 0x30
10005394:	7039      	strb	r1, [r7, #0]
10005396:	0028      	movs	r0, r5
10005398:	210a      	movs	r1, #10
1000539a:	3e01      	subs	r6, #1
1000539c:	f001 fae2 	bl	10006964 <__wrap___aeabi_uidiv>
100053a0:	2d09      	cmp	r5, #9
100053a2:	d800      	bhi.n	100053a6 <_ftoa+0x162>
100053a4:	e117      	b.n	100055d6 <_ftoa+0x392>
100053a6:	0005      	movs	r5, r0
100053a8:	2c20      	cmp	r4, #32
100053aa:	d1e8      	bne.n	1000537e <_ftoa+0x13a>
100053ac:	464f      	mov	r7, r9
100053ae:	9d06      	ldr	r5, [sp, #24]
100053b0:	2420      	movs	r4, #32
100053b2:	ae0c      	add	r6, sp, #48	@ 0x30
100053b4:	aa06      	add	r2, sp, #24
100053b6:	2317      	movs	r3, #23
100053b8:	4694      	mov	ip, r2
100053ba:	4463      	add	r3, ip
100053bc:	4699      	mov	r9, r3
100053be:	465b      	mov	r3, fp
100053c0:	46b3      	mov	fp, r6
100053c2:	9306      	str	r3, [sp, #24]
100053c4:	e00f      	b.n	100053e6 <_ftoa+0x1a2>
100053c6:	464b      	mov	r3, r9
100053c8:	0028      	movs	r0, r5
100053ca:	210a      	movs	r1, #10
100053cc:	3401      	adds	r4, #1
100053ce:	18e6      	adds	r6, r4, r3
100053d0:	f001 faa0 	bl	10006914 <__wrap___aeabi_idiv>
100053d4:	3130      	adds	r1, #48	@ 0x30
100053d6:	0028      	movs	r0, r5
100053d8:	7031      	strb	r1, [r6, #0]
100053da:	210a      	movs	r1, #10
100053dc:	f001 fa9a 	bl	10006914 <__wrap___aeabi_idiv>
100053e0:	1e05      	subs	r5, r0, #0
100053e2:	d100      	bne.n	100053e6 <_ftoa+0x1a2>
100053e4:	e0e4      	b.n	100055b0 <_ftoa+0x36c>
100053e6:	2c20      	cmp	r4, #32
100053e8:	d1ed      	bne.n	100053c6 <_ftoa+0x182>
100053ea:	9b06      	ldr	r3, [sp, #24]
100053ec:	465e      	mov	r6, fp
100053ee:	469b      	mov	fp, r3
100053f0:	2303      	movs	r3, #3
100053f2:	9a22      	ldr	r2, [sp, #136]	@ 0x88
100053f4:	4013      	ands	r3, r2
100053f6:	2b01      	cmp	r3, #1
100053f8:	d118      	bne.n	1000542c <_ftoa+0x1e8>
100053fa:	9b21      	ldr	r3, [sp, #132]	@ 0x84
100053fc:	2b00      	cmp	r3, #0
100053fe:	d015      	beq.n	1000542c <_ftoa+0x1e8>
10005400:	9b0b      	ldr	r3, [sp, #44]	@ 0x2c
10005402:	2b00      	cmp	r3, #0
10005404:	d100      	bne.n	10005408 <_ftoa+0x1c4>
10005406:	e0fd      	b.n	10005604 <_ftoa+0x3c0>
10005408:	9b21      	ldr	r3, [sp, #132]	@ 0x84
1000540a:	3b01      	subs	r3, #1
1000540c:	9321      	str	r3, [sp, #132]	@ 0x84
1000540e:	2b20      	cmp	r3, #32
10005410:	d90c      	bls.n	1000542c <_ftoa+0x1e8>
10005412:	2330      	movs	r3, #48	@ 0x30
10005414:	9a21      	ldr	r2, [sp, #132]	@ 0x84
10005416:	e007      	b.n	10005428 <_ftoa+0x1e4>
10005418:	2017      	movs	r0, #23
1000541a:	a906      	add	r1, sp, #24
1000541c:	3401      	adds	r4, #1
1000541e:	1809      	adds	r1, r1, r0
10005420:	550b      	strb	r3, [r1, r4]
10005422:	4294      	cmp	r4, r2
10005424:	d300      	bcc.n	10005428 <_ftoa+0x1e4>
10005426:	e0cc      	b.n	100055c2 <_ftoa+0x37e>
10005428:	2c20      	cmp	r4, #32
1000542a:	d1f5      	bne.n	10005418 <_ftoa+0x1d4>
1000542c:	9b22      	ldr	r3, [sp, #136]	@ 0x88
1000542e:	9401      	str	r4, [sp, #4]
10005430:	9303      	str	r3, [sp, #12]
10005432:	9b21      	ldr	r3, [sp, #132]	@ 0x84
10005434:	9600      	str	r6, [sp, #0]
10005436:	9302      	str	r3, [sp, #8]
10005438:	e022      	b.n	10005480 <_ftoa+0x23c>
1000543a:	9b22      	ldr	r3, [sp, #136]	@ 0x88
1000543c:	4652      	mov	r2, sl
1000543e:	9304      	str	r3, [sp, #16]
10005440:	9b21      	ldr	r3, [sp, #132]	@ 0x84
10005442:	0039      	movs	r1, r7
10005444:	9303      	str	r3, [sp, #12]
10005446:	4658      	mov	r0, fp
10005448:	9b1e      	ldr	r3, [sp, #120]	@ 0x78
1000544a:	9c1f      	ldr	r4, [sp, #124]	@ 0x7c
1000544c:	9602      	str	r6, [sp, #8]
1000544e:	9300      	str	r3, [sp, #0]
10005450:	9401      	str	r4, [sp, #4]
10005452:	4643      	mov	r3, r8
10005454:	f000 f94a 	bl	100056ec <_etoa>
10005458:	0004      	movs	r4, r0
1000545a:	0020      	movs	r0, r4
1000545c:	b015      	add	sp, #84	@ 0x54
1000545e:	bcf0      	pop	{r4, r5, r6, r7}
10005460:	46bb      	mov	fp, r7
10005462:	46b2      	mov	sl, r6
10005464:	46a9      	mov	r9, r5
10005466:	46a0      	mov	r8, r4
10005468:	bdf0      	pop	{r4, r5, r6, r7, pc}
1000546a:	9b22      	ldr	r3, [sp, #136]	@ 0x88
1000546c:	075b      	lsls	r3, r3, #29
1000546e:	d40f      	bmi.n	10005490 <_ftoa+0x24c>
10005470:	2203      	movs	r2, #3
10005472:	4b4c      	ldr	r3, [pc, #304]	@ (100055a4 <_ftoa+0x360>)
10005474:	9922      	ldr	r1, [sp, #136]	@ 0x88
10005476:	9201      	str	r2, [sp, #4]
10005478:	9103      	str	r1, [sp, #12]
1000547a:	9921      	ldr	r1, [sp, #132]	@ 0x84
1000547c:	9300      	str	r3, [sp, #0]
1000547e:	9102      	str	r1, [sp, #8]
10005480:	4643      	mov	r3, r8
10005482:	4652      	mov	r2, sl
10005484:	0039      	movs	r1, r7
10005486:	4658      	mov	r0, fp
10005488:	f7ff fd98 	bl	10004fbc <_out_rev>
1000548c:	0004      	movs	r4, r0
1000548e:	e7e4      	b.n	1000545a <_ftoa+0x216>
10005490:	2204      	movs	r2, #4
10005492:	4b45      	ldr	r3, [pc, #276]	@ (100055a8 <_ftoa+0x364>)
10005494:	e7ee      	b.n	10005474 <_ftoa+0x230>
10005496:	9a1e      	ldr	r2, [sp, #120]	@ 0x78
10005498:	9b1f      	ldr	r3, [sp, #124]	@ 0x7c
1000549a:	2000      	movs	r0, #0
1000549c:	2100      	movs	r1, #0
1000549e:	f001 fc9c 	bl	10006dda <__wrap___aeabi_dsub>
100054a2:	2301      	movs	r3, #1
100054a4:	901e      	str	r0, [sp, #120]	@ 0x78
100054a6:	911f      	str	r1, [sp, #124]	@ 0x7c
100054a8:	930b      	str	r3, [sp, #44]	@ 0x2c
100054aa:	e711      	b.n	100052d0 <_ftoa+0x8c>
100054ac:	9b22      	ldr	r3, [sp, #136]	@ 0x88
100054ae:	4654      	mov	r4, sl
100054b0:	079b      	lsls	r3, r3, #30
100054b2:	d111      	bne.n	100054d8 <_ftoa+0x294>
100054b4:	9b21      	ldr	r3, [sp, #132]	@ 0x84
100054b6:	2b04      	cmp	r3, #4
100054b8:	d90e      	bls.n	100054d8 <_ftoa+0x294>
100054ba:	9b21      	ldr	r3, [sp, #132]	@ 0x84
100054bc:	4655      	mov	r5, sl
100054be:	469c      	mov	ip, r3
100054c0:	465e      	mov	r6, fp
100054c2:	3c04      	subs	r4, #4
100054c4:	4464      	add	r4, ip
100054c6:	002a      	movs	r2, r5
100054c8:	4643      	mov	r3, r8
100054ca:	3501      	adds	r5, #1
100054cc:	0039      	movs	r1, r7
100054ce:	2020      	movs	r0, #32
100054d0:	47b0      	blx	r6
100054d2:	42a5      	cmp	r5, r4
100054d4:	d1f7      	bne.n	100054c6 <_ftoa+0x282>
100054d6:	46b3      	mov	fp, r6
100054d8:	4d34      	ldr	r5, [pc, #208]	@ (100055ac <_ftoa+0x368>)
100054da:	0026      	movs	r6, r4
100054dc:	1f2b      	subs	r3, r5, #4
100054de:	4699      	mov	r9, r3
100054e0:	465b      	mov	r3, fp
100054e2:	46a3      	mov	fp, r4
100054e4:	001c      	movs	r4, r3
100054e6:	0032      	movs	r2, r6
100054e8:	78e8      	ldrb	r0, [r5, #3]
100054ea:	4643      	mov	r3, r8
100054ec:	0039      	movs	r1, r7
100054ee:	3d01      	subs	r5, #1
100054f0:	47a0      	blx	r4
100054f2:	3601      	adds	r6, #1
100054f4:	454d      	cmp	r5, r9
100054f6:	d1f6      	bne.n	100054e6 <_ftoa+0x2a2>
100054f8:	0023      	movs	r3, r4
100054fa:	465c      	mov	r4, fp
100054fc:	469b      	mov	fp, r3
100054fe:	9b22      	ldr	r3, [sp, #136]	@ 0x88
10005500:	3404      	adds	r4, #4
10005502:	079b      	lsls	r3, r3, #30
10005504:	d5a9      	bpl.n	1000545a <_ftoa+0x216>
10005506:	4653      	mov	r3, sl
10005508:	9a21      	ldr	r2, [sp, #132]	@ 0x84
1000550a:	1ae3      	subs	r3, r4, r3
1000550c:	429a      	cmp	r2, r3
1000550e:	d9a4      	bls.n	1000545a <_ftoa+0x216>
10005510:	465e      	mov	r6, fp
10005512:	0015      	movs	r5, r2
10005514:	0022      	movs	r2, r4
10005516:	4643      	mov	r3, r8
10005518:	0039      	movs	r1, r7
1000551a:	2020      	movs	r0, #32
1000551c:	47b0      	blx	r6
1000551e:	4653      	mov	r3, sl
10005520:	3401      	adds	r4, #1
10005522:	1ae3      	subs	r3, r4, r3
10005524:	429d      	cmp	r5, r3
10005526:	d8f5      	bhi.n	10005514 <_ftoa+0x2d0>
10005528:	e797      	b.n	1000545a <_ftoa+0x216>
1000552a:	0028      	movs	r0, r5
1000552c:	f001 fcf6 	bl	10006f1c <__wrap___aeabi_i2d>
10005530:	0002      	movs	r2, r0
10005532:	000b      	movs	r3, r1
10005534:	981e      	ldr	r0, [sp, #120]	@ 0x78
10005536:	991f      	ldr	r1, [sp, #124]	@ 0x7c
10005538:	f001 fc4f 	bl	10006dda <__wrap___aeabi_dsub>
1000553c:	2200      	movs	r2, #0
1000553e:	4b18      	ldr	r3, [pc, #96]	@ (100055a0 <_ftoa+0x35c>)
10005540:	9006      	str	r0, [sp, #24]
10005542:	9107      	str	r1, [sp, #28]
10005544:	f001 fcbc 	bl	10006ec0 <__wrap___aeabi_dcmplt>
10005548:	ae0c      	add	r6, sp, #48	@ 0x30
1000554a:	2800      	cmp	r0, #0
1000554c:	d000      	beq.n	10005550 <_ftoa+0x30c>
1000554e:	e731      	b.n	100053b4 <_ftoa+0x170>
10005550:	9806      	ldr	r0, [sp, #24]
10005552:	9907      	ldr	r1, [sp, #28]
10005554:	2200      	movs	r2, #0
10005556:	4b12      	ldr	r3, [pc, #72]	@ (100055a0 <_ftoa+0x35c>)
10005558:	f001 fcc8 	bl	10006eec <__wrap___aeabi_dcmpgt>
1000555c:	2800      	cmp	r0, #0
1000555e:	d000      	beq.n	10005562 <_ftoa+0x31e>
10005560:	e728      	b.n	100053b4 <_ftoa+0x170>
10005562:	2301      	movs	r3, #1
10005564:	3501      	adds	r5, #1
10005566:	439d      	bics	r5, r3
10005568:	e724      	b.n	100053b4 <_ftoa+0x170>
1000556a:	2200      	movs	r2, #0
1000556c:	9806      	ldr	r0, [sp, #24]
1000556e:	9907      	ldr	r1, [sp, #28]
10005570:	4b0b      	ldr	r3, [pc, #44]	@ (100055a0 <_ftoa+0x35c>)
10005572:	f001 fca5 	bl	10006ec0 <__wrap___aeabi_dcmplt>
10005576:	2800      	cmp	r0, #0
10005578:	d000      	beq.n	1000557c <_ftoa+0x338>
1000557a:	e6f9      	b.n	10005370 <_ftoa+0x12c>
1000557c:	464b      	mov	r3, r9
1000557e:	2b00      	cmp	r3, #0
10005580:	d15c      	bne.n	1000563c <_ftoa+0x3f8>
10005582:	2301      	movs	r3, #1
10005584:	469c      	mov	ip, r3
10005586:	44e1      	add	r9, ip
10005588:	e6f2      	b.n	10005370 <_ftoa+0x12c>
1000558a:	46c0      	nop			@ (mov r8, r8)
1000558c:	ffefffff 	.word	0xffefffff
10005590:	7fefffff 	.word	0x7fefffff
10005594:	41cdcd65 	.word	0x41cdcd65
10005598:	c1cdcd65 	.word	0xc1cdcd65
1000559c:	10008980 	.word	0x10008980
100055a0:	3fe00000 	.word	0x3fe00000
100055a4:	100084b4 	.word	0x100084b4
100055a8:	100084ac 	.word	0x100084ac
100055ac:	100084bc 	.word	0x100084bc
100055b0:	9b06      	ldr	r3, [sp, #24]
100055b2:	465e      	mov	r6, fp
100055b4:	469b      	mov	fp, r3
100055b6:	2303      	movs	r3, #3
100055b8:	9a22      	ldr	r2, [sp, #136]	@ 0x88
100055ba:	4013      	ands	r3, r2
100055bc:	2b01      	cmp	r3, #1
100055be:	d100      	bne.n	100055c2 <_ftoa+0x37e>
100055c0:	e081      	b.n	100056c6 <_ftoa+0x482>
100055c2:	2c20      	cmp	r4, #32
100055c4:	d100      	bne.n	100055c8 <_ftoa+0x384>
100055c6:	e731      	b.n	1000542c <_ftoa+0x1e8>
100055c8:	9b0b      	ldr	r3, [sp, #44]	@ 0x2c
100055ca:	2b00      	cmp	r3, #0
100055cc:	d027      	beq.n	1000561e <_ftoa+0x3da>
100055ce:	232d      	movs	r3, #45	@ 0x2d
100055d0:	5533      	strb	r3, [r6, r4]
100055d2:	3401      	adds	r4, #1
100055d4:	e72a      	b.n	1000542c <_ftoa+0x1e8>
100055d6:	464f      	mov	r7, r9
100055d8:	9d06      	ldr	r5, [sp, #24]
100055da:	2c20      	cmp	r4, #32
100055dc:	d100      	bne.n	100055e0 <_ftoa+0x39c>
100055de:	e6e7      	b.n	100053b0 <_ftoa+0x16c>
100055e0:	2230      	movs	r2, #48	@ 0x30
100055e2:	1933      	adds	r3, r6, r4
100055e4:	e007      	b.n	100055f6 <_ftoa+0x3b2>
100055e6:	2017      	movs	r0, #23
100055e8:	a906      	add	r1, sp, #24
100055ea:	3401      	adds	r4, #1
100055ec:	1809      	adds	r1, r1, r0
100055ee:	550a      	strb	r2, [r1, r4]
100055f0:	2c20      	cmp	r4, #32
100055f2:	d100      	bne.n	100055f6 <_ftoa+0x3b2>
100055f4:	e6dc      	b.n	100053b0 <_ftoa+0x16c>
100055f6:	42a3      	cmp	r3, r4
100055f8:	d1f5      	bne.n	100055e6 <_ftoa+0x3a2>
100055fa:	222e      	movs	r2, #46	@ 0x2e
100055fc:	ae0c      	add	r6, sp, #48	@ 0x30
100055fe:	3401      	adds	r4, #1
10005600:	54f2      	strb	r2, [r6, r3]
10005602:	e6d7      	b.n	100053b4 <_ftoa+0x170>
10005604:	230c      	movs	r3, #12
10005606:	9a22      	ldr	r2, [sp, #136]	@ 0x88
10005608:	4213      	tst	r3, r2
1000560a:	d057      	beq.n	100056bc <_ftoa+0x478>
1000560c:	9b21      	ldr	r3, [sp, #132]	@ 0x84
1000560e:	3b01      	subs	r3, #1
10005610:	9321      	str	r3, [sp, #132]	@ 0x84
10005612:	42a3      	cmp	r3, r4
10005614:	d900      	bls.n	10005618 <_ftoa+0x3d4>
10005616:	e6fc      	b.n	10005412 <_ftoa+0x1ce>
10005618:	2c20      	cmp	r4, #32
1000561a:	d100      	bne.n	1000561e <_ftoa+0x3da>
1000561c:	e706      	b.n	1000542c <_ftoa+0x1e8>
1000561e:	9b22      	ldr	r3, [sp, #136]	@ 0x88
10005620:	075b      	lsls	r3, r3, #29
10005622:	d503      	bpl.n	1000562c <_ftoa+0x3e8>
10005624:	232b      	movs	r3, #43	@ 0x2b
10005626:	5533      	strb	r3, [r6, r4]
10005628:	3401      	adds	r4, #1
1000562a:	e6ff      	b.n	1000542c <_ftoa+0x1e8>
1000562c:	9b22      	ldr	r3, [sp, #136]	@ 0x88
1000562e:	071b      	lsls	r3, r3, #28
10005630:	d400      	bmi.n	10005634 <_ftoa+0x3f0>
10005632:	e6fb      	b.n	1000542c <_ftoa+0x1e8>
10005634:	2320      	movs	r3, #32
10005636:	5533      	strb	r3, [r6, r4]
10005638:	3401      	adds	r4, #1
1000563a:	e6f7      	b.n	1000542c <_ftoa+0x1e8>
1000563c:	07db      	lsls	r3, r3, #31
1000563e:	d400      	bmi.n	10005642 <_ftoa+0x3fe>
10005640:	e696      	b.n	10005370 <_ftoa+0x12c>
10005642:	e79e      	b.n	10005582 <_ftoa+0x33e>
10005644:	9b22      	ldr	r3, [sp, #136]	@ 0x88
10005646:	4655      	mov	r5, sl
10005648:	079b      	lsls	r3, r3, #30
1000564a:	d111      	bne.n	10005670 <_ftoa+0x42c>
1000564c:	9b21      	ldr	r3, [sp, #132]	@ 0x84
1000564e:	2b03      	cmp	r3, #3
10005650:	d90e      	bls.n	10005670 <_ftoa+0x42c>
10005652:	9b21      	ldr	r3, [sp, #132]	@ 0x84
10005654:	4654      	mov	r4, sl
10005656:	469c      	mov	ip, r3
10005658:	465e      	mov	r6, fp
1000565a:	3d03      	subs	r5, #3
1000565c:	4465      	add	r5, ip
1000565e:	0022      	movs	r2, r4
10005660:	4643      	mov	r3, r8
10005662:	3401      	adds	r4, #1
10005664:	0039      	movs	r1, r7
10005666:	2020      	movs	r0, #32
10005668:	47b0      	blx	r6
1000566a:	42ac      	cmp	r4, r5
1000566c:	d1f7      	bne.n	1000565e <_ftoa+0x41a>
1000566e:	46b3      	mov	fp, r6
10005670:	46b9      	mov	r9, r7
10005672:	465f      	mov	r7, fp
10005674:	4e1c      	ldr	r6, [pc, #112]	@ (100056e8 <_ftoa+0x4a4>)
10005676:	1cec      	adds	r4, r5, #3
10005678:	002a      	movs	r2, r5
1000567a:	78b0      	ldrb	r0, [r6, #2]
1000567c:	4643      	mov	r3, r8
1000567e:	4649      	mov	r1, r9
10005680:	3501      	adds	r5, #1
10005682:	47b8      	blx	r7
10005684:	3e01      	subs	r6, #1
10005686:	42a5      	cmp	r5, r4
10005688:	d1f6      	bne.n	10005678 <_ftoa+0x434>
1000568a:	9b22      	ldr	r3, [sp, #136]	@ 0x88
1000568c:	46bb      	mov	fp, r7
1000568e:	464f      	mov	r7, r9
10005690:	079b      	lsls	r3, r3, #30
10005692:	d400      	bmi.n	10005696 <_ftoa+0x452>
10005694:	e6e1      	b.n	1000545a <_ftoa+0x216>
10005696:	4653      	mov	r3, sl
10005698:	9a21      	ldr	r2, [sp, #132]	@ 0x84
1000569a:	1ae3      	subs	r3, r4, r3
1000569c:	429a      	cmp	r2, r3
1000569e:	d800      	bhi.n	100056a2 <_ftoa+0x45e>
100056a0:	e6db      	b.n	1000545a <_ftoa+0x216>
100056a2:	465e      	mov	r6, fp
100056a4:	0015      	movs	r5, r2
100056a6:	0022      	movs	r2, r4
100056a8:	4643      	mov	r3, r8
100056aa:	0039      	movs	r1, r7
100056ac:	2020      	movs	r0, #32
100056ae:	47b0      	blx	r6
100056b0:	4653      	mov	r3, sl
100056b2:	3401      	adds	r4, #1
100056b4:	1ae3      	subs	r3, r4, r3
100056b6:	429d      	cmp	r5, r3
100056b8:	d8f5      	bhi.n	100056a6 <_ftoa+0x462>
100056ba:	e6ce      	b.n	1000545a <_ftoa+0x216>
100056bc:	9b21      	ldr	r3, [sp, #132]	@ 0x84
100056be:	42a3      	cmp	r3, r4
100056c0:	d900      	bls.n	100056c4 <_ftoa+0x480>
100056c2:	e6a6      	b.n	10005412 <_ftoa+0x1ce>
100056c4:	e6b2      	b.n	1000542c <_ftoa+0x1e8>
100056c6:	9b21      	ldr	r3, [sp, #132]	@ 0x84
100056c8:	2b00      	cmp	r3, #0
100056ca:	d100      	bne.n	100056ce <_ftoa+0x48a>
100056cc:	e779      	b.n	100055c2 <_ftoa+0x37e>
100056ce:	9b0b      	ldr	r3, [sp, #44]	@ 0x2c
100056d0:	2b00      	cmp	r3, #0
100056d2:	d097      	beq.n	10005604 <_ftoa+0x3c0>
100056d4:	9b21      	ldr	r3, [sp, #132]	@ 0x84
100056d6:	3b01      	subs	r3, #1
100056d8:	9321      	str	r3, [sp, #132]	@ 0x84
100056da:	429c      	cmp	r4, r3
100056dc:	d200      	bcs.n	100056e0 <_ftoa+0x49c>
100056de:	e698      	b.n	10005412 <_ftoa+0x1ce>
100056e0:	2c20      	cmp	r4, #32
100056e2:	d000      	beq.n	100056e6 <_ftoa+0x4a2>
100056e4:	e773      	b.n	100055ce <_ftoa+0x38a>
100056e6:	e6a1      	b.n	1000542c <_ftoa+0x1e8>
100056e8:	100084b8 	.word	0x100084b8

100056ec <_etoa>:
100056ec:	b5f0      	push	{r4, r5, r6, r7, lr}
100056ee:	46de      	mov	lr, fp
100056f0:	4657      	mov	r7, sl
100056f2:	464e      	mov	r6, r9
100056f4:	4645      	mov	r5, r8
100056f6:	b5e0      	push	{r5, r6, r7, lr}
100056f8:	b099      	sub	sp, #100	@ 0x64
100056fa:	4681      	mov	r9, r0
100056fc:	468b      	mov	fp, r1
100056fe:	4692      	mov	sl, r2
10005700:	4698      	mov	r8, r3
10005702:	9a22      	ldr	r2, [sp, #136]	@ 0x88
10005704:	9b23      	ldr	r3, [sp, #140]	@ 0x8c
10005706:	0010      	movs	r0, r2
10005708:	0019      	movs	r1, r3
1000570a:	f001 fbf4 	bl	10006ef6 <__wrap___aeabi_dcmpun>
1000570e:	2800      	cmp	r0, #0
10005710:	d000      	beq.n	10005714 <_etoa+0x28>
10005712:	e0ca      	b.n	100058aa <_etoa+0x1be>
10005714:	9822      	ldr	r0, [sp, #136]	@ 0x88
10005716:	9923      	ldr	r1, [sp, #140]	@ 0x8c
10005718:	2201      	movs	r2, #1
1000571a:	4b82      	ldr	r3, [pc, #520]	@ (10005924 <_etoa+0x238>)
1000571c:	4252      	negs	r2, r2
1000571e:	f001 fbe5 	bl	10006eec <__wrap___aeabi_dcmpgt>
10005722:	2800      	cmp	r0, #0
10005724:	d000      	beq.n	10005728 <_etoa+0x3c>
10005726:	e0c0      	b.n	100058aa <_etoa+0x1be>
10005728:	9822      	ldr	r0, [sp, #136]	@ 0x88
1000572a:	9923      	ldr	r1, [sp, #140]	@ 0x8c
1000572c:	2201      	movs	r2, #1
1000572e:	4b7e      	ldr	r3, [pc, #504]	@ (10005928 <_etoa+0x23c>)
10005730:	4252      	negs	r2, r2
10005732:	f001 fbc5 	bl	10006ec0 <__wrap___aeabi_dcmplt>
10005736:	2800      	cmp	r0, #0
10005738:	d000      	beq.n	1000573c <_etoa+0x50>
1000573a:	e0b6      	b.n	100058aa <_etoa+0x1be>
1000573c:	9822      	ldr	r0, [sp, #136]	@ 0x88
1000573e:	9923      	ldr	r1, [sp, #140]	@ 0x8c
10005740:	2200      	movs	r2, #0
10005742:	2300      	movs	r3, #0
10005744:	f001 fbbc 	bl	10006ec0 <__wrap___aeabi_dcmplt>
10005748:	2800      	cmp	r0, #0
1000574a:	d000      	beq.n	1000574e <_etoa+0x62>
1000574c:	e1c9      	b.n	10005ae2 <_etoa+0x3f6>
1000574e:	9b22      	ldr	r3, [sp, #136]	@ 0x88
10005750:	9c23      	ldr	r4, [sp, #140]	@ 0x8c
10005752:	9308      	str	r3, [sp, #32]
10005754:	9409      	str	r4, [sp, #36]	@ 0x24
10005756:	9808      	ldr	r0, [sp, #32]
10005758:	9909      	ldr	r1, [sp, #36]	@ 0x24
1000575a:	2380      	movs	r3, #128	@ 0x80
1000575c:	9a26      	ldr	r2, [sp, #152]	@ 0x98
1000575e:	00db      	lsls	r3, r3, #3
10005760:	401a      	ands	r2, r3
10005762:	920d      	str	r2, [sp, #52]	@ 0x34
10005764:	2280      	movs	r2, #128	@ 0x80
10005766:	9c26      	ldr	r4, [sp, #152]	@ 0x98
10005768:	0112      	lsls	r2, r2, #4
1000576a:	4014      	ands	r4, r2
1000576c:	0022      	movs	r2, r4
1000576e:	940b      	str	r4, [sp, #44]	@ 0x2c
10005770:	9c26      	ldr	r4, [sp, #152]	@ 0x98
10005772:	0007      	movs	r7, r0
10005774:	000e      	movs	r6, r1
10005776:	421c      	tst	r4, r3
10005778:	d000      	beq.n	1000577c <_etoa+0x90>
1000577a:	e0ad      	b.n	100058d8 <_etoa+0x1ec>
1000577c:	000b      	movs	r3, r1
1000577e:	4303      	orrs	r3, r0
10005780:	d000      	beq.n	10005784 <_etoa+0x98>
10005782:	e0d5      	b.n	10005930 <_etoa+0x244>
10005784:	2a00      	cmp	r2, #0
10005786:	d000      	beq.n	1000578a <_etoa+0x9e>
10005788:	e20a      	b.n	10005ba0 <_etoa+0x4b4>
1000578a:	0022      	movs	r2, r4
1000578c:	3306      	adds	r3, #6
1000578e:	9324      	str	r3, [sp, #144]	@ 0x90
10005790:	2302      	movs	r3, #2
10005792:	4013      	ands	r3, r2
10005794:	930c      	str	r3, [sp, #48]	@ 0x30
10005796:	2302      	movs	r3, #2
10005798:	4213      	tst	r3, r2
1000579a:	d000      	beq.n	1000579e <_etoa+0xb2>
1000579c:	e202      	b.n	10005ba4 <_etoa+0x4b8>
1000579e:	9b25      	ldr	r3, [sp, #148]	@ 0x94
100057a0:	2b04      	cmp	r3, #4
100057a2:	d200      	bcs.n	100057a6 <_etoa+0xba>
100057a4:	e20f      	b.n	10005bc6 <_etoa+0x4da>
100057a6:	3b04      	subs	r3, #4
100057a8:	930b      	str	r3, [sp, #44]	@ 0x2c
100057aa:	2300      	movs	r3, #0
100057ac:	2504      	movs	r5, #4
100057ae:	930a      	str	r3, [sp, #40]	@ 0x28
100057b0:	2200      	movs	r2, #0
100057b2:	9822      	ldr	r0, [sp, #136]	@ 0x88
100057b4:	9923      	ldr	r1, [sp, #140]	@ 0x8c
100057b6:	2300      	movs	r3, #0
100057b8:	f001 fb82 	bl	10006ec0 <__wrap___aeabi_dcmplt>
100057bc:	2800      	cmp	r0, #0
100057be:	d000      	beq.n	100057c2 <_etoa+0xd6>
100057c0:	e203      	b.n	10005bca <_etoa+0x4de>
100057c2:	4b5a      	ldr	r3, [pc, #360]	@ (1000592c <_etoa+0x240>)
100057c4:	9a26      	ldr	r2, [sp, #152]	@ 0x98
100057c6:	4013      	ands	r3, r2
100057c8:	9304      	str	r3, [sp, #16]
100057ca:	9b0b      	ldr	r3, [sp, #44]	@ 0x2c
100057cc:	9303      	str	r3, [sp, #12]
100057ce:	9b24      	ldr	r3, [sp, #144]	@ 0x90
100057d0:	9302      	str	r3, [sp, #8]
100057d2:	9b08      	ldr	r3, [sp, #32]
100057d4:	9c09      	ldr	r4, [sp, #36]	@ 0x24
100057d6:	9300      	str	r3, [sp, #0]
100057d8:	9401      	str	r4, [sp, #4]
100057da:	4659      	mov	r1, fp
100057dc:	4643      	mov	r3, r8
100057de:	4652      	mov	r2, sl
100057e0:	4648      	mov	r0, r9
100057e2:	f7ff fd2f 	bl	10005244 <_ftoa>
100057e6:	0002      	movs	r2, r0
100057e8:	2020      	movs	r0, #32
100057ea:	9b26      	ldr	r3, [sp, #152]	@ 0x98
100057ec:	271f      	movs	r7, #31
100057ee:	4003      	ands	r3, r0
100057f0:	4259      	negs	r1, r3
100057f2:	414b      	adcs	r3, r1
100057f4:	425b      	negs	r3, r3
100057f6:	4018      	ands	r0, r3
100057f8:	1c53      	adds	r3, r2, #1
100057fa:	9308      	str	r3, [sp, #32]
100057fc:	4659      	mov	r1, fp
100057fe:	4643      	mov	r3, r8
10005800:	3045      	adds	r0, #69	@ 0x45
10005802:	47c8      	blx	r9
10005804:	9a0a      	ldr	r2, [sp, #40]	@ 0x28
10005806:	17d3      	asrs	r3, r2, #31
10005808:	18d4      	adds	r4, r2, r3
1000580a:	405c      	eors	r4, r3
1000580c:	0fd3      	lsrs	r3, r2, #31
1000580e:	930a      	str	r3, [sp, #40]	@ 0x28
10005810:	1e6b      	subs	r3, r5, #1
10005812:	930b      	str	r3, [sp, #44]	@ 0x2c
10005814:	ab08      	add	r3, sp, #32
10005816:	469c      	mov	ip, r3
10005818:	2500      	movs	r5, #0
1000581a:	4467      	add	r7, ip
1000581c:	e001      	b.n	10005822 <_etoa+0x136>
1000581e:	2d20      	cmp	r5, #32
10005820:	d00f      	beq.n	10005842 <_etoa+0x156>
10005822:	0020      	movs	r0, r4
10005824:	210a      	movs	r1, #10
10005826:	f001 f89d 	bl	10006964 <__wrap___aeabi_uidiv>
1000582a:	3501      	adds	r5, #1
1000582c:	197e      	adds	r6, r7, r5
1000582e:	3130      	adds	r1, #48	@ 0x30
10005830:	7031      	strb	r1, [r6, #0]
10005832:	0020      	movs	r0, r4
10005834:	210a      	movs	r1, #10
10005836:	f001 f895 	bl	10006964 <__wrap___aeabi_uidiv>
1000583a:	0026      	movs	r6, r4
1000583c:	0004      	movs	r4, r0
1000583e:	2e09      	cmp	r6, #9
10005840:	d8ed      	bhi.n	1000581e <_etoa+0x132>
10005842:	2305      	movs	r3, #5
10005844:	9306      	str	r3, [sp, #24]
10005846:	9b0b      	ldr	r3, [sp, #44]	@ 0x2c
10005848:	4659      	mov	r1, fp
1000584a:	9305      	str	r3, [sp, #20]
1000584c:	2300      	movs	r3, #0
1000584e:	9304      	str	r3, [sp, #16]
10005850:	330a      	adds	r3, #10
10005852:	9303      	str	r3, [sp, #12]
10005854:	9b0a      	ldr	r3, [sp, #40]	@ 0x28
10005856:	4648      	mov	r0, r9
10005858:	9302      	str	r3, [sp, #8]
1000585a:	ab10      	add	r3, sp, #64	@ 0x40
1000585c:	9300      	str	r3, [sp, #0]
1000585e:	9a08      	ldr	r2, [sp, #32]
10005860:	4643      	mov	r3, r8
10005862:	9501      	str	r5, [sp, #4]
10005864:	f7ff fc00 	bl	10005068 <_ntoa_format>
10005868:	9b0c      	ldr	r3, [sp, #48]	@ 0x30
1000586a:	2b00      	cmp	r3, #0
1000586c:	d02d      	beq.n	100058ca <_etoa+0x1de>
1000586e:	4653      	mov	r3, sl
10005870:	1ac4      	subs	r4, r0, r3
10005872:	9b25      	ldr	r3, [sp, #148]	@ 0x94
10005874:	42a3      	cmp	r3, r4
10005876:	d928      	bls.n	100058ca <_etoa+0x1de>
10005878:	464d      	mov	r5, r9
1000587a:	465f      	mov	r7, fp
1000587c:	4681      	mov	r9, r0
1000587e:	001e      	movs	r6, r3
10005880:	4653      	mov	r3, sl
10005882:	0039      	movs	r1, r7
10005884:	191a      	adds	r2, r3, r4
10005886:	2020      	movs	r0, #32
10005888:	4643      	mov	r3, r8
1000588a:	3401      	adds	r4, #1
1000588c:	47a8      	blx	r5
1000588e:	42a6      	cmp	r6, r4
10005890:	d8f6      	bhi.n	10005880 <_etoa+0x194>
10005892:	4653      	mov	r3, sl
10005894:	4648      	mov	r0, r9
10005896:	9925      	ldr	r1, [sp, #148]	@ 0x94
10005898:	1ac2      	subs	r2, r0, r3
1000589a:	3201      	adds	r2, #1
1000589c:	2300      	movs	r3, #0
1000589e:	4291      	cmp	r1, r2
100058a0:	d300      	bcc.n	100058a4 <_etoa+0x1b8>
100058a2:	e186      	b.n	10005bb2 <_etoa+0x4c6>
100058a4:	3001      	adds	r0, #1
100058a6:	1818      	adds	r0, r3, r0
100058a8:	e00f      	b.n	100058ca <_etoa+0x1de>
100058aa:	9b26      	ldr	r3, [sp, #152]	@ 0x98
100058ac:	9304      	str	r3, [sp, #16]
100058ae:	9b25      	ldr	r3, [sp, #148]	@ 0x94
100058b0:	9303      	str	r3, [sp, #12]
100058b2:	9b24      	ldr	r3, [sp, #144]	@ 0x90
100058b4:	9302      	str	r3, [sp, #8]
100058b6:	9b22      	ldr	r3, [sp, #136]	@ 0x88
100058b8:	9c23      	ldr	r4, [sp, #140]	@ 0x8c
100058ba:	9300      	str	r3, [sp, #0]
100058bc:	9401      	str	r4, [sp, #4]
100058be:	4643      	mov	r3, r8
100058c0:	4652      	mov	r2, sl
100058c2:	4659      	mov	r1, fp
100058c4:	4648      	mov	r0, r9
100058c6:	f7ff fcbd 	bl	10005244 <_ftoa>
100058ca:	b019      	add	sp, #100	@ 0x64
100058cc:	bcf0      	pop	{r4, r5, r6, r7}
100058ce:	46bb      	mov	fp, r7
100058d0:	46b2      	mov	sl, r6
100058d2:	46a9      	mov	r9, r5
100058d4:	46a0      	mov	r8, r4
100058d6:	bdf0      	pop	{r4, r5, r6, r7, pc}
100058d8:	4301      	orrs	r1, r0
100058da:	d12b      	bne.n	10005934 <_etoa+0x248>
100058dc:	9b0b      	ldr	r3, [sp, #44]	@ 0x2c
100058de:	0022      	movs	r2, r4
100058e0:	2b00      	cmp	r3, #0
100058e2:	d100      	bne.n	100058e6 <_etoa+0x1fa>
100058e4:	e754      	b.n	10005790 <_etoa+0xa4>
100058e6:	2300      	movs	r3, #0
100058e8:	930a      	str	r3, [sp, #40]	@ 0x28
100058ea:	9b24      	ldr	r3, [sp, #144]	@ 0x90
100058ec:	9a0a      	ldr	r2, [sp, #40]	@ 0x28
100058ee:	2400      	movs	r4, #0
100058f0:	4293      	cmp	r3, r2
100058f2:	dd00      	ble.n	100058f6 <_etoa+0x20a>
100058f4:	e185      	b.n	10005c02 <_etoa+0x516>
100058f6:	9822      	ldr	r0, [sp, #136]	@ 0x88
100058f8:	9923      	ldr	r1, [sp, #140]	@ 0x8c
100058fa:	2200      	movs	r2, #0
100058fc:	2300      	movs	r3, #0
100058fe:	f001 fadf 	bl	10006ec0 <__wrap___aeabi_dcmplt>
10005902:	2800      	cmp	r0, #0
10005904:	d000      	beq.n	10005908 <_etoa+0x21c>
10005906:	e135      	b.n	10005b74 <_etoa+0x488>
10005908:	9b26      	ldr	r3, [sp, #152]	@ 0x98
1000590a:	4a08      	ldr	r2, [pc, #32]	@ (1000592c <_etoa+0x240>)
1000590c:	9402      	str	r4, [sp, #8]
1000590e:	401a      	ands	r2, r3
10005910:	2380      	movs	r3, #128	@ 0x80
10005912:	00db      	lsls	r3, r3, #3
10005914:	4313      	orrs	r3, r2
10005916:	9304      	str	r3, [sp, #16]
10005918:	9b25      	ldr	r3, [sp, #148]	@ 0x94
1000591a:	9303      	str	r3, [sp, #12]
1000591c:	9b08      	ldr	r3, [sp, #32]
1000591e:	9c09      	ldr	r4, [sp, #36]	@ 0x24
10005920:	e7cb      	b.n	100058ba <_etoa+0x1ce>
10005922:	46c0      	nop			@ (mov r8, r8)
10005924:	7fefffff 	.word	0x7fefffff
10005928:	ffefffff 	.word	0xffefffff
1000592c:	fffff7ff 	.word	0xfffff7ff
10005930:	2306      	movs	r3, #6
10005932:	9324      	str	r3, [sp, #144]	@ 0x90
10005934:	4bb4      	ldr	r3, [pc, #720]	@ (10005c08 <_etoa+0x51c>)
10005936:	0070      	lsls	r0, r6, #1
10005938:	469c      	mov	ip, r3
1000593a:	0d40      	lsrs	r0, r0, #21
1000593c:	4460      	add	r0, ip
1000593e:	f001 faed 	bl	10006f1c <__wrap___aeabi_i2d>
10005942:	4ab2      	ldr	r2, [pc, #712]	@ (10005c0c <_etoa+0x520>)
10005944:	4bb2      	ldr	r3, [pc, #712]	@ (10005c10 <_etoa+0x524>)
10005946:	f001 fa78 	bl	10006e3a <__wrap___aeabi_dmul>
1000594a:	4ab2      	ldr	r2, [pc, #712]	@ (10005c14 <_etoa+0x528>)
1000594c:	4bb2      	ldr	r3, [pc, #712]	@ (10005c18 <_etoa+0x52c>)
1000594e:	f001 fa4d 	bl	10006dec <__wrap___aeabi_dadd>
10005952:	0336      	lsls	r6, r6, #12
10005954:	4bb1      	ldr	r3, [pc, #708]	@ (10005c1c <_etoa+0x530>)
10005956:	0b36      	lsrs	r6, r6, #12
10005958:	4333      	orrs	r3, r6
1000595a:	0004      	movs	r4, r0
1000595c:	000d      	movs	r5, r1
1000595e:	0038      	movs	r0, r7
10005960:	0019      	movs	r1, r3
10005962:	2200      	movs	r2, #0
10005964:	4bae      	ldr	r3, [pc, #696]	@ (10005c20 <_etoa+0x534>)
10005966:	f001 fa38 	bl	10006dda <__wrap___aeabi_dsub>
1000596a:	4aae      	ldr	r2, [pc, #696]	@ (10005c24 <_etoa+0x538>)
1000596c:	4bae      	ldr	r3, [pc, #696]	@ (10005c28 <_etoa+0x53c>)
1000596e:	f001 fa64 	bl	10006e3a <__wrap___aeabi_dmul>
10005972:	0002      	movs	r2, r0
10005974:	000b      	movs	r3, r1
10005976:	0020      	movs	r0, r4
10005978:	0029      	movs	r1, r5
1000597a:	f001 fa37 	bl	10006dec <__wrap___aeabi_dadd>
1000597e:	f001 fae5 	bl	10006f4c <__wrap___aeabi_d2iz>
10005982:	900a      	str	r0, [sp, #40]	@ 0x28
10005984:	f001 faca 	bl	10006f1c <__wrap___aeabi_i2d>
10005988:	4aa8      	ldr	r2, [pc, #672]	@ (10005c2c <_etoa+0x540>)
1000598a:	4ba9      	ldr	r3, [pc, #676]	@ (10005c30 <_etoa+0x544>)
1000598c:	0004      	movs	r4, r0
1000598e:	000d      	movs	r5, r1
10005990:	f001 fa53 	bl	10006e3a <__wrap___aeabi_dmul>
10005994:	2200      	movs	r2, #0
10005996:	4ba7      	ldr	r3, [pc, #668]	@ (10005c34 <_etoa+0x548>)
10005998:	f001 fa28 	bl	10006dec <__wrap___aeabi_dadd>
1000599c:	f001 fad6 	bl	10006f4c <__wrap___aeabi_d2iz>
100059a0:	4aa5      	ldr	r2, [pc, #660]	@ (10005c38 <_etoa+0x54c>)
100059a2:	0006      	movs	r6, r0
100059a4:	4ba5      	ldr	r3, [pc, #660]	@ (10005c3c <_etoa+0x550>)
100059a6:	0020      	movs	r0, r4
100059a8:	0029      	movs	r1, r5
100059aa:	f001 fa46 	bl	10006e3a <__wrap___aeabi_dmul>
100059ae:	0004      	movs	r4, r0
100059b0:	0030      	movs	r0, r6
100059b2:	000d      	movs	r5, r1
100059b4:	960c      	str	r6, [sp, #48]	@ 0x30
100059b6:	f001 fab1 	bl	10006f1c <__wrap___aeabi_i2d>
100059ba:	4aa1      	ldr	r2, [pc, #644]	@ (10005c40 <_etoa+0x554>)
100059bc:	4ba1      	ldr	r3, [pc, #644]	@ (10005c44 <_etoa+0x558>)
100059be:	f001 fa3c 	bl	10006e3a <__wrap___aeabi_dmul>
100059c2:	0002      	movs	r2, r0
100059c4:	000b      	movs	r3, r1
100059c6:	0020      	movs	r0, r4
100059c8:	0029      	movs	r1, r5
100059ca:	f001 fa06 	bl	10006dda <__wrap___aeabi_dsub>
100059ce:	0002      	movs	r2, r0
100059d0:	000b      	movs	r3, r1
100059d2:	0006      	movs	r6, r0
100059d4:	000f      	movs	r7, r1
100059d6:	f001 fa30 	bl	10006e3a <__wrap___aeabi_dmul>
100059da:	0032      	movs	r2, r6
100059dc:	0004      	movs	r4, r0
100059de:	000d      	movs	r5, r1
100059e0:	003b      	movs	r3, r7
100059e2:	0030      	movs	r0, r6
100059e4:	0039      	movs	r1, r7
100059e6:	f001 fa01 	bl	10006dec <__wrap___aeabi_dadd>
100059ea:	2200      	movs	r2, #0
100059ec:	900e      	str	r0, [sp, #56]	@ 0x38
100059ee:	910f      	str	r1, [sp, #60]	@ 0x3c
100059f0:	4b95      	ldr	r3, [pc, #596]	@ (10005c48 <_etoa+0x55c>)
100059f2:	0020      	movs	r0, r4
100059f4:	0029      	movs	r1, r5
100059f6:	f001 fa02 	bl	10006dfe <__wrap___aeabi_ddiv>
100059fa:	2200      	movs	r2, #0
100059fc:	4b93      	ldr	r3, [pc, #588]	@ (10005c4c <_etoa+0x560>)
100059fe:	f001 f9f5 	bl	10006dec <__wrap___aeabi_dadd>
10005a02:	0002      	movs	r2, r0
10005a04:	000b      	movs	r3, r1
10005a06:	0020      	movs	r0, r4
10005a08:	0029      	movs	r1, r5
10005a0a:	f001 f9f8 	bl	10006dfe <__wrap___aeabi_ddiv>
10005a0e:	2200      	movs	r2, #0
10005a10:	4b8f      	ldr	r3, [pc, #572]	@ (10005c50 <_etoa+0x564>)
10005a12:	f001 f9eb 	bl	10006dec <__wrap___aeabi_dadd>
10005a16:	0002      	movs	r2, r0
10005a18:	000b      	movs	r3, r1
10005a1a:	0020      	movs	r0, r4
10005a1c:	0029      	movs	r1, r5
10005a1e:	f001 f9ee 	bl	10006dfe <__wrap___aeabi_ddiv>
10005a22:	000d      	movs	r5, r1
10005a24:	2180      	movs	r1, #128	@ 0x80
10005a26:	0004      	movs	r4, r0
10005a28:	0032      	movs	r2, r6
10005a2a:	003b      	movs	r3, r7
10005a2c:	2000      	movs	r0, #0
10005a2e:	05c9      	lsls	r1, r1, #23
10005a30:	f001 f9d3 	bl	10006dda <__wrap___aeabi_dsub>
10005a34:	0002      	movs	r2, r0
10005a36:	000b      	movs	r3, r1
10005a38:	0020      	movs	r0, r4
10005a3a:	0029      	movs	r1, r5
10005a3c:	f001 f9d6 	bl	10006dec <__wrap___aeabi_dadd>
10005a40:	0002      	movs	r2, r0
10005a42:	000b      	movs	r3, r1
10005a44:	980e      	ldr	r0, [sp, #56]	@ 0x38
10005a46:	990f      	ldr	r1, [sp, #60]	@ 0x3c
10005a48:	f001 f9d9 	bl	10006dfe <__wrap___aeabi_ddiv>
10005a4c:	2200      	movs	r2, #0
10005a4e:	4b73      	ldr	r3, [pc, #460]	@ (10005c1c <_etoa+0x530>)
10005a50:	f001 f9cc 	bl	10006dec <__wrap___aeabi_dadd>
10005a54:	4b7f      	ldr	r3, [pc, #508]	@ (10005c54 <_etoa+0x568>)
10005a56:	9c0c      	ldr	r4, [sp, #48]	@ 0x30
10005a58:	469c      	mov	ip, r3
10005a5a:	4464      	add	r4, ip
10005a5c:	2200      	movs	r2, #0
10005a5e:	0523      	lsls	r3, r4, #20
10005a60:	f001 f9eb 	bl	10006e3a <__wrap___aeabi_dmul>
10005a64:	0006      	movs	r6, r0
10005a66:	000f      	movs	r7, r1
10005a68:	0002      	movs	r2, r0
10005a6a:	000b      	movs	r3, r1
10005a6c:	9808      	ldr	r0, [sp, #32]
10005a6e:	9909      	ldr	r1, [sp, #36]	@ 0x24
10005a70:	f001 fa26 	bl	10006ec0 <__wrap___aeabi_dcmplt>
10005a74:	2800      	cmp	r0, #0
10005a76:	d00a      	beq.n	10005a8e <_etoa+0x3a2>
10005a78:	9b0a      	ldr	r3, [sp, #40]	@ 0x28
10005a7a:	0030      	movs	r0, r6
10005a7c:	3b01      	subs	r3, #1
10005a7e:	0039      	movs	r1, r7
10005a80:	930a      	str	r3, [sp, #40]	@ 0x28
10005a82:	2200      	movs	r2, #0
10005a84:	4b71      	ldr	r3, [pc, #452]	@ (10005c4c <_etoa+0x560>)
10005a86:	f001 f9ba 	bl	10006dfe <__wrap___aeabi_ddiv>
10005a8a:	0006      	movs	r6, r0
10005a8c:	000f      	movs	r7, r1
10005a8e:	9a0a      	ldr	r2, [sp, #40]	@ 0x28
10005a90:	0033      	movs	r3, r6
10005a92:	3263      	adds	r2, #99	@ 0x63
10005a94:	0039      	movs	r1, r7
10005a96:	2ac6      	cmp	r2, #198	@ 0xc6
10005a98:	d812      	bhi.n	10005ac0 <_etoa+0x3d4>
10005a9a:	2202      	movs	r2, #2
10005a9c:	9826      	ldr	r0, [sp, #152]	@ 0x98
10005a9e:	2504      	movs	r5, #4
10005aa0:	4010      	ands	r0, r2
10005aa2:	9a0b      	ldr	r2, [sp, #44]	@ 0x2c
10005aa4:	900c      	str	r0, [sp, #48]	@ 0x30
10005aa6:	2a00      	cmp	r2, #0
10005aa8:	d125      	bne.n	10005af6 <_etoa+0x40a>
10005aaa:	9b25      	ldr	r3, [sp, #148]	@ 0x94
10005aac:	2b04      	cmp	r3, #4
10005aae:	d905      	bls.n	10005abc <_etoa+0x3d0>
10005ab0:	2800      	cmp	r0, #0
10005ab2:	d000      	beq.n	10005ab6 <_etoa+0x3ca>
10005ab4:	e0a1      	b.n	10005bfa <_etoa+0x50e>
10005ab6:	9b25      	ldr	r3, [sp, #148]	@ 0x94
10005ab8:	3b04      	subs	r3, #4
10005aba:	930b      	str	r3, [sp, #44]	@ 0x2c
10005abc:	2504      	movs	r5, #4
10005abe:	e041      	b.n	10005b44 <_etoa+0x458>
10005ac0:	2202      	movs	r2, #2
10005ac2:	9826      	ldr	r0, [sp, #152]	@ 0x98
10005ac4:	4010      	ands	r0, r2
10005ac6:	9a0b      	ldr	r2, [sp, #44]	@ 0x2c
10005ac8:	900c      	str	r0, [sp, #48]	@ 0x30
10005aca:	2a00      	cmp	r2, #0
10005acc:	d112      	bne.n	10005af4 <_etoa+0x408>
10005ace:	9b25      	ldr	r3, [sp, #148]	@ 0x94
10005ad0:	2b05      	cmp	r3, #5
10005ad2:	d976      	bls.n	10005bc2 <_etoa+0x4d6>
10005ad4:	2800      	cmp	r0, #0
10005ad6:	d172      	bne.n	10005bbe <_etoa+0x4d2>
10005ad8:	9b25      	ldr	r3, [sp, #148]	@ 0x94
10005ada:	2505      	movs	r5, #5
10005adc:	3b05      	subs	r3, #5
10005ade:	930b      	str	r3, [sp, #44]	@ 0x2c
10005ae0:	e034      	b.n	10005b4c <_etoa+0x460>
10005ae2:	2280      	movs	r2, #128	@ 0x80
10005ae4:	0612      	lsls	r2, r2, #24
10005ae6:	4694      	mov	ip, r2
10005ae8:	9b22      	ldr	r3, [sp, #136]	@ 0x88
10005aea:	9308      	str	r3, [sp, #32]
10005aec:	9b23      	ldr	r3, [sp, #140]	@ 0x8c
10005aee:	4463      	add	r3, ip
10005af0:	9309      	str	r3, [sp, #36]	@ 0x24
10005af2:	e630      	b.n	10005756 <_etoa+0x6a>
10005af4:	2505      	movs	r5, #5
10005af6:	430b      	orrs	r3, r1
10005af8:	d100      	bne.n	10005afc <_etoa+0x410>
10005afa:	e6f6      	b.n	100058ea <_etoa+0x1fe>
10005afc:	9808      	ldr	r0, [sp, #32]
10005afe:	9909      	ldr	r1, [sp, #36]	@ 0x24
10005b00:	4a55      	ldr	r2, [pc, #340]	@ (10005c58 <_etoa+0x56c>)
10005b02:	4b56      	ldr	r3, [pc, #344]	@ (10005c5c <_etoa+0x570>)
10005b04:	f001 f9ea 	bl	10006edc <__wrap___aeabi_dcmpge>
10005b08:	2800      	cmp	r0, #0
10005b0a:	d008      	beq.n	10005b1e <_etoa+0x432>
10005b0c:	9808      	ldr	r0, [sp, #32]
10005b0e:	9909      	ldr	r1, [sp, #36]	@ 0x24
10005b10:	2200      	movs	r2, #0
10005b12:	4b53      	ldr	r3, [pc, #332]	@ (10005c60 <_etoa+0x574>)
10005b14:	f001 f9d4 	bl	10006ec0 <__wrap___aeabi_dcmplt>
10005b18:	2800      	cmp	r0, #0
10005b1a:	d000      	beq.n	10005b1e <_etoa+0x432>
10005b1c:	e6e5      	b.n	100058ea <_etoa+0x1fe>
10005b1e:	9b24      	ldr	r3, [sp, #144]	@ 0x90
10005b20:	2b00      	cmp	r3, #0
10005b22:	d01c      	beq.n	10005b5e <_etoa+0x472>
10005b24:	9b0d      	ldr	r3, [sp, #52]	@ 0x34
10005b26:	2b00      	cmp	r3, #0
10005b28:	d019      	beq.n	10005b5e <_etoa+0x472>
10005b2a:	9b24      	ldr	r3, [sp, #144]	@ 0x90
10005b2c:	3b01      	subs	r3, #1
10005b2e:	9324      	str	r3, [sp, #144]	@ 0x90
10005b30:	9b25      	ldr	r3, [sp, #148]	@ 0x94
10005b32:	42ab      	cmp	r3, r5
10005b34:	d904      	bls.n	10005b40 <_etoa+0x454>
10005b36:	9b0c      	ldr	r3, [sp, #48]	@ 0x30
10005b38:	2b00      	cmp	r3, #0
10005b3a:	d05a      	beq.n	10005bf2 <_etoa+0x506>
10005b3c:	2302      	movs	r3, #2
10005b3e:	930c      	str	r3, [sp, #48]	@ 0x30
10005b40:	2300      	movs	r3, #0
10005b42:	930b      	str	r3, [sp, #44]	@ 0x2c
10005b44:	9b0a      	ldr	r3, [sp, #40]	@ 0x28
10005b46:	2b00      	cmp	r3, #0
10005b48:	d100      	bne.n	10005b4c <_etoa+0x460>
10005b4a:	e631      	b.n	100057b0 <_etoa+0xc4>
10005b4c:	9808      	ldr	r0, [sp, #32]
10005b4e:	9909      	ldr	r1, [sp, #36]	@ 0x24
10005b50:	0032      	movs	r2, r6
10005b52:	003b      	movs	r3, r7
10005b54:	f001 f953 	bl	10006dfe <__wrap___aeabi_ddiv>
10005b58:	9008      	str	r0, [sp, #32]
10005b5a:	9109      	str	r1, [sp, #36]	@ 0x24
10005b5c:	e628      	b.n	100057b0 <_etoa+0xc4>
10005b5e:	9b25      	ldr	r3, [sp, #148]	@ 0x94
10005b60:	42ab      	cmp	r3, r5
10005b62:	d9ed      	bls.n	10005b40 <_etoa+0x454>
10005b64:	9b0c      	ldr	r3, [sp, #48]	@ 0x30
10005b66:	2b00      	cmp	r3, #0
10005b68:	d043      	beq.n	10005bf2 <_etoa+0x506>
10005b6a:	2300      	movs	r3, #0
10005b6c:	930b      	str	r3, [sp, #44]	@ 0x2c
10005b6e:	3302      	adds	r3, #2
10005b70:	930c      	str	r3, [sp, #48]	@ 0x30
10005b72:	e7e7      	b.n	10005b44 <_etoa+0x458>
10005b74:	2080      	movs	r0, #128	@ 0x80
10005b76:	9b26      	ldr	r3, [sp, #152]	@ 0x98
10005b78:	4a3a      	ldr	r2, [pc, #232]	@ (10005c64 <_etoa+0x578>)
10005b7a:	0600      	lsls	r0, r0, #24
10005b7c:	401a      	ands	r2, r3
10005b7e:	2380      	movs	r3, #128	@ 0x80
10005b80:	4684      	mov	ip, r0
10005b82:	9402      	str	r4, [sp, #8]
10005b84:	9c08      	ldr	r4, [sp, #32]
10005b86:	9d09      	ldr	r5, [sp, #36]	@ 0x24
10005b88:	0029      	movs	r1, r5
10005b8a:	00db      	lsls	r3, r3, #3
10005b8c:	4313      	orrs	r3, r2
10005b8e:	9304      	str	r3, [sp, #16]
10005b90:	9b25      	ldr	r3, [sp, #148]	@ 0x94
10005b92:	4461      	add	r1, ip
10005b94:	0022      	movs	r2, r4
10005b96:	9303      	str	r3, [sp, #12]
10005b98:	000b      	movs	r3, r1
10005b9a:	9200      	str	r2, [sp, #0]
10005b9c:	9301      	str	r3, [sp, #4]
10005b9e:	e68e      	b.n	100058be <_etoa+0x1d2>
10005ba0:	2405      	movs	r4, #5
10005ba2:	e6a8      	b.n	100058f6 <_etoa+0x20a>
10005ba4:	2300      	movs	r3, #0
10005ba6:	930b      	str	r3, [sp, #44]	@ 0x2c
10005ba8:	930a      	str	r3, [sp, #40]	@ 0x28
10005baa:	3302      	adds	r3, #2
10005bac:	2504      	movs	r5, #4
10005bae:	930c      	str	r3, [sp, #48]	@ 0x30
10005bb0:	e5fe      	b.n	100057b0 <_etoa+0xc4>
10005bb2:	4653      	mov	r3, sl
10005bb4:	468c      	mov	ip, r1
10005bb6:	3b01      	subs	r3, #1
10005bb8:	4463      	add	r3, ip
10005bba:	1a1b      	subs	r3, r3, r0
10005bbc:	e672      	b.n	100058a4 <_etoa+0x1b8>
10005bbe:	2302      	movs	r3, #2
10005bc0:	930c      	str	r3, [sp, #48]	@ 0x30
10005bc2:	2505      	movs	r5, #5
10005bc4:	e7c2      	b.n	10005b4c <_etoa+0x460>
10005bc6:	2304      	movs	r3, #4
10005bc8:	e5ed      	b.n	100057a6 <_etoa+0xba>
10005bca:	2080      	movs	r0, #128	@ 0x80
10005bcc:	9e08      	ldr	r6, [sp, #32]
10005bce:	9f09      	ldr	r7, [sp, #36]	@ 0x24
10005bd0:	0600      	lsls	r0, r0, #24
10005bd2:	0039      	movs	r1, r7
10005bd4:	4684      	mov	ip, r0
10005bd6:	9a26      	ldr	r2, [sp, #152]	@ 0x98
10005bd8:	4b22      	ldr	r3, [pc, #136]	@ (10005c64 <_etoa+0x578>)
10005bda:	4461      	add	r1, ip
10005bdc:	4013      	ands	r3, r2
10005bde:	9304      	str	r3, [sp, #16]
10005be0:	9b0b      	ldr	r3, [sp, #44]	@ 0x2c
10005be2:	0032      	movs	r2, r6
10005be4:	9303      	str	r3, [sp, #12]
10005be6:	9b24      	ldr	r3, [sp, #144]	@ 0x90
10005be8:	9302      	str	r3, [sp, #8]
10005bea:	000b      	movs	r3, r1
10005bec:	9200      	str	r2, [sp, #0]
10005bee:	9301      	str	r3, [sp, #4]
10005bf0:	e5f3      	b.n	100057da <_etoa+0xee>
10005bf2:	9b25      	ldr	r3, [sp, #148]	@ 0x94
10005bf4:	1b5b      	subs	r3, r3, r5
10005bf6:	930b      	str	r3, [sp, #44]	@ 0x2c
10005bf8:	e7a4      	b.n	10005b44 <_etoa+0x458>
10005bfa:	2302      	movs	r3, #2
10005bfc:	2504      	movs	r5, #4
10005bfe:	930c      	str	r3, [sp, #48]	@ 0x30
10005c00:	e7a0      	b.n	10005b44 <_etoa+0x458>
10005c02:	1a9c      	subs	r4, r3, r2
10005c04:	3c01      	subs	r4, #1
10005c06:	e676      	b.n	100058f6 <_etoa+0x20a>
10005c08:	fffffc01 	.word	0xfffffc01
10005c0c:	509f79fb 	.word	0x509f79fb
10005c10:	3fd34413 	.word	0x3fd34413
10005c14:	8b60c8b3 	.word	0x8b60c8b3
10005c18:	3fc68a28 	.word	0x3fc68a28
10005c1c:	3ff00000 	.word	0x3ff00000
10005c20:	3ff80000 	.word	0x3ff80000
10005c24:	636f4361 	.word	0x636f4361
10005c28:	3fd287a7 	.word	0x3fd287a7
10005c2c:	0979a371 	.word	0x0979a371
10005c30:	400a934f 	.word	0x400a934f
10005c34:	3fe00000 	.word	0x3fe00000
10005c38:	bbb55516 	.word	0xbbb55516
10005c3c:	40026bb1 	.word	0x40026bb1
10005c40:	fefa39ef 	.word	0xfefa39ef
10005c44:	3fe62e42 	.word	0x3fe62e42
10005c48:	402c0000 	.word	0x402c0000
10005c4c:	40240000 	.word	0x40240000
10005c50:	40180000 	.word	0x40180000
10005c54:	000003ff 	.word	0x000003ff
10005c58:	eb1c432d 	.word	0xeb1c432d
10005c5c:	3f1a36e2 	.word	0x3f1a36e2
10005c60:	412e8480 	.word	0x412e8480
10005c64:	fffff7ff 	.word	0xfffff7ff

10005c68 <_vsnprintf>:
10005c68:	b5f0      	push	{r4, r5, r6, r7, lr}
10005c6a:	46de      	mov	lr, fp
10005c6c:	4657      	mov	r7, sl
10005c6e:	464e      	mov	r6, r9
10005c70:	4645      	mov	r5, r8
10005c72:	b5e0      	push	{r5, r6, r7, lr}
10005c74:	b0a5      	sub	sp, #148	@ 0x94
10005c76:	001e      	movs	r6, r3
10005c78:	9b2e      	ldr	r3, [sp, #184]	@ 0xb8
10005c7a:	4692      	mov	sl, r2
10005c7c:	930c      	str	r3, [sp, #48]	@ 0x30
10005c7e:	4acd      	ldr	r2, [pc, #820]	@ (10005fb4 <_vsnprintf+0x34c>)
10005c80:	4bcd      	ldr	r3, [pc, #820]	@ (10005fb8 <_vsnprintf+0x350>)
10005c82:	4680      	mov	r8, r0
10005c84:	468b      	mov	fp, r1
10005c86:	601a      	str	r2, [r3, #0]
10005c88:	2900      	cmp	r1, #0
10005c8a:	d100      	bne.n	10005c8e <_vsnprintf+0x26>
10005c8c:	e1ea      	b.n	10006064 <_vsnprintf+0x3fc>
10005c8e:	2300      	movs	r3, #0
10005c90:	7830      	ldrb	r0, [r6, #0]
10005c92:	4699      	mov	r9, r3
10005c94:	2800      	cmp	r0, #0
10005c96:	d100      	bne.n	10005c9a <_vsnprintf+0x32>
10005c98:	e1ec      	b.n	10006074 <_vsnprintf+0x40c>
10005c9a:	4bc8      	ldr	r3, [pc, #800]	@ (10005fbc <_vsnprintf+0x354>)
10005c9c:	464c      	mov	r4, r9
10005c9e:	930b      	str	r3, [sp, #44]	@ 0x2c
10005ca0:	4bc7      	ldr	r3, [pc, #796]	@ (10005fc0 <_vsnprintf+0x358>)
10005ca2:	4645      	mov	r5, r8
10005ca4:	4657      	mov	r7, sl
10005ca6:	930e      	str	r3, [sp, #56]	@ 0x38
10005ca8:	e00a      	b.n	10005cc0 <_vsnprintf+0x58>
10005caa:	1c63      	adds	r3, r4, #1
10005cac:	4698      	mov	r8, r3
10005cae:	0022      	movs	r2, r4
10005cb0:	003b      	movs	r3, r7
10005cb2:	4659      	mov	r1, fp
10005cb4:	47a8      	blx	r5
10005cb6:	4644      	mov	r4, r8
10005cb8:	7830      	ldrb	r0, [r6, #0]
10005cba:	2800      	cmp	r0, #0
10005cbc:	d100      	bne.n	10005cc0 <_vsnprintf+0x58>
10005cbe:	e087      	b.n	10005dd0 <_vsnprintf+0x168>
10005cc0:	3601      	adds	r6, #1
10005cc2:	2825      	cmp	r0, #37	@ 0x25
10005cc4:	d1f1      	bne.n	10005caa <_vsnprintf+0x42>
10005cc6:	2308      	movs	r3, #8
10005cc8:	469a      	mov	sl, r3
10005cca:	3b04      	subs	r3, #4
10005ccc:	4699      	mov	r9, r3
10005cce:	3b02      	subs	r3, #2
10005cd0:	4698      	mov	r8, r3
10005cd2:	3b01      	subs	r3, #1
10005cd4:	2200      	movs	r2, #0
10005cd6:	469c      	mov	ip, r3
10005cd8:	940d      	str	r4, [sp, #52]	@ 0x34
10005cda:	7830      	ldrb	r0, [r6, #0]
10005cdc:	1c71      	adds	r1, r6, #1
10005cde:	0003      	movs	r3, r0
10005ce0:	3b20      	subs	r3, #32
10005ce2:	b2db      	uxtb	r3, r3
10005ce4:	2b10      	cmp	r3, #16
10005ce6:	d803      	bhi.n	10005cf0 <_vsnprintf+0x88>
10005ce8:	9c0b      	ldr	r4, [sp, #44]	@ 0x2c
10005cea:	009b      	lsls	r3, r3, #2
10005cec:	58e3      	ldr	r3, [r4, r3]
10005cee:	469f      	mov	pc, r3
10005cf0:	0003      	movs	r3, r0
10005cf2:	3b30      	subs	r3, #48	@ 0x30
10005cf4:	4689      	mov	r9, r1
10005cf6:	9c0d      	ldr	r4, [sp, #52]	@ 0x34
10005cf8:	2b09      	cmp	r3, #9
10005cfa:	d93a      	bls.n	10005d72 <_vsnprintf+0x10a>
10005cfc:	2300      	movs	r3, #0
10005cfe:	4698      	mov	r8, r3
10005d00:	282a      	cmp	r0, #42	@ 0x2a
10005d02:	d100      	bne.n	10005d06 <_vsnprintf+0x9e>
10005d04:	e0c1      	b.n	10005e8a <_vsnprintf+0x222>
10005d06:	2300      	movs	r3, #0
10005d08:	469a      	mov	sl, r3
10005d0a:	282e      	cmp	r0, #46	@ 0x2e
10005d0c:	d04b      	beq.n	10005da6 <_vsnprintf+0x13e>
10005d0e:	0003      	movs	r3, r0
10005d10:	3b68      	subs	r3, #104	@ 0x68
10005d12:	b2db      	uxtb	r3, r3
10005d14:	2b12      	cmp	r3, #18
10005d16:	d81e      	bhi.n	10005d56 <_vsnprintf+0xee>
10005d18:	990e      	ldr	r1, [sp, #56]	@ 0x38
10005d1a:	009b      	lsls	r3, r3, #2
10005d1c:	58cb      	ldr	r3, [r1, r3]
10005d1e:	469f      	mov	pc, r3
10005d20:	4663      	mov	r3, ip
10005d22:	000e      	movs	r6, r1
10005d24:	431a      	orrs	r2, r3
10005d26:	e7d8      	b.n	10005cda <_vsnprintf+0x72>
10005d28:	4643      	mov	r3, r8
10005d2a:	000e      	movs	r6, r1
10005d2c:	431a      	orrs	r2, r3
10005d2e:	e7d4      	b.n	10005cda <_vsnprintf+0x72>
10005d30:	464b      	mov	r3, r9
10005d32:	000e      	movs	r6, r1
10005d34:	431a      	orrs	r2, r3
10005d36:	e7d0      	b.n	10005cda <_vsnprintf+0x72>
10005d38:	2310      	movs	r3, #16
10005d3a:	000e      	movs	r6, r1
10005d3c:	431a      	orrs	r2, r3
10005d3e:	e7cc      	b.n	10005cda <_vsnprintf+0x72>
10005d40:	4653      	mov	r3, sl
10005d42:	000e      	movs	r6, r1
10005d44:	431a      	orrs	r2, r3
10005d46:	e7c8      	b.n	10005cda <_vsnprintf+0x72>
10005d48:	2380      	movs	r3, #128	@ 0x80
10005d4a:	005b      	lsls	r3, r3, #1
10005d4c:	431a      	orrs	r2, r3
10005d4e:	3bff      	subs	r3, #255	@ 0xff
10005d50:	469c      	mov	ip, r3
10005d52:	7870      	ldrb	r0, [r6, #1]
10005d54:	44e1      	add	r9, ip
10005d56:	464e      	mov	r6, r9
10005d58:	2867      	cmp	r0, #103	@ 0x67
10005d5a:	d84f      	bhi.n	10005dfc <_vsnprintf+0x194>
10005d5c:	2824      	cmp	r0, #36	@ 0x24
10005d5e:	d9a4      	bls.n	10005caa <_vsnprintf+0x42>
10005d60:	0003      	movs	r3, r0
10005d62:	3b25      	subs	r3, #37	@ 0x25
10005d64:	b2db      	uxtb	r3, r3
10005d66:	2b42      	cmp	r3, #66	@ 0x42
10005d68:	d89f      	bhi.n	10005caa <_vsnprintf+0x42>
10005d6a:	4996      	ldr	r1, [pc, #600]	@ (10005fc4 <_vsnprintf+0x35c>)
10005d6c:	009b      	lsls	r3, r3, #2
10005d6e:	58cb      	ldr	r3, [r1, r3]
10005d70:	469f      	mov	pc, r3
10005d72:	2300      	movs	r3, #0
10005d74:	4694      	mov	ip, r2
10005d76:	001e      	movs	r6, r3
10005d78:	e000      	b.n	10005d7c <_vsnprintf+0x114>
10005d7a:	3101      	adds	r1, #1
10005d7c:	00b3      	lsls	r3, r6, #2
10005d7e:	199b      	adds	r3, r3, r6
10005d80:	005b      	lsls	r3, r3, #1
10005d82:	181e      	adds	r6, r3, r0
10005d84:	7808      	ldrb	r0, [r1, #0]
10005d86:	3e30      	subs	r6, #48	@ 0x30
10005d88:	0003      	movs	r3, r0
10005d8a:	3b30      	subs	r3, #48	@ 0x30
10005d8c:	2b09      	cmp	r3, #9
10005d8e:	d9f4      	bls.n	10005d7a <_vsnprintf+0x112>
10005d90:	2301      	movs	r3, #1
10005d92:	4662      	mov	r2, ip
10005d94:	4689      	mov	r9, r1
10005d96:	469c      	mov	ip, r3
10005d98:	2300      	movs	r3, #0
10005d9a:	46b0      	mov	r8, r6
10005d9c:	469a      	mov	sl, r3
10005d9e:	000e      	movs	r6, r1
10005da0:	44e1      	add	r9, ip
10005da2:	282e      	cmp	r0, #46	@ 0x2e
10005da4:	d1b3      	bne.n	10005d0e <_vsnprintf+0xa6>
10005da6:	2130      	movs	r1, #48	@ 0x30
10005da8:	2080      	movs	r0, #128	@ 0x80
10005daa:	4249      	negs	r1, r1
10005dac:	468c      	mov	ip, r1
10005dae:	00c0      	lsls	r0, r0, #3
10005db0:	4302      	orrs	r2, r0
10005db2:	7870      	ldrb	r0, [r6, #1]
10005db4:	464b      	mov	r3, r9
10005db6:	4484      	add	ip, r0
10005db8:	4661      	mov	r1, ip
10005dba:	2909      	cmp	r1, #9
10005dbc:	d800      	bhi.n	10005dc0 <_vsnprintf+0x158>
10005dbe:	e16c      	b.n	1000609a <_vsnprintf+0x432>
10005dc0:	282a      	cmp	r0, #42	@ 0x2a
10005dc2:	d100      	bne.n	10005dc6 <_vsnprintf+0x15e>
10005dc4:	e17a      	b.n	100060bc <_vsnprintf+0x454>
10005dc6:	2301      	movs	r3, #1
10005dc8:	469c      	mov	ip, r3
10005dca:	464e      	mov	r6, r9
10005dcc:	44e1      	add	r9, ip
10005dce:	e79e      	b.n	10005d0e <_vsnprintf+0xa6>
10005dd0:	46a1      	mov	r9, r4
10005dd2:	46a8      	mov	r8, r5
10005dd4:	46ba      	mov	sl, r7
10005dd6:	45ca      	cmp	sl, r9
10005dd8:	d803      	bhi.n	10005de2 <_vsnprintf+0x17a>
10005dda:	2301      	movs	r3, #1
10005ddc:	425b      	negs	r3, r3
10005dde:	4453      	add	r3, sl
10005de0:	4699      	mov	r9, r3
10005de2:	4653      	mov	r3, sl
10005de4:	464a      	mov	r2, r9
10005de6:	4659      	mov	r1, fp
10005de8:	2000      	movs	r0, #0
10005dea:	47c0      	blx	r8
10005dec:	0020      	movs	r0, r4
10005dee:	b025      	add	sp, #148	@ 0x94
10005df0:	bcf0      	pop	{r4, r5, r6, r7}
10005df2:	46bb      	mov	fp, r7
10005df4:	46b2      	mov	sl, r6
10005df6:	46a9      	mov	r9, r5
10005df8:	46a0      	mov	r8, r4
10005dfa:	bdf0      	pop	{r4, r5, r6, r7, pc}
10005dfc:	0003      	movs	r3, r0
10005dfe:	3b69      	subs	r3, #105	@ 0x69
10005e00:	b2db      	uxtb	r3, r3
10005e02:	930d      	str	r3, [sp, #52]	@ 0x34
10005e04:	2b0f      	cmp	r3, #15
10005e06:	d900      	bls.n	10005e0a <_vsnprintf+0x1a2>
10005e08:	e74f      	b.n	10005caa <_vsnprintf+0x42>
10005e0a:	2101      	movs	r1, #1
10005e0c:	4099      	lsls	r1, r3
10005e0e:	468c      	mov	ip, r1
10005e10:	496d      	ldr	r1, [pc, #436]	@ (10005fc8 <_vsnprintf+0x360>)
10005e12:	4689      	mov	r9, r1
10005e14:	4661      	mov	r1, ip
10005e16:	464b      	mov	r3, r9
10005e18:	4019      	ands	r1, r3
10005e1a:	910f      	str	r1, [sp, #60]	@ 0x3c
10005e1c:	4663      	mov	r3, ip
10005e1e:	4649      	mov	r1, r9
10005e20:	420b      	tst	r3, r1
10005e22:	d000      	beq.n	10005e26 <_vsnprintf+0x1be>
10005e24:	e128      	b.n	10006078 <_vsnprintf+0x410>
10005e26:	9b0d      	ldr	r3, [sp, #52]	@ 0x34
10005e28:	2b0a      	cmp	r3, #10
10005e2a:	d03a      	beq.n	10005ea2 <_vsnprintf+0x23a>
10005e2c:	2b07      	cmp	r3, #7
10005e2e:	d000      	beq.n	10005e32 <_vsnprintf+0x1ca>
10005e30:	e73b      	b.n	10005caa <_vsnprintf+0x42>
10005e32:	9b0c      	ldr	r3, [sp, #48]	@ 0x30
10005e34:	0019      	movs	r1, r3
10005e36:	c908      	ldmia	r1!, {r3}
10005e38:	4688      	mov	r8, r1
10005e3a:	2b00      	cmp	r3, #0
10005e3c:	d100      	bne.n	10005e40 <_vsnprintf+0x1d8>
10005e3e:	e14b      	b.n	100060d8 <_vsnprintf+0x470>
10005e40:	2021      	movs	r0, #33	@ 0x21
10005e42:	4302      	orrs	r2, r0
10005e44:	4691      	mov	r9, r2
10005e46:	a914      	add	r1, sp, #80	@ 0x50
10005e48:	468c      	mov	ip, r1
10005e4a:	221f      	movs	r2, #31
10005e4c:	210f      	movs	r1, #15
10005e4e:	4462      	add	r2, ip
10005e50:	468c      	mov	ip, r1
10005e52:	4651      	mov	r1, sl
10005e54:	950d      	str	r5, [sp, #52]	@ 0x34
10005e56:	910c      	str	r1, [sp, #48]	@ 0x30
10005e58:	46a2      	mov	sl, r4
10005e5a:	0015      	movs	r5, r2
10005e5c:	990f      	ldr	r1, [sp, #60]	@ 0x3c
10005e5e:	e002      	b.n	10005e66 <_vsnprintf+0x1fe>
10005e60:	2920      	cmp	r1, #32
10005e62:	d00c      	beq.n	10005e7e <_vsnprintf+0x216>
10005e64:	0013      	movs	r3, r2
10005e66:	4664      	mov	r4, ip
10005e68:	401c      	ands	r4, r3
10005e6a:	0020      	movs	r0, r4
10005e6c:	3037      	adds	r0, #55	@ 0x37
10005e6e:	2c09      	cmp	r4, #9
10005e70:	d800      	bhi.n	10005e74 <_vsnprintf+0x20c>
10005e72:	3807      	subs	r0, #7
10005e74:	3101      	adds	r1, #1
10005e76:	5468      	strb	r0, [r5, r1]
10005e78:	091a      	lsrs	r2, r3, #4
10005e7a:	2b0f      	cmp	r3, #15
10005e7c:	d8f0      	bhi.n	10005e60 <_vsnprintf+0x1f8>
10005e7e:	9b0c      	ldr	r3, [sp, #48]	@ 0x30
10005e80:	4654      	mov	r4, sl
10005e82:	9d0d      	ldr	r5, [sp, #52]	@ 0x34
10005e84:	469a      	mov	sl, r3
10005e86:	910f      	str	r1, [sp, #60]	@ 0x3c
10005e88:	e133      	b.n	100060f2 <_vsnprintf+0x48a>
10005e8a:	9b0c      	ldr	r3, [sp, #48]	@ 0x30
10005e8c:	cb02      	ldmia	r3!, {r1}
10005e8e:	4688      	mov	r8, r1
10005e90:	2900      	cmp	r1, #0
10005e92:	db47      	blt.n	10005f24 <_vsnprintf+0x2bc>
10005e94:	930c      	str	r3, [sp, #48]	@ 0x30
10005e96:	2301      	movs	r3, #1
10005e98:	469c      	mov	ip, r3
10005e9a:	7870      	ldrb	r0, [r6, #1]
10005e9c:	464e      	mov	r6, r9
10005e9e:	44e1      	add	r9, ip
10005ea0:	e731      	b.n	10005d06 <_vsnprintf+0x9e>
10005ea2:	9b0c      	ldr	r3, [sp, #48]	@ 0x30
10005ea4:	cb02      	ldmia	r3!, {r1}
10005ea6:	9314      	str	r3, [sp, #80]	@ 0x50
10005ea8:	4653      	mov	r3, sl
10005eaa:	2b00      	cmp	r3, #0
10005eac:	d100      	bne.n	10005eb0 <_vsnprintf+0x248>
10005eae:	e138      	b.n	10006122 <_vsnprintf+0x4ba>
10005eb0:	469c      	mov	ip, r3
10005eb2:	7808      	ldrb	r0, [r1, #0]
10005eb4:	000b      	movs	r3, r1
10005eb6:	900c      	str	r0, [sp, #48]	@ 0x30
10005eb8:	448c      	add	ip, r1
10005eba:	2800      	cmp	r0, #0
10005ebc:	d101      	bne.n	10005ec2 <_vsnprintf+0x25a>
10005ebe:	f000 fc98 	bl	100067f2 <_vsnprintf+0xb8a>
10005ec2:	4689      	mov	r9, r1
10005ec4:	4661      	mov	r1, ip
10005ec6:	4694      	mov	ip, r2
10005ec8:	e003      	b.n	10005ed2 <_vsnprintf+0x26a>
10005eca:	785a      	ldrb	r2, [r3, #1]
10005ecc:	3301      	adds	r3, #1
10005ece:	2a00      	cmp	r2, #0
10005ed0:	d001      	beq.n	10005ed6 <_vsnprintf+0x26e>
10005ed2:	428b      	cmp	r3, r1
10005ed4:	d1f9      	bne.n	10005eca <_vsnprintf+0x262>
10005ed6:	4649      	mov	r1, r9
10005ed8:	4662      	mov	r2, ip
10005eda:	1a5b      	subs	r3, r3, r1
10005edc:	900c      	str	r0, [sp, #48]	@ 0x30
10005ede:	930f      	str	r3, [sp, #60]	@ 0x3c
10005ee0:	0553      	lsls	r3, r2, #21
10005ee2:	d500      	bpl.n	10005ee6 <_vsnprintf+0x27e>
10005ee4:	e120      	b.n	10006128 <_vsnprintf+0x4c0>
10005ee6:	2302      	movs	r3, #2
10005ee8:	0018      	movs	r0, r3
10005eea:	4010      	ands	r0, r2
10005eec:	900d      	str	r0, [sp, #52]	@ 0x34
10005eee:	4213      	tst	r3, r2
10005ef0:	d100      	bne.n	10005ef4 <_vsnprintf+0x28c>
10005ef2:	e3cb      	b.n	1000668c <_vsnprintf+0xa24>
10005ef4:	930d      	str	r3, [sp, #52]	@ 0x34
10005ef6:	1b0b      	subs	r3, r1, r4
10005ef8:	46b1      	mov	r9, r6
10005efa:	469a      	mov	sl, r3
10005efc:	465e      	mov	r6, fp
10005efe:	980c      	ldr	r0, [sp, #48]	@ 0x30
10005f00:	0022      	movs	r2, r4
10005f02:	003b      	movs	r3, r7
10005f04:	0031      	movs	r1, r6
10005f06:	47a8      	blx	r5
10005f08:	4653      	mov	r3, sl
10005f0a:	3401      	adds	r4, #1
10005f0c:	5d18      	ldrb	r0, [r3, r4]
10005f0e:	2800      	cmp	r0, #0
10005f10:	d1f6      	bne.n	10005f00 <_vsnprintf+0x298>
10005f12:	46b3      	mov	fp, r6
10005f14:	464e      	mov	r6, r9
10005f16:	9b0d      	ldr	r3, [sp, #52]	@ 0x34
10005f18:	2b00      	cmp	r3, #0
10005f1a:	d000      	beq.n	10005f1e <_vsnprintf+0x2b6>
10005f1c:	e1c7      	b.n	100062ae <_vsnprintf+0x646>
10005f1e:	9b14      	ldr	r3, [sp, #80]	@ 0x50
10005f20:	930c      	str	r3, [sp, #48]	@ 0x30
10005f22:	e6c9      	b.n	10005cb8 <_vsnprintf+0x50>
10005f24:	930c      	str	r3, [sp, #48]	@ 0x30
10005f26:	2301      	movs	r3, #1
10005f28:	469c      	mov	ip, r3
10005f2a:	3828      	subs	r0, #40	@ 0x28
10005f2c:	4249      	negs	r1, r1
10005f2e:	4302      	orrs	r2, r0
10005f30:	4688      	mov	r8, r1
10005f32:	7870      	ldrb	r0, [r6, #1]
10005f34:	464e      	mov	r6, r9
10005f36:	44e1      	add	r9, ip
10005f38:	e6e5      	b.n	10005d06 <_vsnprintf+0x9e>
10005f3a:	7870      	ldrb	r0, [r6, #1]
10005f3c:	286c      	cmp	r0, #108	@ 0x6c
10005f3e:	d100      	bne.n	10005f42 <_vsnprintf+0x2da>
10005f40:	e17f      	b.n	10006242 <_vsnprintf+0x5da>
10005f42:	2380      	movs	r3, #128	@ 0x80
10005f44:	005b      	lsls	r3, r3, #1
10005f46:	431a      	orrs	r2, r3
10005f48:	3bff      	subs	r3, #255	@ 0xff
10005f4a:	469c      	mov	ip, r3
10005f4c:	44e1      	add	r9, ip
10005f4e:	e702      	b.n	10005d56 <_vsnprintf+0xee>
10005f50:	2380      	movs	r3, #128	@ 0x80
10005f52:	009b      	lsls	r3, r3, #2
10005f54:	431a      	orrs	r2, r3
10005f56:	2301      	movs	r3, #1
10005f58:	469c      	mov	ip, r3
10005f5a:	7870      	ldrb	r0, [r6, #1]
10005f5c:	44e1      	add	r9, ip
10005f5e:	e6fa      	b.n	10005d56 <_vsnprintf+0xee>
10005f60:	7870      	ldrb	r0, [r6, #1]
10005f62:	2868      	cmp	r0, #104	@ 0x68
10005f64:	d100      	bne.n	10005f68 <_vsnprintf+0x300>
10005f66:	e173      	b.n	10006250 <_vsnprintf+0x5e8>
10005f68:	2380      	movs	r3, #128	@ 0x80
10005f6a:	431a      	orrs	r2, r3
10005f6c:	3b7f      	subs	r3, #127	@ 0x7f
10005f6e:	469c      	mov	ip, r3
10005f70:	44e1      	add	r9, ip
10005f72:	e6f0      	b.n	10005d56 <_vsnprintf+0xee>
10005f74:	2867      	cmp	r0, #103	@ 0x67
10005f76:	d100      	bne.n	10005f7a <_vsnprintf+0x312>
10005f78:	e103      	b.n	10006182 <_vsnprintf+0x51a>
10005f7a:	2847      	cmp	r0, #71	@ 0x47
10005f7c:	d100      	bne.n	10005f80 <_vsnprintf+0x318>
10005f7e:	e15a      	b.n	10006236 <_vsnprintf+0x5ce>
10005f80:	2845      	cmp	r0, #69	@ 0x45
10005f82:	d100      	bne.n	10005f86 <_vsnprintf+0x31e>
10005f84:	e15a      	b.n	1000623c <_vsnprintf+0x5d4>
10005f86:	9204      	str	r2, [sp, #16]
10005f88:	2107      	movs	r1, #7
10005f8a:	4642      	mov	r2, r8
10005f8c:	9b0c      	ldr	r3, [sp, #48]	@ 0x30
10005f8e:	9203      	str	r2, [sp, #12]
10005f90:	3307      	adds	r3, #7
10005f92:	4652      	mov	r2, sl
10005f94:	438b      	bics	r3, r1
10005f96:	0019      	movs	r1, r3
10005f98:	9202      	str	r2, [sp, #8]
10005f9a:	c90c      	ldmia	r1!, {r2, r3}
10005f9c:	0028      	movs	r0, r5
10005f9e:	9200      	str	r2, [sp, #0]
10005fa0:	9301      	str	r3, [sp, #4]
10005fa2:	910c      	str	r1, [sp, #48]	@ 0x30
10005fa4:	0022      	movs	r2, r4
10005fa6:	003b      	movs	r3, r7
10005fa8:	4659      	mov	r1, fp
10005faa:	f7ff fb9f 	bl	100056ec <_etoa>
10005fae:	0004      	movs	r4, r0
10005fb0:	e682      	b.n	10005cb8 <_vsnprintf+0x50>
10005fb2:	46c0      	nop			@ (mov r8, r8)
10005fb4:	10005c69 	.word	0x10005c69
10005fb8:	20005ee0 	.word	0x20005ee0
10005fbc:	100087e4 	.word	0x100087e4
10005fc0:	10008828 	.word	0x10008828
10005fc4:	10008874 	.word	0x10008874
10005fc8:	00009041 	.word	0x00009041
10005fcc:	2846      	cmp	r0, #70	@ 0x46
10005fce:	d100      	bne.n	10005fd2 <_vsnprintf+0x36a>
10005fd0:	e0db      	b.n	1000618a <_vsnprintf+0x522>
10005fd2:	9204      	str	r2, [sp, #16]
10005fd4:	2107      	movs	r1, #7
10005fd6:	4642      	mov	r2, r8
10005fd8:	9b0c      	ldr	r3, [sp, #48]	@ 0x30
10005fda:	9203      	str	r2, [sp, #12]
10005fdc:	3307      	adds	r3, #7
10005fde:	4652      	mov	r2, sl
10005fe0:	438b      	bics	r3, r1
10005fe2:	0019      	movs	r1, r3
10005fe4:	9202      	str	r2, [sp, #8]
10005fe6:	c90c      	ldmia	r1!, {r2, r3}
10005fe8:	0028      	movs	r0, r5
10005fea:	9200      	str	r2, [sp, #0]
10005fec:	9301      	str	r3, [sp, #4]
10005fee:	910c      	str	r1, [sp, #48]	@ 0x30
10005ff0:	0022      	movs	r2, r4
10005ff2:	003b      	movs	r3, r7
10005ff4:	4659      	mov	r1, fp
10005ff6:	f7ff f925 	bl	10005244 <_ftoa>
10005ffa:	0004      	movs	r4, r0
10005ffc:	e65c      	b.n	10005cb8 <_vsnprintf+0x50>
10005ffe:	1c63      	adds	r3, r4, #1
10006000:	4698      	mov	r8, r3
10006002:	0022      	movs	r2, r4
10006004:	003b      	movs	r3, r7
10006006:	4659      	mov	r1, fp
10006008:	2025      	movs	r0, #37	@ 0x25
1000600a:	47a8      	blx	r5
1000600c:	4644      	mov	r4, r8
1000600e:	e653      	b.n	10005cb8 <_vsnprintf+0x50>
10006010:	9b0c      	ldr	r3, [sp, #48]	@ 0x30
10006012:	3304      	adds	r3, #4
10006014:	930d      	str	r3, [sp, #52]	@ 0x34
10006016:	1c63      	adds	r3, r4, #1
10006018:	4699      	mov	r9, r3
1000601a:	0792      	lsls	r2, r2, #30
1000601c:	d400      	bmi.n	10006020 <_vsnprintf+0x3b8>
1000601e:	e122      	b.n	10006266 <_vsnprintf+0x5fe>
10006020:	9b0c      	ldr	r3, [sp, #48]	@ 0x30
10006022:	0022      	movs	r2, r4
10006024:	7818      	ldrb	r0, [r3, #0]
10006026:	4659      	mov	r1, fp
10006028:	003b      	movs	r3, r7
1000602a:	47a8      	blx	r5
1000602c:	4643      	mov	r3, r8
1000602e:	4444      	add	r4, r8
10006030:	2b01      	cmp	r3, #1
10006032:	d800      	bhi.n	10006036 <_vsnprintf+0x3ce>
10006034:	e285      	b.n	10006542 <_vsnprintf+0x8da>
10006036:	0033      	movs	r3, r6
10006038:	46b8      	mov	r8, r7
1000603a:	002e      	movs	r6, r5
1000603c:	465f      	mov	r7, fp
1000603e:	0025      	movs	r5, r4
10006040:	464c      	mov	r4, r9
10006042:	4699      	mov	r9, r3
10006044:	0022      	movs	r2, r4
10006046:	4643      	mov	r3, r8
10006048:	3401      	adds	r4, #1
1000604a:	0039      	movs	r1, r7
1000604c:	2020      	movs	r0, #32
1000604e:	47b0      	blx	r6
10006050:	42ac      	cmp	r4, r5
10006052:	d1f7      	bne.n	10006044 <_vsnprintf+0x3dc>
10006054:	002c      	movs	r4, r5
10006056:	46bb      	mov	fp, r7
10006058:	0035      	movs	r5, r6
1000605a:	4647      	mov	r7, r8
1000605c:	464e      	mov	r6, r9
1000605e:	9b0d      	ldr	r3, [sp, #52]	@ 0x34
10006060:	930c      	str	r3, [sp, #48]	@ 0x30
10006062:	e629      	b.n	10005cb8 <_vsnprintf+0x50>
10006064:	4bdb      	ldr	r3, [pc, #876]	@ (100063d4 <_vsnprintf+0x76c>)
10006066:	7830      	ldrb	r0, [r6, #0]
10006068:	4698      	mov	r8, r3
1000606a:	2300      	movs	r3, #0
1000606c:	4699      	mov	r9, r3
1000606e:	2800      	cmp	r0, #0
10006070:	d000      	beq.n	10006074 <_vsnprintf+0x40c>
10006072:	e612      	b.n	10005c9a <_vsnprintf+0x32>
10006074:	2400      	movs	r4, #0
10006076:	e6ae      	b.n	10005dd6 <_vsnprintf+0x16e>
10006078:	286f      	cmp	r0, #111	@ 0x6f
1000607a:	d100      	bne.n	1000607e <_vsnprintf+0x416>
1000607c:	e088      	b.n	10006190 <_vsnprintf+0x528>
1000607e:	d800      	bhi.n	10006082 <_vsnprintf+0x41a>
10006080:	e30b      	b.n	1000669a <_vsnprintf+0xa32>
10006082:	2310      	movs	r3, #16
10006084:	2878      	cmp	r0, #120	@ 0x78
10006086:	d100      	bne.n	1000608a <_vsnprintf+0x422>
10006088:	e0cf      	b.n	1000622a <_vsnprintf+0x5c2>
1000608a:	439a      	bics	r2, r3
1000608c:	230a      	movs	r3, #10
1000608e:	469c      	mov	ip, r3
10006090:	2300      	movs	r3, #0
10006092:	930f      	str	r3, [sp, #60]	@ 0x3c
10006094:	330a      	adds	r3, #10
10006096:	930d      	str	r3, [sp, #52]	@ 0x34
10006098:	e080      	b.n	1000619c <_vsnprintf+0x534>
1000609a:	4656      	mov	r6, sl
1000609c:	00b1      	lsls	r1, r6, #2
1000609e:	1989      	adds	r1, r1, r6
100060a0:	0049      	lsls	r1, r1, #1
100060a2:	3301      	adds	r3, #1
100060a4:	180e      	adds	r6, r1, r0
100060a6:	7818      	ldrb	r0, [r3, #0]
100060a8:	3e30      	subs	r6, #48	@ 0x30
100060aa:	0001      	movs	r1, r0
100060ac:	3930      	subs	r1, #48	@ 0x30
100060ae:	2909      	cmp	r1, #9
100060b0:	d9f4      	bls.n	1000609c <_vsnprintf+0x434>
100060b2:	46b2      	mov	sl, r6
100060b4:	001e      	movs	r6, r3
100060b6:	3301      	adds	r3, #1
100060b8:	4699      	mov	r9, r3
100060ba:	e628      	b.n	10005d0e <_vsnprintf+0xa6>
100060bc:	9b0c      	ldr	r3, [sp, #48]	@ 0x30
100060be:	3602      	adds	r6, #2
100060c0:	cb02      	ldmia	r3!, {r1}
100060c2:	468a      	mov	sl, r1
100060c4:	43c9      	mvns	r1, r1
100060c6:	4650      	mov	r0, sl
100060c8:	17c9      	asrs	r1, r1, #31
100060ca:	4008      	ands	r0, r1
100060cc:	4682      	mov	sl, r0
100060ce:	930c      	str	r3, [sp, #48]	@ 0x30
100060d0:	7830      	ldrb	r0, [r6, #0]
100060d2:	1c73      	adds	r3, r6, #1
100060d4:	4699      	mov	r9, r3
100060d6:	e61a      	b.n	10005d0e <_vsnprintf+0xa6>
100060d8:	2310      	movs	r3, #16
100060da:	0010      	movs	r0, r2
100060dc:	4398      	bics	r0, r3
100060de:	3311      	adds	r3, #17
100060e0:	4318      	orrs	r0, r3
100060e2:	4681      	mov	r9, r0
100060e4:	2080      	movs	r0, #128	@ 0x80
100060e6:	0013      	movs	r3, r2
100060e8:	00c0      	lsls	r0, r0, #3
100060ea:	4003      	ands	r3, r0
100060ec:	4202      	tst	r2, r0
100060ee:	d100      	bne.n	100060f2 <_vsnprintf+0x48a>
100060f0:	e6a9      	b.n	10005e46 <_vsnprintf+0x1de>
100060f2:	464b      	mov	r3, r9
100060f4:	9306      	str	r3, [sp, #24]
100060f6:	2308      	movs	r3, #8
100060f8:	9305      	str	r3, [sp, #20]
100060fa:	4653      	mov	r3, sl
100060fc:	9304      	str	r3, [sp, #16]
100060fe:	2310      	movs	r3, #16
10006100:	9303      	str	r3, [sp, #12]
10006102:	2300      	movs	r3, #0
10006104:	9302      	str	r3, [sp, #8]
10006106:	9b0f      	ldr	r3, [sp, #60]	@ 0x3c
10006108:	0022      	movs	r2, r4
1000610a:	9301      	str	r3, [sp, #4]
1000610c:	ab1c      	add	r3, sp, #112	@ 0x70
1000610e:	9300      	str	r3, [sp, #0]
10006110:	4659      	mov	r1, fp
10006112:	003b      	movs	r3, r7
10006114:	0028      	movs	r0, r5
10006116:	f7fe ffa7 	bl	10005068 <_ntoa_format>
1000611a:	4643      	mov	r3, r8
1000611c:	0004      	movs	r4, r0
1000611e:	930c      	str	r3, [sp, #48]	@ 0x30
10006120:	e5ca      	b.n	10005cb8 <_vsnprintf+0x50>
10006122:	2301      	movs	r3, #1
10006124:	425b      	negs	r3, r3
10006126:	e6c3      	b.n	10005eb0 <_vsnprintf+0x248>
10006128:	9b0f      	ldr	r3, [sp, #60]	@ 0x3c
1000612a:	4553      	cmp	r3, sl
1000612c:	d901      	bls.n	10006132 <_vsnprintf+0x4ca>
1000612e:	4653      	mov	r3, sl
10006130:	930f      	str	r3, [sp, #60]	@ 0x3c
10006132:	2302      	movs	r3, #2
10006134:	0018      	movs	r0, r3
10006136:	4010      	ands	r0, r2
10006138:	900d      	str	r0, [sp, #52]	@ 0x34
1000613a:	4213      	tst	r3, r2
1000613c:	d100      	bne.n	10006140 <_vsnprintf+0x4d8>
1000613e:	e1b7      	b.n	100064b0 <_vsnprintf+0x848>
10006140:	930d      	str	r3, [sp, #52]	@ 0x34
10006142:	46d1      	mov	r9, sl
10006144:	1b0b      	subs	r3, r1, r4
10006146:	469a      	mov	sl, r3
10006148:	0033      	movs	r3, r6
1000614a:	44a1      	add	r9, r4
1000614c:	002e      	movs	r6, r5
1000614e:	0022      	movs	r2, r4
10006150:	464d      	mov	r5, r9
10006152:	980c      	ldr	r0, [sp, #48]	@ 0x30
10006154:	46b9      	mov	r9, r7
10006156:	465f      	mov	r7, fp
10006158:	469b      	mov	fp, r3
1000615a:	e008      	b.n	1000616e <_vsnprintf+0x506>
1000615c:	464b      	mov	r3, r9
1000615e:	0039      	movs	r1, r7
10006160:	1c54      	adds	r4, r2, #1
10006162:	47b0      	blx	r6
10006164:	4653      	mov	r3, sl
10006166:	5d18      	ldrb	r0, [r3, r4]
10006168:	2800      	cmp	r0, #0
1000616a:	d077      	beq.n	1000625c <_vsnprintf+0x5f4>
1000616c:	0022      	movs	r2, r4
1000616e:	4295      	cmp	r5, r2
10006170:	d1f4      	bne.n	1000615c <_vsnprintf+0x4f4>
10006172:	465b      	mov	r3, fp
10006174:	46bb      	mov	fp, r7
10006176:	464f      	mov	r7, r9
10006178:	46a9      	mov	r9, r5
1000617a:	0035      	movs	r5, r6
1000617c:	464c      	mov	r4, r9
1000617e:	001e      	movs	r6, r3
10006180:	e6c9      	b.n	10005f16 <_vsnprintf+0x2ae>
10006182:	2380      	movs	r3, #128	@ 0x80
10006184:	011b      	lsls	r3, r3, #4
10006186:	431a      	orrs	r2, r3
10006188:	e6fd      	b.n	10005f86 <_vsnprintf+0x31e>
1000618a:	2320      	movs	r3, #32
1000618c:	431a      	orrs	r2, r3
1000618e:	e720      	b.n	10005fd2 <_vsnprintf+0x36a>
10006190:	2308      	movs	r3, #8
10006192:	469c      	mov	ip, r3
10006194:	2300      	movs	r3, #0
10006196:	930f      	str	r3, [sp, #60]	@ 0x3c
10006198:	3308      	adds	r3, #8
1000619a:	930d      	str	r3, [sp, #52]	@ 0x34
1000619c:	2380      	movs	r3, #128	@ 0x80
1000619e:	0011      	movs	r1, r2
100061a0:	00db      	lsls	r3, r3, #3
100061a2:	4019      	ands	r1, r3
100061a4:	421a      	tst	r2, r3
100061a6:	d100      	bne.n	100061aa <_vsnprintf+0x542>
100061a8:	e116      	b.n	100063d8 <_vsnprintf+0x770>
100061aa:	230d      	movs	r3, #13
100061ac:	439a      	bics	r2, r3
100061ae:	0010      	movs	r0, r2
100061b0:	2380      	movs	r3, #128	@ 0x80
100061b2:	0002      	movs	r2, r0
100061b4:	009b      	lsls	r3, r3, #2
100061b6:	401a      	ands	r2, r3
100061b8:	9214      	str	r2, [sp, #80]	@ 0x50
100061ba:	4218      	tst	r0, r3
100061bc:	d000      	beq.n	100061c0 <_vsnprintf+0x558>
100061be:	e1c2      	b.n	10006546 <_vsnprintf+0x8de>
100061c0:	2380      	movs	r3, #128	@ 0x80
100061c2:	0002      	movs	r2, r0
100061c4:	005b      	lsls	r3, r3, #1
100061c6:	401a      	ands	r2, r3
100061c8:	4691      	mov	r9, r2
100061ca:	9a0c      	ldr	r2, [sp, #48]	@ 0x30
100061cc:	3204      	adds	r2, #4
100061ce:	920f      	str	r2, [sp, #60]	@ 0x3c
100061d0:	4218      	tst	r0, r3
100061d2:	d000      	beq.n	100061d6 <_vsnprintf+0x56e>
100061d4:	e2b7      	b.n	10006746 <_vsnprintf+0xade>
100061d6:	0643      	lsls	r3, r0, #25
100061d8:	d500      	bpl.n	100061dc <_vsnprintf+0x574>
100061da:	e19f      	b.n	1000651c <_vsnprintf+0x8b4>
100061dc:	0603      	lsls	r3, r0, #24
100061de:	d400      	bmi.n	100061e2 <_vsnprintf+0x57a>
100061e0:	e319      	b.n	10006816 <_vsnprintf+0xbae>
100061e2:	9b0c      	ldr	r3, [sp, #48]	@ 0x30
100061e4:	881b      	ldrh	r3, [r3, #0]
100061e6:	9309      	str	r3, [sp, #36]	@ 0x24
100061e8:	2b00      	cmp	r3, #0
100061ea:	d000      	beq.n	100061ee <_vsnprintf+0x586>
100061ec:	e1fc      	b.n	100065e8 <_vsnprintf+0x980>
100061ee:	3310      	adds	r3, #16
100061f0:	4398      	bics	r0, r3
100061f2:	2900      	cmp	r1, #0
100061f4:	d100      	bne.n	100061f8 <_vsnprintf+0x590>
100061f6:	e1f7      	b.n	100065e8 <_vsnprintf+0x980>
100061f8:	2300      	movs	r3, #0
100061fa:	4699      	mov	r9, r3
100061fc:	4643      	mov	r3, r8
100061fe:	9305      	str	r3, [sp, #20]
10006200:	4653      	mov	r3, sl
10006202:	9304      	str	r3, [sp, #16]
10006204:	9b0d      	ldr	r3, [sp, #52]	@ 0x34
10006206:	9006      	str	r0, [sp, #24]
10006208:	9303      	str	r3, [sp, #12]
1000620a:	2300      	movs	r3, #0
1000620c:	e0d2      	b.n	100063b4 <_vsnprintf+0x74c>
1000620e:	2858      	cmp	r0, #88	@ 0x58
10006210:	d008      	beq.n	10006224 <_vsnprintf+0x5bc>
10006212:	2862      	cmp	r0, #98	@ 0x62
10006214:	d167      	bne.n	100062e6 <_vsnprintf+0x67e>
10006216:	2302      	movs	r3, #2
10006218:	469c      	mov	ip, r3
1000621a:	2300      	movs	r3, #0
1000621c:	930f      	str	r3, [sp, #60]	@ 0x3c
1000621e:	3302      	adds	r3, #2
10006220:	930d      	str	r3, [sp, #52]	@ 0x34
10006222:	e7bb      	b.n	1000619c <_vsnprintf+0x534>
10006224:	2320      	movs	r3, #32
10006226:	431a      	orrs	r2, r3
10006228:	3b10      	subs	r3, #16
1000622a:	469c      	mov	ip, r3
1000622c:	2300      	movs	r3, #0
1000622e:	930f      	str	r3, [sp, #60]	@ 0x3c
10006230:	3310      	adds	r3, #16
10006232:	930d      	str	r3, [sp, #52]	@ 0x34
10006234:	e7b2      	b.n	1000619c <_vsnprintf+0x534>
10006236:	2380      	movs	r3, #128	@ 0x80
10006238:	011b      	lsls	r3, r3, #4
1000623a:	431a      	orrs	r2, r3
1000623c:	2320      	movs	r3, #32
1000623e:	431a      	orrs	r2, r3
10006240:	e6a1      	b.n	10005f86 <_vsnprintf+0x31e>
10006242:	23c0      	movs	r3, #192	@ 0xc0
10006244:	009b      	lsls	r3, r3, #2
10006246:	431a      	orrs	r2, r3
10006248:	1cf3      	adds	r3, r6, #3
1000624a:	4699      	mov	r9, r3
1000624c:	78b0      	ldrb	r0, [r6, #2]
1000624e:	e582      	b.n	10005d56 <_vsnprintf+0xee>
10006250:	23c0      	movs	r3, #192	@ 0xc0
10006252:	431a      	orrs	r2, r3
10006254:	1cf3      	adds	r3, r6, #3
10006256:	4699      	mov	r9, r3
10006258:	78b0      	ldrb	r0, [r6, #2]
1000625a:	e57c      	b.n	10005d56 <_vsnprintf+0xee>
1000625c:	0035      	movs	r5, r6
1000625e:	465e      	mov	r6, fp
10006260:	46bb      	mov	fp, r7
10006262:	464f      	mov	r7, r9
10006264:	e657      	b.n	10005f16 <_vsnprintf+0x2ae>
10006266:	4643      	mov	r3, r8
10006268:	2b01      	cmp	r3, #1
1000626a:	d800      	bhi.n	1000626e <_vsnprintf+0x606>
1000626c:	e163      	b.n	10006536 <_vsnprintf+0x8ce>
1000626e:	1e63      	subs	r3, r4, #1
10006270:	4443      	add	r3, r8
10006272:	469a      	mov	sl, r3
10006274:	0033      	movs	r3, r6
10006276:	46b9      	mov	r9, r7
10006278:	002e      	movs	r6, r5
1000627a:	465f      	mov	r7, fp
1000627c:	4655      	mov	r5, sl
1000627e:	469b      	mov	fp, r3
10006280:	46a2      	mov	sl, r4
10006282:	0022      	movs	r2, r4
10006284:	464b      	mov	r3, r9
10006286:	3401      	adds	r4, #1
10006288:	0039      	movs	r1, r7
1000628a:	2020      	movs	r0, #32
1000628c:	47b0      	blx	r6
1000628e:	42ac      	cmp	r4, r5
10006290:	d1f7      	bne.n	10006282 <_vsnprintf+0x61a>
10006292:	0035      	movs	r5, r6
10006294:	465e      	mov	r6, fp
10006296:	46bb      	mov	fp, r7
10006298:	464f      	mov	r7, r9
1000629a:	46a1      	mov	r9, r4
1000629c:	4654      	mov	r4, sl
1000629e:	9b0c      	ldr	r3, [sp, #48]	@ 0x30
100062a0:	464a      	mov	r2, r9
100062a2:	7818      	ldrb	r0, [r3, #0]
100062a4:	4659      	mov	r1, fp
100062a6:	003b      	movs	r3, r7
100062a8:	4444      	add	r4, r8
100062aa:	47a8      	blx	r5
100062ac:	e6d7      	b.n	1000605e <_vsnprintf+0x3f6>
100062ae:	46a1      	mov	r9, r4
100062b0:	9b0f      	ldr	r3, [sp, #60]	@ 0x3c
100062b2:	4598      	cmp	r8, r3
100062b4:	d800      	bhi.n	100062b8 <_vsnprintf+0x650>
100062b6:	e632      	b.n	10005f1e <_vsnprintf+0x2b6>
100062b8:	4444      	add	r4, r8
100062ba:	1ae4      	subs	r4, r4, r3
100062bc:	0033      	movs	r3, r6
100062be:	46b8      	mov	r8, r7
100062c0:	002e      	movs	r6, r5
100062c2:	465f      	mov	r7, fp
100062c4:	0025      	movs	r5, r4
100062c6:	464c      	mov	r4, r9
100062c8:	4699      	mov	r9, r3
100062ca:	0022      	movs	r2, r4
100062cc:	4643      	mov	r3, r8
100062ce:	3401      	adds	r4, #1
100062d0:	0039      	movs	r1, r7
100062d2:	2020      	movs	r0, #32
100062d4:	47b0      	blx	r6
100062d6:	42ac      	cmp	r4, r5
100062d8:	d1f7      	bne.n	100062ca <_vsnprintf+0x662>
100062da:	002c      	movs	r4, r5
100062dc:	46bb      	mov	fp, r7
100062de:	0035      	movs	r5, r6
100062e0:	4647      	mov	r7, r8
100062e2:	464e      	mov	r6, r9
100062e4:	e61b      	b.n	10005f1e <_vsnprintf+0x2b6>
100062e6:	2380      	movs	r3, #128	@ 0x80
100062e8:	0010      	movs	r0, r2
100062ea:	00db      	lsls	r3, r3, #3
100062ec:	4018      	ands	r0, r3
100062ee:	421a      	tst	r2, r3
100062f0:	d100      	bne.n	100062f4 <_vsnprintf+0x68c>
100062f2:	e10f      	b.n	10006514 <_vsnprintf+0x8ac>
100062f4:	2111      	movs	r1, #17
100062f6:	0018      	movs	r0, r3
100062f8:	438a      	bics	r2, r1
100062fa:	920d      	str	r2, [sp, #52]	@ 0x34
100062fc:	9a0d      	ldr	r2, [sp, #52]	@ 0x34
100062fe:	2380      	movs	r3, #128	@ 0x80
10006300:	0011      	movs	r1, r2
10006302:	009b      	lsls	r3, r3, #2
10006304:	4019      	ands	r1, r3
10006306:	468c      	mov	ip, r1
10006308:	421a      	tst	r2, r3
1000630a:	d169      	bne.n	100063e0 <_vsnprintf+0x778>
1000630c:	2380      	movs	r3, #128	@ 0x80
1000630e:	0011      	movs	r1, r2
10006310:	005b      	lsls	r3, r3, #1
10006312:	4019      	ands	r1, r3
10006314:	4689      	mov	r9, r1
10006316:	990c      	ldr	r1, [sp, #48]	@ 0x30
10006318:	3104      	adds	r1, #4
1000631a:	910f      	str	r1, [sp, #60]	@ 0x3c
1000631c:	421a      	tst	r2, r3
1000631e:	d000      	beq.n	10006322 <_vsnprintf+0x6ba>
10006320:	e1ca      	b.n	100066b8 <_vsnprintf+0xa50>
10006322:	0013      	movs	r3, r2
10006324:	065b      	lsls	r3, r3, #25
10006326:	d500      	bpl.n	1000632a <_vsnprintf+0x6c2>
10006328:	e0f0      	b.n	1000650c <_vsnprintf+0x8a4>
1000632a:	0013      	movs	r3, r2
1000632c:	061b      	lsls	r3, r3, #24
1000632e:	d400      	bmi.n	10006332 <_vsnprintf+0x6ca>
10006330:	e259      	b.n	100067e6 <_vsnprintf+0xb7e>
10006332:	9b0c      	ldr	r3, [sp, #48]	@ 0x30
10006334:	2200      	movs	r2, #0
10006336:	5e9b      	ldrsh	r3, [r3, r2]
10006338:	17d9      	asrs	r1, r3, #31
1000633a:	185a      	adds	r2, r3, r1
1000633c:	404a      	eors	r2, r1
1000633e:	b292      	uxth	r2, r2
10006340:	0fd9      	lsrs	r1, r3, #31
10006342:	910c      	str	r1, [sp, #48]	@ 0x30
10006344:	2b00      	cmp	r3, #0
10006346:	d100      	bne.n	1000634a <_vsnprintf+0x6e2>
10006348:	e1f9      	b.n	1000673e <_vsnprintf+0xad6>
1000634a:	0010      	movs	r0, r2
1000634c:	aa14      	add	r2, sp, #80	@ 0x50
1000634e:	4694      	mov	ip, r2
10006350:	4642      	mov	r2, r8
10006352:	231f      	movs	r3, #31
10006354:	9214      	str	r2, [sp, #80]	@ 0x50
10006356:	4652      	mov	r2, sl
10006358:	4463      	add	r3, ip
1000635a:	46a8      	mov	r8, r5
1000635c:	9416      	str	r4, [sp, #88]	@ 0x58
1000635e:	464d      	mov	r5, r9
10006360:	0004      	movs	r4, r0
10006362:	46b9      	mov	r9, r7
10006364:	46b2      	mov	sl, r6
10006366:	001f      	movs	r7, r3
10006368:	9215      	str	r2, [sp, #84]	@ 0x54
1000636a:	e001      	b.n	10006370 <_vsnprintf+0x708>
1000636c:	2d20      	cmp	r5, #32
1000636e:	d00f      	beq.n	10006390 <_vsnprintf+0x728>
10006370:	0020      	movs	r0, r4
10006372:	210a      	movs	r1, #10
10006374:	f000 faf6 	bl	10006964 <__wrap___aeabi_uidiv>
10006378:	3501      	adds	r5, #1
1000637a:	197e      	adds	r6, r7, r5
1000637c:	3130      	adds	r1, #48	@ 0x30
1000637e:	7031      	strb	r1, [r6, #0]
10006380:	0020      	movs	r0, r4
10006382:	210a      	movs	r1, #10
10006384:	f000 faee 	bl	10006964 <__wrap___aeabi_uidiv>
10006388:	0026      	movs	r6, r4
1000638a:	0004      	movs	r4, r0
1000638c:	2e09      	cmp	r6, #9
1000638e:	d8ed      	bhi.n	1000636c <_vsnprintf+0x704>
10006390:	9b14      	ldr	r3, [sp, #80]	@ 0x50
10006392:	464f      	mov	r7, r9
10006394:	46a9      	mov	r9, r5
10006396:	4645      	mov	r5, r8
10006398:	4698      	mov	r8, r3
1000639a:	9b15      	ldr	r3, [sp, #84]	@ 0x54
1000639c:	4656      	mov	r6, sl
1000639e:	469a      	mov	sl, r3
100063a0:	9c16      	ldr	r4, [sp, #88]	@ 0x58
100063a2:	9b0d      	ldr	r3, [sp, #52]	@ 0x34
100063a4:	9306      	str	r3, [sp, #24]
100063a6:	4643      	mov	r3, r8
100063a8:	9305      	str	r3, [sp, #20]
100063aa:	4653      	mov	r3, sl
100063ac:	9304      	str	r3, [sp, #16]
100063ae:	230a      	movs	r3, #10
100063b0:	9303      	str	r3, [sp, #12]
100063b2:	9b0c      	ldr	r3, [sp, #48]	@ 0x30
100063b4:	9302      	str	r3, [sp, #8]
100063b6:	464b      	mov	r3, r9
100063b8:	9301      	str	r3, [sp, #4]
100063ba:	ab1c      	add	r3, sp, #112	@ 0x70
100063bc:	0022      	movs	r2, r4
100063be:	9300      	str	r3, [sp, #0]
100063c0:	4659      	mov	r1, fp
100063c2:	003b      	movs	r3, r7
100063c4:	0028      	movs	r0, r5
100063c6:	f7fe fe4f 	bl	10005068 <_ntoa_format>
100063ca:	9b0f      	ldr	r3, [sp, #60]	@ 0x3c
100063cc:	0004      	movs	r4, r0
100063ce:	930c      	str	r3, [sp, #48]	@ 0x30
100063d0:	e472      	b.n	10005cb8 <_vsnprintf+0x50>
100063d2:	46c0      	nop			@ (mov r8, r8)
100063d4:	10004fb9 	.word	0x10004fb9
100063d8:	230c      	movs	r3, #12
100063da:	439a      	bics	r2, r3
100063dc:	0010      	movs	r0, r2
100063de:	e6e7      	b.n	100061b0 <_vsnprintf+0x548>
100063e0:	2207      	movs	r2, #7
100063e2:	9b0c      	ldr	r3, [sp, #48]	@ 0x30
100063e4:	3307      	adds	r3, #7
100063e6:	4393      	bics	r3, r2
100063e8:	3201      	adds	r2, #1
100063ea:	4694      	mov	ip, r2
100063ec:	449c      	add	ip, r3
100063ee:	4662      	mov	r2, ip
100063f0:	920c      	str	r2, [sp, #48]	@ 0x30
100063f2:	cb0c      	ldmia	r3, {r2, r3}
100063f4:	0fd9      	lsrs	r1, r3, #31
100063f6:	910f      	str	r1, [sp, #60]	@ 0x3c
100063f8:	0011      	movs	r1, r2
100063fa:	4319      	orrs	r1, r3
100063fc:	d100      	bne.n	10006400 <_vsnprintf+0x798>
100063fe:	e091      	b.n	10006524 <_vsnprintf+0x8bc>
10006400:	17d9      	asrs	r1, r3, #31
10006402:	9113      	str	r1, [sp, #76]	@ 0x4c
10006404:	9112      	str	r1, [sp, #72]	@ 0x48
10006406:	4051      	eors	r1, r2
10006408:	9110      	str	r1, [sp, #64]	@ 0x40
1000640a:	9913      	ldr	r1, [sp, #76]	@ 0x4c
1000640c:	4059      	eors	r1, r3
1000640e:	9111      	str	r1, [sp, #68]	@ 0x44
10006410:	9810      	ldr	r0, [sp, #64]	@ 0x40
10006412:	9911      	ldr	r1, [sp, #68]	@ 0x44
10006414:	9a12      	ldr	r2, [sp, #72]	@ 0x48
10006416:	9b13      	ldr	r3, [sp, #76]	@ 0x4c
10006418:	1a80      	subs	r0, r0, r2
1000641a:	4199      	sbcs	r1, r3
1000641c:	9010      	str	r0, [sp, #64]	@ 0x40
1000641e:	9111      	str	r1, [sp, #68]	@ 0x44
10006420:	aa14      	add	r2, sp, #80	@ 0x50
10006422:	2300      	movs	r3, #0
10006424:	4694      	mov	ip, r2
10006426:	4642      	mov	r2, r8
10006428:	4699      	mov	r9, r3
1000642a:	9214      	str	r2, [sp, #80]	@ 0x50
1000642c:	4652      	mov	r2, sl
1000642e:	331f      	adds	r3, #31
10006430:	4463      	add	r3, ip
10006432:	46a8      	mov	r8, r5
10006434:	46b2      	mov	sl, r6
10006436:	9416      	str	r4, [sp, #88]	@ 0x58
10006438:	464e      	mov	r6, r9
1000643a:	9c10      	ldr	r4, [sp, #64]	@ 0x40
1000643c:	9d11      	ldr	r5, [sp, #68]	@ 0x44
1000643e:	46b9      	mov	r9, r7
10006440:	9215      	str	r2, [sp, #84]	@ 0x54
10006442:	001f      	movs	r7, r3
10006444:	e001      	b.n	1000644a <_vsnprintf+0x7e2>
10006446:	2e20      	cmp	r6, #32
10006448:	d010      	beq.n	1000646c <_vsnprintf+0x804>
1000644a:	0020      	movs	r0, r4
1000644c:	0029      	movs	r1, r5
1000644e:	220a      	movs	r2, #10
10006450:	2300      	movs	r3, #0
10006452:	f000 fac5 	bl	100069e0 <__wrap___aeabi_uldivmod>
10006456:	3601      	adds	r6, #1
10006458:	3230      	adds	r2, #48	@ 0x30
1000645a:	002b      	movs	r3, r5
1000645c:	55ba      	strb	r2, [r7, r6]
1000645e:	000d      	movs	r5, r1
10006460:	0022      	movs	r2, r4
10006462:	0004      	movs	r4, r0
10006464:	2b00      	cmp	r3, #0
10006466:	d1ee      	bne.n	10006446 <_vsnprintf+0x7de>
10006468:	2a09      	cmp	r2, #9
1000646a:	d8ec      	bhi.n	10006446 <_vsnprintf+0x7de>
1000646c:	9b14      	ldr	r3, [sp, #80]	@ 0x50
1000646e:	9410      	str	r4, [sp, #64]	@ 0x40
10006470:	9511      	str	r5, [sp, #68]	@ 0x44
10006472:	4645      	mov	r5, r8
10006474:	4698      	mov	r8, r3
10006476:	9b15      	ldr	r3, [sp, #84]	@ 0x54
10006478:	464f      	mov	r7, r9
1000647a:	46b1      	mov	r9, r6
1000647c:	4656      	mov	r6, sl
1000647e:	469a      	mov	sl, r3
10006480:	9c16      	ldr	r4, [sp, #88]	@ 0x58
10006482:	9b0d      	ldr	r3, [sp, #52]	@ 0x34
10006484:	9306      	str	r3, [sp, #24]
10006486:	4643      	mov	r3, r8
10006488:	9305      	str	r3, [sp, #20]
1000648a:	4653      	mov	r3, sl
1000648c:	9304      	str	r3, [sp, #16]
1000648e:	230a      	movs	r3, #10
10006490:	9303      	str	r3, [sp, #12]
10006492:	9b0f      	ldr	r3, [sp, #60]	@ 0x3c
10006494:	9302      	str	r3, [sp, #8]
10006496:	464b      	mov	r3, r9
10006498:	9301      	str	r3, [sp, #4]
1000649a:	ab1c      	add	r3, sp, #112	@ 0x70
1000649c:	0022      	movs	r2, r4
1000649e:	9300      	str	r3, [sp, #0]
100064a0:	4659      	mov	r1, fp
100064a2:	003b      	movs	r3, r7
100064a4:	0028      	movs	r0, r5
100064a6:	f7fe fddf 	bl	10005068 <_ntoa_format>
100064aa:	0004      	movs	r4, r0
100064ac:	f7ff fc04 	bl	10005cb8 <_vsnprintf+0x50>
100064b0:	9b0f      	ldr	r3, [sp, #60]	@ 0x3c
100064b2:	4598      	cmp	r8, r3
100064b4:	d800      	bhi.n	100064b8 <_vsnprintf+0x850>
100064b6:	e1c1      	b.n	1000683c <_vsnprintf+0xbd4>
100064b8:	2380      	movs	r3, #128	@ 0x80
100064ba:	00db      	lsls	r3, r3, #3
100064bc:	930d      	str	r3, [sp, #52]	@ 0x34
100064be:	4643      	mov	r3, r8
100064c0:	9a0f      	ldr	r2, [sp, #60]	@ 0x3c
100064c2:	191b      	adds	r3, r3, r4
100064c4:	1a9b      	subs	r3, r3, r2
100064c6:	4699      	mov	r9, r3
100064c8:	0033      	movs	r3, r6
100064ca:	002e      	movs	r6, r5
100064cc:	464d      	mov	r5, r9
100064ce:	46b9      	mov	r9, r7
100064d0:	465f      	mov	r7, fp
100064d2:	469b      	mov	fp, r3
100064d4:	910c      	str	r1, [sp, #48]	@ 0x30
100064d6:	0022      	movs	r2, r4
100064d8:	464b      	mov	r3, r9
100064da:	3401      	adds	r4, #1
100064dc:	0039      	movs	r1, r7
100064de:	2020      	movs	r0, #32
100064e0:	47b0      	blx	r6
100064e2:	42ac      	cmp	r4, r5
100064e4:	d1f7      	bne.n	100064d6 <_vsnprintf+0x86e>
100064e6:	4643      	mov	r3, r8
100064e8:	990c      	ldr	r1, [sp, #48]	@ 0x30
100064ea:	3301      	adds	r3, #1
100064ec:	930f      	str	r3, [sp, #60]	@ 0x3c
100064ee:	780b      	ldrb	r3, [r1, #0]
100064f0:	0035      	movs	r5, r6
100064f2:	930c      	str	r3, [sp, #48]	@ 0x30
100064f4:	465e      	mov	r6, fp
100064f6:	46bb      	mov	fp, r7
100064f8:	464f      	mov	r7, r9
100064fa:	2b00      	cmp	r3, #0
100064fc:	d100      	bne.n	10006500 <_vsnprintf+0x898>
100064fe:	e50e      	b.n	10005f1e <_vsnprintf+0x2b6>
10006500:	9b0d      	ldr	r3, [sp, #52]	@ 0x34
10006502:	2b00      	cmp	r3, #0
10006504:	d100      	bne.n	10006508 <_vsnprintf+0x8a0>
10006506:	e4f6      	b.n	10005ef6 <_vsnprintf+0x28e>
10006508:	2300      	movs	r3, #0
1000650a:	e619      	b.n	10006140 <_vsnprintf+0x4d8>
1000650c:	9b0c      	ldr	r3, [sp, #48]	@ 0x30
1000650e:	781b      	ldrb	r3, [r3, #0]
10006510:	001a      	movs	r2, r3
10006512:	e715      	b.n	10006340 <_vsnprintf+0x6d8>
10006514:	2310      	movs	r3, #16
10006516:	439a      	bics	r2, r3
10006518:	920d      	str	r2, [sp, #52]	@ 0x34
1000651a:	e6ef      	b.n	100062fc <_vsnprintf+0x694>
1000651c:	9b0c      	ldr	r3, [sp, #48]	@ 0x30
1000651e:	781b      	ldrb	r3, [r3, #0]
10006520:	9309      	str	r3, [sp, #36]	@ 0x24
10006522:	e661      	b.n	100061e8 <_vsnprintf+0x580>
10006524:	2300      	movs	r3, #0
10006526:	4699      	mov	r9, r3
10006528:	2800      	cmp	r0, #0
1000652a:	d1aa      	bne.n	10006482 <_vsnprintf+0x81a>
1000652c:	2200      	movs	r2, #0
1000652e:	2300      	movs	r3, #0
10006530:	9210      	str	r2, [sp, #64]	@ 0x40
10006532:	9311      	str	r3, [sp, #68]	@ 0x44
10006534:	e774      	b.n	10006420 <_vsnprintf+0x7b8>
10006536:	9b0c      	ldr	r3, [sp, #48]	@ 0x30
10006538:	0022      	movs	r2, r4
1000653a:	7818      	ldrb	r0, [r3, #0]
1000653c:	4659      	mov	r1, fp
1000653e:	003b      	movs	r3, r7
10006540:	47a8      	blx	r5
10006542:	464c      	mov	r4, r9
10006544:	e58b      	b.n	1000605e <_vsnprintf+0x3f6>
10006546:	9a0c      	ldr	r2, [sp, #48]	@ 0x30
10006548:	3bfa      	subs	r3, #250	@ 0xfa
1000654a:	3bff      	subs	r3, #255	@ 0xff
1000654c:	3207      	adds	r2, #7
1000654e:	439a      	bics	r2, r3
10006550:	3301      	adds	r3, #1
10006552:	4699      	mov	r9, r3
10006554:	4491      	add	r9, r2
10006556:	464b      	mov	r3, r9
10006558:	930c      	str	r3, [sp, #48]	@ 0x30
1000655a:	6813      	ldr	r3, [r2, #0]
1000655c:	6852      	ldr	r2, [r2, #4]
1000655e:	9215      	str	r2, [sp, #84]	@ 0x54
10006560:	431a      	orrs	r2, r3
10006562:	d106      	bne.n	10006572 <_vsnprintf+0x90a>
10006564:	3210      	adds	r2, #16
10006566:	4390      	bics	r0, r2
10006568:	2200      	movs	r2, #0
1000656a:	9209      	str	r2, [sp, #36]	@ 0x24
1000656c:	2900      	cmp	r1, #0
1000656e:	d000      	beq.n	10006572 <_vsnprintf+0x90a>
10006570:	e081      	b.n	10006676 <_vsnprintf+0xa0e>
10006572:	2261      	movs	r2, #97	@ 0x61
10006574:	0681      	lsls	r1, r0, #26
10006576:	d500      	bpl.n	1000657a <_vsnprintf+0x912>
10006578:	2241      	movs	r2, #65	@ 0x41
1000657a:	b2d2      	uxtb	r2, r2
1000657c:	920a      	str	r2, [sp, #40]	@ 0x28
1000657e:	aa14      	add	r2, sp, #80	@ 0x50
10006580:	4691      	mov	r9, r2
10006582:	9a0a      	ldr	r2, [sp, #40]	@ 0x28
10006584:	2100      	movs	r1, #0
10006586:	3a0a      	subs	r2, #10
10006588:	9214      	str	r2, [sp, #80]	@ 0x50
1000658a:	4642      	mov	r2, r8
1000658c:	9217      	str	r2, [sp, #92]	@ 0x5c
1000658e:	4652      	mov	r2, sl
10006590:	9218      	str	r2, [sp, #96]	@ 0x60
10006592:	465a      	mov	r2, fp
10006594:	9109      	str	r1, [sp, #36]	@ 0x24
10006596:	46b3      	mov	fp, r6
10006598:	311f      	adds	r1, #31
1000659a:	001e      	movs	r6, r3
1000659c:	9b0f      	ldr	r3, [sp, #60]	@ 0x3c
1000659e:	4449      	add	r1, r9
100065a0:	46ba      	mov	sl, r7
100065a2:	9419      	str	r4, [sp, #100]	@ 0x64
100065a4:	951a      	str	r5, [sp, #104]	@ 0x68
100065a6:	2400      	movs	r4, #0
100065a8:	4667      	mov	r7, ip
100065aa:	4698      	mov	r8, r3
100065ac:	4689      	mov	r9, r1
100065ae:	9d15      	ldr	r5, [sp, #84]	@ 0x54
100065b0:	9016      	str	r0, [sp, #88]	@ 0x58
100065b2:	921b      	str	r2, [sp, #108]	@ 0x6c
100065b4:	e00a      	b.n	100065cc <_vsnprintf+0x964>
100065b6:	3230      	adds	r2, #48	@ 0x30
100065b8:	b2d2      	uxtb	r2, r2
100065ba:	464b      	mov	r3, r9
100065bc:	3401      	adds	r4, #1
100065be:	551a      	strb	r2, [r3, r4]
100065c0:	45a8      	cmp	r8, r5
100065c2:	d04a      	beq.n	1000665a <_vsnprintf+0x9f2>
100065c4:	2c20      	cmp	r4, #32
100065c6:	d04a      	beq.n	1000665e <_vsnprintf+0x9f6>
100065c8:	0006      	movs	r6, r0
100065ca:	000d      	movs	r5, r1
100065cc:	003a      	movs	r2, r7
100065ce:	2300      	movs	r3, #0
100065d0:	0030      	movs	r0, r6
100065d2:	0029      	movs	r1, r5
100065d4:	f000 fa04 	bl	100069e0 <__wrap___aeabi_uldivmod>
100065d8:	b2d2      	uxtb	r2, r2
100065da:	2a09      	cmp	r2, #9
100065dc:	d9eb      	bls.n	100065b6 <_vsnprintf+0x94e>
100065de:	9b14      	ldr	r3, [sp, #80]	@ 0x50
100065e0:	469c      	mov	ip, r3
100065e2:	4462      	add	r2, ip
100065e4:	b2d2      	uxtb	r2, r2
100065e6:	e7e8      	b.n	100065ba <_vsnprintf+0x952>
100065e8:	2361      	movs	r3, #97	@ 0x61
100065ea:	0682      	lsls	r2, r0, #26
100065ec:	d500      	bpl.n	100065f0 <_vsnprintf+0x988>
100065ee:	2341      	movs	r3, #65	@ 0x41
100065f0:	b2db      	uxtb	r3, r3
100065f2:	3b0a      	subs	r3, #10
100065f4:	930c      	str	r3, [sp, #48]	@ 0x30
100065f6:	4643      	mov	r3, r8
100065f8:	a914      	add	r1, sp, #80	@ 0x50
100065fa:	221f      	movs	r2, #31
100065fc:	468c      	mov	ip, r1
100065fe:	9315      	str	r3, [sp, #84]	@ 0x54
10006600:	4653      	mov	r3, sl
10006602:	4462      	add	r2, ip
10006604:	46a0      	mov	r8, r4
10006606:	46b2      	mov	sl, r6
10006608:	464c      	mov	r4, r9
1000660a:	9717      	str	r7, [sp, #92]	@ 0x5c
1000660c:	46a9      	mov	r9, r5
1000660e:	0017      	movs	r7, r2
10006610:	9d09      	ldr	r5, [sp, #36]	@ 0x24
10006612:	9e0d      	ldr	r6, [sp, #52]	@ 0x34
10006614:	9014      	str	r0, [sp, #80]	@ 0x50
10006616:	9316      	str	r3, [sp, #88]	@ 0x58
10006618:	e008      	b.n	1000662c <_vsnprintf+0x9c4>
1000661a:	3330      	adds	r3, #48	@ 0x30
1000661c:	b2db      	uxtb	r3, r3
1000661e:	3401      	adds	r4, #1
10006620:	553b      	strb	r3, [r7, r4]
10006622:	42b5      	cmp	r5, r6
10006624:	d30e      	bcc.n	10006644 <_vsnprintf+0x9dc>
10006626:	2c20      	cmp	r4, #32
10006628:	d00c      	beq.n	10006644 <_vsnprintf+0x9dc>
1000662a:	0005      	movs	r5, r0
1000662c:	0031      	movs	r1, r6
1000662e:	0028      	movs	r0, r5
10006630:	f000 f998 	bl	10006964 <__wrap___aeabi_uidiv>
10006634:	b2cb      	uxtb	r3, r1
10006636:	2909      	cmp	r1, #9
10006638:	d9ef      	bls.n	1000661a <_vsnprintf+0x9b2>
1000663a:	9a0c      	ldr	r2, [sp, #48]	@ 0x30
1000663c:	4694      	mov	ip, r2
1000663e:	4463      	add	r3, ip
10006640:	b2db      	uxtb	r3, r3
10006642:	e7ec      	b.n	1000661e <_vsnprintf+0x9b6>
10006644:	9b15      	ldr	r3, [sp, #84]	@ 0x54
10006646:	464d      	mov	r5, r9
10006648:	46a1      	mov	r9, r4
1000664a:	4644      	mov	r4, r8
1000664c:	4698      	mov	r8, r3
1000664e:	9b16      	ldr	r3, [sp, #88]	@ 0x58
10006650:	4656      	mov	r6, sl
10006652:	9814      	ldr	r0, [sp, #80]	@ 0x50
10006654:	469a      	mov	sl, r3
10006656:	9f17      	ldr	r7, [sp, #92]	@ 0x5c
10006658:	e5d0      	b.n	100061fc <_vsnprintf+0x594>
1000665a:	42b7      	cmp	r7, r6
1000665c:	d9b2      	bls.n	100065c4 <_vsnprintf+0x95c>
1000665e:	9b17      	ldr	r3, [sp, #92]	@ 0x5c
10006660:	4657      	mov	r7, sl
10006662:	4698      	mov	r8, r3
10006664:	9b18      	ldr	r3, [sp, #96]	@ 0x60
10006666:	465e      	mov	r6, fp
10006668:	469a      	mov	sl, r3
1000666a:	9b1b      	ldr	r3, [sp, #108]	@ 0x6c
1000666c:	9409      	str	r4, [sp, #36]	@ 0x24
1000666e:	469b      	mov	fp, r3
10006670:	9816      	ldr	r0, [sp, #88]	@ 0x58
10006672:	9c19      	ldr	r4, [sp, #100]	@ 0x64
10006674:	9d1a      	ldr	r5, [sp, #104]	@ 0x68
10006676:	4643      	mov	r3, r8
10006678:	9305      	str	r3, [sp, #20]
1000667a:	4653      	mov	r3, sl
1000667c:	9304      	str	r3, [sp, #16]
1000667e:	9b0d      	ldr	r3, [sp, #52]	@ 0x34
10006680:	9006      	str	r0, [sp, #24]
10006682:	9303      	str	r3, [sp, #12]
10006684:	2300      	movs	r3, #0
10006686:	9302      	str	r3, [sp, #8]
10006688:	9b09      	ldr	r3, [sp, #36]	@ 0x24
1000668a:	e705      	b.n	10006498 <_vsnprintf+0x830>
1000668c:	9b0f      	ldr	r3, [sp, #60]	@ 0x3c
1000668e:	4598      	cmp	r8, r3
10006690:	d900      	bls.n	10006694 <_vsnprintf+0xa2c>
10006692:	e714      	b.n	100064be <_vsnprintf+0x856>
10006694:	3301      	adds	r3, #1
10006696:	930f      	str	r3, [sp, #60]	@ 0x3c
10006698:	e42d      	b.n	10005ef6 <_vsnprintf+0x28e>
1000669a:	2310      	movs	r3, #16
1000669c:	0011      	movs	r1, r2
1000669e:	4399      	bics	r1, r3
100066a0:	910d      	str	r1, [sp, #52]	@ 0x34
100066a2:	2869      	cmp	r0, #105	@ 0x69
100066a4:	d000      	beq.n	100066a8 <_vsnprintf+0xa40>
100066a6:	e0ba      	b.n	1000681e <_vsnprintf+0xbb6>
100066a8:	2380      	movs	r3, #128	@ 0x80
100066aa:	0010      	movs	r0, r2
100066ac:	00db      	lsls	r3, r3, #3
100066ae:	4018      	ands	r0, r3
100066b0:	421a      	tst	r2, r3
100066b2:	d100      	bne.n	100066b6 <_vsnprintf+0xa4e>
100066b4:	e622      	b.n	100062fc <_vsnprintf+0x694>
100066b6:	e61d      	b.n	100062f4 <_vsnprintf+0x68c>
100066b8:	9b0c      	ldr	r3, [sp, #48]	@ 0x30
100066ba:	681b      	ldr	r3, [r3, #0]
100066bc:	0fda      	lsrs	r2, r3, #31
100066be:	0011      	movs	r1, r2
100066c0:	2b00      	cmp	r3, #0
100066c2:	d100      	bne.n	100066c6 <_vsnprintf+0xa5e>
100066c4:	e08c      	b.n	100067e0 <_vsnprintf+0xb78>
100066c6:	17da      	asrs	r2, r3, #31
100066c8:	1898      	adds	r0, r3, r2
100066ca:	4050      	eors	r0, r2
100066cc:	aa14      	add	r2, sp, #80	@ 0x50
100066ce:	4691      	mov	r9, r2
100066d0:	4642      	mov	r2, r8
100066d2:	231f      	movs	r3, #31
100066d4:	9214      	str	r2, [sp, #80]	@ 0x50
100066d6:	4652      	mov	r2, sl
100066d8:	444b      	add	r3, r9
100066da:	46a0      	mov	r8, r4
100066dc:	46a9      	mov	r9, r5
100066de:	9716      	str	r7, [sp, #88]	@ 0x58
100066e0:	0004      	movs	r4, r0
100066e2:	4665      	mov	r5, ip
100066e4:	46b2      	mov	sl, r6
100066e6:	001f      	movs	r7, r3
100066e8:	910c      	str	r1, [sp, #48]	@ 0x30
100066ea:	9215      	str	r2, [sp, #84]	@ 0x54
100066ec:	e001      	b.n	100066f2 <_vsnprintf+0xa8a>
100066ee:	2d20      	cmp	r5, #32
100066f0:	d00f      	beq.n	10006712 <_vsnprintf+0xaaa>
100066f2:	0020      	movs	r0, r4
100066f4:	210a      	movs	r1, #10
100066f6:	f000 f935 	bl	10006964 <__wrap___aeabi_uidiv>
100066fa:	3501      	adds	r5, #1
100066fc:	197e      	adds	r6, r7, r5
100066fe:	3130      	adds	r1, #48	@ 0x30
10006700:	7031      	strb	r1, [r6, #0]
10006702:	0020      	movs	r0, r4
10006704:	210a      	movs	r1, #10
10006706:	f000 f92d 	bl	10006964 <__wrap___aeabi_uidiv>
1000670a:	0026      	movs	r6, r4
1000670c:	0004      	movs	r4, r0
1000670e:	2e09      	cmp	r6, #9
10006710:	d8ed      	bhi.n	100066ee <_vsnprintf+0xa86>
10006712:	9b14      	ldr	r3, [sp, #80]	@ 0x50
10006714:	4644      	mov	r4, r8
10006716:	4698      	mov	r8, r3
10006718:	9b0c      	ldr	r3, [sp, #48]	@ 0x30
1000671a:	46ac      	mov	ip, r5
1000671c:	0019      	movs	r1, r3
1000671e:	9b15      	ldr	r3, [sp, #84]	@ 0x54
10006720:	4656      	mov	r6, sl
10006722:	464d      	mov	r5, r9
10006724:	469a      	mov	sl, r3
10006726:	9f16      	ldr	r7, [sp, #88]	@ 0x58
10006728:	9b0d      	ldr	r3, [sp, #52]	@ 0x34
1000672a:	9102      	str	r1, [sp, #8]
1000672c:	9306      	str	r3, [sp, #24]
1000672e:	4643      	mov	r3, r8
10006730:	9305      	str	r3, [sp, #20]
10006732:	4653      	mov	r3, sl
10006734:	9304      	str	r3, [sp, #16]
10006736:	230a      	movs	r3, #10
10006738:	9303      	str	r3, [sp, #12]
1000673a:	4663      	mov	r3, ip
1000673c:	e63c      	b.n	100063b8 <_vsnprintf+0x750>
1000673e:	2800      	cmp	r0, #0
10006740:	d000      	beq.n	10006744 <_vsnprintf+0xadc>
10006742:	e62e      	b.n	100063a2 <_vsnprintf+0x73a>
10006744:	e602      	b.n	1000634c <_vsnprintf+0x6e4>
10006746:	9b0c      	ldr	r3, [sp, #48]	@ 0x30
10006748:	681b      	ldr	r3, [r3, #0]
1000674a:	4699      	mov	r9, r3
1000674c:	2b00      	cmp	r3, #0
1000674e:	d103      	bne.n	10006758 <_vsnprintf+0xaf0>
10006750:	3310      	adds	r3, #16
10006752:	4398      	bics	r0, r3
10006754:	2900      	cmp	r1, #0
10006756:	d138      	bne.n	100067ca <_vsnprintf+0xb62>
10006758:	2361      	movs	r3, #97	@ 0x61
1000675a:	0682      	lsls	r2, r0, #26
1000675c:	d500      	bpl.n	10006760 <_vsnprintf+0xaf8>
1000675e:	2341      	movs	r3, #65	@ 0x41
10006760:	b2db      	uxtb	r3, r3
10006762:	3b0a      	subs	r3, #10
10006764:	930c      	str	r3, [sp, #48]	@ 0x30
10006766:	4643      	mov	r3, r8
10006768:	9316      	str	r3, [sp, #88]	@ 0x58
1000676a:	4653      	mov	r3, sl
1000676c:	a914      	add	r1, sp, #80	@ 0x50
1000676e:	221f      	movs	r2, #31
10006770:	468c      	mov	ip, r1
10006772:	9317      	str	r3, [sp, #92]	@ 0x5c
10006774:	002b      	movs	r3, r5
10006776:	4462      	add	r2, ip
10006778:	46a0      	mov	r8, r4
1000677a:	464d      	mov	r5, r9
1000677c:	46b2      	mov	sl, r6
1000677e:	9718      	str	r7, [sp, #96]	@ 0x60
10006780:	4699      	mov	r9, r3
10006782:	0017      	movs	r7, r2
10006784:	9c14      	ldr	r4, [sp, #80]	@ 0x50
10006786:	9e0d      	ldr	r6, [sp, #52]	@ 0x34
10006788:	9015      	str	r0, [sp, #84]	@ 0x54
1000678a:	e008      	b.n	1000679e <_vsnprintf+0xb36>
1000678c:	3330      	adds	r3, #48	@ 0x30
1000678e:	b2db      	uxtb	r3, r3
10006790:	3401      	adds	r4, #1
10006792:	553b      	strb	r3, [r7, r4]
10006794:	42b5      	cmp	r5, r6
10006796:	d30e      	bcc.n	100067b6 <_vsnprintf+0xb4e>
10006798:	2c20      	cmp	r4, #32
1000679a:	d00c      	beq.n	100067b6 <_vsnprintf+0xb4e>
1000679c:	0005      	movs	r5, r0
1000679e:	0031      	movs	r1, r6
100067a0:	0028      	movs	r0, r5
100067a2:	f000 f8df 	bl	10006964 <__wrap___aeabi_uidiv>
100067a6:	b2cb      	uxtb	r3, r1
100067a8:	2909      	cmp	r1, #9
100067aa:	d9ef      	bls.n	1000678c <_vsnprintf+0xb24>
100067ac:	9a0c      	ldr	r2, [sp, #48]	@ 0x30
100067ae:	4694      	mov	ip, r2
100067b0:	4463      	add	r3, ip
100067b2:	b2db      	uxtb	r3, r3
100067b4:	e7ec      	b.n	10006790 <_vsnprintf+0xb28>
100067b6:	9b16      	ldr	r3, [sp, #88]	@ 0x58
100067b8:	9414      	str	r4, [sp, #80]	@ 0x50
100067ba:	4644      	mov	r4, r8
100067bc:	4698      	mov	r8, r3
100067be:	9b17      	ldr	r3, [sp, #92]	@ 0x5c
100067c0:	4656      	mov	r6, sl
100067c2:	464d      	mov	r5, r9
100067c4:	469a      	mov	sl, r3
100067c6:	9815      	ldr	r0, [sp, #84]	@ 0x54
100067c8:	9f18      	ldr	r7, [sp, #96]	@ 0x60
100067ca:	4643      	mov	r3, r8
100067cc:	9305      	str	r3, [sp, #20]
100067ce:	4653      	mov	r3, sl
100067d0:	9304      	str	r3, [sp, #16]
100067d2:	9b0d      	ldr	r3, [sp, #52]	@ 0x34
100067d4:	9006      	str	r0, [sp, #24]
100067d6:	9303      	str	r3, [sp, #12]
100067d8:	2300      	movs	r3, #0
100067da:	9302      	str	r3, [sp, #8]
100067dc:	9b14      	ldr	r3, [sp, #80]	@ 0x50
100067de:	e5eb      	b.n	100063b8 <_vsnprintf+0x750>
100067e0:	2800      	cmp	r0, #0
100067e2:	d1a1      	bne.n	10006728 <_vsnprintf+0xac0>
100067e4:	e772      	b.n	100066cc <_vsnprintf+0xa64>
100067e6:	9b0c      	ldr	r3, [sp, #48]	@ 0x30
100067e8:	681b      	ldr	r3, [r3, #0]
100067ea:	17d9      	asrs	r1, r3, #31
100067ec:	185a      	adds	r2, r3, r1
100067ee:	404a      	eors	r2, r1
100067f0:	e5a6      	b.n	10006340 <_vsnprintf+0x6d8>
100067f2:	2380      	movs	r3, #128	@ 0x80
100067f4:	0010      	movs	r0, r2
100067f6:	00db      	lsls	r3, r3, #3
100067f8:	4018      	ands	r0, r3
100067fa:	469c      	mov	ip, r3
100067fc:	900f      	str	r0, [sp, #60]	@ 0x3c
100067fe:	421a      	tst	r2, r3
10006800:	d00f      	beq.n	10006822 <_vsnprintf+0xbba>
10006802:	2002      	movs	r0, #2
10006804:	0003      	movs	r3, r0
10006806:	4013      	ands	r3, r2
10006808:	930f      	str	r3, [sp, #60]	@ 0x3c
1000680a:	4210      	tst	r0, r2
1000680c:	d019      	beq.n	10006842 <_vsnprintf+0xbda>
1000680e:	2300      	movs	r3, #0
10006810:	46a1      	mov	r9, r4
10006812:	930f      	str	r3, [sp, #60]	@ 0x3c
10006814:	e54c      	b.n	100062b0 <_vsnprintf+0x648>
10006816:	9b0c      	ldr	r3, [sp, #48]	@ 0x30
10006818:	681b      	ldr	r3, [r3, #0]
1000681a:	9309      	str	r3, [sp, #36]	@ 0x24
1000681c:	e4e4      	b.n	100061e8 <_vsnprintf+0x580>
1000681e:	000a      	movs	r2, r1
10006820:	e434      	b.n	1000608c <_vsnprintf+0x424>
10006822:	2302      	movs	r3, #2
10006824:	0018      	movs	r0, r3
10006826:	4010      	ands	r0, r2
10006828:	900d      	str	r0, [sp, #52]	@ 0x34
1000682a:	4213      	tst	r3, r2
1000682c:	d000      	beq.n	10006830 <_vsnprintf+0xbc8>
1000682e:	e53e      	b.n	100062ae <_vsnprintf+0x646>
10006830:	4643      	mov	r3, r8
10006832:	2b00      	cmp	r3, #0
10006834:	d000      	beq.n	10006838 <_vsnprintf+0xbd0>
10006836:	e642      	b.n	100064be <_vsnprintf+0x856>
10006838:	f7ff fb71 	bl	10005f1e <_vsnprintf+0x2b6>
1000683c:	3301      	adds	r3, #1
1000683e:	930f      	str	r3, [sp, #60]	@ 0x3c
10006840:	e47f      	b.n	10006142 <_vsnprintf+0x4da>
10006842:	4663      	mov	r3, ip
10006844:	930d      	str	r3, [sp, #52]	@ 0x34
10006846:	e7f3      	b.n	10006830 <_vsnprintf+0xbc8>

10006848 <__wrap_snprintf>:
10006848:	b40c      	push	{r2, r3}
1000684a:	b530      	push	{r4, r5, lr}
1000684c:	b085      	sub	sp, #20
1000684e:	ac08      	add	r4, sp, #32
10006850:	cc08      	ldmia	r4!, {r3}
10006852:	4d06      	ldr	r5, [pc, #24]	@ (1000686c <__wrap_snprintf+0x24>)
10006854:	000a      	movs	r2, r1
10006856:	9400      	str	r4, [sp, #0]
10006858:	0001      	movs	r1, r0
1000685a:	0028      	movs	r0, r5
1000685c:	9403      	str	r4, [sp, #12]
1000685e:	f7ff fa03 	bl	10005c68 <_vsnprintf>
10006862:	b005      	add	sp, #20
10006864:	bc30      	pop	{r4, r5}
10006866:	bc08      	pop	{r3}
10006868:	b002      	add	sp, #8
1000686a:	4718      	bx	r3
1000686c:	10004fb1 	.word	0x10004fb1

10006870 <weak_raw_vprintf>:
10006870:	b510      	push	{r4, lr}
10006872:	4a09      	ldr	r2, [pc, #36]	@ (10006898 <weak_raw_vprintf+0x28>)
10006874:	0003      	movs	r3, r0
10006876:	6814      	ldr	r4, [r2, #0]
10006878:	b084      	sub	sp, #16
1000687a:	2c00      	cmp	r4, #0
1000687c:	d008      	beq.n	10006890 <weak_raw_vprintf+0x20>
1000687e:	2201      	movs	r2, #1
10006880:	9100      	str	r1, [sp, #0]
10006882:	4806      	ldr	r0, [pc, #24]	@ (1000689c <weak_raw_vprintf+0x2c>)
10006884:	4252      	negs	r2, r2
10006886:	a903      	add	r1, sp, #12
10006888:	47a0      	blx	r4
1000688a:	2001      	movs	r0, #1
1000688c:	b004      	add	sp, #16
1000688e:	bd10      	pop	{r4, pc}
10006890:	f000 fff2 	bl	10007878 <__wrap_puts>
10006894:	2000      	movs	r0, #0
10006896:	e7f9      	b.n	1000688c <weak_raw_vprintf+0x1c>
10006898:	20005ee0 	.word	0x20005ee0
1000689c:	10005235 	.word	0x10005235

100068a0 <__aeabi_bits_init>:
100068a0:	4801      	ldr	r0, [pc, #4]	@ (100068a8 <__aeabi_bits_init+0x8>)
100068a2:	2104      	movs	r1, #4
100068a4:	4b01      	ldr	r3, [pc, #4]	@ (100068ac <__aeabi_bits_init+0xc>)
100068a6:	4718      	bx	r3
100068a8:	20000a80 	.word	0x20000a80
100068ac:	100068d1 	.word	0x100068d1

100068b0 <rom_func_lookup>:
100068b0:	2300      	movs	r3, #0
100068b2:	b510      	push	{r4, lr}
100068b4:	0001      	movs	r1, r0
100068b6:	8a98      	ldrh	r0, [r3, #20]
100068b8:	8b1b      	ldrh	r3, [r3, #24]
100068ba:	4798      	blx	r3
100068bc:	bd10      	pop	{r4, pc}
100068be:	46c0      	nop			@ (mov r8, r8)

100068c0 <rom_data_lookup>:
100068c0:	2316      	movs	r3, #22
100068c2:	b510      	push	{r4, lr}
100068c4:	0001      	movs	r1, r0
100068c6:	8818      	ldrh	r0, [r3, #0]
100068c8:	3302      	adds	r3, #2
100068ca:	881b      	ldrh	r3, [r3, #0]
100068cc:	4798      	blx	r3
100068ce:	bd10      	pop	{r4, pc}

100068d0 <rom_funcs_lookup>:
100068d0:	b5f8      	push	{r3, r4, r5, r6, r7, lr}
100068d2:	4647      	mov	r7, r8
100068d4:	46ce      	mov	lr, r9
100068d6:	b580      	push	{r7, lr}
100068d8:	1e0f      	subs	r7, r1, #0
100068da:	d018      	beq.n	1000690e <rom_funcs_lookup+0x3e>
100068dc:	2314      	movs	r3, #20
100068de:	4699      	mov	r9, r3
100068e0:	3304      	adds	r3, #4
100068e2:	0004      	movs	r4, r0
100068e4:	2500      	movs	r5, #0
100068e6:	2601      	movs	r6, #1
100068e8:	4698      	mov	r8, r3
100068ea:	464b      	mov	r3, r9
100068ec:	8818      	ldrh	r0, [r3, #0]
100068ee:	4643      	mov	r3, r8
100068f0:	6821      	ldr	r1, [r4, #0]
100068f2:	881b      	ldrh	r3, [r3, #0]
100068f4:	4798      	blx	r3
100068f6:	c401      	stmia	r4!, {r0}
100068f8:	1e43      	subs	r3, r0, #1
100068fa:	4198      	sbcs	r0, r3
100068fc:	3501      	adds	r5, #1
100068fe:	4006      	ands	r6, r0
10006900:	42af      	cmp	r7, r5
10006902:	d1f2      	bne.n	100068ea <rom_funcs_lookup+0x1a>
10006904:	0030      	movs	r0, r6
10006906:	bcc0      	pop	{r6, r7}
10006908:	46b9      	mov	r9, r7
1000690a:	46b0      	mov	r8, r6
1000690c:	bdf8      	pop	{r3, r4, r5, r6, r7, pc}
1000690e:	2601      	movs	r6, #1
10006910:	e7f8      	b.n	10006904 <rom_funcs_lookup+0x34>
10006912:	46c0      	nop			@ (mov r8, r8)

10006914 <__wrap___aeabi_idiv>:
10006914:	4a12      	ldr	r2, [pc, #72]	@ (10006960 <divmod_s32s32_savestate+0x18>)
10006916:	6f93      	ldr	r3, [r2, #120]	@ 0x78
10006918:	089b      	lsrs	r3, r3, #2
1000691a:	d215      	bcs.n	10006948 <divmod_s32s32_savestate>

1000691c <divmod_s32s32_unsafe>:
1000691c:	6690      	str	r0, [r2, #104]	@ 0x68
1000691e:	66d1      	str	r1, [r2, #108]	@ 0x6c
10006920:	2900      	cmp	r1, #0
10006922:	d005      	beq.n	10006930 <divmod_s32s32_unsafe+0x14>
10006924:	e7ff      	b.n	10006926 <divmod_s32s32_unsafe+0xa>
10006926:	e7ff      	b.n	10006928 <divmod_s32s32_unsafe+0xc>
10006928:	e7ff      	b.n	1000692a <divmod_s32s32_unsafe+0xe>
1000692a:	6f51      	ldr	r1, [r2, #116]	@ 0x74
1000692c:	6f10      	ldr	r0, [r2, #112]	@ 0x70
1000692e:	4770      	bx	lr
10006930:	b504      	push	{r2, lr}
10006932:	2180      	movs	r1, #128	@ 0x80
10006934:	0609      	lsls	r1, r1, #24
10006936:	17c2      	asrs	r2, r0, #31
10006938:	4051      	eors	r1, r2
1000693a:	2800      	cmp	r0, #0
1000693c:	d000      	beq.n	10006940 <divmod_s32s32_unsafe+0x24>
1000693e:	43c8      	mvns	r0, r1
10006940:	f001 fcae 	bl	100082a0 <____aeabi_idiv0_veneer>
10006944:	2100      	movs	r1, #0
10006946:	bd04      	pop	{r2, pc}

10006948 <divmod_s32s32_savestate>:
10006948:	b5f0      	push	{r4, r5, r6, r7, lr}
1000694a:	6e14      	ldr	r4, [r2, #96]	@ 0x60
1000694c:	6e55      	ldr	r5, [r2, #100]	@ 0x64
1000694e:	6f57      	ldr	r7, [r2, #116]	@ 0x74
10006950:	6f16      	ldr	r6, [r2, #112]	@ 0x70
10006952:	f7ff ffe3 	bl	1000691c <divmod_s32s32_unsafe>
10006956:	6614      	str	r4, [r2, #96]	@ 0x60
10006958:	6655      	str	r5, [r2, #100]	@ 0x64
1000695a:	6757      	str	r7, [r2, #116]	@ 0x74
1000695c:	6716      	str	r6, [r2, #112]	@ 0x70
1000695e:	bdf0      	pop	{r4, r5, r6, r7, pc}
10006960:	d0000000 	.word	0xd0000000

10006964 <__wrap___aeabi_uidiv>:
10006964:	4a11      	ldr	r2, [pc, #68]	@ (100069ac <divmod_u32u32_savestate+0x18>)
10006966:	6f93      	ldr	r3, [r2, #120]	@ 0x78
10006968:	089b      	lsrs	r3, r3, #2
1000696a:	d213      	bcs.n	10006994 <divmod_u32u32_savestate>

1000696c <divmod_u32u32_unsafe>:
1000696c:	6610      	str	r0, [r2, #96]	@ 0x60
1000696e:	6651      	str	r1, [r2, #100]	@ 0x64
10006970:	2900      	cmp	r1, #0
10006972:	d005      	beq.n	10006980 <divmod_u32u32_unsafe+0x14>
10006974:	e7ff      	b.n	10006976 <divmod_u32u32_unsafe+0xa>
10006976:	e7ff      	b.n	10006978 <divmod_u32u32_unsafe+0xc>
10006978:	e7ff      	b.n	1000697a <divmod_u32u32_unsafe+0xe>
1000697a:	6f51      	ldr	r1, [r2, #116]	@ 0x74
1000697c:	6f10      	ldr	r0, [r2, #112]	@ 0x70
1000697e:	4770      	bx	lr
10006980:	b504      	push	{r2, lr}
10006982:	2800      	cmp	r0, #0
10006984:	d001      	beq.n	1000698a <divmod_u32u32_unsafe+0x1e>
10006986:	2000      	movs	r0, #0
10006988:	43c0      	mvns	r0, r0
1000698a:	f001 fc89 	bl	100082a0 <____aeabi_idiv0_veneer>
1000698e:	2100      	movs	r1, #0
10006990:	bd04      	pop	{r2, pc}
10006992:	46c0      	nop			@ (mov r8, r8)

10006994 <divmod_u32u32_savestate>:
10006994:	b5f0      	push	{r4, r5, r6, r7, lr}
10006996:	6e14      	ldr	r4, [r2, #96]	@ 0x60
10006998:	6e55      	ldr	r5, [r2, #100]	@ 0x64
1000699a:	6f57      	ldr	r7, [r2, #116]	@ 0x74
1000699c:	6f16      	ldr	r6, [r2, #112]	@ 0x70
1000699e:	f7ff ffe5 	bl	1000696c <divmod_u32u32_unsafe>
100069a2:	6614      	str	r4, [r2, #96]	@ 0x60
100069a4:	6655      	str	r5, [r2, #100]	@ 0x64
100069a6:	6757      	str	r7, [r2, #116]	@ 0x74
100069a8:	6716      	str	r6, [r2, #112]	@ 0x70
100069aa:	bdf0      	pop	{r4, r5, r6, r7, pc}
100069ac:	d0000000 	.word	0xd0000000

100069b0 <__wrap___aeabi_ldivmod>:
100069b0:	4694      	mov	ip, r2
100069b2:	4a4a      	ldr	r2, [pc, #296]	@ (10006adc <udiv0+0x1a>)
100069b4:	6f92      	ldr	r2, [r2, #120]	@ 0x78
100069b6:	0892      	lsrs	r2, r2, #2
100069b8:	4662      	mov	r2, ip
100069ba:	d201      	bcs.n	100069c0 <divmod_s64s64_savestate>
100069bc:	e028      	b.n	10006a10 <divmod_s64s64_unsafe>
100069be:	46c0      	nop			@ (mov r8, r8)

100069c0 <divmod_s64s64_savestate>:
100069c0:	b5f0      	push	{r4, r5, r6, r7, lr}
100069c2:	4e46      	ldr	r6, [pc, #280]	@ (10006adc <udiv0+0x1a>)
100069c4:	6e34      	ldr	r4, [r6, #96]	@ 0x60
100069c6:	6e75      	ldr	r5, [r6, #100]	@ 0x64
100069c8:	6f77      	ldr	r7, [r6, #116]	@ 0x74
100069ca:	6f36      	ldr	r6, [r6, #112]	@ 0x70
100069cc:	f000 f820 	bl	10006a10 <divmod_s64s64_unsafe>
100069d0:	4694      	mov	ip, r2
100069d2:	4a42      	ldr	r2, [pc, #264]	@ (10006adc <udiv0+0x1a>)
100069d4:	6614      	str	r4, [r2, #96]	@ 0x60
100069d6:	6655      	str	r5, [r2, #100]	@ 0x64
100069d8:	6757      	str	r7, [r2, #116]	@ 0x74
100069da:	6716      	str	r6, [r2, #112]	@ 0x70
100069dc:	4662      	mov	r2, ip
100069de:	bdf0      	pop	{r4, r5, r6, r7, pc}

100069e0 <__wrap___aeabi_uldivmod>:
100069e0:	4694      	mov	ip, r2
100069e2:	4a3e      	ldr	r2, [pc, #248]	@ (10006adc <udiv0+0x1a>)
100069e4:	6f92      	ldr	r2, [r2, #120]	@ 0x78
100069e6:	0892      	lsrs	r2, r2, #2
100069e8:	4662      	mov	r2, ip
100069ea:	d201      	bcs.n	100069f0 <divmod_u64u64_savestate>
100069ec:	e054      	b.n	10006a98 <divmod_u64u64_unsafe>
100069ee:	46c0      	nop			@ (mov r8, r8)

100069f0 <divmod_u64u64_savestate>:
100069f0:	b5f0      	push	{r4, r5, r6, r7, lr}
100069f2:	4e3a      	ldr	r6, [pc, #232]	@ (10006adc <udiv0+0x1a>)
100069f4:	6e34      	ldr	r4, [r6, #96]	@ 0x60
100069f6:	6e75      	ldr	r5, [r6, #100]	@ 0x64
100069f8:	6f77      	ldr	r7, [r6, #116]	@ 0x74
100069fa:	6f36      	ldr	r6, [r6, #112]	@ 0x70
100069fc:	f000 f84c 	bl	10006a98 <divmod_u64u64_unsafe>
10006a00:	4694      	mov	ip, r2
10006a02:	4a36      	ldr	r2, [pc, #216]	@ (10006adc <udiv0+0x1a>)
10006a04:	6614      	str	r4, [r2, #96]	@ 0x60
10006a06:	6655      	str	r5, [r2, #100]	@ 0x64
10006a08:	6757      	str	r7, [r2, #116]	@ 0x74
10006a0a:	6716      	str	r6, [r2, #112]	@ 0x70
10006a0c:	4662      	mov	r2, ip
10006a0e:	bdf0      	pop	{r4, r5, r6, r7, pc}

10006a10 <divmod_s64s64_unsafe>:
10006a10:	2b00      	cmp	r3, #0
10006a12:	db24      	blt.n	10006a5e <l42_1+0x26>
10006a14:	d011      	beq.n	10006a3a <l42_1+0x2>
10006a16:	2900      	cmp	r1, #0
10006a18:	da3e      	bge.n	10006a98 <divmod_u64u64_unsafe>
10006a1a:	b500      	push	{lr}
10006a1c:	43c9      	mvns	r1, r1
10006a1e:	4240      	negs	r0, r0
10006a20:	d100      	bne.n	10006a24 <l40_1>
10006a22:	3101      	adds	r1, #1

10006a24 <l40_1>:
10006a24:	f000 f838 	bl	10006a98 <divmod_u64u64_unsafe>
10006a28:	43c9      	mvns	r1, r1
10006a2a:	4240      	negs	r0, r0
10006a2c:	d100      	bne.n	10006a30 <l41_1>
10006a2e:	3101      	adds	r1, #1

10006a30 <l41_1>:
10006a30:	43db      	mvns	r3, r3
10006a32:	4252      	negs	r2, r2
10006a34:	d100      	bne.n	10006a38 <l42_1>
10006a36:	3301      	adds	r3, #1

10006a38 <l42_1>:
10006a38:	bd00      	pop	{pc}
10006a3a:	2a00      	cmp	r2, #0
10006a3c:	d1eb      	bne.n	10006a16 <divmod_s64s64_unsafe+0x6>
10006a3e:	2800      	cmp	r0, #0
10006a40:	d101      	bne.n	10006a46 <l42_1+0xe>
10006a42:	2900      	cmp	r1, #0
10006a44:	d005      	beq.n	10006a52 <l42_1+0x1a>
10006a46:	2000      	movs	r0, #0
10006a48:	0fc9      	lsrs	r1, r1, #31
10006a4a:	07c9      	lsls	r1, r1, #31
10006a4c:	d101      	bne.n	10006a52 <l42_1+0x1a>
10006a4e:	43c0      	mvns	r0, r0
10006a50:	0841      	lsrs	r1, r0, #1
10006a52:	b500      	push	{lr}
10006a54:	f001 fc1c 	bl	10008290 <____aeabi_ldiv0_veneer>
10006a58:	2200      	movs	r2, #0
10006a5a:	2300      	movs	r3, #0
10006a5c:	bd00      	pop	{pc}
10006a5e:	b500      	push	{lr}
10006a60:	2900      	cmp	r1, #0
10006a62:	db0a      	blt.n	10006a7a <l44_1+0x2>
10006a64:	43db      	mvns	r3, r3
10006a66:	4252      	negs	r2, r2
10006a68:	d100      	bne.n	10006a6c <l43_1>
10006a6a:	3301      	adds	r3, #1

10006a6c <l43_1>:
10006a6c:	f000 f814 	bl	10006a98 <divmod_u64u64_unsafe>
10006a70:	43c9      	mvns	r1, r1
10006a72:	4240      	negs	r0, r0
10006a74:	d100      	bne.n	10006a78 <l44_1>
10006a76:	3101      	adds	r1, #1

10006a78 <l44_1>:
10006a78:	bd00      	pop	{pc}
10006a7a:	43c9      	mvns	r1, r1
10006a7c:	4240      	negs	r0, r0
10006a7e:	d100      	bne.n	10006a82 <l45_1>
10006a80:	3101      	adds	r1, #1

10006a82 <l45_1>:
10006a82:	43db      	mvns	r3, r3
10006a84:	4252      	negs	r2, r2
10006a86:	d100      	bne.n	10006a8a <l46_1>
10006a88:	3301      	adds	r3, #1

10006a8a <l46_1>:
10006a8a:	f000 f805 	bl	10006a98 <divmod_u64u64_unsafe>
10006a8e:	43db      	mvns	r3, r3
10006a90:	4252      	negs	r2, r2
10006a92:	d100      	bne.n	10006a96 <l47_1>
10006a94:	3301      	adds	r3, #1

10006a96 <l47_1>:
10006a96:	bd00      	pop	{pc}

10006a98 <divmod_u64u64_unsafe>:
10006a98:	2900      	cmp	r1, #0
10006a9a:	d123      	bne.n	10006ae4 <y64>
10006a9c:	2b00      	cmp	r3, #0
10006a9e:	d118      	bne.n	10006ad2 <udiv0+0x10>
10006aa0:	2a00      	cmp	r2, #0
10006aa2:	d00c      	beq.n	10006abe <divmod_u64u64_unsafe+0x26>
10006aa4:	46bc      	mov	ip, r7
10006aa6:	4f0d      	ldr	r7, [pc, #52]	@ (10006adc <udiv0+0x1a>)
10006aa8:	6638      	str	r0, [r7, #96]	@ 0x60
10006aaa:	667a      	str	r2, [r7, #100]	@ 0x64
10006aac:	2100      	movs	r1, #0
10006aae:	2300      	movs	r3, #0
10006ab0:	e7ff      	b.n	10006ab2 <divmod_u64u64_unsafe+0x1a>
10006ab2:	e7ff      	b.n	10006ab4 <divmod_u64u64_unsafe+0x1c>
10006ab4:	e7ff      	b.n	10006ab6 <divmod_u64u64_unsafe+0x1e>
10006ab6:	6f7a      	ldr	r2, [r7, #116]	@ 0x74
10006ab8:	6f38      	ldr	r0, [r7, #112]	@ 0x70
10006aba:	4667      	mov	r7, ip
10006abc:	4770      	bx	lr
10006abe:	2800      	cmp	r0, #0
10006ac0:	d001      	beq.n	10006ac6 <udiv0+0x4>

10006ac2 <udiv0>:
10006ac2:	4807      	ldr	r0, [pc, #28]	@ (10006ae0 <udiv0+0x1e>)
10006ac4:	0001      	movs	r1, r0
10006ac6:	b500      	push	{lr}
10006ac8:	f001 fbe2 	bl	10008290 <____aeabi_ldiv0_veneer>
10006acc:	2200      	movs	r2, #0
10006ace:	2300      	movs	r3, #0
10006ad0:	bd00      	pop	{pc}
10006ad2:	0002      	movs	r2, r0
10006ad4:	000b      	movs	r3, r1
10006ad6:	2000      	movs	r0, #0
10006ad8:	2100      	movs	r1, #0
10006ada:	4770      	bx	lr
10006adc:	d0000000 	.word	0xd0000000
10006ae0:	ffffffff 	.word	0xffffffff

10006ae4 <y64>:
10006ae4:	2b00      	cmp	r3, #0
10006ae6:	d000      	beq.n	10006aea <y64+0x6>
10006ae8:	e0bf      	b.n	10006c6a <y64_x48>
10006aea:	0c13      	lsrs	r3, r2, #16
10006aec:	d128      	bne.n	10006b40 <y64_x32>
10006aee:	2a00      	cmp	r2, #0
10006af0:	d0e7      	beq.n	10006ac2 <udiv0>
10006af2:	b480      	push	{r7}
10006af4:	4f11      	ldr	r7, [pc, #68]	@ (10006b3c <y64+0x58>)
10006af6:	6639      	str	r1, [r7, #96]	@ 0x60
10006af8:	667a      	str	r2, [r7, #100]	@ 0x64
10006afa:	e7ff      	b.n	10006afc <y64+0x18>
10006afc:	e7ff      	b.n	10006afe <y64+0x1a>
10006afe:	b430      	push	{r4, r5}
10006b00:	0c04      	lsrs	r4, r0, #16
10006b02:	6f7b      	ldr	r3, [r7, #116]	@ 0x74
10006b04:	6f39      	ldr	r1, [r7, #112]	@ 0x70
10006b06:	041b      	lsls	r3, r3, #16
10006b08:	4323      	orrs	r3, r4
10006b0a:	663b      	str	r3, [r7, #96]	@ 0x60
10006b0c:	667a      	str	r2, [r7, #100]	@ 0x64
10006b0e:	e7ff      	b.n	10006b10 <y64+0x2c>
10006b10:	e7ff      	b.n	10006b12 <y64+0x2e>
10006b12:	e7ff      	b.n	10006b14 <y64+0x30>
10006b14:	46c0      	nop			@ (mov r8, r8)
10006b16:	b284      	uxth	r4, r0
10006b18:	6f7b      	ldr	r3, [r7, #116]	@ 0x74
10006b1a:	6f3d      	ldr	r5, [r7, #112]	@ 0x70
10006b1c:	041b      	lsls	r3, r3, #16
10006b1e:	4323      	orrs	r3, r4
10006b20:	663b      	str	r3, [r7, #96]	@ 0x60
10006b22:	667a      	str	r2, [r7, #100]	@ 0x64
10006b24:	e7ff      	b.n	10006b26 <y64+0x42>
10006b26:	e7ff      	b.n	10006b28 <y64+0x44>
10006b28:	46c0      	nop			@ (mov r8, r8)
10006b2a:	2300      	movs	r3, #0
10006b2c:	042c      	lsls	r4, r5, #16
10006b2e:	0c2d      	lsrs	r5, r5, #16
10006b30:	6f7a      	ldr	r2, [r7, #116]	@ 0x74
10006b32:	6f38      	ldr	r0, [r7, #112]	@ 0x70
10006b34:	1900      	adds	r0, r0, r4
10006b36:	4169      	adcs	r1, r5
10006b38:	bcb0      	pop	{r4, r5, r7}
10006b3a:	4770      	bx	lr
10006b3c:	d0000000 	.word	0xd0000000

10006b40 <y64_x32>:
10006b40:	b5f0      	push	{r4, r5, r6, r7, lr}
10006b42:	4694      	mov	ip, r2
10006b44:	2500      	movs	r5, #0
10006b46:	0e14      	lsrs	r4, r2, #24
10006b48:	d101      	bne.n	10006b4e <y64_x32+0xe>
10006b4a:	0212      	lsls	r2, r2, #8
10006b4c:	3508      	adds	r5, #8
10006b4e:	0f14      	lsrs	r4, r2, #28
10006b50:	d101      	bne.n	10006b56 <y64_x32+0x16>
10006b52:	0112      	lsls	r2, r2, #4
10006b54:	3504      	adds	r5, #4
10006b56:	0f94      	lsrs	r4, r2, #30
10006b58:	d101      	bne.n	10006b5e <y64_x32+0x1e>
10006b5a:	0092      	lsls	r2, r2, #2
10006b5c:	3502      	adds	r5, #2
10006b5e:	0fd4      	lsrs	r4, r2, #31
10006b60:	d101      	bne.n	10006b66 <y64_x32+0x26>
10006b62:	0052      	lsls	r2, r2, #1
10006b64:	3501      	adds	r5, #1
10006b66:	0bd4      	lsrs	r4, r2, #15
10006b68:	3401      	adds	r4, #1
10006b6a:	4f25      	ldr	r7, [pc, #148]	@ (10006c00 <y64_x32+0xc0>)
10006b6c:	667c      	str	r4, [r7, #100]	@ 0x64
10006b6e:	4c25      	ldr	r4, [pc, #148]	@ (10006c04 <y64_x32+0xc4>)
10006b70:	663c      	str	r4, [r7, #96]	@ 0x60
10006b72:	0c0e      	lsrs	r6, r1, #16
10006b74:	b293      	uxth	r3, r2
10006b76:	e7ff      	b.n	10006b78 <y64_x32+0x38>
10006b78:	e7ff      	b.n	10006b7a <y64_x32+0x3a>
10006b7a:	e7ff      	b.n	10006b7c <y64_x32+0x3c>
10006b7c:	6f3c      	ldr	r4, [r7, #112]	@ 0x70
10006b7e:	4366      	muls	r6, r4
10006b80:	0c36      	lsrs	r6, r6, #16
10006b82:	0377      	lsls	r7, r6, #13
10006b84:	46be      	mov	lr, r7
10006b86:	4373      	muls	r3, r6
10006b88:	0bdf      	lsrs	r7, r3, #15
10006b8a:	045b      	lsls	r3, r3, #17
10006b8c:	1ac0      	subs	r0, r0, r3
10006b8e:	41b9      	sbcs	r1, r7
10006b90:	0c13      	lsrs	r3, r2, #16
10006b92:	4373      	muls	r3, r6
10006b94:	18db      	adds	r3, r3, r3
10006b96:	1ac9      	subs	r1, r1, r3
10006b98:	08ce      	lsrs	r6, r1, #3
10006b9a:	4366      	muls	r6, r4
10006b9c:	0c36      	lsrs	r6, r6, #16
10006b9e:	44b6      	add	lr, r6
10006ba0:	b293      	uxth	r3, r2
10006ba2:	4373      	muls	r3, r6
10006ba4:	0f1f      	lsrs	r7, r3, #28
10006ba6:	011b      	lsls	r3, r3, #4
10006ba8:	1ac0      	subs	r0, r0, r3
10006baa:	41b9      	sbcs	r1, r7
10006bac:	0c13      	lsrs	r3, r2, #16
10006bae:	4373      	muls	r3, r6
10006bb0:	0b1f      	lsrs	r7, r3, #12
10006bb2:	051b      	lsls	r3, r3, #20
10006bb4:	1ac0      	subs	r0, r0, r3
10006bb6:	41b9      	sbcs	r1, r7
10006bb8:	0d86      	lsrs	r6, r0, #22
10006bba:	028f      	lsls	r7, r1, #10
10006bbc:	433e      	orrs	r6, r7
10006bbe:	4366      	muls	r6, r4
10006bc0:	0c36      	lsrs	r6, r6, #16
10006bc2:	2d09      	cmp	r5, #9
10006bc4:	db24      	blt.n	10006c10 <last0>
10006bc6:	0a52      	lsrs	r2, r2, #9
10006bc8:	4372      	muls	r2, r6
10006bca:	1a80      	subs	r0, r0, r2
10006bcc:	0377      	lsls	r7, r6, #13
10006bce:	0a46      	lsrs	r6, r0, #9
10006bd0:	4366      	muls	r6, r4
10006bd2:	0c36      	lsrs	r6, r6, #16
10006bd4:	2316      	movs	r3, #22
10006bd6:	1b5b      	subs	r3, r3, r5
10006bd8:	40de      	lsrs	r6, r3
10006bda:	40df      	lsrs	r7, r3
10006bdc:	19bf      	adds	r7, r7, r6
10006bde:	4664      	mov	r4, ip
10006be0:	4366      	muls	r6, r4
10006be2:	1b82      	subs	r2, r0, r6
10006be4:	4670      	mov	r0, lr
10006be6:	3504      	adds	r5, #4
10006be8:	3306      	adds	r3, #6
10006bea:	0001      	movs	r1, r0
10006bec:	40d9      	lsrs	r1, r3
10006bee:	40a8      	lsls	r0, r5
10006bf0:	19c0      	adds	r0, r0, r7
10006bf2:	d300      	bcc.n	10006bf6 <y64_x32+0xb6>
10006bf4:	3101      	adds	r1, #1
10006bf6:	42a2      	cmp	r2, r4
10006bf8:	d206      	bcs.n	10006c08 <y64_x32+0xc8>
10006bfa:	2300      	movs	r3, #0
10006bfc:	bdf0      	pop	{r4, r5, r6, r7, pc}
10006bfe:	0000      	.short	0x0000
10006c00:	d0000000 	.word	0xd0000000
10006c04:	ffffffff 	.word	0xffffffff
10006c08:	1b12      	subs	r2, r2, r4
10006c0a:	3001      	adds	r0, #1
10006c0c:	d3f3      	bcc.n	10006bf6 <y64_x32+0xb6>
10006c0e:	e7f1      	b.n	10006bf4 <y64_x32+0xb4>

10006c10 <last0>:
10006c10:	2709      	movs	r7, #9
10006c12:	1b7f      	subs	r7, r7, r5
10006c14:	40fe      	lsrs	r6, r7
10006c16:	4664      	mov	r4, ip
10006c18:	b2a2      	uxth	r2, r4
10006c1a:	4372      	muls	r2, r6
10006c1c:	1a80      	subs	r0, r0, r2
10006c1e:	d200      	bcs.n	10006c22 <last0+0x12>
10006c20:	3901      	subs	r1, #1
10006c22:	0c22      	lsrs	r2, r4, #16
10006c24:	4372      	muls	r2, r6
10006c26:	0c13      	lsrs	r3, r2, #16
10006c28:	0412      	lsls	r2, r2, #16
10006c2a:	1a82      	subs	r2, r0, r2
10006c2c:	4199      	sbcs	r1, r3
10006c2e:	000b      	movs	r3, r1
10006c30:	4670      	mov	r0, lr
10006c32:	3504      	adds	r5, #4
10006c34:	3713      	adds	r7, #19
10006c36:	0001      	movs	r1, r0
10006c38:	40f9      	lsrs	r1, r7
10006c3a:	40a8      	lsls	r0, r5
10006c3c:	1980      	adds	r0, r0, r6
10006c3e:	d300      	bcc.n	10006c42 <last0+0x32>
10006c40:	3101      	adds	r1, #1
10006c42:	2b00      	cmp	r3, #0
10006c44:	d102      	bne.n	10006c4c <last0+0x3c>
10006c46:	42a2      	cmp	r2, r4
10006c48:	d20a      	bcs.n	10006c60 <last0+0x50>
10006c4a:	bdf0      	pop	{r4, r5, r6, r7, pc}
10006c4c:	3001      	adds	r0, #1
10006c4e:	d300      	bcc.n	10006c52 <last0+0x42>
10006c50:	3101      	adds	r1, #1
10006c52:	1b12      	subs	r2, r2, r4
10006c54:	d2fa      	bcs.n	10006c4c <last0+0x3c>
10006c56:	3b01      	subs	r3, #1
10006c58:	d1f8      	bne.n	10006c4c <last0+0x3c>
10006c5a:	42a2      	cmp	r2, r4
10006c5c:	d200      	bcs.n	10006c60 <last0+0x50>
10006c5e:	bdf0      	pop	{r4, r5, r6, r7, pc}
10006c60:	3001      	adds	r0, #1
10006c62:	d300      	bcc.n	10006c66 <last0+0x56>
10006c64:	3101      	adds	r1, #1
10006c66:	1b12      	subs	r2, r2, r4
10006c68:	e7f7      	b.n	10006c5a <last0+0x4a>

10006c6a <y64_x48>:
10006c6a:	b5f0      	push	{r4, r5, r6, r7, lr}
10006c6c:	0c1c      	lsrs	r4, r3, #16
10006c6e:	d000      	beq.n	10006c72 <y64_x48+0x8>
10006c70:	e080      	b.n	10006d74 <y64_x64>
10006c72:	b40c      	push	{r2, r3}
10006c74:	2500      	movs	r5, #0
10006c76:	0a1c      	lsrs	r4, r3, #8
10006c78:	d104      	bne.n	10006c84 <y64_x48+0x1a>
10006c7a:	021b      	lsls	r3, r3, #8
10006c7c:	0e16      	lsrs	r6, r2, #24
10006c7e:	4333      	orrs	r3, r6
10006c80:	0212      	lsls	r2, r2, #8
10006c82:	3508      	adds	r5, #8
10006c84:	0b1c      	lsrs	r4, r3, #12
10006c86:	d104      	bne.n	10006c92 <y64_x48+0x28>
10006c88:	011b      	lsls	r3, r3, #4
10006c8a:	0f16      	lsrs	r6, r2, #28
10006c8c:	4333      	orrs	r3, r6
10006c8e:	0112      	lsls	r2, r2, #4
10006c90:	3504      	adds	r5, #4
10006c92:	0b9c      	lsrs	r4, r3, #14
10006c94:	d104      	bne.n	10006ca0 <y64_x48+0x36>
10006c96:	009b      	lsls	r3, r3, #2
10006c98:	0f96      	lsrs	r6, r2, #30
10006c9a:	4333      	orrs	r3, r6
10006c9c:	0092      	lsls	r2, r2, #2
10006c9e:	3502      	adds	r5, #2
10006ca0:	0bdc      	lsrs	r4, r3, #15
10006ca2:	d102      	bne.n	10006caa <y64_x48+0x40>
10006ca4:	1892      	adds	r2, r2, r2
10006ca6:	415b      	adcs	r3, r3
10006ca8:	3501      	adds	r5, #1
10006caa:	001c      	movs	r4, r3
10006cac:	1897      	adds	r7, r2, r2
10006cae:	4164      	adcs	r4, r4
10006cb0:	3401      	adds	r4, #1
10006cb2:	4f46      	ldr	r7, [pc, #280]	@ (10006dcc <y64_x64+0x58>)
10006cb4:	667c      	str	r4, [r7, #100]	@ 0x64
10006cb6:	4c46      	ldr	r4, [pc, #280]	@ (10006dd0 <y64_x64+0x5c>)
10006cb8:	663c      	str	r4, [r7, #96]	@ 0x60
10006cba:	0c0e      	lsrs	r6, r1, #16
10006cbc:	e7ff      	b.n	10006cbe <y64_x48+0x54>
10006cbe:	e7ff      	b.n	10006cc0 <y64_x48+0x56>
10006cc0:	e7ff      	b.n	10006cc2 <y64_x48+0x58>
10006cc2:	46c0      	nop			@ (mov r8, r8)
10006cc4:	6f3c      	ldr	r4, [r7, #112]	@ 0x70
10006cc6:	4366      	muls	r6, r4
10006cc8:	0c36      	lsrs	r6, r6, #16
10006cca:	0377      	lsls	r7, r6, #13
10006ccc:	46be      	mov	lr, r7
10006cce:	b297      	uxth	r7, r2
10006cd0:	4377      	muls	r7, r6
10006cd2:	1bc0      	subs	r0, r0, r7
10006cd4:	d200      	bcs.n	10006cd8 <y64_x48+0x6e>
10006cd6:	3901      	subs	r1, #1
10006cd8:	1bc0      	subs	r0, r0, r7
10006cda:	d200      	bcs.n	10006cde <y64_x48+0x74>
10006cdc:	3901      	subs	r1, #1
10006cde:	b29f      	uxth	r7, r3
10006ce0:	4377      	muls	r7, r6
10006ce2:	1bc9      	subs	r1, r1, r7
10006ce4:	1bc9      	subs	r1, r1, r7
10006ce6:	0c17      	lsrs	r7, r2, #16
10006ce8:	4377      	muls	r7, r6
10006cea:	047e      	lsls	r6, r7, #17
10006cec:	0bff      	lsrs	r7, r7, #15
10006cee:	1b80      	subs	r0, r0, r6
10006cf0:	41b9      	sbcs	r1, r7
10006cf2:	08ce      	lsrs	r6, r1, #3
10006cf4:	4366      	muls	r6, r4
10006cf6:	0c36      	lsrs	r6, r6, #16
10006cf8:	2d0c      	cmp	r5, #12
10006cfa:	db33      	blt.n	10006d64 <last1>
10006cfc:	44b6      	add	lr, r6
10006cfe:	0b12      	lsrs	r2, r2, #12
10006d00:	051f      	lsls	r7, r3, #20
10006d02:	433a      	orrs	r2, r7
10006d04:	0b1b      	lsrs	r3, r3, #12
10006d06:	b297      	uxth	r7, r2
10006d08:	4377      	muls	r7, r6
10006d0a:	1bc0      	subs	r0, r0, r7
10006d0c:	d200      	bcs.n	10006d10 <y64_x48+0xa6>
10006d0e:	3901      	subs	r1, #1
10006d10:	b29f      	uxth	r7, r3
10006d12:	4377      	muls	r7, r6
10006d14:	1bc9      	subs	r1, r1, r7
10006d16:	0c17      	lsrs	r7, r2, #16
10006d18:	4377      	muls	r7, r6
10006d1a:	043e      	lsls	r6, r7, #16
10006d1c:	0c3f      	lsrs	r7, r7, #16
10006d1e:	1b80      	subs	r0, r0, r6
10006d20:	41b9      	sbcs	r1, r7
10006d22:	0d86      	lsrs	r6, r0, #22
10006d24:	028f      	lsls	r7, r1, #10
10006d26:	433e      	orrs	r6, r7
10006d28:	4366      	muls	r6, r4
10006d2a:	2729      	movs	r7, #41	@ 0x29
10006d2c:	1b7f      	subs	r7, r7, r5
10006d2e:	40fe      	lsrs	r6, r7
10006d30:	3d0c      	subs	r5, #12
10006d32:	4677      	mov	r7, lr
10006d34:	40af      	lsls	r7, r5
10006d36:	19bf      	adds	r7, r7, r6
10006d38:	bc30      	pop	{r4, r5}
10006d3a:	b2a2      	uxth	r2, r4
10006d3c:	b2ab      	uxth	r3, r5
10006d3e:	4372      	muls	r2, r6
10006d40:	4373      	muls	r3, r6
10006d42:	1a80      	subs	r0, r0, r2
10006d44:	4199      	sbcs	r1, r3
10006d46:	0c22      	lsrs	r2, r4, #16
10006d48:	4372      	muls	r2, r6
10006d4a:	0c13      	lsrs	r3, r2, #16
10006d4c:	0412      	lsls	r2, r2, #16
10006d4e:	1a80      	subs	r0, r0, r2
10006d50:	4199      	sbcs	r1, r3
10006d52:	0002      	movs	r2, r0
10006d54:	000b      	movs	r3, r1
10006d56:	3701      	adds	r7, #1
10006d58:	1b00      	subs	r0, r0, r4
10006d5a:	41a9      	sbcs	r1, r5
10006d5c:	d2f9      	bcs.n	10006d52 <y64_x48+0xe8>
10006d5e:	1e78      	subs	r0, r7, #1
10006d60:	2100      	movs	r1, #0
10006d62:	bdf0      	pop	{r4, r5, r6, r7, pc}

10006d64 <last1>:
10006d64:	270c      	movs	r7, #12
10006d66:	1b7f      	subs	r7, r7, r5
10006d68:	40fe      	lsrs	r6, r7
10006d6a:	4677      	mov	r7, lr
10006d6c:	0b7f      	lsrs	r7, r7, #13
10006d6e:	40af      	lsls	r7, r5
10006d70:	19ff      	adds	r7, r7, r7
10006d72:	e7e0      	b.n	10006d36 <y64_x48+0xcc>

10006d74 <y64_x64>:
10006d74:	2400      	movs	r4, #0
10006d76:	1c5d      	adds	r5, r3, #1
10006d78:	d007      	beq.n	10006d8a <y64_x64+0x16>
10006d7a:	4f14      	ldr	r7, [pc, #80]	@ (10006dcc <y64_x64+0x58>)
10006d7c:	667d      	str	r5, [r7, #100]	@ 0x64
10006d7e:	6639      	str	r1, [r7, #96]	@ 0x60
10006d80:	e7ff      	b.n	10006d82 <y64_x64+0xe>
10006d82:	e7ff      	b.n	10006d84 <y64_x64+0x10>
10006d84:	e7ff      	b.n	10006d86 <y64_x64+0x12>
10006d86:	e7ff      	b.n	10006d88 <y64_x64+0x14>
10006d88:	6f3c      	ldr	r4, [r7, #112]	@ 0x70
10006d8a:	b295      	uxth	r5, r2
10006d8c:	b29e      	uxth	r6, r3
10006d8e:	4365      	muls	r5, r4
10006d90:	4366      	muls	r6, r4
10006d92:	1b40      	subs	r0, r0, r5
10006d94:	41b1      	sbcs	r1, r6
10006d96:	0c15      	lsrs	r5, r2, #16
10006d98:	0c1e      	lsrs	r6, r3, #16
10006d9a:	4365      	muls	r5, r4
10006d9c:	4366      	muls	r6, r4
10006d9e:	0436      	lsls	r6, r6, #16
10006da0:	0c2f      	lsrs	r7, r5, #16
10006da2:	433e      	orrs	r6, r7
10006da4:	042d      	lsls	r5, r5, #16
10006da6:	1b40      	subs	r0, r0, r5
10006da8:	41b1      	sbcs	r1, r6
10006daa:	4299      	cmp	r1, r3
10006dac:	d204      	bcs.n	10006db8 <y64_x64+0x44>
10006dae:	0002      	movs	r2, r0
10006db0:	000b      	movs	r3, r1
10006db2:	0020      	movs	r0, r4
10006db4:	2100      	movs	r1, #0
10006db6:	bdf0      	pop	{r4, r5, r6, r7, pc}
10006db8:	d101      	bne.n	10006dbe <y64_x64+0x4a>
10006dba:	4290      	cmp	r0, r2
10006dbc:	d3f7      	bcc.n	10006dae <y64_x64+0x3a>
10006dbe:	1a80      	subs	r0, r0, r2
10006dc0:	4199      	sbcs	r1, r3
10006dc2:	3401      	adds	r4, #1
10006dc4:	4299      	cmp	r1, r3
10006dc6:	d3f2      	bcc.n	10006dae <y64_x64+0x3a>
10006dc8:	e7f6      	b.n	10006db8 <y64_x64+0x44>
10006dca:	0000      	.short	0x0000
10006dcc:	d0000000 	.word	0xd0000000
10006dd0:	ffffffff 	.word	0xffffffff

10006dd4 <__wrap___aeabi_drsub>:
10006dd4:	4048      	eors	r0, r1
10006dd6:	4041      	eors	r1, r0
10006dd8:	4048      	eors	r0, r1

10006dda <__wrap___aeabi_dsub>:
10006dda:	b418      	push	{r3, r4}
10006ddc:	4b1b      	ldr	r3, [pc, #108]	@ (10006e4c <__wrap___aeabi_dmul+0x12>)
10006dde:	685b      	ldr	r3, [r3, #4]
10006de0:	46fc      	mov	ip, pc
10006de2:	9301      	str	r3, [sp, #4]
10006de4:	bd08      	pop	{r3, pc}
10006de6:	df04      	.short	0xdf04
10006de8:	10007077 	.word	0x10007077

10006dec <__wrap___aeabi_dadd>:
10006dec:	b418      	push	{r3, r4}
10006dee:	4b17      	ldr	r3, [pc, #92]	@ (10006e4c <__wrap___aeabi_dmul+0x12>)
10006df0:	681b      	ldr	r3, [r3, #0]
10006df2:	46fc      	mov	ip, pc
10006df4:	9301      	str	r3, [sp, #4]
10006df6:	bd08      	pop	{r3, pc}
10006df8:	7081df00 	.word	0x7081df00
10006dfc:	1000      	.short	0x1000

10006dfe <__wrap___aeabi_ddiv>:
10006dfe:	4694      	mov	ip, r2
10006e00:	4a13      	ldr	r2, [pc, #76]	@ (10006e50 <__wrap___aeabi_dmul+0x16>)
10006e02:	6f92      	ldr	r2, [r2, #120]	@ 0x78
10006e04:	0892      	lsrs	r2, r2, #2
10006e06:	d209      	bcs.n	10006e1c <ddiv_save_state>
10006e08:	4662      	mov	r2, ip

10006e0a <ddiv_shim_call>:
10006e0a:	b418      	push	{r3, r4}
10006e0c:	4b0f      	ldr	r3, [pc, #60]	@ (10006e4c <__wrap___aeabi_dmul+0x12>)
10006e0e:	68db      	ldr	r3, [r3, #12]
10006e10:	46fc      	mov	ip, pc
10006e12:	9301      	str	r3, [sp, #4]
10006e14:	bd08      	pop	{r3, pc}
10006e16:	df0c      	.short	0xdf0c
10006e18:	10007339 	.word	0x10007339

10006e1c <ddiv_save_state>:
10006e1c:	4a0c      	ldr	r2, [pc, #48]	@ (10006e50 <__wrap___aeabi_dmul+0x16>)
10006e1e:	b5f0      	push	{r4, r5, r6, r7, lr}
10006e20:	6e14      	ldr	r4, [r2, #96]	@ 0x60
10006e22:	6e55      	ldr	r5, [r2, #100]	@ 0x64
10006e24:	6f57      	ldr	r7, [r2, #116]	@ 0x74
10006e26:	6f16      	ldr	r6, [r2, #112]	@ 0x70
10006e28:	4662      	mov	r2, ip
10006e2a:	f7ff ffee 	bl	10006e0a <ddiv_shim_call>
10006e2e:	4a08      	ldr	r2, [pc, #32]	@ (10006e50 <__wrap___aeabi_dmul+0x16>)
10006e30:	6614      	str	r4, [r2, #96]	@ 0x60
10006e32:	6655      	str	r5, [r2, #100]	@ 0x64
10006e34:	6757      	str	r7, [r2, #116]	@ 0x74
10006e36:	6716      	str	r6, [r2, #112]	@ 0x70
10006e38:	bdf0      	pop	{r4, r5, r6, r7, pc}

10006e3a <__wrap___aeabi_dmul>:
10006e3a:	b418      	push	{r3, r4}
10006e3c:	4b03      	ldr	r3, [pc, #12]	@ (10006e4c <__wrap___aeabi_dmul+0x12>)
10006e3e:	689b      	ldr	r3, [r3, #8]
10006e40:	46fc      	mov	ip, pc
10006e42:	9301      	str	r3, [sp, #4]
10006e44:	bd08      	pop	{r3, pc}
10006e46:	df08      	.short	0xdf08
10006e48:	100071dd 	.word	0x100071dd
10006e4c:	20000c08 	.word	0x20000c08
10006e50:	d0000000 	.word	0xd0000000

10006e54 <__wrap___aeabi_cdrcmple>:
10006e54:	b5ff      	push	{r0, r1, r2, r3, r4, r5, r6, r7, lr}
10006e56:	4050      	eors	r0, r2
10006e58:	4042      	eors	r2, r0
10006e5a:	4050      	eors	r0, r2
10006e5c:	4059      	eors	r1, r3
10006e5e:	404b      	eors	r3, r1
10006e60:	4059      	eors	r1, r3
10006e62:	e000      	b.n	10006e66 <__aeabi_dfcmple_guts>

10006e64 <__wrap___aeabi_cdcmpeq>:
10006e64:	b5ff      	push	{r0, r1, r2, r3, r4, r5, r6, r7, lr}

10006e66 <__aeabi_dfcmple_guts>:
10006e66:	4f15      	ldr	r7, [pc, #84]	@ (10006ebc <__aeabi_dfcmple_guts+0x56>)
10006e68:	004c      	lsls	r4, r1, #1
10006e6a:	0d64      	lsrs	r4, r4, #21
10006e6c:	d003      	beq.n	10006e76 <__aeabi_dfcmple_guts+0x10>
10006e6e:	42bc      	cmp	r4, r7
10006e70:	d104      	bne.n	10006e7c <__aeabi_dfcmple_guts+0x16>
10006e72:	030c      	lsls	r4, r1, #12
10006e74:	d814      	bhi.n	10006ea0 <__aeabi_dfcmple_guts+0x3a>
10006e76:	2000      	movs	r0, #0
10006e78:	0d09      	lsrs	r1, r1, #20
10006e7a:	0509      	lsls	r1, r1, #20
10006e7c:	005c      	lsls	r4, r3, #1
10006e7e:	0d64      	lsrs	r4, r4, #21
10006e80:	d003      	beq.n	10006e8a <__aeabi_dfcmple_guts+0x24>
10006e82:	42bc      	cmp	r4, r7
10006e84:	d104      	bne.n	10006e90 <__aeabi_dfcmple_guts+0x2a>
10006e86:	031c      	lsls	r4, r3, #12
10006e88:	d80a      	bhi.n	10006ea0 <__aeabi_dfcmple_guts+0x3a>
10006e8a:	2200      	movs	r2, #0
10006e8c:	0d1b      	lsrs	r3, r3, #20
10006e8e:	051b      	lsls	r3, r3, #20
10006e90:	2601      	movs	r6, #1
10006e92:	404b      	eors	r3, r1
10006e94:	d409      	bmi.n	10006eaa <__aeabi_dfcmple_guts+0x44>
10006e96:	404b      	eors	r3, r1
10006e98:	d503      	bpl.n	10006ea2 <__aeabi_dfcmple_guts+0x3c>
10006e9a:	428b      	cmp	r3, r1
10006e9c:	d100      	bne.n	10006ea0 <__aeabi_dfcmple_guts+0x3a>
10006e9e:	4282      	cmp	r2, r0
10006ea0:	bdff      	pop	{r0, r1, r2, r3, r4, r5, r6, r7, pc}
10006ea2:	4299      	cmp	r1, r3
10006ea4:	d1fc      	bne.n	10006ea0 <__aeabi_dfcmple_guts+0x3a>
10006ea6:	4290      	cmp	r0, r2
10006ea8:	bdff      	pop	{r0, r1, r2, r3, r4, r5, r6, r7, pc}
10006eaa:	430b      	orrs	r3, r1
10006eac:	18db      	adds	r3, r3, r3
10006eae:	4303      	orrs	r3, r0
10006eb0:	4313      	orrs	r3, r2
10006eb2:	d0f5      	beq.n	10006ea0 <__aeabi_dfcmple_guts+0x3a>
10006eb4:	43c9      	mvns	r1, r1
10006eb6:	1849      	adds	r1, r1, r1
10006eb8:	bdff      	pop	{r0, r1, r2, r3, r4, r5, r6, r7, pc}
10006eba:	0000      	.short	0x0000
10006ebc:	000007ff 	.word	0x000007ff

10006ec0 <__wrap___aeabi_dcmplt>:
10006ec0:	b500      	push	{lr}
10006ec2:	f7ff ffcf 	bl	10006e64 <__wrap___aeabi_cdcmpeq>
10006ec6:	4180      	sbcs	r0, r0
10006ec8:	bd00      	pop	{pc}
10006eca:	46c0      	nop			@ (mov r8, r8)

10006ecc <__wrap___aeabi_dcmple>:
10006ecc:	b500      	push	{lr}
10006ece:	f7ff ffc9 	bl	10006e64 <__wrap___aeabi_cdcmpeq>
10006ed2:	d901      	bls.n	10006ed8 <__wrap___aeabi_dcmple+0xc>
10006ed4:	2000      	movs	r0, #0
10006ed6:	bd00      	pop	{pc}
10006ed8:	2001      	movs	r0, #1
10006eda:	bd00      	pop	{pc}

10006edc <__wrap___aeabi_dcmpge>:
10006edc:	b500      	push	{lr}
10006ede:	f7ff ffb9 	bl	10006e54 <__wrap___aeabi_cdrcmple>
10006ee2:	d901      	bls.n	10006ee8 <__wrap___aeabi_dcmpge+0xc>
10006ee4:	2000      	movs	r0, #0
10006ee6:	bd00      	pop	{pc}
10006ee8:	2001      	movs	r0, #1
10006eea:	bd00      	pop	{pc}

10006eec <__wrap___aeabi_dcmpgt>:
10006eec:	b500      	push	{lr}
10006eee:	f7ff ffb1 	bl	10006e54 <__wrap___aeabi_cdrcmple>
10006ef2:	4180      	sbcs	r0, r0
10006ef4:	bd00      	pop	{pc}

10006ef6 <__wrap___aeabi_dcmpun>:
10006ef6:	2001      	movs	r0, #1
10006ef8:	0540      	lsls	r0, r0, #21
10006efa:	004a      	lsls	r2, r1, #1
10006efc:	1812      	adds	r2, r2, r0
10006efe:	d804      	bhi.n	10006f0a <__wrap___aeabi_dcmpun+0x14>
10006f00:	005a      	lsls	r2, r3, #1
10006f02:	1812      	adds	r2, r2, r0
10006f04:	d801      	bhi.n	10006f0a <__wrap___aeabi_dcmpun+0x14>
10006f06:	2000      	movs	r0, #0
10006f08:	4770      	bx	lr
10006f0a:	2001      	movs	r0, #1
10006f0c:	4770      	bx	lr
10006f0e:	2000      	movs	r0, #0
10006f10:	4770      	bx	lr
	...

10006f14 <__wrap___aeabi_ui2d>:
10006f14:	2100      	movs	r1, #0
10006f16:	2800      	cmp	r0, #0
10006f18:	d105      	bne.n	10006f26 <__wrap___aeabi_i2d+0xa>
10006f1a:	4770      	bx	lr

10006f1c <__wrap___aeabi_i2d>:
10006f1c:	17c1      	asrs	r1, r0, #31
10006f1e:	4048      	eors	r0, r1
10006f20:	1a40      	subs	r0, r0, r1
10006f22:	d0fa      	beq.n	10006f1a <__wrap___aeabi_ui2d+0x6>
10006f24:	07c9      	lsls	r1, r1, #31
10006f26:	b513      	push	{r0, r1, r4, lr}
10006f28:	4b06      	ldr	r3, [pc, #24]	@ (10006f44 <__wrap___aeabi_i2d+0x28>)
10006f2a:	681b      	ldr	r3, [r3, #0]
10006f2c:	4798      	blx	r3
10006f2e:	bc0c      	pop	{r2, r3}
10006f30:	1c44      	adds	r4, r0, #1
10006f32:	40a2      	lsls	r2, r4
10006f34:	0510      	lsls	r0, r2, #20
10006f36:	0b12      	lsrs	r2, r2, #12
10006f38:	4903      	ldr	r1, [pc, #12]	@ (10006f48 <__wrap___aeabi_i2d+0x2c>)
10006f3a:	1b09      	subs	r1, r1, r4
10006f3c:	0509      	lsls	r1, r1, #20
10006f3e:	4319      	orrs	r1, r3
10006f40:	4311      	orrs	r1, r2
10006f42:	bd10      	pop	{r4, pc}
10006f44:	200063cc 	.word	0x200063cc
10006f48:	0000041f 	.word	0x0000041f

10006f4c <__wrap___aeabi_d2iz>:
10006f4c:	b510      	push	{r4, lr}
10006f4e:	004c      	lsls	r4, r1, #1
10006f50:	0d62      	lsrs	r2, r4, #21
10006f52:	2380      	movs	r3, #128	@ 0x80
10006f54:	18d2      	adds	r2, r2, r3
10006f56:	00db      	lsls	r3, r3, #3
10006f58:	1ad2      	subs	r2, r2, r3
10006f5a:	055b      	lsls	r3, r3, #21
10006f5c:	2a7e      	cmp	r2, #126	@ 0x7e
10006f5e:	dd10      	ble.n	10006f82 <__wrap___aeabi_d2iz+0x36>
10006f60:	3a9e      	subs	r2, #158	@ 0x9e
10006f62:	da13      	bge.n	10006f8c <__wrap___aeabi_d2iz+0x40>
10006f64:	17cc      	asrs	r4, r1, #31
10006f66:	0309      	lsls	r1, r1, #12
10006f68:	0849      	lsrs	r1, r1, #1
10006f6a:	4319      	orrs	r1, r3
10006f6c:	4252      	negs	r2, r2
10006f6e:	40d1      	lsrs	r1, r2
10006f70:	0064      	lsls	r4, r4, #1
10006f72:	3401      	adds	r4, #1
10006f74:	3215      	adds	r2, #21
10006f76:	2a20      	cmp	r2, #32
10006f78:	da05      	bge.n	10006f86 <__wrap___aeabi_d2iz+0x3a>
10006f7a:	40d0      	lsrs	r0, r2
10006f7c:	4308      	orrs	r0, r1
10006f7e:	4360      	muls	r0, r4
10006f80:	bd10      	pop	{r4, pc}
10006f82:	2000      	movs	r0, #0
10006f84:	bd10      	pop	{r4, pc}
10006f86:	4608      	mov	r0, r1
10006f88:	4360      	muls	r0, r4
10006f8a:	bd10      	pop	{r4, pc}
10006f8c:	0fc8      	lsrs	r0, r1, #31
10006f8e:	18c0      	adds	r0, r0, r3
10006f90:	3801      	subs	r0, #1
10006f92:	bd10      	pop	{r4, pc}

10006f94 <__wrap___aeabi_d2uiz>:
10006f94:	b418      	push	{r3, r4}
10006f96:	4b04      	ldr	r3, [pc, #16]	@ (10006fa8 <__wrap___aeabi_d2uiz+0x14>)
10006f98:	6a5b      	ldr	r3, [r3, #36]	@ 0x24
10006f9a:	46fc      	mov	ip, pc
10006f9c:	9301      	str	r3, [sp, #4]
10006f9e:	bd08      	pop	{r3, pc}
10006fa0:	74e9df24 	.word	0x74e9df24
10006fa4:	00001000 	.word	0x00001000
10006fa8:	20000c08 	.word	0x20000c08

10006fac <__aeabi_double_init>:
10006fac:	2313      	movs	r3, #19
10006fae:	b570      	push	{r4, r5, r6, lr}
10006fb0:	781d      	ldrb	r5, [r3, #0]
10006fb2:	2d01      	cmp	r5, #1
10006fb4:	d015      	beq.n	10006fe2 <__aeabi_double_init+0x36>
10006fb6:	dd10      	ble.n	10006fda <__aeabi_double_init+0x2e>
10006fb8:	481d      	ldr	r0, [pc, #116]	@ (10007030 <__aeabi_double_init+0x84>)
10006fba:	f7ff fc81 	bl	100068c0 <rom_data_lookup>
10006fbe:	4c1d      	ldr	r4, [pc, #116]	@ (10007034 <__aeabi_double_init+0x88>)
10006fc0:	0001      	movs	r1, r0
10006fc2:	2280      	movs	r2, #128	@ 0x80
10006fc4:	0020      	movs	r0, r4
10006fc6:	f000 fbaf 	bl	10007728 <__wrap___aeabi_memcpy>
10006fca:	2d02      	cmp	r5, #2
10006fcc:	d02d      	beq.n	1000702a <__aeabi_double_init+0x7e>
10006fce:	481a      	ldr	r0, [pc, #104]	@ (10007038 <__aeabi_double_init+0x8c>)
10006fd0:	f7ff fc6e 	bl	100068b0 <rom_func_lookup>
10006fd4:	4b19      	ldr	r3, [pc, #100]	@ (1000703c <__aeabi_double_init+0x90>)
10006fd6:	6018      	str	r0, [r3, #0]
10006fd8:	bd70      	pop	{r4, r5, r6, pc}
10006fda:	4b19      	ldr	r3, [pc, #100]	@ (10007040 <__aeabi_double_init+0x94>)
10006fdc:	4c15      	ldr	r4, [pc, #84]	@ (10007034 <__aeabi_double_init+0x88>)
10006fde:	64a3      	str	r3, [r4, #72]	@ 0x48
10006fe0:	e7f5      	b.n	10006fce <__aeabi_double_init+0x22>
10006fe2:	4b17      	ldr	r3, [pc, #92]	@ (10007040 <__aeabi_double_init+0x94>)
10006fe4:	4c13      	ldr	r4, [pc, #76]	@ (10007034 <__aeabi_double_init+0x88>)
10006fe6:	6023      	str	r3, [r4, #0]
10006fe8:	6063      	str	r3, [r4, #4]
10006fea:	60a3      	str	r3, [r4, #8]
10006fec:	60e3      	str	r3, [r4, #12]
10006fee:	6123      	str	r3, [r4, #16]
10006ff0:	6163      	str	r3, [r4, #20]
10006ff2:	61a3      	str	r3, [r4, #24]
10006ff4:	61e3      	str	r3, [r4, #28]
10006ff6:	6223      	str	r3, [r4, #32]
10006ff8:	6263      	str	r3, [r4, #36]	@ 0x24
10006ffa:	62a3      	str	r3, [r4, #40]	@ 0x28
10006ffc:	62e3      	str	r3, [r4, #44]	@ 0x2c
10006ffe:	6323      	str	r3, [r4, #48]	@ 0x30
10007000:	6363      	str	r3, [r4, #52]	@ 0x34
10007002:	63a3      	str	r3, [r4, #56]	@ 0x38
10007004:	63e3      	str	r3, [r4, #60]	@ 0x3c
10007006:	6423      	str	r3, [r4, #64]	@ 0x40
10007008:	6463      	str	r3, [r4, #68]	@ 0x44
1000700a:	64a3      	str	r3, [r4, #72]	@ 0x48
1000700c:	64e3      	str	r3, [r4, #76]	@ 0x4c
1000700e:	6523      	str	r3, [r4, #80]	@ 0x50
10007010:	6563      	str	r3, [r4, #84]	@ 0x54
10007012:	65a3      	str	r3, [r4, #88]	@ 0x58
10007014:	65e3      	str	r3, [r4, #92]	@ 0x5c
10007016:	6623      	str	r3, [r4, #96]	@ 0x60
10007018:	6663      	str	r3, [r4, #100]	@ 0x64
1000701a:	66a3      	str	r3, [r4, #104]	@ 0x68
1000701c:	66e3      	str	r3, [r4, #108]	@ 0x6c
1000701e:	6723      	str	r3, [r4, #112]	@ 0x70
10007020:	6763      	str	r3, [r4, #116]	@ 0x74
10007022:	67a3      	str	r3, [r4, #120]	@ 0x78
10007024:	67e3      	str	r3, [r4, #124]	@ 0x7c
10007026:	64a3      	str	r3, [r4, #72]	@ 0x48
10007028:	e7d1      	b.n	10006fce <__aeabi_double_init+0x22>
1000702a:	4b05      	ldr	r3, [pc, #20]	@ (10007040 <__aeabi_double_init+0x94>)
1000702c:	64a3      	str	r3, [r4, #72]	@ 0x48
1000702e:	e7ce      	b.n	10006fce <__aeabi_double_init+0x22>
10007030:	00004453 	.word	0x00004453
10007034:	20000c08 	.word	0x20000c08
10007038:	0000334c 	.word	0x0000334c
1000703c:	200063cc 	.word	0x200063cc
10007040:	10007045 	.word	0x10007045

10007044 <double_table_shim_on_use_helper>:
10007044:	b507      	push	{r0, r1, r2, lr}
10007046:	4660      	mov	r0, ip
10007048:	8801      	ldrh	r1, [r0, #0]
1000704a:	0a0a      	lsrs	r2, r1, #8
1000704c:	3002      	adds	r0, #2
1000704e:	2adf      	cmp	r2, #223	@ 0xdf
10007050:	d1fa      	bne.n	10007048 <double_table_shim_on_use_helper+0x4>
10007052:	b2c9      	uxtb	r1, r1
10007054:	0882      	lsrs	r2, r0, #2
10007056:	d304      	bcc.n	10007062 <double_table_shim_on_use_helper+0x1e>
10007058:	8802      	ldrh	r2, [r0, #0]
1000705a:	8840      	ldrh	r0, [r0, #2]
1000705c:	0400      	lsls	r0, r0, #16
1000705e:	4310      	orrs	r0, r2
10007060:	e000      	b.n	10007064 <double_table_shim_on_use_helper+0x20>
10007062:	6800      	ldr	r0, [r0, #0]
10007064:	4a01      	ldr	r2, [pc, #4]	@ (1000706c <double_table_shim_on_use_helper+0x28>)
10007066:	5050      	str	r0, [r2, r1]
10007068:	9003      	str	r0, [sp, #12]
1000706a:	bd07      	pop	{r0, r1, r2, pc}
1000706c:	20000c08 	.word	0x20000c08

10007070 <drsub_shim>:
10007070:	b40f      	push	{r0, r1, r2, r3}
10007072:	bc03      	pop	{r0, r1}
10007074:	bc0c      	pop	{r2, r3}

10007076 <dsub_shim>:
10007076:	b5f0      	push	{r4, r5, r6, r7, lr}
10007078:	2401      	movs	r4, #1
1000707a:	07e4      	lsls	r4, r4, #31
1000707c:	4063      	eors	r3, r4
1000707e:	e000      	b.n	10007082 <da_entry>

10007080 <dadd_shim>:
10007080:	b5f0      	push	{r4, r5, r6, r7, lr}

10007082 <da_entry>:
10007082:	0d0c      	lsrs	r4, r1, #20
10007084:	0fcf      	lsrs	r7, r1, #31
10007086:	1e66      	subs	r6, r4, #1
10007088:	0536      	lsls	r6, r6, #20
1000708a:	1b89      	subs	r1, r1, r6
1000708c:	0564      	lsls	r4, r4, #21
1000708e:	d303      	bcc.n	10007098 <l8_1>
10007090:	43c9      	mvns	r1, r1
10007092:	4240      	negs	r0, r0
10007094:	d300      	bcc.n	10007098 <l8_1>
10007096:	3101      	adds	r1, #1

10007098 <l8_1>:
10007098:	0d64      	lsrs	r4, r4, #21
1000709a:	d003      	beq.n	100070a4 <l8_2>
1000709c:	1c66      	adds	r6, r4, #1
1000709e:	0af6      	lsrs	r6, r6, #11
100070a0:	d007      	beq.n	100070b2 <l8_3>
100070a2:	1be4      	subs	r4, r4, r7

100070a4 <l8_2>:
100070a4:	2000      	movs	r0, #0
100070a6:	007f      	lsls	r7, r7, #1
100070a8:	1c79      	adds	r1, r7, #1
100070aa:	0789      	lsls	r1, r1, #30
100070ac:	1289      	asrs	r1, r1, #10
100070ae:	3c80      	subs	r4, #128	@ 0x80
100070b0:	0324      	lsls	r4, r4, #12

100070b2 <l8_3>:
100070b2:	0d1d      	lsrs	r5, r3, #20
100070b4:	0fdf      	lsrs	r7, r3, #31
100070b6:	1e6e      	subs	r6, r5, #1
100070b8:	0536      	lsls	r6, r6, #20
100070ba:	1b9b      	subs	r3, r3, r6
100070bc:	056d      	lsls	r5, r5, #21
100070be:	d303      	bcc.n	100070c8 <l9_1>
100070c0:	43db      	mvns	r3, r3
100070c2:	4252      	negs	r2, r2
100070c4:	d300      	bcc.n	100070c8 <l9_1>
100070c6:	3301      	adds	r3, #1

100070c8 <l9_1>:
100070c8:	0d6d      	lsrs	r5, r5, #21
100070ca:	d003      	beq.n	100070d4 <l9_2>
100070cc:	1c6e      	adds	r6, r5, #1
100070ce:	0af6      	lsrs	r6, r6, #11
100070d0:	d007      	beq.n	100070e2 <l9_3>
100070d2:	1bed      	subs	r5, r5, r7

100070d4 <l9_2>:
100070d4:	2200      	movs	r2, #0
100070d6:	007f      	lsls	r7, r7, #1
100070d8:	1c7b      	adds	r3, r7, #1
100070da:	079b      	lsls	r3, r3, #30
100070dc:	129b      	asrs	r3, r3, #10
100070de:	3d80      	subs	r5, #128	@ 0x80
100070e0:	032d      	lsls	r5, r5, #12

100070e2 <l9_3>:
100070e2:	1b2f      	subs	r7, r5, r4
100070e4:	1b66      	subs	r6, r4, r5
100070e6:	d458      	bmi.n	1000719a <da_ygtx>
100070e8:	46a4      	mov	ip, r4
100070ea:	2e20      	cmp	r6, #32
100070ec:	da46      	bge.n	1000717c <da_xrgty>
100070ee:	3720      	adds	r7, #32
100070f0:	0014      	movs	r4, r2
100070f2:	40bc      	lsls	r4, r7

100070f4 <da_xgty0>:
100070f4:	001d      	movs	r5, r3
100070f6:	40bd      	lsls	r5, r7
100070f8:	40f2      	lsrs	r2, r6
100070fa:	4133      	asrs	r3, r6
100070fc:	432a      	orrs	r2, r5

100070fe <da_add>:
100070fe:	1880      	adds	r0, r0, r2
10007100:	4159      	adcs	r1, r3

10007102 <da_pack>:
10007102:	0fcb      	lsrs	r3, r1, #31
10007104:	d005      	beq.n	10007112 <da_pack+0x10>
10007106:	43c9      	mvns	r1, r1
10007108:	43c0      	mvns	r0, r0
1000710a:	2200      	movs	r2, #0
1000710c:	4264      	negs	r4, r4
1000710e:	4150      	adcs	r0, r2
10007110:	4151      	adcs	r1, r2
10007112:	4662      	mov	r2, ip
10007114:	0d4d      	lsrs	r5, r1, #21
10007116:	d128      	bne.n	1000716a <da_0>
10007118:	0d0d      	lsrs	r5, r1, #20
1000711a:	d107      	bne.n	1000712c <da_1>
1000711c:	2800      	cmp	r0, #0
1000711e:	d01f      	beq.n	10007160 <da_5>

10007120 <da_2>:
10007120:	1924      	adds	r4, r4, r4
10007122:	4140      	adcs	r0, r0
10007124:	4149      	adcs	r1, r1
10007126:	3a01      	subs	r2, #1
10007128:	0d0d      	lsrs	r5, r1, #20
1000712a:	d0f9      	beq.n	10007120 <da_2>

1000712c <da_1>:
1000712c:	0064      	lsls	r4, r4, #1
1000712e:	d306      	bcc.n	1000713e <da_3>

10007130 <da_4>:
10007130:	3001      	adds	r0, #1
10007132:	d300      	bcc.n	10007136 <da_4+0x6>
10007134:	3101      	adds	r1, #1
10007136:	2c00      	cmp	r4, #0
10007138:	d101      	bne.n	1000713e <da_3>
1000713a:	0840      	lsrs	r0, r0, #1
1000713c:	0040      	lsls	r0, r0, #1

1000713e <da_3>:
1000713e:	3a01      	subs	r2, #1
10007140:	d40b      	bmi.n	1000715a <da_6>
10007142:	1c94      	adds	r4, r2, #2
10007144:	0ae4      	lsrs	r4, r4, #11
10007146:	d104      	bne.n	10007152 <da_7>
10007148:	0512      	lsls	r2, r2, #20
1000714a:	4411      	add	r1, r2
1000714c:	07db      	lsls	r3, r3, #31
1000714e:	4419      	add	r1, r3
10007150:	bdf0      	pop	{r4, r5, r6, r7, pc}

10007152 <da_7>:
10007152:	07d9      	lsls	r1, r3, #31
10007154:	4b20      	ldr	r3, [pc, #128]	@ (100071d8 <da_xmgty+0x4>)
10007156:	4319      	orrs	r1, r3
10007158:	e000      	b.n	1000715c <da_6+0x2>

1000715a <da_6>:
1000715a:	07d9      	lsls	r1, r3, #31
1000715c:	2000      	movs	r0, #0
1000715e:	bdf0      	pop	{r4, r5, r6, r7, pc}

10007160 <da_5>:
10007160:	2900      	cmp	r1, #0
10007162:	d1dd      	bne.n	10007120 <da_2>
10007164:	2c00      	cmp	r4, #0
10007166:	d1db      	bne.n	10007120 <da_2>
10007168:	bdf0      	pop	{r4, r5, r6, r7, pc}

1000716a <da_0>:
1000716a:	3201      	adds	r2, #1
1000716c:	07c6      	lsls	r6, r0, #31
1000716e:	0840      	lsrs	r0, r0, #1
10007170:	07cd      	lsls	r5, r1, #31
10007172:	4328      	orrs	r0, r5
10007174:	0849      	lsrs	r1, r1, #1
10007176:	2e00      	cmp	r6, #0
10007178:	d0e1      	beq.n	1000713e <da_3>
1000717a:	e7d9      	b.n	10007130 <da_4>

1000717c <da_xrgty>:
1000717c:	2e3c      	cmp	r6, #60	@ 0x3c
1000717e:	da29      	bge.n	100071d4 <da_xmgty>
10007180:	3e20      	subs	r6, #32
10007182:	3740      	adds	r7, #64	@ 0x40
10007184:	0014      	movs	r4, r2
10007186:	40bc      	lsls	r4, r7
10007188:	d000      	beq.n	1000718c <da_xrgty+0x10>
1000718a:	2401      	movs	r4, #1
1000718c:	40f2      	lsrs	r2, r6
1000718e:	4314      	orrs	r4, r2
10007190:	001a      	movs	r2, r3
10007192:	40bb      	lsls	r3, r7
10007194:	431c      	orrs	r4, r3
10007196:	17d3      	asrs	r3, r2, #31
10007198:	e7ac      	b.n	100070f4 <da_xgty0>

1000719a <da_ygtx>:
1000719a:	46ac      	mov	ip, r5
1000719c:	2f20      	cmp	r7, #32
1000719e:	da08      	bge.n	100071b2 <da_yrgtx>
100071a0:	3620      	adds	r6, #32
100071a2:	0004      	movs	r4, r0
100071a4:	40b4      	lsls	r4, r6

100071a6 <da_ygtx0>:
100071a6:	000d      	movs	r5, r1
100071a8:	40b5      	lsls	r5, r6
100071aa:	40f8      	lsrs	r0, r7
100071ac:	4139      	asrs	r1, r7
100071ae:	4328      	orrs	r0, r5
100071b0:	e7a5      	b.n	100070fe <da_add>

100071b2 <da_yrgtx>:
100071b2:	2f3c      	cmp	r7, #60	@ 0x3c
100071b4:	da0c      	bge.n	100071d0 <da_ymgtx>
100071b6:	3f20      	subs	r7, #32
100071b8:	3640      	adds	r6, #64	@ 0x40
100071ba:	0004      	movs	r4, r0
100071bc:	40b4      	lsls	r4, r6
100071be:	d000      	beq.n	100071c2 <da_yrgtx+0x10>
100071c0:	2401      	movs	r4, #1
100071c2:	40f8      	lsrs	r0, r7
100071c4:	4304      	orrs	r4, r0
100071c6:	0008      	movs	r0, r1
100071c8:	40b1      	lsls	r1, r6
100071ca:	430c      	orrs	r4, r1
100071cc:	17c1      	asrs	r1, r0, #31
100071ce:	e7ea      	b.n	100071a6 <da_ygtx0>

100071d0 <da_ymgtx>:
100071d0:	0010      	movs	r0, r2
100071d2:	0019      	movs	r1, r3

100071d4 <da_xmgty>:
100071d4:	2400      	movs	r4, #0
100071d6:	e794      	b.n	10007102 <da_pack>
100071d8:	7ff00000 	.word	0x7ff00000

100071dc <dmul_shim>:
100071dc:	b5f0      	push	{r4, r5, r6, r7, lr}
100071de:	0d0c      	lsrs	r4, r1, #20
100071e0:	1e66      	subs	r6, r4, #1
100071e2:	0536      	lsls	r6, r6, #20
100071e4:	1b89      	subs	r1, r1, r6
100071e6:	0ae6      	lsrs	r6, r4, #11
100071e8:	0564      	lsls	r4, r4, #21
100071ea:	0d64      	lsrs	r4, r4, #21
100071ec:	d002      	beq.n	100071f4 <l12_1>
100071ee:	1c65      	adds	r5, r4, #1
100071f0:	0aed      	lsrs	r5, r5, #11
100071f2:	d004      	beq.n	100071fe <l12_2>

100071f4 <l12_1>:
100071f4:	2000      	movs	r0, #0
100071f6:	2101      	movs	r1, #1
100071f8:	0509      	lsls	r1, r1, #20
100071fa:	3c80      	subs	r4, #128	@ 0x80
100071fc:	0324      	lsls	r4, r4, #12

100071fe <l12_2>:
100071fe:	46a4      	mov	ip, r4
10007200:	0d1c      	lsrs	r4, r3, #20
10007202:	1e67      	subs	r7, r4, #1
10007204:	053f      	lsls	r7, r7, #20
10007206:	1bdb      	subs	r3, r3, r7
10007208:	0ae7      	lsrs	r7, r4, #11
1000720a:	0564      	lsls	r4, r4, #21
1000720c:	0d64      	lsrs	r4, r4, #21
1000720e:	d002      	beq.n	10007216 <l13_1>
10007210:	1c65      	adds	r5, r4, #1
10007212:	0aed      	lsrs	r5, r5, #11
10007214:	d004      	beq.n	10007220 <l13_2>

10007216 <l13_1>:
10007216:	2200      	movs	r2, #0
10007218:	2301      	movs	r3, #1
1000721a:	051b      	lsls	r3, r3, #20
1000721c:	3c80      	subs	r4, #128	@ 0x80
1000721e:	0324      	lsls	r4, r4, #12

10007220 <l13_2>:
10007220:	4077      	eors	r7, r6
10007222:	4464      	add	r4, ip
10007224:	b497      	push	{r0, r1, r2, r4, r7}
10007226:	b284      	uxth	r4, r0
10007228:	b296      	uxth	r6, r2
1000722a:	4374      	muls	r4, r6
1000722c:	0c07      	lsrs	r7, r0, #16
1000722e:	437e      	muls	r6, r7
10007230:	0c15      	lsrs	r5, r2, #16
10007232:	436f      	muls	r7, r5
10007234:	b280      	uxth	r0, r0
10007236:	4368      	muls	r0, r5
10007238:	1836      	adds	r6, r6, r0
1000723a:	d302      	bcc.n	10007242 <l14_1>
1000723c:	2001      	movs	r0, #1
1000723e:	0400      	lsls	r0, r0, #16
10007240:	183f      	adds	r7, r7, r0

10007242 <l14_1>:
10007242:	0430      	lsls	r0, r6, #16
10007244:	0c35      	lsrs	r5, r6, #16
10007246:	1900      	adds	r0, r0, r4
10007248:	417d      	adcs	r5, r7
1000724a:	4684      	mov	ip, r0
1000724c:	b288      	uxth	r0, r1
1000724e:	b29a      	uxth	r2, r3
10007250:	4350      	muls	r0, r2
10007252:	0c0c      	lsrs	r4, r1, #16
10007254:	4362      	muls	r2, r4
10007256:	0c1f      	lsrs	r7, r3, #16
10007258:	437c      	muls	r4, r7
1000725a:	b28e      	uxth	r6, r1
1000725c:	437e      	muls	r6, r7
1000725e:	1992      	adds	r2, r2, r6
10007260:	d302      	bcc.n	10007268 <l15_1>
10007262:	2601      	movs	r6, #1
10007264:	0436      	lsls	r6, r6, #16
10007266:	19a4      	adds	r4, r4, r6

10007268 <l15_1>:
10007268:	0416      	lsls	r6, r2, #16
1000726a:	0c17      	lsrs	r7, r2, #16
1000726c:	1836      	adds	r6, r6, r0
1000726e:	4167      	adcs	r7, r4
10007270:	bc01      	pop	{r0}
10007272:	b281      	uxth	r1, r0
10007274:	b29a      	uxth	r2, r3
10007276:	4351      	muls	r1, r2
10007278:	0c04      	lsrs	r4, r0, #16
1000727a:	4362      	muls	r2, r4
1000727c:	0c1b      	lsrs	r3, r3, #16
1000727e:	435c      	muls	r4, r3
10007280:	b280      	uxth	r0, r0
10007282:	4358      	muls	r0, r3
10007284:	1812      	adds	r2, r2, r0
10007286:	d302      	bcc.n	1000728e <l16_1>
10007288:	2001      	movs	r0, #1
1000728a:	0400      	lsls	r0, r0, #16
1000728c:	1824      	adds	r4, r4, r0

1000728e <l16_1>:
1000728e:	0410      	lsls	r0, r2, #16
10007290:	0c13      	lsrs	r3, r2, #16
10007292:	1840      	adds	r0, r0, r1
10007294:	4163      	adcs	r3, r4
10007296:	182d      	adds	r5, r5, r0
10007298:	415e      	adcs	r6, r3
1000729a:	2000      	movs	r0, #0
1000729c:	4147      	adcs	r7, r0
1000729e:	bc06      	pop	{r1, r2}
100072a0:	b288      	uxth	r0, r1
100072a2:	b293      	uxth	r3, r2
100072a4:	4358      	muls	r0, r3
100072a6:	0c0c      	lsrs	r4, r1, #16
100072a8:	4363      	muls	r3, r4
100072aa:	0c12      	lsrs	r2, r2, #16
100072ac:	4354      	muls	r4, r2
100072ae:	b289      	uxth	r1, r1
100072b0:	4351      	muls	r1, r2
100072b2:	185b      	adds	r3, r3, r1
100072b4:	d302      	bcc.n	100072bc <l17_1>
100072b6:	2101      	movs	r1, #1
100072b8:	0409      	lsls	r1, r1, #16
100072ba:	1864      	adds	r4, r4, r1

100072bc <l17_1>:
100072bc:	0419      	lsls	r1, r3, #16
100072be:	0c1a      	lsrs	r2, r3, #16
100072c0:	1809      	adds	r1, r1, r0
100072c2:	4162      	adcs	r2, r4
100072c4:	186d      	adds	r5, r5, r1
100072c6:	4156      	adcs	r6, r2
100072c8:	2000      	movs	r0, #0
100072ca:	4147      	adcs	r7, r0
100072cc:	bc18      	pop	{r3, r4}
100072ce:	02f9      	lsls	r1, r7, #11
100072d0:	0d72      	lsrs	r2, r6, #21
100072d2:	4311      	orrs	r1, r2
100072d4:	02f0      	lsls	r0, r6, #11
100072d6:	0d6a      	lsrs	r2, r5, #21
100072d8:	4310      	orrs	r0, r2
100072da:	02ed      	lsls	r5, r5, #11
100072dc:	0d0a      	lsrs	r2, r1, #20
100072de:	d103      	bne.n	100072e8 <l17_1+0x2c>
100072e0:	196d      	adds	r5, r5, r5
100072e2:	4140      	adcs	r0, r0
100072e4:	4149      	adcs	r1, r1
100072e6:	3b01      	subs	r3, #1
100072e8:	4e12      	ldr	r6, [pc, #72]	@ (10007334 <dm_1+0xa>)
100072ea:	1b9b      	subs	r3, r3, r6
100072ec:	0076      	lsls	r6, r6, #1
100072ee:	42b3      	cmp	r3, r6
100072f0:	d20e      	bcs.n	10007310 <dm_0>
100072f2:	006d      	lsls	r5, r5, #1
100072f4:	d307      	bcc.n	10007306 <l17_1+0x4a>
100072f6:	3001      	adds	r0, #1
100072f8:	2600      	movs	r6, #0
100072fa:	4171      	adcs	r1, r6
100072fc:	4666      	mov	r6, ip
100072fe:	4335      	orrs	r5, r6
10007300:	d101      	bne.n	10007306 <l17_1+0x4a>
10007302:	0840      	lsrs	r0, r0, #1
10007304:	0040      	lsls	r0, r0, #1
10007306:	051b      	lsls	r3, r3, #20
10007308:	18c9      	adds	r1, r1, r3

1000730a <dm_2>:
1000730a:	07e4      	lsls	r4, r4, #31
1000730c:	4421      	add	r1, r4
1000730e:	bdf0      	pop	{r4, r5, r6, r7, pc}

10007310 <dm_0>:
10007310:	da0b      	bge.n	1000732a <dm_1>
10007312:	3301      	adds	r3, #1
10007314:	d106      	bne.n	10007324 <dm_0+0x14>
10007316:	3001      	adds	r0, #1
10007318:	d104      	bne.n	10007324 <dm_0+0x14>
1000731a:	3101      	adds	r1, #1
1000731c:	0d4f      	lsrs	r7, r1, #21
1000731e:	d001      	beq.n	10007324 <dm_0+0x14>
10007320:	0849      	lsrs	r1, r1, #1
10007322:	e7f2      	b.n	1000730a <dm_2>
10007324:	07e1      	lsls	r1, r4, #31
10007326:	2000      	movs	r0, #0
10007328:	bdf0      	pop	{r4, r5, r6, r7, pc}

1000732a <dm_1>:
1000732a:	3601      	adds	r6, #1
1000732c:	0531      	lsls	r1, r6, #20
1000732e:	2000      	movs	r0, #0
10007330:	e7eb      	b.n	1000730a <dm_2>
10007332:	0000      	.short	0x0000
10007334:	000003ff 	.word	0x000003ff

10007338 <ddiv_shim>:
10007338:	b5f0      	push	{r4, r5, r6, r7, lr}

1000733a <ddiv0>:
1000733a:	0d1c      	lsrs	r4, r3, #20
1000733c:	1e67      	subs	r7, r4, #1
1000733e:	053f      	lsls	r7, r7, #20
10007340:	1bdb      	subs	r3, r3, r7
10007342:	0ae7      	lsrs	r7, r4, #11
10007344:	0564      	lsls	r4, r4, #21
10007346:	0d64      	lsrs	r4, r4, #21
10007348:	d002      	beq.n	10007350 <l20_1>
1000734a:	1c66      	adds	r6, r4, #1
1000734c:	0af6      	lsrs	r6, r6, #11
1000734e:	d004      	beq.n	1000735a <l20_2>

10007350 <l20_1>:
10007350:	2200      	movs	r2, #0
10007352:	2301      	movs	r3, #1
10007354:	051b      	lsls	r3, r3, #20
10007356:	3c80      	subs	r4, #128	@ 0x80
10007358:	0324      	lsls	r4, r4, #12

1000735a <l20_2>:
1000735a:	25d0      	movs	r5, #208	@ 0xd0
1000735c:	062d      	lsls	r5, r5, #24
1000735e:	2600      	movs	r6, #0
10007360:	43f6      	mvns	r6, r6
10007362:	662e      	str	r6, [r5, #96]	@ 0x60
10007364:	091e      	lsrs	r6, r3, #4
10007366:	666e      	str	r6, [r5, #100]	@ 0x64
10007368:	0fce      	lsrs	r6, r1, #31
1000736a:	19f6      	adds	r6, r6, r7
1000736c:	46b4      	mov	ip, r6
1000736e:	0049      	lsls	r1, r1, #1
10007370:	0d4f      	lsrs	r7, r1, #21
10007372:	d002      	beq.n	1000737a <l20_2+0x20>
10007374:	1c7e      	adds	r6, r7, #1
10007376:	0af6      	lsrs	r6, r6, #11
10007378:	d003      	beq.n	10007382 <l20_2+0x28>
1000737a:	2000      	movs	r0, #0
1000737c:	2100      	movs	r1, #0
1000737e:	3f40      	subs	r7, #64	@ 0x40
10007380:	033f      	lsls	r7, r7, #12
10007382:	1b3e      	subs	r6, r7, r4
10007384:	00b6      	lsls	r6, r6, #2
10007386:	44b4      	add	ip, r6
10007388:	3f01      	subs	r7, #1
1000738a:	057f      	lsls	r7, r7, #21
1000738c:	1bc9      	subs	r1, r1, r7
1000738e:	0849      	lsrs	r1, r1, #1
10007390:	6f2e      	ldr	r6, [r5, #112]	@ 0x70
10007392:	3601      	adds	r6, #1
10007394:	0876      	lsrs	r6, r6, #1
10007396:	029c      	lsls	r4, r3, #10
10007398:	0d95      	lsrs	r5, r2, #22
1000739a:	4325      	orrs	r5, r4
1000739c:	4375      	muls	r5, r6
1000739e:	13ed      	asrs	r5, r5, #15
100073a0:	4375      	muls	r5, r6
100073a2:	13ad      	asrs	r5, r5, #14
100073a4:	3501      	adds	r5, #1
100073a6:	106d      	asrs	r5, r5, #1
100073a8:	03f6      	lsls	r6, r6, #15
100073aa:	1b76      	subs	r6, r6, r5
100073ac:	b40c      	push	{r2, r3}
100073ae:	02cc      	lsls	r4, r1, #11
100073b0:	0d45      	lsrs	r5, r0, #21
100073b2:	432c      	orrs	r4, r5
100073b4:	b2a2      	uxth	r2, r4
100073b6:	b2b3      	uxth	r3, r6
100073b8:	435a      	muls	r2, r3
100073ba:	0c27      	lsrs	r7, r4, #16
100073bc:	437b      	muls	r3, r7
100073be:	0c35      	lsrs	r5, r6, #16
100073c0:	436f      	muls	r7, r5
100073c2:	b2a4      	uxth	r4, r4
100073c4:	436c      	muls	r4, r5
100073c6:	191b      	adds	r3, r3, r4
100073c8:	d302      	bcc.n	100073d0 <l21_1>
100073ca:	2401      	movs	r4, #1
100073cc:	0424      	lsls	r4, r4, #16
100073ce:	193f      	adds	r7, r7, r4

100073d0 <l21_1>:
100073d0:	041c      	lsls	r4, r3, #16
100073d2:	0c1d      	lsrs	r5, r3, #16
100073d4:	18a4      	adds	r4, r4, r2
100073d6:	417d      	adcs	r5, r7
100073d8:	1924      	adds	r4, r4, r4
100073da:	416d      	adcs	r5, r5
100073dc:	9a00      	ldr	r2, [sp, #0]
100073de:	b291      	uxth	r1, r2
100073e0:	b2ac      	uxth	r4, r5
100073e2:	4361      	muls	r1, r4
100073e4:	0c17      	lsrs	r7, r2, #16
100073e6:	437c      	muls	r4, r7
100073e8:	0c2b      	lsrs	r3, r5, #16
100073ea:	435f      	muls	r7, r3
100073ec:	b292      	uxth	r2, r2
100073ee:	435a      	muls	r2, r3
100073f0:	18a4      	adds	r4, r4, r2
100073f2:	d302      	bcc.n	100073fa <l22_1>
100073f4:	2201      	movs	r2, #1
100073f6:	0412      	lsls	r2, r2, #16
100073f8:	18bf      	adds	r7, r7, r2

100073fa <l22_1>:
100073fa:	0422      	lsls	r2, r4, #16
100073fc:	0c23      	lsrs	r3, r4, #16
100073fe:	1852      	adds	r2, r2, r1
10007400:	417b      	adcs	r3, r7
10007402:	9c01      	ldr	r4, [sp, #4]
10007404:	436c      	muls	r4, r5
10007406:	191b      	adds	r3, r3, r4
10007408:	0e52      	lsrs	r2, r2, #25
1000740a:	01d9      	lsls	r1, r3, #7
1000740c:	430a      	orrs	r2, r1
1000740e:	0144      	lsls	r4, r0, #5
10007410:	1aa0      	subs	r0, r4, r2
10007412:	b281      	uxth	r1, r0
10007414:	b2b2      	uxth	r2, r6
10007416:	4351      	muls	r1, r2
10007418:	1403      	asrs	r3, r0, #16
1000741a:	435a      	muls	r2, r3
1000741c:	0c36      	lsrs	r6, r6, #16
1000741e:	4373      	muls	r3, r6
10007420:	b287      	uxth	r7, r0
10007422:	4377      	muls	r7, r6
10007424:	17d6      	asrs	r6, r2, #31
10007426:	19d2      	adds	r2, r2, r7
10007428:	2700      	movs	r7, #0
1000742a:	417e      	adcs	r6, r7
1000742c:	0436      	lsls	r6, r6, #16
1000742e:	199b      	adds	r3, r3, r6
10007430:	0417      	lsls	r7, r2, #16
10007432:	0c16      	lsrs	r6, r2, #16
10007434:	187f      	adds	r7, r7, r1
10007436:	415e      	adcs	r6, r3
10007438:	1673      	asrs	r3, r6, #25
1000743a:	18ed      	adds	r5, r5, r3
1000743c:	01f3      	lsls	r3, r6, #7
1000743e:	2600      	movs	r6, #0
10007440:	3380      	adds	r3, #128	@ 0x80
10007442:	4175      	adcs	r5, r6
10007444:	0fa9      	lsrs	r1, r5, #30
10007446:	d106      	bne.n	10007456 <dd_0>
10007448:	0064      	lsls	r4, r4, #1
1000744a:	0a69      	lsrs	r1, r5, #9
1000744c:	05e8      	lsls	r0, r5, #23
1000744e:	0a5b      	lsrs	r3, r3, #9
10007450:	4318      	orrs	r0, r3
10007452:	d209      	bcs.n	10007468 <dd_1>
10007454:	e02f      	b.n	100074b6 <dd_2>

10007456 <dd_0>:
10007456:	2204      	movs	r2, #4
10007458:	4494      	add	ip, r2
1000745a:	3380      	adds	r3, #128	@ 0x80
1000745c:	4175      	adcs	r5, r6
1000745e:	0aa9      	lsrs	r1, r5, #10
10007460:	05a8      	lsls	r0, r5, #22
10007462:	0a9b      	lsrs	r3, r3, #10
10007464:	4318      	orrs	r0, r3
10007466:	d326      	bcc.n	100074b6 <dd_2>

10007468 <dd_1>:
10007468:	4140      	adcs	r0, r0
1000746a:	4149      	adcs	r1, r1
1000746c:	0424      	lsls	r4, r4, #16
1000746e:	9a00      	ldr	r2, [sp, #0]
10007470:	9b01      	ldr	r3, [sp, #4]
10007472:	000d      	movs	r5, r1
10007474:	4355      	muls	r5, r2
10007476:	1b64      	subs	r4, r4, r5
10007478:	4343      	muls	r3, r0
1000747a:	1ae4      	subs	r4, r4, r3
1000747c:	b295      	uxth	r5, r2
1000747e:	b286      	uxth	r6, r0
10007480:	4375      	muls	r5, r6
10007482:	0c17      	lsrs	r7, r2, #16
10007484:	437e      	muls	r6, r7
10007486:	0c03      	lsrs	r3, r0, #16
10007488:	435f      	muls	r7, r3
1000748a:	b292      	uxth	r2, r2
1000748c:	435a      	muls	r2, r3
1000748e:	18b6      	adds	r6, r6, r2
10007490:	d302      	bcc.n	10007498 <l24_1>
10007492:	2201      	movs	r2, #1
10007494:	0412      	lsls	r2, r2, #16
10007496:	18bf      	adds	r7, r7, r2

10007498 <l24_1>:
10007498:	0432      	lsls	r2, r6, #16
1000749a:	0c33      	lsrs	r3, r6, #16
1000749c:	1952      	adds	r2, r2, r5
1000749e:	417b      	adcs	r3, r7
100074a0:	4252      	negs	r2, r2
100074a2:	419c      	sbcs	r4, r3
100074a4:	2c00      	cmp	r4, #0
100074a6:	d402      	bmi.n	100074ae <l24_1+0x16>
100074a8:	2200      	movs	r2, #0
100074aa:	3001      	adds	r0, #1
100074ac:	4151      	adcs	r1, r2
100074ae:	0840      	lsrs	r0, r0, #1
100074b0:	07ca      	lsls	r2, r1, #31
100074b2:	4310      	orrs	r0, r2
100074b4:	0849      	lsrs	r1, r1, #1

100074b6 <dd_2>:
100074b6:	b002      	add	sp, #8
100074b8:	4662      	mov	r2, ip
100074ba:	07d7      	lsls	r7, r2, #31
100074bc:	1092      	asrs	r2, r2, #2
100074be:	4b08      	ldr	r3, [pc, #32]	@ (100074e0 <dd_4+0x6>)
100074c0:	18d2      	adds	r2, r2, r3
100074c2:	4b08      	ldr	r3, [pc, #32]	@ (100074e4 <dd_4+0xa>)
100074c4:	429a      	cmp	r2, r3
100074c6:	d203      	bcs.n	100074d0 <dd_3>
100074c8:	0512      	lsls	r2, r2, #20
100074ca:	1889      	adds	r1, r1, r2

100074cc <dd_5>:
100074cc:	19c9      	adds	r1, r1, r7
100074ce:	bdf0      	pop	{r4, r5, r6, r7, pc}

100074d0 <dd_3>:
100074d0:	2000      	movs	r0, #0
100074d2:	2a00      	cmp	r2, #0
100074d4:	dc01      	bgt.n	100074da <dd_4>
100074d6:	0039      	movs	r1, r7
100074d8:	bdf0      	pop	{r4, r5, r6, r7, pc}

100074da <dd_4>:
100074da:	3301      	adds	r3, #1
100074dc:	0519      	lsls	r1, r3, #20
100074de:	e7f5      	b.n	100074cc <dd_5>
100074e0:	000003fd 	.word	0x000003fd
100074e4:	000007fe 	.word	0x000007fe

100074e8 <double2uint_shim>:
100074e8:	2200      	movs	r2, #0

100074ea <double2ufix_shim>:
100074ea:	b500      	push	{lr}
100074ec:	3220      	adds	r2, #32
100074ee:	f000 f804 	bl	100074fa <double2ufix64_shim>
100074f2:	0008      	movs	r0, r1
100074f4:	bd00      	pop	{pc}
	...

100074f8 <double2uint64_shim>:
100074f8:	2200      	movs	r2, #0

100074fa <double2ufix64_shim>:
100074fa:	150b      	asrs	r3, r1, #20
100074fc:	d40a      	bmi.n	10007514 <ret_dzero>

100074fe <d2fix>:
100074fe:	b510      	push	{r4, lr}
10007500:	4694      	mov	ip, r2
10007502:	f000 f831 	bl	10007568 <dunpacks>
10007506:	1414      	asrs	r4, r2, #16
10007508:	3401      	adds	r4, #1
1000750a:	da00      	bge.n	1000750e <d2fix+0x10>
1000750c:	2100      	movs	r1, #0
1000750e:	17cb      	asrs	r3, r1, #31
10007510:	4c14      	ldr	r4, [pc, #80]	@ (10007564 <d2fix_a+0x4a>)
10007512:	4720      	bx	r4

10007514 <ret_dzero>:
10007514:	2000      	movs	r0, #0
10007516:	2100      	movs	r1, #0
10007518:	4770      	bx	lr

1000751a <d2fix_a>:
1000751a:	4462      	add	r2, ip
1000751c:	3a34      	subs	r2, #52	@ 0x34
1000751e:	d40c      	bmi.n	1000753a <d2fix_a+0x20>
10007520:	2a0c      	cmp	r2, #12
10007522:	da07      	bge.n	10007534 <d2fix_a+0x1a>
10007524:	0004      	movs	r4, r0
10007526:	4091      	lsls	r1, r2
10007528:	4090      	lsls	r0, r2
1000752a:	4252      	negs	r2, r2
1000752c:	3220      	adds	r2, #32
1000752e:	40d4      	lsrs	r4, r2
10007530:	4321      	orrs	r1, r4
10007532:	bd10      	pop	{r4, pc}
10007534:	43d8      	mvns	r0, r3
10007536:	43d9      	mvns	r1, r3
10007538:	bd10      	pop	{r4, pc}
1000753a:	3220      	adds	r2, #32
1000753c:	d407      	bmi.n	1000754e <d2fix_a+0x34>
1000753e:	460c      	mov	r4, r1
10007540:	4094      	lsls	r4, r2
10007542:	4252      	negs	r2, r2
10007544:	3220      	adds	r2, #32
10007546:	4111      	asrs	r1, r2
10007548:	40d0      	lsrs	r0, r2
1000754a:	4320      	orrs	r0, r4
1000754c:	bd10      	pop	{r4, pc}
1000754e:	0008      	movs	r0, r1
10007550:	17c9      	asrs	r1, r1, #31
10007552:	3220      	adds	r2, #32
10007554:	d403      	bmi.n	1000755e <d2fix_a+0x44>
10007556:	4252      	negs	r2, r2
10007558:	3220      	adds	r2, #32
1000755a:	4110      	asrs	r0, r2
1000755c:	bd10      	pop	{r4, pc}
1000755e:	0018      	movs	r0, r3
10007560:	0019      	movs	r1, r3
10007562:	bd10      	pop	{r4, pc}
10007564:	1000751b 	.word	0x1000751b

10007568 <dunpacks>:
10007568:	0d0a      	lsrs	r2, r1, #20
1000756a:	0fcc      	lsrs	r4, r1, #31
1000756c:	1e53      	subs	r3, r2, #1
1000756e:	051b      	lsls	r3, r3, #20
10007570:	1ac9      	subs	r1, r1, r3
10007572:	0552      	lsls	r2, r2, #21
10007574:	d303      	bcc.n	1000757e <l60_1>
10007576:	43c9      	mvns	r1, r1
10007578:	4240      	negs	r0, r0
1000757a:	d300      	bcc.n	1000757e <l60_1>
1000757c:	3101      	adds	r1, #1

1000757e <l60_1>:
1000757e:	0d52      	lsrs	r2, r2, #21
10007580:	d003      	beq.n	1000758a <l60_2>
10007582:	1c53      	adds	r3, r2, #1
10007584:	0adb      	lsrs	r3, r3, #11
10007586:	d007      	beq.n	10007598 <l60_3>
10007588:	1b12      	subs	r2, r2, r4

1000758a <l60_2>:
1000758a:	2000      	movs	r0, #0
1000758c:	0064      	lsls	r4, r4, #1
1000758e:	1c61      	adds	r1, r4, #1
10007590:	0789      	lsls	r1, r1, #30
10007592:	1289      	asrs	r1, r1, #10
10007594:	3a80      	subs	r2, #128	@ 0x80
10007596:	0312      	lsls	r2, r2, #12

10007598 <l60_3>:
10007598:	4b01      	ldr	r3, [pc, #4]	@ (100075a0 <l60_3+0x8>)
1000759a:	1ad2      	subs	r2, r2, r3
1000759c:	4770      	bx	lr
1000759e:	0000      	.short	0x0000
100075a0:	000003ff 	.word	0x000003ff

100075a4 <__wrap___aeabi_lmul>:
100075a4:	4351      	muls	r1, r2
100075a6:	4343      	muls	r3, r0
100075a8:	18c9      	adds	r1, r1, r3
100075aa:	468c      	mov	ip, r1
100075ac:	0c11      	lsrs	r1, r2, #16
100075ae:	b283      	uxth	r3, r0
100075b0:	434b      	muls	r3, r1
100075b2:	b410      	push	{r4}
100075b4:	0c04      	lsrs	r4, r0, #16
100075b6:	4361      	muls	r1, r4
100075b8:	b292      	uxth	r2, r2
100075ba:	b280      	uxth	r0, r0
100075bc:	4350      	muls	r0, r2
100075be:	4362      	muls	r2, r4
100075c0:	041c      	lsls	r4, r3, #16
100075c2:	0c1b      	lsrs	r3, r3, #16
100075c4:	1900      	adds	r0, r0, r4
100075c6:	bc10      	pop	{r4}
100075c8:	4159      	adcs	r1, r3
100075ca:	0413      	lsls	r3, r2, #16
100075cc:	0c12      	lsrs	r2, r2, #16
100075ce:	18c0      	adds	r0, r0, r3
100075d0:	4151      	adcs	r1, r2
100075d2:	4461      	add	r1, ip
100075d4:	4770      	bx	lr
	...

100075d8 <__wrap___aeabi_frsub>:
100075d8:	4048      	eors	r0, r1
100075da:	4041      	eors	r1, r0
100075dc:	4048      	eors	r0, r1

100075de <__wrap___aeabi_fsub>:
100075de:	4b0e      	ldr	r3, [pc, #56]	@ (10007618 <__wrap___aeabi_fmul+0x6>)
100075e0:	685b      	ldr	r3, [r3, #4]
100075e2:	4718      	bx	r3

100075e4 <__wrap___aeabi_fadd>:
100075e4:	4b0c      	ldr	r3, [pc, #48]	@ (10007618 <__wrap___aeabi_fmul+0x6>)
100075e6:	681b      	ldr	r3, [r3, #0]
100075e8:	4718      	bx	r3

100075ea <__wrap___aeabi_fdiv>:
100075ea:	4a0c      	ldr	r2, [pc, #48]	@ (1000761c <__wrap___aeabi_fmul+0xa>)
100075ec:	6f93      	ldr	r3, [r2, #120]	@ 0x78
100075ee:	089b      	lsrs	r3, r3, #2
100075f0:	d202      	bcs.n	100075f8 <fdiv_save_state>

100075f2 <fdiv_shim_call>:
100075f2:	4b09      	ldr	r3, [pc, #36]	@ (10007618 <__wrap___aeabi_fmul+0x6>)
100075f4:	68db      	ldr	r3, [r3, #12]
100075f6:	4718      	bx	r3

100075f8 <fdiv_save_state>:
100075f8:	b5f0      	push	{r4, r5, r6, r7, lr}
100075fa:	6e14      	ldr	r4, [r2, #96]	@ 0x60
100075fc:	6e55      	ldr	r5, [r2, #100]	@ 0x64
100075fe:	6f57      	ldr	r7, [r2, #116]	@ 0x74
10007600:	6f16      	ldr	r6, [r2, #112]	@ 0x70
10007602:	f7ff fff6 	bl	100075f2 <fdiv_shim_call>
10007606:	4a05      	ldr	r2, [pc, #20]	@ (1000761c <__wrap___aeabi_fmul+0xa>)
10007608:	6614      	str	r4, [r2, #96]	@ 0x60
1000760a:	6655      	str	r5, [r2, #100]	@ 0x64
1000760c:	6757      	str	r7, [r2, #116]	@ 0x74
1000760e:	6716      	str	r6, [r2, #112]	@ 0x70
10007610:	bdf0      	pop	{r4, r5, r6, r7, pc}

10007612 <__wrap___aeabi_fmul>:
10007612:	4b01      	ldr	r3, [pc, #4]	@ (10007618 <__wrap___aeabi_fmul+0x6>)
10007614:	689b      	ldr	r3, [r3, #8]
10007616:	4718      	bx	r3
10007618:	20000d08 	.word	0x20000d08
1000761c:	d0000000 	.word	0xd0000000

10007620 <__wrap___aeabi_ui2f>:
10007620:	1a49      	subs	r1, r1, r1
10007622:	2800      	cmp	r0, #0
10007624:	d108      	bne.n	10007638 <__aeabi_i2f_main>
10007626:	4608      	mov	r0, r1
10007628:	4770      	bx	lr
	...

1000762c <__wrap___aeabi_i2f>:
1000762c:	0fc1      	lsrs	r1, r0, #31
1000762e:	07c9      	lsls	r1, r1, #31
10007630:	d500      	bpl.n	10007634 <__wrap___aeabi_i2f+0x8>
10007632:	4240      	negs	r0, r0
10007634:	2800      	cmp	r0, #0
10007636:	d017      	beq.n	10007668 <__aeabi_i2f_main+0x30>

10007638 <__aeabi_i2f_main>:
10007638:	46f4      	mov	ip, lr
1000763a:	b403      	push	{r0, r1}
1000763c:	4b0b      	ldr	r3, [pc, #44]	@ (1000766c <__aeabi_i2f_main+0x34>)
1000763e:	681b      	ldr	r3, [r3, #0]
10007640:	4798      	blx	r3
10007642:	bc06      	pop	{r1, r2}
10007644:	4081      	lsls	r1, r0
10007646:	389e      	subs	r0, #158	@ 0x9e
10007648:	4240      	negs	r0, r0
1000764a:	3180      	adds	r1, #128	@ 0x80
1000764c:	d207      	bcs.n	1000765e <__aeabi_i2f_main+0x26>
1000764e:	060b      	lsls	r3, r1, #24
10007650:	d007      	beq.n	10007662 <__aeabi_i2f_main+0x2a>
10007652:	0049      	lsls	r1, r1, #1
10007654:	0a49      	lsrs	r1, r1, #9
10007656:	05c0      	lsls	r0, r0, #23
10007658:	4310      	orrs	r0, r2
1000765a:	4308      	orrs	r0, r1
1000765c:	4760      	bx	ip
1000765e:	3001      	adds	r0, #1
10007660:	e7f8      	b.n	10007654 <__aeabi_i2f_main+0x1c>
10007662:	0a49      	lsrs	r1, r1, #9
10007664:	0289      	lsls	r1, r1, #10
10007666:	e7f5      	b.n	10007654 <__aeabi_i2f_main+0x1c>
10007668:	4770      	bx	lr
1000766a:	0000      	.short	0x0000
1000766c:	200063cc 	.word	0x200063cc

10007670 <__wrap___aeabi_f2uiz>:
10007670:	4b01      	ldr	r3, [pc, #4]	@ (10007678 <__wrap___aeabi_f2uiz+0x8>)
10007672:	6a5b      	ldr	r3, [r3, #36]	@ 0x24
10007674:	4718      	bx	r3
10007676:	0000      	.short	0x0000
10007678:	20000d08 	.word	0x20000d08

1000767c <__aeabi_float_init>:
1000767c:	2313      	movs	r3, #19
1000767e:	b510      	push	{r4, lr}
10007680:	4812      	ldr	r0, [pc, #72]	@ (100076cc <__aeabi_float_init+0x50>)
10007682:	781c      	ldrb	r4, [r3, #0]
10007684:	f7ff f91c 	bl	100068c0 <rom_data_lookup>
10007688:	0001      	movs	r1, r0
1000768a:	2c01      	cmp	r4, #1
1000768c:	d00a      	beq.n	100076a4 <__aeabi_float_init+0x28>
1000768e:	dd03      	ble.n	10007698 <__aeabi_float_init+0x1c>
10007690:	2280      	movs	r2, #128	@ 0x80
10007692:	480f      	ldr	r0, [pc, #60]	@ (100076d0 <__aeabi_float_init+0x54>)
10007694:	f000 f848 	bl	10007728 <__wrap___aeabi_memcpy>
10007698:	480e      	ldr	r0, [pc, #56]	@ (100076d4 <__aeabi_float_init+0x58>)
1000769a:	f7ff f909 	bl	100068b0 <rom_func_lookup>
1000769e:	4b0e      	ldr	r3, [pc, #56]	@ (100076d8 <__aeabi_float_init+0x5c>)
100076a0:	6018      	str	r0, [r3, #0]
100076a2:	bd10      	pop	{r4, pc}
100076a4:	4c0a      	ldr	r4, [pc, #40]	@ (100076d0 <__aeabi_float_init+0x54>)
100076a6:	2254      	movs	r2, #84	@ 0x54
100076a8:	0020      	movs	r0, r4
100076aa:	f000 f83d 	bl	10007728 <__wrap___aeabi_memcpy>
100076ae:	4b0b      	ldr	r3, [pc, #44]	@ (100076dc <__aeabi_float_init+0x60>)
100076b0:	6563      	str	r3, [r4, #84]	@ 0x54
100076b2:	65a3      	str	r3, [r4, #88]	@ 0x58
100076b4:	65e3      	str	r3, [r4, #92]	@ 0x5c
100076b6:	6623      	str	r3, [r4, #96]	@ 0x60
100076b8:	6663      	str	r3, [r4, #100]	@ 0x64
100076ba:	66a3      	str	r3, [r4, #104]	@ 0x68
100076bc:	66e3      	str	r3, [r4, #108]	@ 0x6c
100076be:	6723      	str	r3, [r4, #112]	@ 0x70
100076c0:	6763      	str	r3, [r4, #116]	@ 0x74
100076c2:	67a3      	str	r3, [r4, #120]	@ 0x78
100076c4:	67e3      	str	r3, [r4, #124]	@ 0x7c
100076c6:	6223      	str	r3, [r4, #32]
100076c8:	61e3      	str	r3, [r4, #28]
100076ca:	e7e5      	b.n	10007698 <__aeabi_float_init+0x1c>
100076cc:	00004653 	.word	0x00004653
100076d0:	20000d08 	.word	0x20000d08
100076d4:	0000334c 	.word	0x0000334c
100076d8:	200063cc 	.word	0x200063cc
100076dc:	100076e1 	.word	0x100076e1

100076e0 <float_table_shim_on_use_helper>:
100076e0:	b507      	push	{r0, r1, r2, lr}
100076e2:	4660      	mov	r0, ip
100076e4:	8801      	ldrh	r1, [r0, #0]
100076e6:	0a0a      	lsrs	r2, r1, #8
100076e8:	3002      	adds	r0, #2
100076ea:	2adf      	cmp	r2, #223	@ 0xdf
100076ec:	d1fa      	bne.n	100076e4 <float_table_shim_on_use_helper+0x4>
100076ee:	b2c9      	uxtb	r1, r1
100076f0:	0882      	lsrs	r2, r0, #2
100076f2:	d304      	bcc.n	100076fe <float_table_shim_on_use_helper+0x1e>
100076f4:	8802      	ldrh	r2, [r0, #0]
100076f6:	8840      	ldrh	r0, [r0, #2]
100076f8:	0400      	lsls	r0, r0, #16
100076fa:	4310      	orrs	r0, r2
100076fc:	e000      	b.n	10007700 <float_table_shim_on_use_helper+0x20>
100076fe:	6800      	ldr	r0, [r0, #0]
10007700:	4a01      	ldr	r2, [pc, #4]	@ (10007708 <float_table_shim_on_use_helper+0x28>)
10007702:	5050      	str	r0, [r2, r1]
10007704:	9003      	str	r0, [sp, #12]
10007706:	bd07      	pop	{r0, r1, r2, pc}
10007708:	20000d08 	.word	0x20000d08

1000770c <__aeabi_mem_init>:
1000770c:	4801      	ldr	r0, [pc, #4]	@ (10007714 <__aeabi_mem_init+0x8>)
1000770e:	2104      	movs	r1, #4
10007710:	4b01      	ldr	r3, [pc, #4]	@ (10007718 <__aeabi_mem_init+0xc>)
10007712:	4718      	bx	r3
10007714:	20000a90 	.word	0x20000a90
10007718:	100068d1 	.word	0x100068d1

1000771c <__wrap_memset>:
1000771c:	4b01      	ldr	r3, [pc, #4]	@ (10007724 <__wrap_memset+0x8>)
1000771e:	681b      	ldr	r3, [r3, #0]
10007720:	4718      	bx	r3
10007722:	0000      	.short	0x0000
10007724:	20000a90 	.word	0x20000a90

10007728 <__wrap___aeabi_memcpy>:
10007728:	4b01      	ldr	r3, [pc, #4]	@ (10007730 <__wrap___aeabi_memcpy+0x8>)
1000772a:	685b      	ldr	r3, [r3, #4]
1000772c:	4718      	bx	r3
1000772e:	0000      	.short	0x0000
10007730:	20000a90 	.word	0x20000a90

10007734 <stdio_out_chars_crlf>:
10007734:	b5f0      	push	{r4, r5, r6, r7, lr}
10007736:	46c6      	mov	lr, r8
10007738:	b500      	push	{lr}
1000773a:	7d43      	ldrb	r3, [r0, #21]
1000773c:	0007      	movs	r7, r0
1000773e:	000c      	movs	r4, r1
10007740:	0016      	movs	r6, r2
10007742:	2b00      	cmp	r3, #0
10007744:	d046      	beq.n	100077d4 <stdio_out_chars_crlf+0xa0>
10007746:	2a00      	cmp	r2, #0
10007748:	dd17      	ble.n	1000777a <stdio_out_chars_crlf+0x46>
1000774a:	780b      	ldrb	r3, [r1, #0]
1000774c:	2b0a      	cmp	r3, #10
1000774e:	d024      	beq.n	1000779a <stdio_out_chars_crlf+0x66>
10007750:	2300      	movs	r3, #0
10007752:	4698      	mov	r8, r3
10007754:	2e01      	cmp	r6, #1
10007756:	d013      	beq.n	10007780 <stdio_out_chars_crlf+0x4c>
10007758:	2501      	movs	r5, #1
1000775a:	0029      	movs	r1, r5
1000775c:	5c63      	ldrb	r3, [r4, r1]
1000775e:	3501      	adds	r5, #1
10007760:	2b0a      	cmp	r3, #10
10007762:	d026      	beq.n	100077b2 <stdio_out_chars_crlf+0x7e>
10007764:	42b5      	cmp	r5, r6
10007766:	d1f8      	bne.n	1000775a <stdio_out_chars_crlf+0x26>
10007768:	4546      	cmp	r6, r8
1000776a:	dc09      	bgt.n	10007780 <stdio_out_chars_crlf+0x4c>
1000776c:	19a4      	adds	r4, r4, r6
1000776e:	3c01      	subs	r4, #1
10007770:	7823      	ldrb	r3, [r4, #0]
10007772:	3b0d      	subs	r3, #13
10007774:	425a      	negs	r2, r3
10007776:	4153      	adcs	r3, r2
10007778:	753b      	strb	r3, [r7, #20]
1000777a:	bc80      	pop	{r7}
1000777c:	46b8      	mov	r8, r7
1000777e:	bdf0      	pop	{r4, r5, r6, r7, pc}
10007780:	4643      	mov	r3, r8
10007782:	18e0      	adds	r0, r4, r3
10007784:	19a4      	adds	r4, r4, r6
10007786:	1af1      	subs	r1, r6, r3
10007788:	3c01      	subs	r4, #1
1000778a:	683b      	ldr	r3, [r7, #0]
1000778c:	4798      	blx	r3
1000778e:	7823      	ldrb	r3, [r4, #0]
10007790:	3b0d      	subs	r3, #13
10007792:	425a      	negs	r2, r3
10007794:	4153      	adcs	r3, r2
10007796:	753b      	strb	r3, [r7, #20]
10007798:	e7ef      	b.n	1000777a <stdio_out_chars_crlf+0x46>
1000779a:	7d03      	ldrb	r3, [r0, #20]
1000779c:	2b00      	cmp	r3, #0
1000779e:	d1d7      	bne.n	10007750 <stdio_out_chars_crlf+0x1c>
100077a0:	2102      	movs	r1, #2
100077a2:	480f      	ldr	r0, [pc, #60]	@ (100077e0 <stdio_out_chars_crlf+0xac>)
100077a4:	683b      	ldr	r3, [r7, #0]
100077a6:	4798      	blx	r3
100077a8:	2e01      	cmp	r6, #1
100077aa:	d0df      	beq.n	1000776c <stdio_out_chars_crlf+0x38>
100077ac:	2301      	movs	r3, #1
100077ae:	4698      	mov	r8, r3
100077b0:	e7d2      	b.n	10007758 <stdio_out_chars_crlf+0x24>
100077b2:	1e63      	subs	r3, r4, #1
100077b4:	5c5b      	ldrb	r3, [r3, r1]
100077b6:	2b0d      	cmp	r3, #13
100077b8:	d0d4      	beq.n	10007764 <stdio_out_chars_crlf+0x30>
100077ba:	4588      	cmp	r8, r1
100077bc:	da04      	bge.n	100077c8 <stdio_out_chars_crlf+0x94>
100077be:	4643      	mov	r3, r8
100077c0:	1ac9      	subs	r1, r1, r3
100077c2:	18e0      	adds	r0, r4, r3
100077c4:	683b      	ldr	r3, [r7, #0]
100077c6:	4798      	blx	r3
100077c8:	2102      	movs	r1, #2
100077ca:	4805      	ldr	r0, [pc, #20]	@ (100077e0 <stdio_out_chars_crlf+0xac>)
100077cc:	683b      	ldr	r3, [r7, #0]
100077ce:	46a8      	mov	r8, r5
100077d0:	4798      	blx	r3
100077d2:	e7c7      	b.n	10007764 <stdio_out_chars_crlf+0x30>
100077d4:	6803      	ldr	r3, [r0, #0]
100077d6:	0011      	movs	r1, r2
100077d8:	0020      	movs	r0, r4
100077da:	4798      	blx	r3
100077dc:	e7cd      	b.n	1000777a <stdio_out_chars_crlf+0x46>
100077de:	46c0      	nop			@ (mov r8, r8)
100077e0:	100089f4 	.word	0x100089f4

100077e4 <__wrap_putchar>:
100077e4:	b5f0      	push	{r4, r5, r6, r7, lr}
100077e6:	46ce      	mov	lr, r9
100077e8:	4647      	mov	r7, r8
100077ea:	b580      	push	{r7, lr}
100077ec:	b083      	sub	sp, #12
100077ee:	466b      	mov	r3, sp
100077f0:	0006      	movs	r6, r0
100077f2:	1ddd      	adds	r5, r3, #7
100077f4:	7028      	strb	r0, [r5, #0]
100077f6:	f7fc fced 	bl	100041d4 <time_us_64>
100077fa:	2300      	movs	r3, #0
100077fc:	4a19      	ldr	r2, [pc, #100]	@ (10007864 <__wrap_putchar+0x80>)
100077fe:	1812      	adds	r2, r2, r0
10007800:	414b      	adcs	r3, r1
10007802:	2b00      	cmp	r3, #0
10007804:	da02      	bge.n	1000780c <__wrap_putchar+0x28>
10007806:	2201      	movs	r2, #1
10007808:	4b17      	ldr	r3, [pc, #92]	@ (10007868 <__wrap_putchar+0x84>)
1000780a:	4252      	negs	r2, r2
1000780c:	4917      	ldr	r1, [pc, #92]	@ (1000786c <__wrap_putchar+0x88>)
1000780e:	0008      	movs	r0, r1
10007810:	4688      	mov	r8, r1
10007812:	f000 fd55 	bl	100082c0 <__mutex_try_enter_block_until_veneer>
10007816:	4b16      	ldr	r3, [pc, #88]	@ (10007870 <__wrap_putchar+0x8c>)
10007818:	4681      	mov	r9, r0
1000781a:	681c      	ldr	r4, [r3, #0]
1000781c:	2c00      	cmp	r4, #0
1000781e:	d014      	beq.n	1000784a <__wrap_putchar+0x66>
10007820:	4f14      	ldr	r7, [pc, #80]	@ (10007874 <__wrap_putchar+0x90>)
10007822:	e002      	b.n	1000782a <__wrap_putchar+0x46>
10007824:	6924      	ldr	r4, [r4, #16]
10007826:	2c00      	cmp	r4, #0
10007828:	d00f      	beq.n	1000784a <__wrap_putchar+0x66>
1000782a:	6823      	ldr	r3, [r4, #0]
1000782c:	2b00      	cmp	r3, #0
1000782e:	d0f9      	beq.n	10007824 <__wrap_putchar+0x40>
10007830:	683b      	ldr	r3, [r7, #0]
10007832:	2b00      	cmp	r3, #0
10007834:	d001      	beq.n	1000783a <__wrap_putchar+0x56>
10007836:	429c      	cmp	r4, r3
10007838:	d1f4      	bne.n	10007824 <__wrap_putchar+0x40>
1000783a:	0020      	movs	r0, r4
1000783c:	2201      	movs	r2, #1
1000783e:	0029      	movs	r1, r5
10007840:	f7ff ff78 	bl	10007734 <stdio_out_chars_crlf>
10007844:	6924      	ldr	r4, [r4, #16]
10007846:	2c00      	cmp	r4, #0
10007848:	d1ef      	bne.n	1000782a <__wrap_putchar+0x46>
1000784a:	464b      	mov	r3, r9
1000784c:	2b00      	cmp	r3, #0
1000784e:	d105      	bne.n	1000785c <__wrap_putchar+0x78>
10007850:	0030      	movs	r0, r6
10007852:	b003      	add	sp, #12
10007854:	bcc0      	pop	{r6, r7}
10007856:	46b9      	mov	r9, r7
10007858:	46b0      	mov	r8, r6
1000785a:	bdf0      	pop	{r4, r5, r6, r7, pc}
1000785c:	4640      	mov	r0, r8
1000785e:	f000 fd0f 	bl	10008280 <__mutex_exit_veneer>
10007862:	e7f5      	b.n	10007850 <__wrap_putchar+0x6c>
10007864:	000f4240 	.word	0x000f4240
10007868:	7fffffff 	.word	0x7fffffff
1000786c:	20000ab8 	.word	0x20000ab8
10007870:	20002ea8 	.word	0x20002ea8
10007874:	20002eac 	.word	0x20002eac

10007878 <__wrap_puts>:
10007878:	b5f0      	push	{r4, r5, r6, r7, lr}
1000787a:	46de      	mov	lr, fp
1000787c:	464e      	mov	r6, r9
1000787e:	4645      	mov	r5, r8
10007880:	4657      	mov	r7, sl
10007882:	b5e0      	push	{r5, r6, r7, lr}
10007884:	b083      	sub	sp, #12
10007886:	0006      	movs	r6, r0
10007888:	f000 fcc8 	bl	1000821c <strlen>
1000788c:	0005      	movs	r5, r0
1000788e:	f7fc fca1 	bl	100041d4 <time_us_64>
10007892:	2300      	movs	r3, #0
10007894:	4a28      	ldr	r2, [pc, #160]	@ (10007938 <__wrap_puts+0xc0>)
10007896:	1812      	adds	r2, r2, r0
10007898:	414b      	adcs	r3, r1
1000789a:	2b00      	cmp	r3, #0
1000789c:	da02      	bge.n	100078a4 <__wrap_puts+0x2c>
1000789e:	2201      	movs	r2, #1
100078a0:	4b26      	ldr	r3, [pc, #152]	@ (1000793c <__wrap_puts+0xc4>)
100078a2:	4252      	negs	r2, r2
100078a4:	4926      	ldr	r1, [pc, #152]	@ (10007940 <__wrap_puts+0xc8>)
100078a6:	0008      	movs	r0, r1
100078a8:	468b      	mov	fp, r1
100078aa:	f000 fd09 	bl	100082c0 <__mutex_try_enter_block_until_veneer>
100078ae:	4b25      	ldr	r3, [pc, #148]	@ (10007944 <__wrap_puts+0xcc>)
100078b0:	4681      	mov	r9, r0
100078b2:	681c      	ldr	r4, [r3, #0]
100078b4:	469a      	mov	sl, r3
100078b6:	2c00      	cmp	r4, #0
100078b8:	d038      	beq.n	1000792c <__wrap_puts+0xb4>
100078ba:	230a      	movs	r3, #10
100078bc:	4f22      	ldr	r7, [pc, #136]	@ (10007948 <__wrap_puts+0xd0>)
100078be:	4698      	mov	r8, r3
100078c0:	e002      	b.n	100078c8 <__wrap_puts+0x50>
100078c2:	6924      	ldr	r4, [r4, #16]
100078c4:	2c00      	cmp	r4, #0
100078c6:	d017      	beq.n	100078f8 <__wrap_puts+0x80>
100078c8:	6823      	ldr	r3, [r4, #0]
100078ca:	2b00      	cmp	r3, #0
100078cc:	d0f9      	beq.n	100078c2 <__wrap_puts+0x4a>
100078ce:	683b      	ldr	r3, [r7, #0]
100078d0:	2b00      	cmp	r3, #0
100078d2:	d001      	beq.n	100078d8 <__wrap_puts+0x60>
100078d4:	429c      	cmp	r4, r3
100078d6:	d1f4      	bne.n	100078c2 <__wrap_puts+0x4a>
100078d8:	0020      	movs	r0, r4
100078da:	002a      	movs	r2, r5
100078dc:	0031      	movs	r1, r6
100078de:	f7ff ff29 	bl	10007734 <stdio_out_chars_crlf>
100078e2:	466b      	mov	r3, sp
100078e4:	4642      	mov	r2, r8
100078e6:	0020      	movs	r0, r4
100078e8:	71da      	strb	r2, [r3, #7]
100078ea:	1dd9      	adds	r1, r3, #7
100078ec:	2201      	movs	r2, #1
100078ee:	f7ff ff21 	bl	10007734 <stdio_out_chars_crlf>
100078f2:	6924      	ldr	r4, [r4, #16]
100078f4:	2c00      	cmp	r4, #0
100078f6:	d1e7      	bne.n	100078c8 <__wrap_puts+0x50>
100078f8:	464b      	mov	r3, r9
100078fa:	2b00      	cmp	r3, #0
100078fc:	d118      	bne.n	10007930 <__wrap_puts+0xb8>
100078fe:	4653      	mov	r3, sl
10007900:	681c      	ldr	r4, [r3, #0]
10007902:	2c00      	cmp	r4, #0
10007904:	d006      	beq.n	10007914 <__wrap_puts+0x9c>
10007906:	6863      	ldr	r3, [r4, #4]
10007908:	2b00      	cmp	r3, #0
1000790a:	d00b      	beq.n	10007924 <__wrap_puts+0xac>
1000790c:	4798      	blx	r3
1000790e:	6924      	ldr	r4, [r4, #16]
10007910:	2c00      	cmp	r4, #0
10007912:	d1f8      	bne.n	10007906 <__wrap_puts+0x8e>
10007914:	0028      	movs	r0, r5
10007916:	b003      	add	sp, #12
10007918:	bcf0      	pop	{r4, r5, r6, r7}
1000791a:	46bb      	mov	fp, r7
1000791c:	46b2      	mov	sl, r6
1000791e:	46a9      	mov	r9, r5
10007920:	46a0      	mov	r8, r4
10007922:	bdf0      	pop	{r4, r5, r6, r7, pc}
10007924:	6924      	ldr	r4, [r4, #16]
10007926:	2c00      	cmp	r4, #0
10007928:	d1ed      	bne.n	10007906 <__wrap_puts+0x8e>
1000792a:	e7f3      	b.n	10007914 <__wrap_puts+0x9c>
1000792c:	2800      	cmp	r0, #0
1000792e:	d0f1      	beq.n	10007914 <__wrap_puts+0x9c>
10007930:	4658      	mov	r0, fp
10007932:	f000 fca5 	bl	10008280 <__mutex_exit_veneer>
10007936:	e7e2      	b.n	100078fe <__wrap_puts+0x86>
10007938:	000f4240 	.word	0x000f4240
1000793c:	7fffffff 	.word	0x7fffffff
10007940:	20000ab8 	.word	0x20000ab8
10007944:	20002ea8 	.word	0x20002ea8
10007948:	20002eac 	.word	0x20002eac

1000794c <core1_trampoline>:
1000794c:	bd03      	pop	{r0, r1, pc}
1000794e:	46c0      	nop			@ (mov r8, r8)

10007950 <core1_wrapper>:
10007950:	b510      	push	{r4, lr}
10007952:	0004      	movs	r4, r0
10007954:	f7fc f842 	bl	100039dc <irq_init_priorities>
10007958:	47a0      	blx	r4
1000795a:	bd10      	pop	{r4, pc}

1000795c <multicore_fifo_push_blocking>:
1000795c:	22d0      	movs	r2, #208	@ 0xd0
1000795e:	2102      	movs	r1, #2
10007960:	0612      	lsls	r2, r2, #24
10007962:	6d13      	ldr	r3, [r2, #80]	@ 0x50
10007964:	4219      	tst	r1, r3
10007966:	d0fc      	beq.n	10007962 <multicore_fifo_push_blocking+0x6>
10007968:	6550      	str	r0, [r2, #84]	@ 0x54
1000796a:	bf40      	sev
1000796c:	4770      	bx	lr
1000796e:	46c0      	nop			@ (mov r8, r8)

10007970 <multicore_fifo_pop_blocking>:
10007970:	22d0      	movs	r2, #208	@ 0xd0
10007972:	0612      	lsls	r2, r2, #24
10007974:	6d13      	ldr	r3, [r2, #80]	@ 0x50
10007976:	07db      	lsls	r3, r3, #31
10007978:	d404      	bmi.n	10007984 <multicore_fifo_pop_blocking+0x14>
1000797a:	2101      	movs	r1, #1
1000797c:	bf20      	wfe
1000797e:	6d13      	ldr	r3, [r2, #80]	@ 0x50
10007980:	4219      	tst	r1, r3
10007982:	d0fb      	beq.n	1000797c <multicore_fifo_pop_blocking+0xc>
10007984:	23d0      	movs	r3, #208	@ 0xd0
10007986:	061b      	lsls	r3, r3, #24
10007988:	6d98      	ldr	r0, [r3, #88]	@ 0x58
1000798a:	4770      	bx	lr

1000798c <multicore_launch_core1_raw>:
1000798c:	b5f0      	push	{r4, r5, r6, r7, lr}
1000798e:	46c6      	mov	lr, r8
10007990:	b500      	push	{lr}
10007992:	0004      	movs	r4, r0
10007994:	b086      	sub	sp, #24
10007996:	200f      	movs	r0, #15
10007998:	000e      	movs	r6, r1
1000799a:	4690      	mov	r8, r2
1000799c:	f7fb fdae 	bl	100034fc <irq_is_enabled>
100079a0:	2100      	movs	r1, #0
100079a2:	0005      	movs	r5, r0
100079a4:	200f      	movs	r0, #15
100079a6:	f7fb fd97 	bl	100034d8 <irq_set_enabled>
100079aa:	2300      	movs	r3, #0
100079ac:	2200      	movs	r2, #0
100079ae:	9200      	str	r2, [sp, #0]
100079b0:	9301      	str	r3, [sp, #4]
100079b2:	2301      	movs	r3, #1
100079b4:	9302      	str	r3, [sp, #8]
100079b6:	4643      	mov	r3, r8
100079b8:	9303      	str	r3, [sp, #12]
100079ba:	23d0      	movs	r3, #208	@ 0xd0
100079bc:	9604      	str	r6, [sp, #16]
100079be:	9405      	str	r4, [sp, #20]
100079c0:	466f      	mov	r7, sp
100079c2:	2400      	movs	r4, #0
100079c4:	2600      	movs	r6, #0
100079c6:	2101      	movs	r1, #1
100079c8:	2002      	movs	r0, #2
100079ca:	061b      	lsls	r3, r3, #24
100079cc:	2c00      	cmp	r4, #0
100079ce:	d013      	beq.n	100079f8 <multicore_launch_core1_raw+0x6c>
100079d0:	6d1a      	ldr	r2, [r3, #80]	@ 0x50
100079d2:	4210      	tst	r0, r2
100079d4:	d0fc      	beq.n	100079d0 <multicore_launch_core1_raw+0x44>
100079d6:	655c      	str	r4, [r3, #84]	@ 0x54
100079d8:	bf40      	sev
100079da:	6d1a      	ldr	r2, [r3, #80]	@ 0x50
100079dc:	4211      	tst	r1, r2
100079de:	d103      	bne.n	100079e8 <multicore_launch_core1_raw+0x5c>
100079e0:	bf20      	wfe
100079e2:	6d1a      	ldr	r2, [r3, #80]	@ 0x50
100079e4:	4211      	tst	r1, r2
100079e6:	d0fb      	beq.n	100079e0 <multicore_launch_core1_raw+0x54>
100079e8:	6d9a      	ldr	r2, [r3, #88]	@ 0x58
100079ea:	42a2      	cmp	r2, r4
100079ec:	d009      	beq.n	10007a02 <multicore_launch_core1_raw+0x76>
100079ee:	2600      	movs	r6, #0
100079f0:	00b2      	lsls	r2, r6, #2
100079f2:	58bc      	ldr	r4, [r7, r2]
100079f4:	e7ea      	b.n	100079cc <multicore_launch_core1_raw+0x40>
100079f6:	6d9a      	ldr	r2, [r3, #88]	@ 0x58
100079f8:	6d1a      	ldr	r2, [r3, #80]	@ 0x50
100079fa:	4211      	tst	r1, r2
100079fc:	d1fb      	bne.n	100079f6 <multicore_launch_core1_raw+0x6a>
100079fe:	bf40      	sev
10007a00:	e7e6      	b.n	100079d0 <multicore_launch_core1_raw+0x44>
10007a02:	3601      	adds	r6, #1
10007a04:	2e06      	cmp	r6, #6
10007a06:	d1f3      	bne.n	100079f0 <multicore_launch_core1_raw+0x64>
10007a08:	0029      	movs	r1, r5
10007a0a:	200f      	movs	r0, #15
10007a0c:	f7fb fd64 	bl	100034d8 <irq_set_enabled>
10007a10:	b006      	add	sp, #24
10007a12:	bc80      	pop	{r7}
10007a14:	46b8      	mov	r8, r7
10007a16:	bdf0      	pop	{r4, r5, r6, r7, pc}

10007a18 <multicore_launch_core1>:
10007a18:	4b0d      	ldr	r3, [pc, #52]	@ (10007a50 <multicore_launch_core1+0x38>)
10007a1a:	4a0e      	ldr	r2, [pc, #56]	@ (10007a54 <multicore_launch_core1+0x3c>)
10007a1c:	b510      	push	{r4, lr}
10007a1e:	4293      	cmp	r3, r2
10007a20:	d310      	bcc.n	10007a44 <multicore_launch_core1+0x2c>
10007a22:	4a0d      	ldr	r2, [pc, #52]	@ (10007a58 <multicore_launch_core1+0x40>)
10007a24:	1899      	adds	r1, r3, r2
10007a26:	001a      	movs	r2, r3
10007a28:	4c0b      	ldr	r4, [pc, #44]	@ (10007a58 <multicore_launch_core1+0x40>)
10007a2a:	5110      	str	r0, [r2, r4]
10007a2c:	20ff      	movs	r0, #255	@ 0xff
10007a2e:	00c0      	lsls	r0, r0, #3
10007a30:	5013      	str	r3, [r2, r0]
10007a32:	4b0a      	ldr	r3, [pc, #40]	@ (10007a5c <multicore_launch_core1+0x44>)
10007a34:	480a      	ldr	r0, [pc, #40]	@ (10007a60 <multicore_launch_core1+0x48>)
10007a36:	5013      	str	r3, [r2, r0]
10007a38:	4b0a      	ldr	r3, [pc, #40]	@ (10007a64 <multicore_launch_core1+0x4c>)
10007a3a:	480b      	ldr	r0, [pc, #44]	@ (10007a68 <multicore_launch_core1+0x50>)
10007a3c:	689a      	ldr	r2, [r3, #8]
10007a3e:	f7ff ffa5 	bl	1000798c <multicore_launch_core1_raw>
10007a42:	bd10      	pop	{r4, pc}
10007a44:	2301      	movs	r3, #1
10007a46:	425b      	negs	r3, r3
10007a48:	001a      	movs	r2, r3
10007a4a:	4908      	ldr	r1, [pc, #32]	@ (10007a6c <multicore_launch_core1+0x54>)
10007a4c:	e7ec      	b.n	10007a28 <multicore_launch_core1+0x10>
10007a4e:	46c0      	nop			@ (mov r8, r8)
10007a50:	20040800 	.word	0x20040800
10007a54:	20040000 	.word	0x20040000
10007a58:	000007f4 	.word	0x000007f4
10007a5c:	10007951 	.word	0x10007951
10007a60:	000007fc 	.word	0x000007fc
10007a64:	e000ed00 	.word	0xe000ed00
10007a68:	1000794d 	.word	0x1000794d
10007a6c:	000007f3 	.word	0x000007f3

10007a70 <spi_init>:
10007a70:	b5f0      	push	{r4, r5, r6, r7, lr}
10007a72:	464e      	mov	r6, r9
10007a74:	46de      	mov	lr, fp
10007a76:	4657      	mov	r7, sl
10007a78:	4645      	mov	r5, r8
10007a7a:	b5e0      	push	{r5, r6, r7, lr}
10007a7c:	4b4a      	ldr	r3, [pc, #296]	@ (10007ba8 <spi_init+0x138>)
10007a7e:	4681      	mov	r9, r0
10007a80:	000c      	movs	r4, r1
10007a82:	2280      	movs	r2, #128	@ 0x80
10007a84:	b085      	sub	sp, #20
10007a86:	4298      	cmp	r0, r3
10007a88:	d100      	bne.n	10007a8c <spi_init+0x1c>
10007a8a:	e080      	b.n	10007b8e <spi_init+0x11e>
10007a8c:	4b47      	ldr	r3, [pc, #284]	@ (10007bac <spi_init+0x13c>)
10007a8e:	0292      	lsls	r2, r2, #10
10007a90:	601a      	str	r2, [r3, #0]
10007a92:	4b47      	ldr	r3, [pc, #284]	@ (10007bb0 <spi_init+0x140>)
10007a94:	4947      	ldr	r1, [pc, #284]	@ (10007bb4 <spi_init+0x144>)
10007a96:	601a      	str	r2, [r3, #0]
10007a98:	0010      	movs	r0, r2
10007a9a:	688b      	ldr	r3, [r1, #8]
10007a9c:	4398      	bics	r0, r3
10007a9e:	d1fb      	bne.n	10007a98 <spi_init+0x28>
10007aa0:	4680      	mov	r8, r0
10007aa2:	2006      	movs	r0, #6
10007aa4:	f7fd f974 	bl	10004d90 <clock_get_hz>
10007aa8:	464b      	mov	r3, r9
10007aaa:	685a      	ldr	r2, [r3, #4]
10007aac:	2302      	movs	r3, #2
10007aae:	401a      	ands	r2, r3
10007ab0:	9201      	str	r2, [sp, #4]
10007ab2:	464a      	mov	r2, r9
10007ab4:	3204      	adds	r2, #4
10007ab6:	0011      	movs	r1, r2
10007ab8:	9202      	str	r2, [sp, #8]
10007aba:	22c0      	movs	r2, #192	@ 0xc0
10007abc:	0192      	lsls	r2, r2, #6
10007abe:	4311      	orrs	r1, r2
10007ac0:	600b      	str	r3, [r1, #0]
10007ac2:	468b      	mov	fp, r1
10007ac4:	2180      	movs	r1, #128	@ 0x80
10007ac6:	9000      	str	r0, [sp, #0]
10007ac8:	46a4      	mov	ip, r4
10007aca:	2002      	movs	r0, #2
10007acc:	0de7      	lsrs	r7, r4, #23
10007ace:	0266      	lsls	r6, r4, #9
10007ad0:	0da3      	lsrs	r3, r4, #22
10007ad2:	02a2      	lsls	r2, r4, #10
10007ad4:	0049      	lsls	r1, r1, #1
10007ad6:	e006      	b.n	10007ae6 <spi_init+0x76>
10007ad8:	9c00      	ldr	r4, [sp, #0]
10007ada:	4294      	cmp	r4, r2
10007adc:	d307      	bcc.n	10007aee <spi_init+0x7e>
10007ade:	1992      	adds	r2, r2, r6
10007ae0:	417b      	adcs	r3, r7
10007ae2:	4288      	cmp	r0, r1
10007ae4:	d05c      	beq.n	10007ba0 <spi_init+0x130>
10007ae6:	0005      	movs	r5, r0
10007ae8:	3002      	adds	r0, #2
10007aea:	2b00      	cmp	r3, #0
10007aec:	d0f4      	beq.n	10007ad8 <spi_init+0x68>
10007aee:	4664      	mov	r4, ip
10007af0:	4643      	mov	r3, r8
10007af2:	2680      	movs	r6, #128	@ 0x80
10007af4:	9303      	str	r3, [sp, #12]
10007af6:	9b00      	ldr	r3, [sp, #0]
10007af8:	022f      	lsls	r7, r5, #8
10007afa:	46aa      	mov	sl, r5
10007afc:	4698      	mov	r8, r3
10007afe:	1b7f      	subs	r7, r7, r5
10007b00:	0076      	lsls	r6, r6, #1
10007b02:	e003      	b.n	10007b0c <spi_init+0x9c>
10007b04:	4653      	mov	r3, sl
10007b06:	1aff      	subs	r7, r7, r3
10007b08:	2e01      	cmp	r6, #1
10007b0a:	d044      	beq.n	10007b96 <spi_init+0x126>
10007b0c:	0039      	movs	r1, r7
10007b0e:	4640      	mov	r0, r8
10007b10:	0035      	movs	r5, r6
10007b12:	3e01      	subs	r6, #1
10007b14:	f7fe ff26 	bl	10006964 <__wrap___aeabi_uidiv>
10007b18:	4284      	cmp	r4, r0
10007b1a:	d2f3      	bcs.n	10007b04 <spi_init+0x94>
10007b1c:	002b      	movs	r3, r5
10007b1e:	4655      	mov	r5, sl
10007b20:	469a      	mov	sl, r3
10007b22:	4650      	mov	r0, sl
10007b24:	0233      	lsls	r3, r6, #8
10007b26:	4698      	mov	r8, r3
10007b28:	4368      	muls	r0, r5
10007b2a:	464b      	mov	r3, r9
10007b2c:	4642      	mov	r2, r8
10007b2e:	611d      	str	r5, [r3, #16]
10007b30:	681b      	ldr	r3, [r3, #0]
10007b32:	2180      	movs	r1, #128	@ 0x80
10007b34:	4053      	eors	r3, r2
10007b36:	22ff      	movs	r2, #255	@ 0xff
10007b38:	0212      	lsls	r2, r2, #8
10007b3a:	4013      	ands	r3, r2
10007b3c:	464a      	mov	r2, r9
10007b3e:	0149      	lsls	r1, r1, #5
10007b40:	4311      	orrs	r1, r2
10007b42:	2280      	movs	r2, #128	@ 0x80
10007b44:	9c02      	ldr	r4, [sp, #8]
10007b46:	600b      	str	r3, [r1, #0]
10007b48:	0192      	lsls	r2, r2, #6
10007b4a:	9b01      	ldr	r3, [sp, #4]
10007b4c:	4314      	orrs	r4, r2
10007b4e:	6023      	str	r3, [r4, #0]
10007b50:	2602      	movs	r6, #2
10007b52:	465d      	mov	r5, fp
10007b54:	464b      	mov	r3, r9
10007b56:	685b      	ldr	r3, [r3, #4]
10007b58:	602e      	str	r6, [r5, #0]
10007b5a:	464d      	mov	r5, r9
10007b5c:	682f      	ldr	r7, [r5, #0]
10007b5e:	2507      	movs	r5, #7
10007b60:	407d      	eors	r5, r7
10007b62:	27cf      	movs	r7, #207	@ 0xcf
10007b64:	4033      	ands	r3, r6
10007b66:	402f      	ands	r7, r5
10007b68:	600f      	str	r7, [r1, #0]
10007b6a:	6023      	str	r3, [r4, #0]
10007b6c:	464b      	mov	r3, r9
10007b6e:	3324      	adds	r3, #36	@ 0x24
10007b70:	431a      	orrs	r2, r3
10007b72:	2303      	movs	r3, #3
10007b74:	0001      	movs	r1, r0
10007b76:	6013      	str	r3, [r2, #0]
10007b78:	9800      	ldr	r0, [sp, #0]
10007b7a:	6026      	str	r6, [r4, #0]
10007b7c:	f7fe fef2 	bl	10006964 <__wrap___aeabi_uidiv>
10007b80:	b005      	add	sp, #20
10007b82:	bcf0      	pop	{r4, r5, r6, r7}
10007b84:	46bb      	mov	fp, r7
10007b86:	46b2      	mov	sl, r6
10007b88:	46a9      	mov	r9, r5
10007b8a:	46a0      	mov	r8, r4
10007b8c:	bdf0      	pop	{r4, r5, r6, r7, pc}
10007b8e:	4b07      	ldr	r3, [pc, #28]	@ (10007bac <spi_init+0x13c>)
10007b90:	0252      	lsls	r2, r2, #9
10007b92:	601a      	str	r2, [r3, #0]
10007b94:	e77d      	b.n	10007a92 <spi_init+0x22>
10007b96:	4655      	mov	r5, sl
10007b98:	9b03      	ldr	r3, [sp, #12]
10007b9a:	0028      	movs	r0, r5
10007b9c:	4698      	mov	r8, r3
10007b9e:	e7c4      	b.n	10007b2a <spi_init+0xba>
10007ba0:	4664      	mov	r4, ip
10007ba2:	0005      	movs	r5, r0
10007ba4:	e7a4      	b.n	10007af0 <spi_init+0x80>
10007ba6:	46c0      	nop			@ (mov r8, r8)
10007ba8:	4003c000 	.word	0x4003c000
10007bac:	4000e000 	.word	0x4000e000
10007bb0:	4000f000 	.word	0x4000f000
10007bb4:	4000c000 	.word	0x4000c000

10007bb8 <i2c_set_baudrate>:
10007bb8:	b5f8      	push	{r3, r4, r5, r6, r7, lr}
10007bba:	46de      	mov	lr, fp
10007bbc:	4657      	mov	r7, sl
10007bbe:	464e      	mov	r6, r9
10007bc0:	4645      	mov	r5, r8
10007bc2:	4683      	mov	fp, r0
10007bc4:	b5e0      	push	{r5, r6, r7, lr}
10007bc6:	2005      	movs	r0, #5
10007bc8:	000c      	movs	r4, r1
10007bca:	f7fd f8e1 	bl	10004d90 <clock_get_hz>
10007bce:	0006      	movs	r6, r0
10007bd0:	0860      	lsrs	r0, r4, #1
10007bd2:	0021      	movs	r1, r4
10007bd4:	1980      	adds	r0, r0, r6
10007bd6:	f7fe fec5 	bl	10006964 <__wrap___aeabi_uidiv>
10007bda:	0043      	lsls	r3, r0, #1
10007bdc:	4698      	mov	r8, r3
10007bde:	4480      	add	r8, r0
10007be0:	0007      	movs	r7, r0
10007be2:	2105      	movs	r1, #5
10007be4:	4640      	mov	r0, r8
10007be6:	f7fe febd 	bl	10006964 <__wrap___aeabi_uidiv>
10007bea:	1a3b      	subs	r3, r7, r0
10007bec:	469a      	mov	sl, r3
10007bee:	4b20      	ldr	r3, [pc, #128]	@ (10007c70 <i2c_set_baudrate+0xb8>)
10007bf0:	4681      	mov	r9, r0
10007bf2:	0070      	lsls	r0, r6, #1
10007bf4:	1980      	adds	r0, r0, r6
10007bf6:	429c      	cmp	r4, r3
10007bf8:	d834      	bhi.n	10007c64 <i2c_set_baudrate+0xac>
10007bfa:	491e      	ldr	r1, [pc, #120]	@ (10007c74 <i2c_set_baudrate+0xbc>)
10007bfc:	f7fe feb2 	bl	10006964 <__wrap___aeabi_uidiv>
10007c00:	1c45      	adds	r5, r0, #1
10007c02:	465b      	mov	r3, fp
10007c04:	681c      	ldr	r4, [r3, #0]
10007c06:	2300      	movs	r3, #0
10007c08:	2204      	movs	r2, #4
10007c0a:	66e3      	str	r3, [r4, #108]	@ 0x6c
10007c0c:	6823      	ldr	r3, [r4, #0]
10007c0e:	2001      	movs	r0, #1
10007c10:	4053      	eors	r3, r2
10007c12:	3202      	adds	r2, #2
10007c14:	401a      	ands	r2, r3
10007c16:	2380      	movs	r3, #128	@ 0x80
10007c18:	015b      	lsls	r3, r3, #5
10007c1a:	4323      	orrs	r3, r4
10007c1c:	601a      	str	r2, [r3, #0]
10007c1e:	4653      	mov	r3, sl
10007c20:	61e3      	str	r3, [r4, #28]
10007c22:	464b      	mov	r3, r9
10007c24:	6223      	str	r3, [r4, #32]
10007c26:	4643      	mov	r3, r8
10007c28:	2b4f      	cmp	r3, #79	@ 0x4f
10007c2a:	d903      	bls.n	10007c34 <i2c_set_baudrate+0x7c>
10007c2c:	2150      	movs	r1, #80	@ 0x50
10007c2e:	4640      	mov	r0, r8
10007c30:	f7fe fe98 	bl	10006964 <__wrap___aeabi_uidiv>
10007c34:	23a0      	movs	r3, #160	@ 0xa0
10007c36:	50e0      	str	r0, [r4, r3]
10007c38:	6fe3      	ldr	r3, [r4, #124]	@ 0x7c
10007c3a:	0022      	movs	r2, r4
10007c3c:	405d      	eors	r5, r3
10007c3e:	2380      	movs	r3, #128	@ 0x80
10007c40:	327c      	adds	r2, #124	@ 0x7c
10007c42:	042d      	lsls	r5, r5, #16
10007c44:	015b      	lsls	r3, r3, #5
10007c46:	4313      	orrs	r3, r2
10007c48:	0c2d      	lsrs	r5, r5, #16
10007c4a:	601d      	str	r5, [r3, #0]
10007c4c:	2301      	movs	r3, #1
10007c4e:	0039      	movs	r1, r7
10007c50:	0030      	movs	r0, r6
10007c52:	66e3      	str	r3, [r4, #108]	@ 0x6c
10007c54:	f7fe fe86 	bl	10006964 <__wrap___aeabi_uidiv>
10007c58:	bcf0      	pop	{r4, r5, r6, r7}
10007c5a:	46bb      	mov	fp, r7
10007c5c:	46b2      	mov	sl, r6
10007c5e:	46a9      	mov	r9, r5
10007c60:	46a0      	mov	r8, r4
10007c62:	bdf8      	pop	{r3, r4, r5, r6, r7, pc}
10007c64:	4904      	ldr	r1, [pc, #16]	@ (10007c78 <i2c_set_baudrate+0xc0>)
10007c66:	f7fe fe7d 	bl	10006964 <__wrap___aeabi_uidiv>
10007c6a:	1c45      	adds	r5, r0, #1
10007c6c:	e7c9      	b.n	10007c02 <i2c_set_baudrate+0x4a>
10007c6e:	46c0      	nop			@ (mov r8, r8)
10007c70:	000f423f 	.word	0x000f423f
10007c74:	00989680 	.word	0x00989680
10007c78:	017d7840 	.word	0x017d7840

10007c7c <i2c_init>:
10007c7c:	4a0f      	ldr	r2, [pc, #60]	@ (10007cbc <i2c_init+0x40>)
10007c7e:	b570      	push	{r4, r5, r6, lr}
10007c80:	1a82      	subs	r2, r0, r2
10007c82:	1e53      	subs	r3, r2, #1
10007c84:	419a      	sbcs	r2, r3
10007c86:	4b0e      	ldr	r3, [pc, #56]	@ (10007cc0 <i2c_init+0x44>)
10007c88:	00d2      	lsls	r2, r2, #3
10007c8a:	3208      	adds	r2, #8
10007c8c:	601a      	str	r2, [r3, #0]
10007c8e:	4b0d      	ldr	r3, [pc, #52]	@ (10007cc4 <i2c_init+0x48>)
10007c90:	4c0d      	ldr	r4, [pc, #52]	@ (10007cc8 <i2c_init+0x4c>)
10007c92:	601a      	str	r2, [r3, #0]
10007c94:	0015      	movs	r5, r2
10007c96:	68a3      	ldr	r3, [r4, #8]
10007c98:	439d      	bics	r5, r3
10007c9a:	1e2b      	subs	r3, r5, #0
10007c9c:	d1fa      	bne.n	10007c94 <i2c_init+0x18>
10007c9e:	2466      	movs	r4, #102	@ 0x66
10007ca0:	6802      	ldr	r2, [r0, #0]
10007ca2:	34ff      	adds	r4, #255	@ 0xff
10007ca4:	7105      	strb	r5, [r0, #4]
10007ca6:	66d5      	str	r5, [r2, #108]	@ 0x6c
10007ca8:	6014      	str	r4, [r2, #0]
10007caa:	3c63      	subs	r4, #99	@ 0x63
10007cac:	3388      	adds	r3, #136	@ 0x88
10007cae:	3cff      	subs	r4, #255	@ 0xff
10007cb0:	63d5      	str	r5, [r2, #60]	@ 0x3c
10007cb2:	6395      	str	r5, [r2, #56]	@ 0x38
10007cb4:	50d4      	str	r4, [r2, r3]
10007cb6:	f7ff ff7f 	bl	10007bb8 <i2c_set_baudrate>
10007cba:	bd70      	pop	{r4, r5, r6, pc}
10007cbc:	20000aa8 	.word	0x20000aa8
10007cc0:	4000e000 	.word	0x4000e000
10007cc4:	4000f000 	.word	0x4000f000
10007cc8:	4000c000 	.word	0x4000c000

10007ccc <i2c_write_blocking>:
10007ccc:	b5f0      	push	{r4, r5, r6, r7, lr}
10007cce:	46de      	mov	lr, fp
10007cd0:	4657      	mov	r7, sl
10007cd2:	464e      	mov	r6, r9
10007cd4:	4645      	mov	r5, r8
10007cd6:	4690      	mov	r8, r2
10007cd8:	2200      	movs	r2, #0
10007cda:	b5e0      	push	{r5, r6, r7, lr}
10007cdc:	b083      	sub	sp, #12
10007cde:	001e      	movs	r6, r3
10007ce0:	ab0c      	add	r3, sp, #48	@ 0x30
10007ce2:	781b      	ldrb	r3, [r3, #0]
10007ce4:	0007      	movs	r7, r0
10007ce6:	469b      	mov	fp, r3
10007ce8:	6803      	ldr	r3, [r0, #0]
10007cea:	66da      	str	r2, [r3, #108]	@ 0x6c
10007cec:	3201      	adds	r2, #1
10007cee:	6059      	str	r1, [r3, #4]
10007cf0:	66da      	str	r2, [r3, #108]	@ 0x6c
10007cf2:	2e00      	cmp	r6, #0
10007cf4:	dd5b      	ble.n	10007dae <i2c_write_blocking+0xe2>
10007cf6:	7902      	ldrb	r2, [r0, #4]
10007cf8:	4659      	mov	r1, fp
10007cfa:	0292      	lsls	r2, r2, #10
10007cfc:	4692      	mov	sl, r2
10007cfe:	2201      	movs	r2, #1
10007d00:	404a      	eors	r2, r1
10007d02:	0252      	lsls	r2, r2, #9
10007d04:	4694      	mov	ip, r2
10007d06:	9101      	str	r1, [sp, #4]
10007d08:	4661      	mov	r1, ip
10007d0a:	2280      	movs	r2, #128	@ 0x80
10007d0c:	46bb      	mov	fp, r7
10007d0e:	46b4      	mov	ip, r6
10007d10:	1e75      	subs	r5, r6, #1
10007d12:	2000      	movs	r0, #0
10007d14:	4647      	mov	r7, r8
10007d16:	000e      	movs	r6, r1
10007d18:	4691      	mov	r9, r2
10007d1a:	3281      	adds	r2, #129	@ 0x81
10007d1c:	32ff      	adds	r2, #255	@ 0xff
10007d1e:	1b41      	subs	r1, r0, r5
10007d20:	000c      	movs	r4, r1
10007d22:	4261      	negs	r1, r4
10007d24:	4161      	adcs	r1, r4
10007d26:	5c3c      	ldrb	r4, [r7, r0]
10007d28:	4249      	negs	r1, r1
10007d2a:	46a0      	mov	r8, r4
10007d2c:	4031      	ands	r1, r6
10007d2e:	9100      	str	r1, [sp, #0]
10007d30:	4654      	mov	r4, sl
10007d32:	4641      	mov	r1, r8
10007d34:	430c      	orrs	r4, r1
10007d36:	0021      	movs	r1, r4
10007d38:	9c00      	ldr	r4, [sp, #0]
10007d3a:	430c      	orrs	r4, r1
10007d3c:	611c      	str	r4, [r3, #16]
10007d3e:	2410      	movs	r4, #16
10007d40:	6b59      	ldr	r1, [r3, #52]	@ 0x34
10007d42:	420c      	tst	r4, r1
10007d44:	d0fb      	beq.n	10007d3e <i2c_write_blocking+0x72>
10007d46:	4649      	mov	r1, r9
10007d48:	5859      	ldr	r1, [r3, r1]
10007d4a:	468a      	mov	sl, r1
10007d4c:	2900      	cmp	r1, #0
10007d4e:	d10a      	bne.n	10007d66 <i2c_write_blocking+0x9a>
10007d50:	42a8      	cmp	r0, r5
10007d52:	d027      	beq.n	10007da4 <i2c_write_blocking+0xd8>
10007d54:	2100      	movs	r1, #0
10007d56:	3001      	adds	r0, #1
10007d58:	468a      	mov	sl, r1
10007d5a:	4584      	cmp	ip, r0
10007d5c:	d1df      	bne.n	10007d1e <i2c_write_blocking+0x52>
10007d5e:	9b01      	ldr	r3, [sp, #4]
10007d60:	465f      	mov	r7, fp
10007d62:	469b      	mov	fp, r3
10007d64:	e015      	b.n	10007d92 <i2c_write_blocking+0xc6>
10007d66:	6d59      	ldr	r1, [r3, #84]	@ 0x54
10007d68:	2101      	movs	r1, #1
10007d6a:	4688      	mov	r8, r1
10007d6c:	6b59      	ldr	r1, [r3, #52]	@ 0x34
10007d6e:	4211      	tst	r1, r2
10007d70:	d0fc      	beq.n	10007d6c <i2c_write_blocking+0xa0>
10007d72:	6e19      	ldr	r1, [r3, #96]	@ 0x60
10007d74:	4641      	mov	r1, r8
10007d76:	2900      	cmp	r1, #0
10007d78:	d0ec      	beq.n	10007d54 <i2c_write_blocking+0x88>
10007d7a:	9b01      	ldr	r3, [sp, #4]
10007d7c:	465f      	mov	r7, fp
10007d7e:	469b      	mov	fp, r3
10007d80:	4653      	mov	r3, sl
10007d82:	2b00      	cmp	r3, #0
10007d84:	d015      	beq.n	10007db2 <i2c_write_blocking+0xe6>
10007d86:	4653      	mov	r3, sl
10007d88:	07db      	lsls	r3, r3, #31
10007d8a:	d412      	bmi.n	10007db2 <i2c_write_blocking+0xe6>
10007d8c:	4653      	mov	r3, sl
10007d8e:	071b      	lsls	r3, r3, #28
10007d90:	d50f      	bpl.n	10007db2 <i2c_write_blocking+0xe6>
10007d92:	465b      	mov	r3, fp
10007d94:	713b      	strb	r3, [r7, #4]
10007d96:	b003      	add	sp, #12
10007d98:	bcf0      	pop	{r4, r5, r6, r7}
10007d9a:	46bb      	mov	fp, r7
10007d9c:	46b2      	mov	sl, r6
10007d9e:	46a9      	mov	r9, r5
10007da0:	46a0      	mov	r8, r4
10007da2:	bdf0      	pop	{r4, r5, r6, r7, pc}
10007da4:	9901      	ldr	r1, [sp, #4]
10007da6:	2900      	cmp	r1, #0
10007da8:	d1d4      	bne.n	10007d54 <i2c_write_blocking+0x88>
10007daa:	4688      	mov	r8, r1
10007dac:	e7de      	b.n	10007d6c <i2c_write_blocking+0xa0>
10007dae:	2000      	movs	r0, #0
10007db0:	e7ef      	b.n	10007d92 <i2c_write_blocking+0xc6>
10007db2:	2002      	movs	r0, #2
10007db4:	4240      	negs	r0, r0
10007db6:	e7ec      	b.n	10007d92 <i2c_write_blocking+0xc6>

10007db8 <i2c_read_blocking>:
10007db8:	b5f0      	push	{r4, r5, r6, r7, lr}
10007dba:	46de      	mov	lr, fp
10007dbc:	464e      	mov	r6, r9
10007dbe:	4645      	mov	r5, r8
10007dc0:	4657      	mov	r7, sl
10007dc2:	b5e0      	push	{r5, r6, r7, lr}
10007dc4:	0006      	movs	r6, r0
10007dc6:	a809      	add	r0, sp, #36	@ 0x24
10007dc8:	7800      	ldrb	r0, [r0, #0]
10007dca:	6834      	ldr	r4, [r6, #0]
10007dcc:	4680      	mov	r8, r0
10007dce:	2000      	movs	r0, #0
10007dd0:	66e0      	str	r0, [r4, #108]	@ 0x6c
10007dd2:	6061      	str	r1, [r4, #4]
10007dd4:	2101      	movs	r1, #1
10007dd6:	4693      	mov	fp, r2
10007dd8:	66e1      	str	r1, [r4, #108]	@ 0x6c
10007dda:	2b00      	cmp	r3, #0
10007ddc:	dd32      	ble.n	10007e44 <i2c_read_blocking+0x8c>
10007dde:	2280      	movs	r2, #128	@ 0x80
10007de0:	1e59      	subs	r1, r3, #1
10007de2:	0052      	lsls	r2, r2, #1
10007de4:	468c      	mov	ip, r1
10007de6:	4692      	mov	sl, r2
10007de8:	2580      	movs	r5, #128	@ 0x80
10007dea:	6f61      	ldr	r1, [r4, #116]	@ 0x74
10007dec:	2910      	cmp	r1, #16
10007dee:	d0fc      	beq.n	10007dea <i2c_read_blocking+0x32>
10007df0:	2100      	movs	r1, #0
10007df2:	2800      	cmp	r0, #0
10007df4:	d101      	bne.n	10007dfa <i2c_read_blocking+0x42>
10007df6:	7931      	ldrb	r1, [r6, #4]
10007df8:	0289      	lsls	r1, r1, #10
10007dfa:	4584      	cmp	ip, r0
10007dfc:	d01c      	beq.n	10007e38 <i2c_read_blocking+0x80>
10007dfe:	4652      	mov	r2, sl
10007e00:	4311      	orrs	r1, r2
10007e02:	6121      	str	r1, [r4, #16]
10007e04:	e002      	b.n	10007e0c <i2c_read_blocking+0x54>
10007e06:	6fa1      	ldr	r1, [r4, #120]	@ 0x78
10007e08:	2900      	cmp	r1, #0
10007e0a:	d10d      	bne.n	10007e28 <i2c_read_blocking+0x70>
10007e0c:	5961      	ldr	r1, [r4, r5]
10007e0e:	6d61      	ldr	r1, [r4, #84]	@ 0x54
10007e10:	2900      	cmp	r1, #0
10007e12:	d0f8      	beq.n	10007e06 <i2c_read_blocking+0x4e>
10007e14:	2002      	movs	r0, #2
10007e16:	4240      	negs	r0, r0
10007e18:	4643      	mov	r3, r8
10007e1a:	7133      	strb	r3, [r6, #4]
10007e1c:	bcf0      	pop	{r4, r5, r6, r7}
10007e1e:	46bb      	mov	fp, r7
10007e20:	46b2      	mov	sl, r6
10007e22:	46a9      	mov	r9, r5
10007e24:	46a0      	mov	r8, r4
10007e26:	bdf0      	pop	{r4, r5, r6, r7, pc}
10007e28:	465a      	mov	r2, fp
10007e2a:	6921      	ldr	r1, [r4, #16]
10007e2c:	5411      	strb	r1, [r2, r0]
10007e2e:	3001      	adds	r0, #1
10007e30:	4283      	cmp	r3, r0
10007e32:	d0f1      	beq.n	10007e18 <i2c_read_blocking+0x60>
10007e34:	6834      	ldr	r4, [r6, #0]
10007e36:	e7d8      	b.n	10007dea <i2c_read_blocking+0x32>
10007e38:	4642      	mov	r2, r8
10007e3a:	2701      	movs	r7, #1
10007e3c:	4057      	eors	r7, r2
10007e3e:	027a      	lsls	r2, r7, #9
10007e40:	4311      	orrs	r1, r2
10007e42:	e7dc      	b.n	10007dfe <i2c_read_blocking+0x46>
10007e44:	2000      	movs	r0, #0
10007e46:	e7e7      	b.n	10007e18 <i2c_read_blocking+0x60>

10007e48 <pio_claim_unused_sm>:
10007e48:	4b0b      	ldr	r3, [pc, #44]	@ (10007e78 <pio_claim_unused_sm+0x30>)
10007e4a:	b510      	push	{r4, lr}
10007e4c:	469c      	mov	ip, r3
10007e4e:	4460      	add	r0, ip
10007e50:	4243      	negs	r3, r0
10007e52:	4158      	adcs	r0, r3
10007e54:	4a09      	ldr	r2, [pc, #36]	@ (10007e7c <pio_claim_unused_sm+0x34>)
10007e56:	0084      	lsls	r4, r0, #2
10007e58:	b082      	sub	sp, #8
10007e5a:	9200      	str	r2, [sp, #0]
10007e5c:	4808      	ldr	r0, [pc, #32]	@ (10007e80 <pio_claim_unused_sm+0x38>)
10007e5e:	0022      	movs	r2, r4
10007e60:	1ce3      	adds	r3, r4, #3
10007e62:	f7fb fadb 	bl	1000341c <hw_claim_unused_from_range>
10007e66:	4284      	cmp	r4, r0
10007e68:	dc02      	bgt.n	10007e70 <pio_claim_unused_sm+0x28>
10007e6a:	1b00      	subs	r0, r0, r4
10007e6c:	b002      	add	sp, #8
10007e6e:	bd10      	pop	{r4, pc}
10007e70:	2001      	movs	r0, #1
10007e72:	4240      	negs	r0, r0
10007e74:	e7fa      	b.n	10007e6c <pio_claim_unused_sm+0x24>
10007e76:	46c0      	nop			@ (mov r8, r8)
10007e78:	afd00000 	.word	0xafd00000
10007e7c:	1000850c 	.word	0x1000850c
10007e80:	20007649 	.word	0x20007649

10007e84 <pio_add_program>:
10007e84:	b5f0      	push	{r4, r5, r6, r7, lr}
10007e86:	46d6      	mov	lr, sl
10007e88:	464f      	mov	r7, r9
10007e8a:	4646      	mov	r6, r8
10007e8c:	b5c0      	push	{r6, r7, lr}
10007e8e:	0007      	movs	r7, r0
10007e90:	000e      	movs	r6, r1
10007e92:	f7fb fa8b 	bl	100033ac <hw_claim_lock>
10007e96:	4b2f      	ldr	r3, [pc, #188]	@ (10007f54 <pio_add_program+0xd0>)
10007e98:	4681      	mov	r9, r0
10007e9a:	18fb      	adds	r3, r7, r3
10007e9c:	425a      	negs	r2, r3
10007e9e:	4153      	adcs	r3, r2
10007ea0:	009b      	lsls	r3, r3, #2
10007ea2:	469c      	mov	ip, r3
10007ea4:	4a2c      	ldr	r2, [pc, #176]	@ (10007f58 <pio_add_program+0xd4>)
10007ea6:	7931      	ldrb	r1, [r6, #4]
10007ea8:	0013      	movs	r3, r2
10007eaa:	4692      	mov	sl, r2
10007eac:	4662      	mov	r2, ip
10007eae:	5898      	ldr	r0, [r3, r2]
10007eb0:	2201      	movs	r2, #1
10007eb2:	2505      	movs	r5, #5
10007eb4:	408a      	lsls	r2, r1
10007eb6:	2320      	movs	r3, #32
10007eb8:	5775      	ldrsb	r5, [r6, r5]
10007eba:	3a01      	subs	r2, #1
10007ebc:	1a5b      	subs	r3, r3, r1
10007ebe:	2d00      	cmp	r5, #0
10007ec0:	db3c      	blt.n	10007f3c <pio_add_program+0xb8>
10007ec2:	429d      	cmp	r5, r3
10007ec4:	dc37      	bgt.n	10007f36 <pio_add_program+0xb2>
10007ec6:	0013      	movs	r3, r2
10007ec8:	40ab      	lsls	r3, r5
10007eca:	4218      	tst	r0, r3
10007ecc:	d133      	bne.n	10007f36 <pio_add_program+0xb2>
10007ece:	0013      	movs	r3, r2
10007ed0:	0002      	movs	r2, r0
10007ed2:	40ab      	lsls	r3, r5
10007ed4:	401a      	ands	r2, r3
10007ed6:	4218      	tst	r0, r3
10007ed8:	d12d      	bne.n	10007f36 <pio_add_program+0xb2>
10007eda:	2900      	cmp	r1, #0
10007edc:	d01f      	beq.n	10007f1e <pio_add_program+0x9a>
10007ede:	7871      	ldrb	r1, [r6, #1]
10007ee0:	7833      	ldrb	r3, [r6, #0]
10007ee2:	0209      	lsls	r1, r1, #8
10007ee4:	4319      	orrs	r1, r3
10007ee6:	78b3      	ldrb	r3, [r6, #2]
10007ee8:	041b      	lsls	r3, r3, #16
10007eea:	430b      	orrs	r3, r1
10007eec:	78f1      	ldrb	r1, [r6, #3]
10007eee:	0609      	lsls	r1, r1, #24
10007ef0:	4319      	orrs	r1, r3
10007ef2:	2380      	movs	r3, #128	@ 0x80
10007ef4:	019b      	lsls	r3, r3, #6
10007ef6:	4698      	mov	r8, r3
10007ef8:	0053      	lsls	r3, r2, #1
10007efa:	5acc      	ldrh	r4, [r1, r3]
10007efc:	4544      	cmp	r4, r8
10007efe:	d200      	bcs.n	10007f02 <pio_add_program+0x7e>
10007f00:	1964      	adds	r4, r4, r5
10007f02:	18ab      	adds	r3, r5, r2
10007f04:	3312      	adds	r3, #18
10007f06:	009b      	lsls	r3, r3, #2
10007f08:	51dc      	str	r4, [r3, r7]
10007f0a:	7933      	ldrb	r3, [r6, #4]
10007f0c:	3201      	adds	r2, #1
10007f0e:	4293      	cmp	r3, r2
10007f10:	d8f2      	bhi.n	10007ef8 <pio_add_program+0x74>
10007f12:	2201      	movs	r2, #1
10007f14:	409a      	lsls	r2, r3
10007f16:	0013      	movs	r3, r2
10007f18:	3b01      	subs	r3, #1
10007f1a:	40ab      	lsls	r3, r5
10007f1c:	4318      	orrs	r0, r3
10007f1e:	4653      	mov	r3, sl
10007f20:	4662      	mov	r2, ip
10007f22:	5098      	str	r0, [r3, r2]
10007f24:	4648      	mov	r0, r9
10007f26:	f7fb fa4d 	bl	100033c4 <hw_claim_unlock>
10007f2a:	0028      	movs	r0, r5
10007f2c:	bce0      	pop	{r5, r6, r7}
10007f2e:	46ba      	mov	sl, r7
10007f30:	46b1      	mov	r9, r6
10007f32:	46a8      	mov	r8, r5
10007f34:	bdf0      	pop	{r4, r5, r6, r7, pc}
10007f36:	4809      	ldr	r0, [pc, #36]	@ (10007f5c <pio_add_program+0xd8>)
10007f38:	f7fd f81c 	bl	10004f74 <panic>
10007f3c:	2b00      	cmp	r3, #0
10007f3e:	da02      	bge.n	10007f46 <pio_add_program+0xc2>
10007f40:	e7f9      	b.n	10007f36 <pio_add_program+0xb2>
10007f42:	3b01      	subs	r3, #1
10007f44:	d3f7      	bcc.n	10007f36 <pio_add_program+0xb2>
10007f46:	0014      	movs	r4, r2
10007f48:	409c      	lsls	r4, r3
10007f4a:	001d      	movs	r5, r3
10007f4c:	4220      	tst	r0, r4
10007f4e:	d1f8      	bne.n	10007f42 <pio_add_program+0xbe>
10007f50:	e7bd      	b.n	10007ece <pio_add_program+0x4a>
10007f52:	46c0      	nop			@ (mov r8, r8)
10007f54:	afd00000 	.word	0xafd00000
10007f58:	20000e08 	.word	0x20000e08
10007f5c:	10008530 	.word	0x10008530

10007f60 <pio_sm_set_consecutive_pindirs>:
10007f60:	b5f0      	push	{r4, r5, r6, r7, lr}
10007f62:	4657      	mov	r7, sl
10007f64:	464e      	mov	r6, r9
10007f66:	4645      	mov	r5, r8
10007f68:	46de      	mov	lr, fp
10007f6a:	4689      	mov	r9, r1
10007f6c:	b5e0      	push	{r5, r6, r7, lr}
10007f6e:	b083      	sub	sp, #12
10007f70:	a90c      	add	r1, sp, #48	@ 0x30
10007f72:	780d      	ldrb	r5, [r1, #0]
10007f74:	4649      	mov	r1, r9
10007f76:	0049      	lsls	r1, r1, #1
10007f78:	4688      	mov	r8, r1
10007f7a:	4449      	add	r1, r9
10007f7c:	00c9      	lsls	r1, r1, #3
10007f7e:	1846      	adds	r6, r0, r1
10007f80:	0037      	movs	r7, r6
10007f82:	0034      	movs	r4, r6
10007f84:	37dc      	adds	r7, #220	@ 0xdc
10007f86:	4684      	mov	ip, r0
10007f88:	6838      	ldr	r0, [r7, #0]
10007f8a:	34cc      	adds	r4, #204	@ 0xcc
10007f8c:	4683      	mov	fp, r0
10007f8e:	6820      	ldr	r0, [r4, #0]
10007f90:	24c0      	movs	r4, #192	@ 0xc0
10007f92:	31cc      	adds	r1, #204	@ 0xcc
10007f94:	01a4      	lsls	r4, r4, #6
10007f96:	4461      	add	r1, ip
10007f98:	4321      	orrs	r1, r4
10007f9a:	2480      	movs	r4, #128	@ 0x80
10007f9c:	02a4      	lsls	r4, r4, #10
10007f9e:	600c      	str	r4, [r1, #0]
10007fa0:	4269      	negs	r1, r5
10007fa2:	414d      	adcs	r5, r1
10007fa4:	211e      	movs	r1, #30
10007fa6:	426d      	negs	r5, r5
10007fa8:	438d      	bics	r5, r1
10007faa:	4916      	ldr	r1, [pc, #88]	@ (10008004 <pio_sm_set_consecutive_pindirs+0xa4>)
10007fac:	9001      	str	r0, [sp, #4]
10007fae:	468a      	mov	sl, r1
10007fb0:	4455      	add	r5, sl
10007fb2:	2b05      	cmp	r3, #5
10007fb4:	d90c      	bls.n	10007fd0 <pio_sm_set_consecutive_pindirs+0x70>
10007fb6:	20a0      	movs	r0, #160	@ 0xa0
10007fb8:	211f      	movs	r1, #31
10007fba:	0540      	lsls	r0, r0, #21
10007fbc:	36d8      	adds	r6, #216	@ 0xd8
10007fbe:	0154      	lsls	r4, r2, #5
10007fc0:	4304      	orrs	r4, r0
10007fc2:	3205      	adds	r2, #5
10007fc4:	3b05      	subs	r3, #5
10007fc6:	603c      	str	r4, [r7, #0]
10007fc8:	400a      	ands	r2, r1
10007fca:	6035      	str	r5, [r6, #0]
10007fcc:	2b05      	cmp	r3, #5
10007fce:	d8f6      	bhi.n	10007fbe <pio_sm_set_consecutive_pindirs+0x5e>
10007fd0:	0152      	lsls	r2, r2, #5
10007fd2:	069b      	lsls	r3, r3, #26
10007fd4:	4313      	orrs	r3, r2
10007fd6:	4642      	mov	r2, r8
10007fd8:	444a      	add	r2, r9
10007fda:	00d2      	lsls	r2, r2, #3
10007fdc:	4462      	add	r2, ip
10007fde:	0010      	movs	r0, r2
10007fe0:	32dc      	adds	r2, #220	@ 0xdc
10007fe2:	6013      	str	r3, [r2, #0]
10007fe4:	0003      	movs	r3, r0
10007fe6:	33d8      	adds	r3, #216	@ 0xd8
10007fe8:	601d      	str	r5, [r3, #0]
10007fea:	465b      	mov	r3, fp
10007fec:	6013      	str	r3, [r2, #0]
10007fee:	9b01      	ldr	r3, [sp, #4]
10007ff0:	30cc      	adds	r0, #204	@ 0xcc
10007ff2:	6003      	str	r3, [r0, #0]
10007ff4:	b003      	add	sp, #12
10007ff6:	bcf0      	pop	{r4, r5, r6, r7}
10007ff8:	46bb      	mov	fp, r7
10007ffa:	46b2      	mov	sl, r6
10007ffc:	46a9      	mov	r9, r5
10007ffe:	46a0      	mov	r8, r4
10008000:	bdf0      	pop	{r4, r5, r6, r7, pc}
10008002:	46c0      	nop			@ (mov r8, r8)
10008004:	0000e09f 	.word	0x0000e09f

10008008 <pio_sm_init>:
10008008:	b5f0      	push	{r4, r5, r6, r7, lr}
1000800a:	2501      	movs	r5, #1
1000800c:	408d      	lsls	r5, r1
1000800e:	6804      	ldr	r4, [r0, #0]
10008010:	43ac      	bics	r4, r5
10008012:	6004      	str	r4, [r0, #0]
10008014:	2b00      	cmp	r3, #0
10008016:	d02e      	beq.n	10008076 <pio_sm_init+0x6e>
10008018:	004d      	lsls	r5, r1, #1
1000801a:	186c      	adds	r4, r5, r1
1000801c:	00e4      	lsls	r4, r4, #3
1000801e:	1904      	adds	r4, r0, r4
10008020:	0026      	movs	r6, r4
10008022:	681f      	ldr	r7, [r3, #0]
10008024:	36c8      	adds	r6, #200	@ 0xc8
10008026:	6037      	str	r7, [r6, #0]
10008028:	685f      	ldr	r7, [r3, #4]
1000802a:	34dc      	adds	r4, #220	@ 0xdc
1000802c:	6077      	str	r7, [r6, #4]
1000802e:	689f      	ldr	r7, [r3, #8]
10008030:	60b7      	str	r7, [r6, #8]
10008032:	68db      	ldr	r3, [r3, #12]
10008034:	6023      	str	r3, [r4, #0]
10008036:	186b      	adds	r3, r5, r1
10008038:	00db      	lsls	r3, r3, #3
1000803a:	001d      	movs	r5, r3
1000803c:	2480      	movs	r4, #128	@ 0x80
1000803e:	35d0      	adds	r5, #208	@ 0xd0
10008040:	1945      	adds	r5, r0, r5
10008042:	0164      	lsls	r4, r4, #5
10008044:	432c      	orrs	r4, r5
10008046:	2580      	movs	r5, #128	@ 0x80
10008048:	062d      	lsls	r5, r5, #24
1000804a:	6025      	str	r5, [r4, #0]
1000804c:	6025      	str	r5, [r4, #0]
1000804e:	2501      	movs	r5, #1
10008050:	4c12      	ldr	r4, [pc, #72]	@ (1000809c <pio_sm_init+0x94>)
10008052:	002e      	movs	r6, r5
10008054:	408c      	lsls	r4, r1
10008056:	6084      	str	r4, [r0, #8]
10008058:	1d0c      	adds	r4, r1, #4
1000805a:	40a6      	lsls	r6, r4
1000805c:	2480      	movs	r4, #128	@ 0x80
1000805e:	3108      	adds	r1, #8
10008060:	408d      	lsls	r5, r1
10008062:	211f      	movs	r1, #31
10008064:	01a4      	lsls	r4, r4, #6
10008066:	4304      	orrs	r4, r0
10008068:	18c0      	adds	r0, r0, r3
1000806a:	400a      	ands	r2, r1
1000806c:	30d8      	adds	r0, #216	@ 0xd8
1000806e:	6026      	str	r6, [r4, #0]
10008070:	6025      	str	r5, [r4, #0]
10008072:	6002      	str	r2, [r0, #0]
10008074:	bdf0      	pop	{r4, r5, r6, r7, pc}
10008076:	004d      	lsls	r5, r1, #1
10008078:	186c      	adds	r4, r5, r1
1000807a:	00e4      	lsls	r4, r4, #3
1000807c:	1904      	adds	r4, r0, r4
1000807e:	0026      	movs	r6, r4
10008080:	2780      	movs	r7, #128	@ 0x80
10008082:	36c8      	adds	r6, #200	@ 0xc8
10008084:	027f      	lsls	r7, r7, #9
10008086:	6037      	str	r7, [r6, #0]
10008088:	27f8      	movs	r7, #248	@ 0xf8
1000808a:	027f      	lsls	r7, r7, #9
1000808c:	6077      	str	r7, [r6, #4]
1000808e:	27c0      	movs	r7, #192	@ 0xc0
10008090:	34dc      	adds	r4, #220	@ 0xdc
10008092:	033f      	lsls	r7, r7, #12
10008094:	60b7      	str	r7, [r6, #8]
10008096:	6023      	str	r3, [r4, #0]
10008098:	e7cd      	b.n	10008036 <pio_sm_init+0x2e>
1000809a:	46c0      	nop			@ (mov r8, r8)
1000809c:	01010101 	.word	0x01010101

100080a0 <memmove>:
100080a0:	b5f0      	push	{r4, r5, r6, r7, lr}
100080a2:	46c6      	mov	lr, r8
100080a4:	b500      	push	{lr}
100080a6:	4288      	cmp	r0, r1
100080a8:	d912      	bls.n	100080d0 <memmove+0x30>
100080aa:	188c      	adds	r4, r1, r2
100080ac:	4284      	cmp	r4, r0
100080ae:	d90f      	bls.n	100080d0 <memmove+0x30>
100080b0:	1885      	adds	r5, r0, r2
100080b2:	2a03      	cmp	r2, #3
100080b4:	d858      	bhi.n	10008168 <memmove+0xc8>
100080b6:	1e53      	subs	r3, r2, #1
100080b8:	2a00      	cmp	r2, #0
100080ba:	d006      	beq.n	100080ca <memmove+0x2a>
100080bc:	43da      	mvns	r2, r3
100080be:	18a4      	adds	r4, r4, r2
100080c0:	18ad      	adds	r5, r5, r2
100080c2:	5ce2      	ldrb	r2, [r4, r3]
100080c4:	54ea      	strb	r2, [r5, r3]
100080c6:	3b01      	subs	r3, #1
100080c8:	d2fb      	bcs.n	100080c2 <memmove+0x22>
100080ca:	bc80      	pop	{r7}
100080cc:	46b8      	mov	r8, r7
100080ce:	bdf0      	pop	{r4, r5, r6, r7, pc}
100080d0:	2a03      	cmp	r2, #3
100080d2:	d80b      	bhi.n	100080ec <memmove+0x4c>
100080d4:	0005      	movs	r5, r0
100080d6:	1e56      	subs	r6, r2, #1
100080d8:	2a00      	cmp	r2, #0
100080da:	d0f6      	beq.n	100080ca <memmove+0x2a>
100080dc:	2300      	movs	r3, #0
100080de:	5ccc      	ldrb	r4, [r1, r3]
100080e0:	001a      	movs	r2, r3
100080e2:	54ec      	strb	r4, [r5, r3]
100080e4:	3301      	adds	r3, #1
100080e6:	4296      	cmp	r6, r2
100080e8:	d1f9      	bne.n	100080de <memmove+0x3e>
100080ea:	e7ee      	b.n	100080ca <memmove+0x2a>
100080ec:	2503      	movs	r5, #3
100080ee:	000c      	movs	r4, r1
100080f0:	002e      	movs	r6, r5
100080f2:	4304      	orrs	r4, r0
100080f4:	0003      	movs	r3, r0
100080f6:	4026      	ands	r6, r4
100080f8:	4225      	tst	r5, r4
100080fa:	d132      	bne.n	10008162 <memmove+0xc2>
100080fc:	2a0f      	cmp	r2, #15
100080fe:	d94b      	bls.n	10008198 <memmove+0xf8>
10008100:	2710      	movs	r7, #16
10008102:	0015      	movs	r5, r2
10008104:	46bc      	mov	ip, r7
10008106:	000c      	movs	r4, r1
10008108:	3d10      	subs	r5, #16
1000810a:	092d      	lsrs	r5, r5, #4
1000810c:	012d      	lsls	r5, r5, #4
1000810e:	46a8      	mov	r8, r5
10008110:	1945      	adds	r5, r0, r5
10008112:	44ac      	add	ip, r5
10008114:	6827      	ldr	r7, [r4, #0]
10008116:	601f      	str	r7, [r3, #0]
10008118:	6867      	ldr	r7, [r4, #4]
1000811a:	605f      	str	r7, [r3, #4]
1000811c:	68a7      	ldr	r7, [r4, #8]
1000811e:	609f      	str	r7, [r3, #8]
10008120:	68e7      	ldr	r7, [r4, #12]
10008122:	3410      	adds	r4, #16
10008124:	60df      	str	r7, [r3, #12]
10008126:	001f      	movs	r7, r3
10008128:	3310      	adds	r3, #16
1000812a:	42bd      	cmp	r5, r7
1000812c:	d1f2      	bne.n	10008114 <memmove+0x74>
1000812e:	230f      	movs	r3, #15
10008130:	240c      	movs	r4, #12
10008132:	3110      	adds	r1, #16
10008134:	4013      	ands	r3, r2
10008136:	4014      	ands	r4, r2
10008138:	4665      	mov	r5, ip
1000813a:	001a      	movs	r2, r3
1000813c:	4441      	add	r1, r8
1000813e:	2c00      	cmp	r4, #0
10008140:	d0c9      	beq.n	100080d6 <memmove+0x36>
10008142:	598a      	ldr	r2, [r1, r6]
10008144:	51aa      	str	r2, [r5, r6]
10008146:	3604      	adds	r6, #4
10008148:	1b9a      	subs	r2, r3, r6
1000814a:	2a03      	cmp	r2, #3
1000814c:	d8f9      	bhi.n	10008142 <memmove+0xa2>
1000814e:	2203      	movs	r2, #3
10008150:	401a      	ands	r2, r3
10008152:	089b      	lsrs	r3, r3, #2
10008154:	3b01      	subs	r3, #1
10008156:	009b      	lsls	r3, r3, #2
10008158:	3104      	adds	r1, #4
1000815a:	3504      	adds	r5, #4
1000815c:	18c9      	adds	r1, r1, r3
1000815e:	18ed      	adds	r5, r5, r3
10008160:	e7b9      	b.n	100080d6 <memmove+0x36>
10008162:	0005      	movs	r5, r0
10008164:	1e56      	subs	r6, r2, #1
10008166:	e7b9      	b.n	100080dc <memmove+0x3c>
10008168:	002b      	movs	r3, r5
1000816a:	4323      	orrs	r3, r4
1000816c:	079b      	lsls	r3, r3, #30
1000816e:	d001      	beq.n	10008174 <memmove+0xd4>
10008170:	1e53      	subs	r3, r2, #1
10008172:	e7a3      	b.n	100080bc <memmove+0x1c>
10008174:	0013      	movs	r3, r2
10008176:	3904      	subs	r1, #4
10008178:	1f07      	subs	r7, r0, #4
1000817a:	58ce      	ldr	r6, [r1, r3]
1000817c:	50fe      	str	r6, [r7, r3]
1000817e:	3b04      	subs	r3, #4
10008180:	2b03      	cmp	r3, #3
10008182:	d8fa      	bhi.n	1000817a <memmove+0xda>
10008184:	2103      	movs	r1, #3
10008186:	1f13      	subs	r3, r2, #4
10008188:	089b      	lsrs	r3, r3, #2
1000818a:	009b      	lsls	r3, r3, #2
1000818c:	1ae4      	subs	r4, r4, r3
1000818e:	1aed      	subs	r5, r5, r3
10008190:	400a      	ands	r2, r1
10008192:	3c04      	subs	r4, #4
10008194:	3d04      	subs	r5, #4
10008196:	e78e      	b.n	100080b6 <memmove+0x16>
10008198:	0013      	movs	r3, r2
1000819a:	0005      	movs	r5, r0
1000819c:	e7d1      	b.n	10008142 <memmove+0xa2>
1000819e:	46c0      	nop			@ (mov r8, r8)

100081a0 <strncpy>:
100081a0:	000b      	movs	r3, r1
100081a2:	4303      	orrs	r3, r0
100081a4:	b570      	push	{r4, r5, r6, lr}
100081a6:	0006      	movs	r6, r0
100081a8:	079b      	lsls	r3, r3, #30
100081aa:	d10d      	bne.n	100081c8 <strncpy+0x28>
100081ac:	2a03      	cmp	r2, #3
100081ae:	d90b      	bls.n	100081c8 <strncpy+0x28>
100081b0:	4d10      	ldr	r5, [pc, #64]	@ (100081f4 <strncpy+0x54>)
100081b2:	680c      	ldr	r4, [r1, #0]
100081b4:	4b10      	ldr	r3, [pc, #64]	@ (100081f8 <strncpy+0x58>)
100081b6:	18e3      	adds	r3, r4, r3
100081b8:	43a3      	bics	r3, r4
100081ba:	422b      	tst	r3, r5
100081bc:	d104      	bne.n	100081c8 <strncpy+0x28>
100081be:	3a04      	subs	r2, #4
100081c0:	3104      	adds	r1, #4
100081c2:	c610      	stmia	r6!, {r4}
100081c4:	2a03      	cmp	r2, #3
100081c6:	d8f4      	bhi.n	100081b2 <strncpy+0x12>
100081c8:	0033      	movs	r3, r6
100081ca:	2400      	movs	r4, #0
100081cc:	e006      	b.n	100081dc <strncpy+0x3c>
100081ce:	5d0d      	ldrb	r5, [r1, r4]
100081d0:	3a01      	subs	r2, #1
100081d2:	5535      	strb	r5, [r6, r4]
100081d4:	3301      	adds	r3, #1
100081d6:	3401      	adds	r4, #1
100081d8:	2d00      	cmp	r5, #0
100081da:	d002      	beq.n	100081e2 <strncpy+0x42>
100081dc:	2a00      	cmp	r2, #0
100081de:	d1f6      	bne.n	100081ce <strncpy+0x2e>
100081e0:	bd70      	pop	{r4, r5, r6, pc}
100081e2:	2100      	movs	r1, #0
100081e4:	189c      	adds	r4, r3, r2
100081e6:	2a00      	cmp	r2, #0
100081e8:	d0fa      	beq.n	100081e0 <strncpy+0x40>
100081ea:	7019      	strb	r1, [r3, #0]
100081ec:	3301      	adds	r3, #1
100081ee:	429c      	cmp	r4, r3
100081f0:	d1fb      	bne.n	100081ea <strncpy+0x4a>
100081f2:	e7f5      	b.n	100081e0 <strncpy+0x40>
100081f4:	80808080 	.word	0x80808080
100081f8:	fefefeff 	.word	0xfefefeff

100081fc <strnlen>:
100081fc:	b510      	push	{r4, lr}
100081fe:	0003      	movs	r3, r0
10008200:	1844      	adds	r4, r0, r1
10008202:	2900      	cmp	r1, #0
10008204:	d103      	bne.n	1000820e <strnlen+0x12>
10008206:	e007      	b.n	10008218 <strnlen+0x1c>
10008208:	3301      	adds	r3, #1
1000820a:	42a3      	cmp	r3, r4
1000820c:	d002      	beq.n	10008214 <strnlen+0x18>
1000820e:	781a      	ldrb	r2, [r3, #0]
10008210:	2a00      	cmp	r2, #0
10008212:	d1f9      	bne.n	10008208 <strnlen+0xc>
10008214:	1a18      	subs	r0, r3, r0
10008216:	bd10      	pop	{r4, pc}
10008218:	2000      	movs	r0, #0
1000821a:	e7fc      	b.n	10008216 <strnlen+0x1a>

1000821c <strlen>:
1000821c:	b510      	push	{r4, lr}
1000821e:	0783      	lsls	r3, r0, #30
10008220:	d00a      	beq.n	10008238 <strlen+0x1c>
10008222:	0003      	movs	r3, r0
10008224:	2103      	movs	r1, #3
10008226:	e002      	b.n	1000822e <strlen+0x12>
10008228:	3301      	adds	r3, #1
1000822a:	420b      	tst	r3, r1
1000822c:	d005      	beq.n	1000823a <strlen+0x1e>
1000822e:	781a      	ldrb	r2, [r3, #0]
10008230:	2a00      	cmp	r2, #0
10008232:	d1f9      	bne.n	10008228 <strlen+0xc>
10008234:	1a18      	subs	r0, r3, r0
10008236:	bd10      	pop	{r4, pc}
10008238:	0003      	movs	r3, r0
1000823a:	6819      	ldr	r1, [r3, #0]
1000823c:	4a0c      	ldr	r2, [pc, #48]	@ (10008270 <strlen+0x54>)
1000823e:	4c0d      	ldr	r4, [pc, #52]	@ (10008274 <strlen+0x58>)
10008240:	188a      	adds	r2, r1, r2
10008242:	438a      	bics	r2, r1
10008244:	4222      	tst	r2, r4
10008246:	d10f      	bne.n	10008268 <strlen+0x4c>
10008248:	6859      	ldr	r1, [r3, #4]
1000824a:	4a09      	ldr	r2, [pc, #36]	@ (10008270 <strlen+0x54>)
1000824c:	3304      	adds	r3, #4
1000824e:	188a      	adds	r2, r1, r2
10008250:	438a      	bics	r2, r1
10008252:	4222      	tst	r2, r4
10008254:	d108      	bne.n	10008268 <strlen+0x4c>
10008256:	6859      	ldr	r1, [r3, #4]
10008258:	4a05      	ldr	r2, [pc, #20]	@ (10008270 <strlen+0x54>)
1000825a:	3304      	adds	r3, #4
1000825c:	188a      	adds	r2, r1, r2
1000825e:	438a      	bics	r2, r1
10008260:	4222      	tst	r2, r4
10008262:	d0f1      	beq.n	10008248 <strlen+0x2c>
10008264:	e000      	b.n	10008268 <strlen+0x4c>
10008266:	3301      	adds	r3, #1
10008268:	781a      	ldrb	r2, [r3, #0]
1000826a:	2a00      	cmp	r2, #0
1000826c:	d1fb      	bne.n	10008266 <strlen+0x4a>
1000826e:	e7e1      	b.n	10008234 <strlen+0x18>
10008270:	fefefeff 	.word	0xfefefeff
10008274:	80808080 	.word	0x80808080

10008278 <_fini>:
10008278:	b5f8      	push	{r3, r4, r5, r6, r7, lr}
1000827a:	46c0      	nop			@ (mov r8, r8)
1000827c:	0000      	movs	r0, r0
	...

10008280 <__mutex_exit_veneer>:
10008280:	b401      	push	{r0}
10008282:	4802      	ldr	r0, [pc, #8]	@ (1000828c <__mutex_exit_veneer+0xc>)
10008284:	4684      	mov	ip, r0
10008286:	bc01      	pop	{r0}
10008288:	4760      	bx	ip
1000828a:	bf00      	nop
1000828c:	2000090d 	.word	0x2000090d

10008290 <____aeabi_ldiv0_veneer>:
10008290:	b401      	push	{r0}
10008292:	4802      	ldr	r0, [pc, #8]	@ (1000829c <____aeabi_ldiv0_veneer+0xc>)
10008294:	4684      	mov	ip, r0
10008296:	bc01      	pop	{r0}
10008298:	4760      	bx	ip
1000829a:	bf00      	nop
1000829c:	20000981 	.word	0x20000981

100082a0 <____aeabi_idiv0_veneer>:
100082a0:	b401      	push	{r0}
100082a2:	4802      	ldr	r0, [pc, #8]	@ (100082ac <____aeabi_idiv0_veneer+0xc>)
100082a4:	4684      	mov	ip, r0
100082a6:	bc01      	pop	{r0}
100082a8:	4760      	bx	ip
100082aa:	bf00      	nop
100082ac:	20000981 	.word	0x20000981

100082b0 <__spi_write_blocking_veneer>:
100082b0:	b401      	push	{r0}
100082b2:	4802      	ldr	r0, [pc, #8]	@ (100082bc <__spi_write_blocking_veneer+0xc>)
100082b4:	4684      	mov	ip, r0
100082b6:	bc01      	pop	{r0}
100082b8:	4760      	bx	ip
100082ba:	bf00      	nop
100082bc:	20000935 	.word	0x20000935

100082c0 <__mutex_try_enter_block_until_veneer>:
100082c0:	b401      	push	{r0}
100082c2:	4802      	ldr	r0, [pc, #8]	@ (100082cc <__mutex_try_enter_block_until_veneer+0xc>)
100082c4:	4684      	mov	ip, r0
100082c6:	bc01      	pop	{r0}
100082c8:	4760      	bx	ip
100082ca:	bf00      	nop
100082cc:	20000875 	.word	0x20000875

Disassembly of section .data:

200000c0 <uart0_irq_handler>:
200000c0:	b570      	push	{r4, r5, r6, lr}
200000c2:	4c09      	ldr	r4, [pc, #36]	@ (200000e8 <uart0_irq_handler+0x28>)
200000c4:	69a3      	ldr	r3, [r4, #24]
200000c6:	06db      	lsls	r3, r3, #27
200000c8:	d40c      	bmi.n	200000e4 <uart0_irq_handler+0x24>
200000ca:	2510      	movs	r5, #16
200000cc:	4e07      	ldr	r6, [pc, #28]	@ (200000ec <uart0_irq_handler+0x2c>)
200000ce:	69a3      	ldr	r3, [r4, #24]
200000d0:	421d      	tst	r5, r3
200000d2:	d1fc      	bne.n	200000ce <uart0_irq_handler+0xe>
200000d4:	6821      	ldr	r1, [r4, #0]
200000d6:	0030      	movs	r0, r6
200000d8:	b2c9      	uxtb	r1, r1
200000da:	f000 f9bf 	bl	2000045c <ipp_rx_feed>
200000de:	69a3      	ldr	r3, [r4, #24]
200000e0:	421d      	tst	r5, r3
200000e2:	d0f4      	beq.n	200000ce <uart0_irq_handler+0xe>
200000e4:	bd70      	pop	{r4, r5, r6, pc}
200000e6:	46c0      	nop			@ (mov r8, r8)
200000e8:	40034000 	.word	0x40034000
200000ec:	20003eb8 	.word	0x20003eb8

200000f0 <on_main_frame>:
200000f0:	b5f0      	push	{r4, r5, r6, r7, lr}
200000f2:	46c6      	mov	lr, r8
200000f4:	b500      	push	{lr}
200000f6:	7842      	ldrb	r2, [r0, #1]
200000f8:	0004      	movs	r4, r0
200000fa:	2a1f      	cmp	r2, #31
200000fc:	d806      	bhi.n	2000010c <on_main_frame+0x1c>
200000fe:	496a      	ldr	r1, [pc, #424]	@ (200002a8 <on_main_frame+0x1b8>)
20000100:	0093      	lsls	r3, r2, #2
20000102:	58cb      	ldr	r3, [r1, r3]
20000104:	469f      	mov	pc, r3
20000106:	2201      	movs	r2, #1
20000108:	4b68      	ldr	r3, [pc, #416]	@ (200002ac <on_main_frame+0x1bc>)
2000010a:	701a      	strb	r2, [r3, #0]
2000010c:	bc80      	pop	{r7}
2000010e:	46b8      	mov	r8, r7
20000110:	bdf0      	pop	{r4, r5, r6, r7, pc}
20000112:	251f      	movs	r5, #31
20000114:	4e66      	ldr	r6, [pc, #408]	@ (200002b0 <on_main_frame+0x1c0>)
20000116:	7833      	ldrb	r3, [r6, #0]
20000118:	3301      	adds	r3, #1
2000011a:	401d      	ands	r5, r3
2000011c:	4b65      	ldr	r3, [pc, #404]	@ (200002b4 <on_main_frame+0x1c4>)
2000011e:	781b      	ldrb	r3, [r3, #0]
20000120:	42ab      	cmp	r3, r5
20000122:	d0f3      	beq.n	2000010c <on_main_frame+0x1c>
20000124:	7831      	ldrb	r1, [r6, #0]
20000126:	4f64      	ldr	r7, [pc, #400]	@ (200002b8 <on_main_frame+0x1c8>)
20000128:	01cb      	lsls	r3, r1, #7
2000012a:	185b      	adds	r3, r3, r1
2000012c:	2180      	movs	r1, #128	@ 0x80
2000012e:	005b      	lsls	r3, r3, #1
20000130:	54fa      	strb	r2, [r7, r3]
20000132:	8843      	ldrh	r3, [r0, #2]
20000134:	0049      	lsls	r1, r1, #1
20000136:	1c1a      	adds	r2, r3, #0
20000138:	428b      	cmp	r3, r1
2000013a:	d900      	bls.n	2000013e <on_main_frame+0x4e>
2000013c:	1c0a      	adds	r2, r1, #0
2000013e:	b2d3      	uxtb	r3, r2
20000140:	4698      	mov	r8, r3
20000142:	7833      	ldrb	r3, [r6, #0]
20000144:	4642      	mov	r2, r8
20000146:	01d8      	lsls	r0, r3, #7
20000148:	18c0      	adds	r0, r0, r3
2000014a:	0040      	lsls	r0, r0, #1
2000014c:	3002      	adds	r0, #2
2000014e:	1838      	adds	r0, r7, r0
20000150:	1d21      	adds	r1, r4, #4
20000152:	f000 fc19 	bl	20000988 <____wrap_memcpy_veneer>
20000156:	7832      	ldrb	r2, [r6, #0]
20000158:	01d3      	lsls	r3, r2, #7
2000015a:	189b      	adds	r3, r3, r2
2000015c:	2200      	movs	r2, #0
2000015e:	005b      	lsls	r3, r3, #1
20000160:	18fb      	adds	r3, r7, r3
20000162:	4443      	add	r3, r8
20000164:	709a      	strb	r2, [r3, #2]
20000166:	7832      	ldrb	r2, [r6, #0]
20000168:	7035      	strb	r5, [r6, #0]
2000016a:	01d3      	lsls	r3, r2, #7
2000016c:	189b      	adds	r3, r3, r2
2000016e:	005b      	lsls	r3, r3, #1
20000170:	18ff      	adds	r7, r7, r3
20000172:	4643      	mov	r3, r8
20000174:	707b      	strb	r3, [r7, #1]
20000176:	e7c9      	b.n	2000010c <on_main_frame+0x1c>
20000178:	2201      	movs	r2, #1
2000017a:	4b50      	ldr	r3, [pc, #320]	@ (200002bc <on_main_frame+0x1cc>)
2000017c:	701a      	strb	r2, [r3, #0]
2000017e:	e7c5      	b.n	2000010c <on_main_frame+0x1c>
20000180:	2201      	movs	r2, #1
20000182:	4b4f      	ldr	r3, [pc, #316]	@ (200002c0 <on_main_frame+0x1d0>)
20000184:	701a      	strb	r2, [r3, #0]
20000186:	e7c1      	b.n	2000010c <on_main_frame+0x1c>
20000188:	8843      	ldrh	r3, [r0, #2]
2000018a:	2b01      	cmp	r3, #1
2000018c:	d9be      	bls.n	2000010c <on_main_frame+0x1c>
2000018e:	7902      	ldrb	r2, [r0, #4]
20000190:	4b4c      	ldr	r3, [pc, #304]	@ (200002c4 <on_main_frame+0x1d4>)
20000192:	701a      	strb	r2, [r3, #0]
20000194:	7942      	ldrb	r2, [r0, #5]
20000196:	4b4c      	ldr	r3, [pc, #304]	@ (200002c8 <on_main_frame+0x1d8>)
20000198:	701a      	strb	r2, [r3, #0]
2000019a:	2201      	movs	r2, #1
2000019c:	4b4b      	ldr	r3, [pc, #300]	@ (200002cc <on_main_frame+0x1dc>)
2000019e:	701a      	strb	r2, [r3, #0]
200001a0:	e7b4      	b.n	2000010c <on_main_frame+0x1c>
200001a2:	8843      	ldrh	r3, [r0, #2]
200001a4:	2b00      	cmp	r3, #0
200001a6:	d0b1      	beq.n	2000010c <on_main_frame+0x1c>
200001a8:	7902      	ldrb	r2, [r0, #4]
200001aa:	4b49      	ldr	r3, [pc, #292]	@ (200002d0 <on_main_frame+0x1e0>)
200001ac:	701a      	strb	r2, [r3, #0]
200001ae:	2201      	movs	r2, #1
200001b0:	4b48      	ldr	r3, [pc, #288]	@ (200002d4 <on_main_frame+0x1e4>)
200001b2:	701a      	strb	r2, [r3, #0]
200001b4:	e7aa      	b.n	2000010c <on_main_frame+0x1c>
200001b6:	2380      	movs	r3, #128	@ 0x80
200001b8:	8842      	ldrh	r2, [r0, #2]
200001ba:	009b      	lsls	r3, r3, #2
200001bc:	429a      	cmp	r2, r3
200001be:	d8a5      	bhi.n	2000010c <on_main_frame+0x1c>
200001c0:	4845      	ldr	r0, [pc, #276]	@ (200002d8 <on_main_frame+0x1e8>)
200001c2:	1d21      	adds	r1, r4, #4
200001c4:	f000 fbe0 	bl	20000988 <____wrap_memcpy_veneer>
200001c8:	8862      	ldrh	r2, [r4, #2]
200001ca:	4b44      	ldr	r3, [pc, #272]	@ (200002dc <on_main_frame+0x1ec>)
200001cc:	801a      	strh	r2, [r3, #0]
200001ce:	2201      	movs	r2, #1
200001d0:	4b43      	ldr	r3, [pc, #268]	@ (200002e0 <on_main_frame+0x1f0>)
200001d2:	701a      	strb	r2, [r3, #0]
200001d4:	e79a      	b.n	2000010c <on_main_frame+0x1c>
200001d6:	8842      	ldrh	r2, [r0, #2]
200001d8:	2a40      	cmp	r2, #64	@ 0x40
200001da:	d900      	bls.n	200001de <on_main_frame+0xee>
200001dc:	e796      	b.n	2000010c <on_main_frame+0x1c>
200001de:	4841      	ldr	r0, [pc, #260]	@ (200002e4 <on_main_frame+0x1f4>)
200001e0:	1d21      	adds	r1, r4, #4
200001e2:	f000 fbd1 	bl	20000988 <____wrap_memcpy_veneer>
200001e6:	8862      	ldrh	r2, [r4, #2]
200001e8:	4b3f      	ldr	r3, [pc, #252]	@ (200002e8 <on_main_frame+0x1f8>)
200001ea:	801a      	strh	r2, [r3, #0]
200001ec:	2201      	movs	r2, #1
200001ee:	4b3f      	ldr	r3, [pc, #252]	@ (200002ec <on_main_frame+0x1fc>)
200001f0:	701a      	strb	r2, [r3, #0]
200001f2:	e78b      	b.n	2000010c <on_main_frame+0x1c>
200001f4:	2380      	movs	r3, #128	@ 0x80
200001f6:	8842      	ldrh	r2, [r0, #2]
200001f8:	009b      	lsls	r3, r3, #2
200001fa:	429a      	cmp	r2, r3
200001fc:	d900      	bls.n	20000200 <on_main_frame+0x110>
200001fe:	e785      	b.n	2000010c <on_main_frame+0x1c>
20000200:	483b      	ldr	r0, [pc, #236]	@ (200002f0 <on_main_frame+0x200>)
20000202:	1d21      	adds	r1, r4, #4
20000204:	f000 fbc0 	bl	20000988 <____wrap_memcpy_veneer>
20000208:	8862      	ldrh	r2, [r4, #2]
2000020a:	4b3a      	ldr	r3, [pc, #232]	@ (200002f4 <on_main_frame+0x204>)
2000020c:	801a      	strh	r2, [r3, #0]
2000020e:	2201      	movs	r2, #1
20000210:	4b39      	ldr	r3, [pc, #228]	@ (200002f8 <on_main_frame+0x208>)
20000212:	701a      	strb	r2, [r3, #0]
20000214:	e77a      	b.n	2000010c <on_main_frame+0x1c>
20000216:	8842      	ldrh	r2, [r0, #2]
20000218:	2a40      	cmp	r2, #64	@ 0x40
2000021a:	d900      	bls.n	2000021e <on_main_frame+0x12e>
2000021c:	e776      	b.n	2000010c <on_main_frame+0x1c>
2000021e:	4837      	ldr	r0, [pc, #220]	@ (200002fc <on_main_frame+0x20c>)
20000220:	1d21      	adds	r1, r4, #4
20000222:	f000 fbb1 	bl	20000988 <____wrap_memcpy_veneer>
20000226:	8862      	ldrh	r2, [r4, #2]
20000228:	4b35      	ldr	r3, [pc, #212]	@ (20000300 <on_main_frame+0x210>)
2000022a:	801a      	strh	r2, [r3, #0]
2000022c:	2201      	movs	r2, #1
2000022e:	4b35      	ldr	r3, [pc, #212]	@ (20000304 <on_main_frame+0x214>)
20000230:	701a      	strb	r2, [r3, #0]
20000232:	e76b      	b.n	2000010c <on_main_frame+0x1c>
20000234:	8843      	ldrh	r3, [r0, #2]
20000236:	2b03      	cmp	r3, #3
20000238:	d800      	bhi.n	2000023c <on_main_frame+0x14c>
2000023a:	e767      	b.n	2000010c <on_main_frame+0x1c>
2000023c:	7902      	ldrb	r2, [r0, #4]
2000023e:	2a06      	cmp	r2, #6
20000240:	d900      	bls.n	20000244 <on_main_frame+0x154>
20000242:	e763      	b.n	2000010c <on_main_frame+0x1c>
20000244:	79a3      	ldrb	r3, [r4, #6]
20000246:	7961      	ldrb	r1, [r4, #5]
20000248:	041b      	lsls	r3, r3, #16
2000024a:	0209      	lsls	r1, r1, #8
2000024c:	430b      	orrs	r3, r1
2000024e:	79e1      	ldrb	r1, [r4, #7]
20000250:	482d      	ldr	r0, [pc, #180]	@ (20000308 <on_main_frame+0x218>)
20000252:	0092      	lsls	r2, r2, #2
20000254:	430b      	orrs	r3, r1
20000256:	5013      	str	r3, [r2, r0]
20000258:	2201      	movs	r2, #1
2000025a:	4b2c      	ldr	r3, [pc, #176]	@ (2000030c <on_main_frame+0x21c>)
2000025c:	701a      	strb	r2, [r3, #0]
2000025e:	e755      	b.n	2000010c <on_main_frame+0x1c>
20000260:	2201      	movs	r2, #1
20000262:	4b2b      	ldr	r3, [pc, #172]	@ (20000310 <on_main_frame+0x220>)
20000264:	701a      	strb	r2, [r3, #0]
20000266:	4b13      	ldr	r3, [pc, #76]	@ (200002b4 <on_main_frame+0x1c4>)
20000268:	4a11      	ldr	r2, [pc, #68]	@ (200002b0 <on_main_frame+0x1c0>)
2000026a:	781b      	ldrb	r3, [r3, #0]
2000026c:	b2db      	uxtb	r3, r3
2000026e:	7013      	strb	r3, [r2, #0]
20000270:	e74c      	b.n	2000010c <on_main_frame+0x1c>
20000272:	8843      	ldrh	r3, [r0, #2]
20000274:	2b00      	cmp	r3, #0
20000276:	d100      	bne.n	2000027a <on_main_frame+0x18a>
20000278:	e748      	b.n	2000010c <on_main_frame+0x1c>
2000027a:	4b26      	ldr	r3, [pc, #152]	@ (20000314 <on_main_frame+0x224>)
2000027c:	681a      	ldr	r2, [r3, #0]
2000027e:	7903      	ldrb	r3, [r0, #4]
20000280:	041b      	lsls	r3, r3, #16
20000282:	4053      	eors	r3, r2
20000284:	0c1b      	lsrs	r3, r3, #16
20000286:	4a24      	ldr	r2, [pc, #144]	@ (20000318 <on_main_frame+0x228>)
20000288:	041b      	lsls	r3, r3, #16
2000028a:	6013      	str	r3, [r2, #0]
2000028c:	e73e      	b.n	2000010c <on_main_frame+0x1c>
2000028e:	8843      	ldrh	r3, [r0, #2]
20000290:	2b05      	cmp	r3, #5
20000292:	d800      	bhi.n	20000296 <on_main_frame+0x1a6>
20000294:	e73a      	b.n	2000010c <on_main_frame+0x1c>
20000296:	2206      	movs	r2, #6
20000298:	4820      	ldr	r0, [pc, #128]	@ (2000031c <on_main_frame+0x22c>)
2000029a:	1d21      	adds	r1, r4, #4
2000029c:	f000 fb74 	bl	20000988 <____wrap_memcpy_veneer>
200002a0:	2201      	movs	r2, #1
200002a2:	4b1f      	ldr	r3, [pc, #124]	@ (20000320 <on_main_frame+0x230>)
200002a4:	701a      	strb	r2, [r3, #0]
200002a6:	e731      	b.n	2000010c <on_main_frame+0x1c>
200002a8:	100082d0 	.word	0x100082d0
200002ac:	20007652 	.word	0x20007652
200002b0:	2000764b 	.word	0x2000764b
200002b4:	2000764c 	.word	0x2000764c
200002b8:	20000e68 	.word	0x20000e68
200002bc:	2000765d 	.word	0x2000765d
200002c0:	20007654 	.word	0x20007654
200002c4:	20007657 	.word	0x20007657
200002c8:	20007658 	.word	0x20007658
200002cc:	20007659 	.word	0x20007659
200002d0:	20007656 	.word	0x20007656
200002d4:	20007655 	.word	0x20007655
200002d8:	20005f28 	.word	0x20005f28
200002dc:	2000763e 	.word	0x2000763e
200002e0:	2000765c 	.word	0x2000765c
200002e4:	20006128 	.word	0x20006128
200002e8:	20007640 	.word	0x20007640
200002ec:	2000765e 	.word	0x2000765e
200002f0:	200061a8 	.word	0x200061a8
200002f4:	20007644 	.word	0x20007644
200002f8:	20007660 	.word	0x20007660
200002fc:	20006168 	.word	0x20006168
20000300:	20007642 	.word	0x20007642
20000304:	2000765f 	.word	0x2000765f
20000308:	20005ee4 	.word	0x20005ee4
2000030c:	2000765b 	.word	0x2000765b
20000310:	20007653 	.word	0x20007653
20000314:	4005005c 	.word	0x4005005c
20000318:	4005105c 	.word	0x4005105c
2000031c:	20005f20 	.word	0x20005f20
20000320:	2000765a 	.word	0x2000765a

20000324 <ir_rx_gpio_callback>:
20000324:	b5f8      	push	{r3, r4, r5, r6, r7, lr}
20000326:	000e      	movs	r6, r1
20000328:	2810      	cmp	r0, #16
2000032a:	d000      	beq.n	2000032e <ir_rx_gpio_callback+0xa>
2000032c:	bdf8      	pop	{r3, r4, r5, r6, r7, pc}
2000032e:	f000 fb3b 	bl	200009a8 <__time_us_64_veneer>
20000332:	0004      	movs	r4, r0
20000334:	000d      	movs	r5, r1
20000336:	4b3d      	ldr	r3, [pc, #244]	@ (2000042c <ir_rx_gpio_callback+0x108>)
20000338:	2208      	movs	r2, #8
2000033a:	6818      	ldr	r0, [r3, #0]
2000033c:	6859      	ldr	r1, [r3, #4]
2000033e:	601c      	str	r4, [r3, #0]
20000340:	605d      	str	r5, [r3, #4]
20000342:	2304      	movs	r3, #4
20000344:	1a27      	subs	r7, r4, r0
20000346:	4c3a      	ldr	r4, [pc, #232]	@ (20000430 <ir_rx_gpio_callback+0x10c>)
20000348:	4033      	ands	r3, r6
2000034a:	7821      	ldrb	r1, [r4, #0]
2000034c:	4032      	ands	r2, r6
2000034e:	b2c8      	uxtb	r0, r1
20000350:	2902      	cmp	r1, #2
20000352:	d04e      	beq.n	200003f2 <ir_rx_gpio_callback+0xce>
20000354:	2802      	cmp	r0, #2
20000356:	d80c      	bhi.n	20000372 <ir_rx_gpio_callback+0x4e>
20000358:	2800      	cmp	r0, #0
2000035a:	d05a      	beq.n	20000412 <ir_rx_gpio_callback+0xee>
2000035c:	2a00      	cmp	r2, #0
2000035e:	d0e5      	beq.n	2000032c <ir_rx_gpio_callback+0x8>
20000360:	4b34      	ldr	r3, [pc, #208]	@ (20000434 <ir_rx_gpio_callback+0x110>)
20000362:	469c      	mov	ip, r3
20000364:	4b34      	ldr	r3, [pc, #208]	@ (20000438 <ir_rx_gpio_callback+0x114>)
20000366:	4467      	add	r7, ip
20000368:	429f      	cmp	r7, r3
2000036a:	d858      	bhi.n	2000041e <ir_rx_gpio_callback+0xfa>
2000036c:	2302      	movs	r3, #2
2000036e:	7023      	strb	r3, [r4, #0]
20000370:	e7dc      	b.n	2000032c <ir_rx_gpio_callback+0x8>
20000372:	2803      	cmp	r0, #3
20000374:	d1da      	bne.n	2000032c <ir_rx_gpio_callback+0x8>
20000376:	2a00      	cmp	r2, #0
20000378:	d1d8      	bne.n	2000032c <ir_rx_gpio_callback+0x8>
2000037a:	2b00      	cmp	r3, #0
2000037c:	d0d6      	beq.n	2000032c <ir_rx_gpio_callback+0x8>
2000037e:	23b5      	movs	r3, #181	@ 0xb5
20000380:	009b      	lsls	r3, r3, #2
20000382:	429f      	cmp	r7, r3
20000384:	d94b      	bls.n	2000041e <ir_rx_gpio_callback+0xfa>
20000386:	4b2d      	ldr	r3, [pc, #180]	@ (2000043c <ir_rx_gpio_callback+0x118>)
20000388:	429f      	cmp	r7, r3
2000038a:	d94b      	bls.n	20000424 <ir_rx_gpio_callback+0x100>
2000038c:	4b2c      	ldr	r3, [pc, #176]	@ (20000440 <ir_rx_gpio_callback+0x11c>)
2000038e:	469c      	mov	ip, r3
20000390:	23c8      	movs	r3, #200	@ 0xc8
20000392:	4467      	add	r7, ip
20000394:	009b      	lsls	r3, r3, #2
20000396:	429f      	cmp	r7, r3
20000398:	d841      	bhi.n	2000041e <ir_rx_gpio_callback+0xfa>
2000039a:	4b2a      	ldr	r3, [pc, #168]	@ (20000444 <ir_rx_gpio_callback+0x120>)
2000039c:	681a      	ldr	r2, [r3, #0]
2000039e:	0852      	lsrs	r2, r2, #1
200003a0:	601a      	str	r2, [r3, #0]
200003a2:	2280      	movs	r2, #128	@ 0x80
200003a4:	6819      	ldr	r1, [r3, #0]
200003a6:	0612      	lsls	r2, r2, #24
200003a8:	430a      	orrs	r2, r1
200003aa:	601a      	str	r2, [r3, #0]
200003ac:	4a26      	ldr	r2, [pc, #152]	@ (20000448 <ir_rx_gpio_callback+0x124>)
200003ae:	7811      	ldrb	r1, [r2, #0]
200003b0:	3101      	adds	r1, #1
200003b2:	b2c9      	uxtb	r1, r1
200003b4:	7011      	strb	r1, [r2, #0]
200003b6:	7812      	ldrb	r2, [r2, #0]
200003b8:	2a1f      	cmp	r2, #31
200003ba:	d9b7      	bls.n	2000032c <ir_rx_gpio_callback+0x8>
200003bc:	20ff      	movs	r0, #255	@ 0xff
200003be:	2600      	movs	r6, #0
200003c0:	0005      	movs	r5, r0
200003c2:	4a22      	ldr	r2, [pc, #136]	@ (2000044c <ir_rx_gpio_callback+0x128>)
200003c4:	7016      	strb	r6, [r2, #0]
200003c6:	6819      	ldr	r1, [r3, #0]
200003c8:	2320      	movs	r3, #32
200003ca:	400d      	ands	r5, r1
200003cc:	7857      	ldrb	r7, [r2, #1]
200003ce:	7055      	strb	r5, [r2, #1]
200003d0:	0a0d      	lsrs	r5, r1, #8
200003d2:	4005      	ands	r5, r0
200003d4:	7897      	ldrb	r7, [r2, #2]
200003d6:	7095      	strb	r5, [r2, #2]
200003d8:	0c0d      	lsrs	r5, r1, #16
200003da:	4028      	ands	r0, r5
200003dc:	0e09      	lsrs	r1, r1, #24
200003de:	78d5      	ldrb	r5, [r2, #3]
200003e0:	70d0      	strb	r0, [r2, #3]
200003e2:	7910      	ldrb	r0, [r2, #4]
200003e4:	7111      	strb	r1, [r2, #4]
200003e6:	7153      	strb	r3, [r2, #5]
200003e8:	2201      	movs	r2, #1
200003ea:	4b19      	ldr	r3, [pc, #100]	@ (20000450 <ir_rx_gpio_callback+0x12c>)
200003ec:	701a      	strb	r2, [r3, #0]
200003ee:	7026      	strb	r6, [r4, #0]
200003f0:	e79c      	b.n	2000032c <ir_rx_gpio_callback+0x8>
200003f2:	2b00      	cmp	r3, #0
200003f4:	d09a      	beq.n	2000032c <ir_rx_gpio_callback+0x8>
200003f6:	4b17      	ldr	r3, [pc, #92]	@ (20000454 <ir_rx_gpio_callback+0x130>)
200003f8:	429f      	cmp	r7, r3
200003fa:	d910      	bls.n	2000041e <ir_rx_gpio_callback+0xfa>
200003fc:	4b16      	ldr	r3, [pc, #88]	@ (20000458 <ir_rx_gpio_callback+0x134>)
200003fe:	429f      	cmp	r7, r3
20000400:	d80d      	bhi.n	2000041e <ir_rx_gpio_callback+0xfa>
20000402:	2200      	movs	r2, #0
20000404:	4b0f      	ldr	r3, [pc, #60]	@ (20000444 <ir_rx_gpio_callback+0x120>)
20000406:	601a      	str	r2, [r3, #0]
20000408:	4b0f      	ldr	r3, [pc, #60]	@ (20000448 <ir_rx_gpio_callback+0x124>)
2000040a:	701a      	strb	r2, [r3, #0]
2000040c:	2303      	movs	r3, #3
2000040e:	7023      	strb	r3, [r4, #0]
20000410:	e78c      	b.n	2000032c <ir_rx_gpio_callback+0x8>
20000412:	2b00      	cmp	r3, #0
20000414:	d100      	bne.n	20000418 <ir_rx_gpio_callback+0xf4>
20000416:	e789      	b.n	2000032c <ir_rx_gpio_callback+0x8>
20000418:	2301      	movs	r3, #1
2000041a:	7023      	strb	r3, [r4, #0]
2000041c:	e786      	b.n	2000032c <ir_rx_gpio_callback+0x8>
2000041e:	2300      	movs	r3, #0
20000420:	7023      	strb	r3, [r4, #0]
20000422:	e783      	b.n	2000032c <ir_rx_gpio_callback+0x8>
20000424:	4b07      	ldr	r3, [pc, #28]	@ (20000444 <ir_rx_gpio_callback+0x120>)
20000426:	681a      	ldr	r2, [r3, #0]
20000428:	0852      	lsrs	r2, r2, #1
2000042a:	e7be      	b.n	200003aa <ir_rx_gpio_callback+0x86>
2000042c:	20000c00 	.word	0x20000c00
20000430:	20007664 	.word	0x20007664
20000434:	ffffe2b4 	.word	0xffffe2b4
20000438:	00000bb8 	.word	0x00000bb8
2000043c:	000005f5 	.word	0x000005f5
20000440:	fffff8c6 	.word	0xfffff8c6
20000444:	200063c8 	.word	0x200063c8
20000448:	20007662 	.word	0x20007662
2000044c:	200063c0 	.word	0x200063c0
20000450:	20007663 	.word	0x20007663
20000454:	00000dab 	.word	0x00000dab
20000458:	0000157c 	.word	0x0000157c

2000045c <ipp_rx_feed>:
2000045c:	b5f8      	push	{r3, r4, r5, r6, r7, lr}
2000045e:	7803      	ldrb	r3, [r0, #0]
20000460:	0004      	movs	r4, r0
20000462:	2b07      	cmp	r3, #7
20000464:	d900      	bls.n	20000468 <ipp_rx_feed+0xc>
20000466:	e148      	b.n	200006fa <ipp_rx_feed+0x29e>
20000468:	4ac6      	ldr	r2, [pc, #792]	@ (20000784 <ipp_rx_feed+0x328>)
2000046a:	009b      	lsls	r3, r3, #2
2000046c:	58d3      	ldr	r3, [r2, r3]
2000046e:	469f      	mov	pc, r3
20000470:	4bc5      	ldr	r3, [pc, #788]	@ (20000788 <ipp_rx_feed+0x32c>)
20000472:	54c1      	strb	r1, [r0, r3]
20000474:	2307      	movs	r3, #7
20000476:	7003      	strb	r3, [r0, #0]
20000478:	bdf8      	pop	{r3, r4, r5, r6, r7, pc}
2000047a:	4bc3      	ldr	r3, [pc, #780]	@ (20000788 <ipp_rx_feed+0x32c>)
2000047c:	0209      	lsls	r1, r1, #8
2000047e:	5cc5      	ldrb	r5, [r0, r3]
20000480:	4bc2      	ldr	r3, [pc, #776]	@ (2000078c <ipp_rx_feed+0x330>)
20000482:	430d      	orrs	r5, r1
20000484:	52e5      	strh	r5, [r4, r3]
20000486:	78c3      	ldrb	r3, [r0, #3]
20000488:	8881      	ldrh	r1, [r0, #4]
2000048a:	021b      	lsls	r3, r3, #8
2000048c:	43db      	mvns	r3, r3
2000048e:	46ac      	mov	ip, r5
20000490:	b29a      	uxth	r2, r3
20000492:	b218      	sxth	r0, r3
20000494:	041b      	lsls	r3, r3, #16
20000496:	d500      	bpl.n	2000049a <ipp_rx_feed+0x3e>
20000498:	e188      	b.n	200007ac <ipp_rx_feed+0x350>
2000049a:	0052      	lsls	r2, r2, #1
2000049c:	b293      	uxth	r3, r2
2000049e:	b212      	sxth	r2, r2
200004a0:	2a00      	cmp	r2, #0
200004a2:	da00      	bge.n	200004a6 <ipp_rx_feed+0x4a>
200004a4:	e17c      	b.n	200007a0 <ipp_rx_feed+0x344>
200004a6:	005b      	lsls	r3, r3, #1
200004a8:	b29a      	uxth	r2, r3
200004aa:	b21b      	sxth	r3, r3
200004ac:	2b00      	cmp	r3, #0
200004ae:	da00      	bge.n	200004b2 <ipp_rx_feed+0x56>
200004b0:	e194      	b.n	200007dc <ipp_rx_feed+0x380>
200004b2:	0052      	lsls	r2, r2, #1
200004b4:	b293      	uxth	r3, r2
200004b6:	b212      	sxth	r2, r2
200004b8:	2a00      	cmp	r2, #0
200004ba:	da00      	bge.n	200004be <ipp_rx_feed+0x62>
200004bc:	e188      	b.n	200007d0 <ipp_rx_feed+0x374>
200004be:	005b      	lsls	r3, r3, #1
200004c0:	b29a      	uxth	r2, r3
200004c2:	b21b      	sxth	r3, r3
200004c4:	2b00      	cmp	r3, #0
200004c6:	da00      	bge.n	200004ca <ipp_rx_feed+0x6e>
200004c8:	e17c      	b.n	200007c4 <ipp_rx_feed+0x368>
200004ca:	0052      	lsls	r2, r2, #1
200004cc:	b293      	uxth	r3, r2
200004ce:	b212      	sxth	r2, r2
200004d0:	2a00      	cmp	r2, #0
200004d2:	da00      	bge.n	200004d6 <ipp_rx_feed+0x7a>
200004d4:	e170      	b.n	200007b8 <ipp_rx_feed+0x35c>
200004d6:	005b      	lsls	r3, r3, #1
200004d8:	b29a      	uxth	r2, r3
200004da:	b21b      	sxth	r3, r3
200004dc:	2b00      	cmp	r3, #0
200004de:	da00      	bge.n	200004e2 <ipp_rx_feed+0x86>
200004e0:	e1ab      	b.n	2000083a <ipp_rx_feed+0x3de>
200004e2:	0052      	lsls	r2, r2, #1
200004e4:	b293      	uxth	r3, r2
200004e6:	b212      	sxth	r2, r2
200004e8:	2a00      	cmp	r2, #0
200004ea:	da00      	bge.n	200004ee <ipp_rx_feed+0x92>
200004ec:	e1a0      	b.n	20000830 <ipp_rx_feed+0x3d4>
200004ee:	005b      	lsls	r3, r3, #1
200004f0:	b29b      	uxth	r3, r3
200004f2:	020a      	lsls	r2, r1, #8
200004f4:	4053      	eors	r3, r2
200004f6:	b29a      	uxth	r2, r3
200004f8:	b218      	sxth	r0, r3
200004fa:	041b      	lsls	r3, r3, #16
200004fc:	d500      	bpl.n	20000500 <ipp_rx_feed+0xa4>
200004fe:	e191      	b.n	20000824 <ipp_rx_feed+0x3c8>
20000500:	0052      	lsls	r2, r2, #1
20000502:	b293      	uxth	r3, r2
20000504:	b212      	sxth	r2, r2
20000506:	2a00      	cmp	r2, #0
20000508:	da00      	bge.n	2000050c <ipp_rx_feed+0xb0>
2000050a:	e185      	b.n	20000818 <ipp_rx_feed+0x3bc>
2000050c:	005b      	lsls	r3, r3, #1
2000050e:	b29a      	uxth	r2, r3
20000510:	b21b      	sxth	r3, r3
20000512:	2b00      	cmp	r3, #0
20000514:	da00      	bge.n	20000518 <ipp_rx_feed+0xbc>
20000516:	e179      	b.n	2000080c <ipp_rx_feed+0x3b0>
20000518:	0052      	lsls	r2, r2, #1
2000051a:	b293      	uxth	r3, r2
2000051c:	b212      	sxth	r2, r2
2000051e:	2a00      	cmp	r2, #0
20000520:	da00      	bge.n	20000524 <ipp_rx_feed+0xc8>
20000522:	e16d      	b.n	20000800 <ipp_rx_feed+0x3a4>
20000524:	005b      	lsls	r3, r3, #1
20000526:	b29a      	uxth	r2, r3
20000528:	b21b      	sxth	r3, r3
2000052a:	2b00      	cmp	r3, #0
2000052c:	da00      	bge.n	20000530 <ipp_rx_feed+0xd4>
2000052e:	e161      	b.n	200007f4 <ipp_rx_feed+0x398>
20000530:	0052      	lsls	r2, r2, #1
20000532:	b293      	uxth	r3, r2
20000534:	b212      	sxth	r2, r2
20000536:	2a00      	cmp	r2, #0
20000538:	da00      	bge.n	2000053c <ipp_rx_feed+0xe0>
2000053a:	e155      	b.n	200007e8 <ipp_rx_feed+0x38c>
2000053c:	005b      	lsls	r3, r3, #1
2000053e:	b29a      	uxth	r2, r3
20000540:	b21b      	sxth	r3, r3
20000542:	2b00      	cmp	r3, #0
20000544:	da00      	bge.n	20000548 <ipp_rx_feed+0xec>
20000546:	e10c      	b.n	20000762 <ipp_rx_feed+0x306>
20000548:	0052      	lsls	r2, r2, #1
2000054a:	b293      	uxth	r3, r2
2000054c:	b212      	sxth	r2, r2
2000054e:	2a00      	cmp	r2, #0
20000550:	da00      	bge.n	20000554 <ipp_rx_feed+0xf8>
20000552:	e101      	b.n	20000758 <ipp_rx_feed+0x2fc>
20000554:	005b      	lsls	r3, r3, #1
20000556:	b29b      	uxth	r3, r3
20000558:	22ff      	movs	r2, #255	@ 0xff
2000055a:	0008      	movs	r0, r1
2000055c:	4390      	bics	r0, r2
2000055e:	4043      	eors	r3, r0
20000560:	b21a      	sxth	r2, r3
20000562:	2a00      	cmp	r2, #0
20000564:	da00      	bge.n	20000568 <ipp_rx_feed+0x10c>
20000566:	e0f1      	b.n	2000074c <ipp_rx_feed+0x2f0>
20000568:	005b      	lsls	r3, r3, #1
2000056a:	b29a      	uxth	r2, r3
2000056c:	b21b      	sxth	r3, r3
2000056e:	2b00      	cmp	r3, #0
20000570:	da00      	bge.n	20000574 <ipp_rx_feed+0x118>
20000572:	e0e5      	b.n	20000740 <ipp_rx_feed+0x2e4>
20000574:	0053      	lsls	r3, r2, #1
20000576:	b29a      	uxth	r2, r3
20000578:	b21b      	sxth	r3, r3
2000057a:	2b00      	cmp	r3, #0
2000057c:	da00      	bge.n	20000580 <ipp_rx_feed+0x124>
2000057e:	e0d9      	b.n	20000734 <ipp_rx_feed+0x2d8>
20000580:	0052      	lsls	r2, r2, #1
20000582:	b293      	uxth	r3, r2
20000584:	b212      	sxth	r2, r2
20000586:	2a00      	cmp	r2, #0
20000588:	da00      	bge.n	2000058c <ipp_rx_feed+0x130>
2000058a:	e0cd      	b.n	20000728 <ipp_rx_feed+0x2cc>
2000058c:	005b      	lsls	r3, r3, #1
2000058e:	b29a      	uxth	r2, r3
20000590:	b21b      	sxth	r3, r3
20000592:	2b00      	cmp	r3, #0
20000594:	da00      	bge.n	20000598 <ipp_rx_feed+0x13c>
20000596:	e0c1      	b.n	2000071c <ipp_rx_feed+0x2c0>
20000598:	0052      	lsls	r2, r2, #1
2000059a:	b293      	uxth	r3, r2
2000059c:	b212      	sxth	r2, r2
2000059e:	2a00      	cmp	r2, #0
200005a0:	da00      	bge.n	200005a4 <ipp_rx_feed+0x148>
200005a2:	e0b5      	b.n	20000710 <ipp_rx_feed+0x2b4>
200005a4:	005b      	lsls	r3, r3, #1
200005a6:	b29a      	uxth	r2, r3
200005a8:	b21b      	sxth	r3, r3
200005aa:	2b00      	cmp	r3, #0
200005ac:	da00      	bge.n	200005b0 <ipp_rx_feed+0x154>
200005ae:	e0e3      	b.n	20000778 <ipp_rx_feed+0x31c>
200005b0:	0052      	lsls	r2, r2, #1
200005b2:	b293      	uxth	r3, r2
200005b4:	b212      	sxth	r2, r2
200005b6:	2a00      	cmp	r2, #0
200005b8:	da00      	bge.n	200005bc <ipp_rx_feed+0x160>
200005ba:	e0d8      	b.n	2000076e <ipp_rx_feed+0x312>
200005bc:	005b      	lsls	r3, r3, #1
200005be:	b29b      	uxth	r3, r3
200005c0:	2900      	cmp	r1, #0
200005c2:	d100      	bne.n	200005c6 <ipp_rx_feed+0x16a>
200005c4:	e08d      	b.n	200006e2 <ipp_rx_feed+0x286>
200005c6:	2200      	movs	r2, #0
200005c8:	4871      	ldr	r0, [pc, #452]	@ (20000790 <ipp_rx_feed+0x334>)
200005ca:	1da6      	adds	r6, r4, #6
200005cc:	e022      	b.n	20000614 <ipp_rx_feed+0x1b8>
200005ce:	006d      	lsls	r5, r5, #1
200005d0:	b2af      	uxth	r7, r5
200005d2:	b22d      	sxth	r5, r5
200005d4:	2d00      	cmp	r5, #0
200005d6:	db2e      	blt.n	20000636 <ipp_rx_feed+0x1da>
200005d8:	007f      	lsls	r7, r7, #1
200005da:	b2bb      	uxth	r3, r7
200005dc:	b23f      	sxth	r7, r7
200005de:	2f00      	cmp	r7, #0
200005e0:	db2f      	blt.n	20000642 <ipp_rx_feed+0x1e6>
200005e2:	005b      	lsls	r3, r3, #1
200005e4:	b29f      	uxth	r7, r3
200005e6:	b21b      	sxth	r3, r3
200005e8:	2b00      	cmp	r3, #0
200005ea:	db30      	blt.n	2000064e <ipp_rx_feed+0x1f2>
200005ec:	007f      	lsls	r7, r7, #1
200005ee:	b2bb      	uxth	r3, r7
200005f0:	b23f      	sxth	r7, r7
200005f2:	2f00      	cmp	r7, #0
200005f4:	db31      	blt.n	2000065a <ipp_rx_feed+0x1fe>
200005f6:	005b      	lsls	r3, r3, #1
200005f8:	b29f      	uxth	r7, r3
200005fa:	b21b      	sxth	r3, r3
200005fc:	2b00      	cmp	r3, #0
200005fe:	db32      	blt.n	20000666 <ipp_rx_feed+0x20a>
20000600:	007f      	lsls	r7, r7, #1
20000602:	b2bb      	uxth	r3, r7
20000604:	b23f      	sxth	r7, r7
20000606:	2f00      	cmp	r7, #0
20000608:	db33      	blt.n	20000672 <ipp_rx_feed+0x216>
2000060a:	005b      	lsls	r3, r3, #1
2000060c:	b29b      	uxth	r3, r3
2000060e:	3201      	adds	r2, #1
20000610:	4291      	cmp	r1, r2
20000612:	d966      	bls.n	200006e2 <ipp_rx_feed+0x286>
20000614:	5cb7      	ldrb	r7, [r6, r2]
20000616:	023f      	lsls	r7, r7, #8
20000618:	407b      	eors	r3, r7
2000061a:	b21f      	sxth	r7, r3
2000061c:	2f00      	cmp	r7, #0
2000061e:	db5b      	blt.n	200006d8 <ipp_rx_feed+0x27c>
20000620:	005b      	lsls	r3, r3, #1
20000622:	b29d      	uxth	r5, r3
20000624:	b21b      	sxth	r3, r3
20000626:	2b00      	cmp	r3, #0
20000628:	dad1      	bge.n	200005ce <ipp_rx_feed+0x172>
2000062a:	005b      	lsls	r3, r3, #1
2000062c:	4043      	eors	r3, r0
2000062e:	b21d      	sxth	r5, r3
20000630:	b29f      	uxth	r7, r3
20000632:	2d00      	cmp	r5, #0
20000634:	dad0      	bge.n	200005d8 <ipp_rx_feed+0x17c>
20000636:	006b      	lsls	r3, r5, #1
20000638:	4043      	eors	r3, r0
2000063a:	b21f      	sxth	r7, r3
2000063c:	b29b      	uxth	r3, r3
2000063e:	2f00      	cmp	r7, #0
20000640:	dacf      	bge.n	200005e2 <ipp_rx_feed+0x186>
20000642:	007f      	lsls	r7, r7, #1
20000644:	4047      	eors	r7, r0
20000646:	b23b      	sxth	r3, r7
20000648:	b2bf      	uxth	r7, r7
2000064a:	2b00      	cmp	r3, #0
2000064c:	dace      	bge.n	200005ec <ipp_rx_feed+0x190>
2000064e:	005b      	lsls	r3, r3, #1
20000650:	4043      	eors	r3, r0
20000652:	b21f      	sxth	r7, r3
20000654:	b29b      	uxth	r3, r3
20000656:	2f00      	cmp	r7, #0
20000658:	dacd      	bge.n	200005f6 <ipp_rx_feed+0x19a>
2000065a:	007f      	lsls	r7, r7, #1
2000065c:	4047      	eors	r7, r0
2000065e:	b23b      	sxth	r3, r7
20000660:	b2bf      	uxth	r7, r7
20000662:	2b00      	cmp	r3, #0
20000664:	dacc      	bge.n	20000600 <ipp_rx_feed+0x1a4>
20000666:	005b      	lsls	r3, r3, #1
20000668:	4043      	eors	r3, r0
2000066a:	b21f      	sxth	r7, r3
2000066c:	b29b      	uxth	r3, r3
2000066e:	2f00      	cmp	r7, #0
20000670:	dacb      	bge.n	2000060a <ipp_rx_feed+0x1ae>
20000672:	007f      	lsls	r7, r7, #1
20000674:	4047      	eors	r7, r0
20000676:	b2bb      	uxth	r3, r7
20000678:	e7c9      	b.n	2000060e <ipp_rx_feed+0x1b2>
2000067a:	2303      	movs	r3, #3
2000067c:	70c1      	strb	r1, [r0, #3]
2000067e:	7003      	strb	r3, [r0, #0]
20000680:	e6fa      	b.n	20000478 <ipp_rx_feed+0x1c>
20000682:	2304      	movs	r3, #4
20000684:	8081      	strh	r1, [r0, #4]
20000686:	7003      	strb	r3, [r0, #0]
20000688:	e6f6      	b.n	20000478 <ipp_rx_feed+0x1c>
2000068a:	020b      	lsls	r3, r1, #8
2000068c:	8881      	ldrh	r1, [r0, #4]
2000068e:	4319      	orrs	r1, r3
20000690:	2380      	movs	r3, #128	@ 0x80
20000692:	8081      	strh	r1, [r0, #4]
20000694:	015b      	lsls	r3, r3, #5
20000696:	4299      	cmp	r1, r3
20000698:	d932      	bls.n	20000700 <ipp_rx_feed+0x2a4>
2000069a:	4a3e      	ldr	r2, [pc, #248]	@ (20000794 <ipp_rx_feed+0x338>)
2000069c:	5883      	ldr	r3, [r0, r2]
2000069e:	3301      	adds	r3, #1
200006a0:	5083      	str	r3, [r0, r2]
200006a2:	2300      	movs	r3, #0
200006a4:	7003      	strb	r3, [r0, #0]
200006a6:	e6e7      	b.n	20000478 <ipp_rx_feed+0x1c>
200006a8:	483b      	ldr	r0, [pc, #236]	@ (20000798 <ipp_rx_feed+0x33c>)
200006aa:	5a22      	ldrh	r2, [r4, r0]
200006ac:	1c53      	adds	r3, r2, #1
200006ae:	b29b      	uxth	r3, r3
200006b0:	18a2      	adds	r2, r4, r2
200006b2:	5223      	strh	r3, [r4, r0]
200006b4:	7191      	strb	r1, [r2, #6]
200006b6:	88a2      	ldrh	r2, [r4, #4]
200006b8:	429a      	cmp	r2, r3
200006ba:	d900      	bls.n	200006be <ipp_rx_feed+0x262>
200006bc:	e6dc      	b.n	20000478 <ipp_rx_feed+0x1c>
200006be:	2306      	movs	r3, #6
200006c0:	7023      	strb	r3, [r4, #0]
200006c2:	e6d9      	b.n	20000478 <ipp_rx_feed+0x1c>
200006c4:	29f1      	cmp	r1, #241	@ 0xf1
200006c6:	d000      	beq.n	200006ca <ipp_rx_feed+0x26e>
200006c8:	e6d6      	b.n	20000478 <ipp_rx_feed+0x1c>
200006ca:	2301      	movs	r3, #1
200006cc:	7003      	strb	r3, [r0, #0]
200006ce:	e6d3      	b.n	20000478 <ipp_rx_feed+0x1c>
200006d0:	2302      	movs	r3, #2
200006d2:	7081      	strb	r1, [r0, #2]
200006d4:	7003      	strb	r3, [r0, #0]
200006d6:	e6cf      	b.n	20000478 <ipp_rx_feed+0x1c>
200006d8:	007f      	lsls	r7, r7, #1
200006da:	4047      	eors	r7, r0
200006dc:	b23b      	sxth	r3, r7
200006de:	b2bd      	uxth	r5, r7
200006e0:	e7a1      	b.n	20000626 <ipp_rx_feed+0x1ca>
200006e2:	459c      	cmp	ip, r3
200006e4:	d100      	bne.n	200006e8 <ipp_rx_feed+0x28c>
200006e6:	e0ae      	b.n	20000846 <ipp_rx_feed+0x3ea>
200006e8:	4a2c      	ldr	r2, [pc, #176]	@ (2000079c <ipp_rx_feed+0x340>)
200006ea:	58a3      	ldr	r3, [r4, r2]
200006ec:	3301      	adds	r3, #1
200006ee:	50a3      	str	r3, [r4, r2]
200006f0:	2300      	movs	r3, #0
200006f2:	4a29      	ldr	r2, [pc, #164]	@ (20000798 <ipp_rx_feed+0x33c>)
200006f4:	7023      	strb	r3, [r4, #0]
200006f6:	52a3      	strh	r3, [r4, r2]
200006f8:	e6be      	b.n	20000478 <ipp_rx_feed+0x1c>
200006fa:	2300      	movs	r3, #0
200006fc:	7003      	strb	r3, [r0, #0]
200006fe:	e6bb      	b.n	20000478 <ipp_rx_feed+0x1c>
20000700:	2900      	cmp	r1, #0
20000702:	d0dc      	beq.n	200006be <ipp_rx_feed+0x262>
20000704:	2200      	movs	r2, #0
20000706:	4b24      	ldr	r3, [pc, #144]	@ (20000798 <ipp_rx_feed+0x33c>)
20000708:	52c2      	strh	r2, [r0, r3]
2000070a:	2305      	movs	r3, #5
2000070c:	7003      	strb	r3, [r0, #0]
2000070e:	e6b3      	b.n	20000478 <ipp_rx_feed+0x1c>
20000710:	0053      	lsls	r3, r2, #1
20000712:	4a1f      	ldr	r2, [pc, #124]	@ (20000790 <ipp_rx_feed+0x334>)
20000714:	405a      	eors	r2, r3
20000716:	b213      	sxth	r3, r2
20000718:	b292      	uxth	r2, r2
2000071a:	e746      	b.n	200005aa <ipp_rx_feed+0x14e>
2000071c:	005a      	lsls	r2, r3, #1
2000071e:	4b1c      	ldr	r3, [pc, #112]	@ (20000790 <ipp_rx_feed+0x334>)
20000720:	4053      	eors	r3, r2
20000722:	b21a      	sxth	r2, r3
20000724:	b29b      	uxth	r3, r3
20000726:	e73a      	b.n	2000059e <ipp_rx_feed+0x142>
20000728:	0053      	lsls	r3, r2, #1
2000072a:	4a19      	ldr	r2, [pc, #100]	@ (20000790 <ipp_rx_feed+0x334>)
2000072c:	405a      	eors	r2, r3
2000072e:	b213      	sxth	r3, r2
20000730:	b292      	uxth	r2, r2
20000732:	e72e      	b.n	20000592 <ipp_rx_feed+0x136>
20000734:	005a      	lsls	r2, r3, #1
20000736:	4b16      	ldr	r3, [pc, #88]	@ (20000790 <ipp_rx_feed+0x334>)
20000738:	4053      	eors	r3, r2
2000073a:	b21a      	sxth	r2, r3
2000073c:	b29b      	uxth	r3, r3
2000073e:	e722      	b.n	20000586 <ipp_rx_feed+0x12a>
20000740:	4a13      	ldr	r2, [pc, #76]	@ (20000790 <ipp_rx_feed+0x334>)
20000742:	005b      	lsls	r3, r3, #1
20000744:	405a      	eors	r2, r3
20000746:	b213      	sxth	r3, r2
20000748:	b292      	uxth	r2, r2
2000074a:	e716      	b.n	2000057a <ipp_rx_feed+0x11e>
2000074c:	0053      	lsls	r3, r2, #1
2000074e:	4a10      	ldr	r2, [pc, #64]	@ (20000790 <ipp_rx_feed+0x334>)
20000750:	405a      	eors	r2, r3
20000752:	b213      	sxth	r3, r2
20000754:	b292      	uxth	r2, r2
20000756:	e70a      	b.n	2000056e <ipp_rx_feed+0x112>
20000758:	4b0d      	ldr	r3, [pc, #52]	@ (20000790 <ipp_rx_feed+0x334>)
2000075a:	0052      	lsls	r2, r2, #1
2000075c:	4053      	eors	r3, r2
2000075e:	b29b      	uxth	r3, r3
20000760:	e6fa      	b.n	20000558 <ipp_rx_feed+0xfc>
20000762:	005a      	lsls	r2, r3, #1
20000764:	4b0a      	ldr	r3, [pc, #40]	@ (20000790 <ipp_rx_feed+0x334>)
20000766:	4053      	eors	r3, r2
20000768:	b21a      	sxth	r2, r3
2000076a:	b29b      	uxth	r3, r3
2000076c:	e6ef      	b.n	2000054e <ipp_rx_feed+0xf2>
2000076e:	4b08      	ldr	r3, [pc, #32]	@ (20000790 <ipp_rx_feed+0x334>)
20000770:	0052      	lsls	r2, r2, #1
20000772:	4053      	eors	r3, r2
20000774:	b29b      	uxth	r3, r3
20000776:	e723      	b.n	200005c0 <ipp_rx_feed+0x164>
20000778:	005a      	lsls	r2, r3, #1
2000077a:	4b05      	ldr	r3, [pc, #20]	@ (20000790 <ipp_rx_feed+0x334>)
2000077c:	4053      	eors	r3, r2
2000077e:	b21a      	sxth	r2, r3
20000780:	b29b      	uxth	r3, r3
20000782:	e718      	b.n	200005b6 <ipp_rx_feed+0x15a>
20000784:	100087c4 	.word	0x100087c4
20000788:	0000100a 	.word	0x0000100a
2000078c:	00001006 	.word	0x00001006
20000790:	00001021 	.word	0x00001021
20000794:	0000101c 	.word	0x0000101c
20000798:	00001008 	.word	0x00001008
2000079c:	00001018 	.word	0x00001018
200007a0:	0053      	lsls	r3, r2, #1
200007a2:	4a30      	ldr	r2, [pc, #192]	@ (20000864 <ipp_rx_feed+0x408>)
200007a4:	405a      	eors	r2, r3
200007a6:	b213      	sxth	r3, r2
200007a8:	b292      	uxth	r2, r2
200007aa:	e67f      	b.n	200004ac <ipp_rx_feed+0x50>
200007ac:	4b2d      	ldr	r3, [pc, #180]	@ (20000864 <ipp_rx_feed+0x408>)
200007ae:	0040      	lsls	r0, r0, #1
200007b0:	4043      	eors	r3, r0
200007b2:	b21a      	sxth	r2, r3
200007b4:	b29b      	uxth	r3, r3
200007b6:	e673      	b.n	200004a0 <ipp_rx_feed+0x44>
200007b8:	0053      	lsls	r3, r2, #1
200007ba:	4a2a      	ldr	r2, [pc, #168]	@ (20000864 <ipp_rx_feed+0x408>)
200007bc:	405a      	eors	r2, r3
200007be:	b213      	sxth	r3, r2
200007c0:	b292      	uxth	r2, r2
200007c2:	e68b      	b.n	200004dc <ipp_rx_feed+0x80>
200007c4:	005a      	lsls	r2, r3, #1
200007c6:	4b27      	ldr	r3, [pc, #156]	@ (20000864 <ipp_rx_feed+0x408>)
200007c8:	4053      	eors	r3, r2
200007ca:	b21a      	sxth	r2, r3
200007cc:	b29b      	uxth	r3, r3
200007ce:	e67f      	b.n	200004d0 <ipp_rx_feed+0x74>
200007d0:	0053      	lsls	r3, r2, #1
200007d2:	4a24      	ldr	r2, [pc, #144]	@ (20000864 <ipp_rx_feed+0x408>)
200007d4:	405a      	eors	r2, r3
200007d6:	b213      	sxth	r3, r2
200007d8:	b292      	uxth	r2, r2
200007da:	e673      	b.n	200004c4 <ipp_rx_feed+0x68>
200007dc:	005a      	lsls	r2, r3, #1
200007de:	4b21      	ldr	r3, [pc, #132]	@ (20000864 <ipp_rx_feed+0x408>)
200007e0:	4053      	eors	r3, r2
200007e2:	b21a      	sxth	r2, r3
200007e4:	b29b      	uxth	r3, r3
200007e6:	e667      	b.n	200004b8 <ipp_rx_feed+0x5c>
200007e8:	0053      	lsls	r3, r2, #1
200007ea:	4a1e      	ldr	r2, [pc, #120]	@ (20000864 <ipp_rx_feed+0x408>)
200007ec:	405a      	eors	r2, r3
200007ee:	b213      	sxth	r3, r2
200007f0:	b292      	uxth	r2, r2
200007f2:	e6a6      	b.n	20000542 <ipp_rx_feed+0xe6>
200007f4:	005a      	lsls	r2, r3, #1
200007f6:	4b1b      	ldr	r3, [pc, #108]	@ (20000864 <ipp_rx_feed+0x408>)
200007f8:	4053      	eors	r3, r2
200007fa:	b21a      	sxth	r2, r3
200007fc:	b29b      	uxth	r3, r3
200007fe:	e69a      	b.n	20000536 <ipp_rx_feed+0xda>
20000800:	0053      	lsls	r3, r2, #1
20000802:	4a18      	ldr	r2, [pc, #96]	@ (20000864 <ipp_rx_feed+0x408>)
20000804:	405a      	eors	r2, r3
20000806:	b213      	sxth	r3, r2
20000808:	b292      	uxth	r2, r2
2000080a:	e68e      	b.n	2000052a <ipp_rx_feed+0xce>
2000080c:	005a      	lsls	r2, r3, #1
2000080e:	4b15      	ldr	r3, [pc, #84]	@ (20000864 <ipp_rx_feed+0x408>)
20000810:	4053      	eors	r3, r2
20000812:	b21a      	sxth	r2, r3
20000814:	b29b      	uxth	r3, r3
20000816:	e682      	b.n	2000051e <ipp_rx_feed+0xc2>
20000818:	0053      	lsls	r3, r2, #1
2000081a:	4a12      	ldr	r2, [pc, #72]	@ (20000864 <ipp_rx_feed+0x408>)
2000081c:	405a      	eors	r2, r3
2000081e:	b213      	sxth	r3, r2
20000820:	b292      	uxth	r2, r2
20000822:	e676      	b.n	20000512 <ipp_rx_feed+0xb6>
20000824:	4b0f      	ldr	r3, [pc, #60]	@ (20000864 <ipp_rx_feed+0x408>)
20000826:	0040      	lsls	r0, r0, #1
20000828:	4043      	eors	r3, r0
2000082a:	b21a      	sxth	r2, r3
2000082c:	b29b      	uxth	r3, r3
2000082e:	e66a      	b.n	20000506 <ipp_rx_feed+0xaa>
20000830:	4b0c      	ldr	r3, [pc, #48]	@ (20000864 <ipp_rx_feed+0x408>)
20000832:	0052      	lsls	r2, r2, #1
20000834:	4053      	eors	r3, r2
20000836:	b29b      	uxth	r3, r3
20000838:	e65b      	b.n	200004f2 <ipp_rx_feed+0x96>
2000083a:	005a      	lsls	r2, r3, #1
2000083c:	4b09      	ldr	r3, [pc, #36]	@ (20000864 <ipp_rx_feed+0x408>)
2000083e:	4053      	eors	r3, r2
20000840:	b21a      	sxth	r2, r3
20000842:	b29b      	uxth	r3, r3
20000844:	e650      	b.n	200004e8 <ipp_rx_feed+0x8c>
20000846:	4a08      	ldr	r2, [pc, #32]	@ (20000868 <ipp_rx_feed+0x40c>)
20000848:	58a3      	ldr	r3, [r4, r2]
2000084a:	3301      	adds	r3, #1
2000084c:	50a3      	str	r3, [r4, r2]
2000084e:	4b07      	ldr	r3, [pc, #28]	@ (2000086c <ipp_rx_feed+0x410>)
20000850:	58e3      	ldr	r3, [r4, r3]
20000852:	2b00      	cmp	r3, #0
20000854:	d100      	bne.n	20000858 <ipp_rx_feed+0x3fc>
20000856:	e74b      	b.n	200006f0 <ipp_rx_feed+0x294>
20000858:	4a05      	ldr	r2, [pc, #20]	@ (20000870 <ipp_rx_feed+0x414>)
2000085a:	1ca0      	adds	r0, r4, #2
2000085c:	58a1      	ldr	r1, [r4, r2]
2000085e:	4798      	blx	r3
20000860:	e746      	b.n	200006f0 <ipp_rx_feed+0x294>
20000862:	46c0      	nop			@ (mov r8, r8)
20000864:	00001021 	.word	0x00001021
20000868:	00001014 	.word	0x00001014
2000086c:	0000100c 	.word	0x0000100c
20000870:	00001010 	.word	0x00001010

20000874 <mutex_try_enter_block_until>:
20000874:	b5f0      	push	{r4, r5, r6, r7, lr}
20000876:	46c6      	mov	lr, r8
20000878:	0015      	movs	r5, r2
2000087a:	b500      	push	{lr}
2000087c:	0004      	movs	r4, r0
2000087e:	001e      	movs	r6, r3
20000880:	6802      	ldr	r2, [r0, #0]
20000882:	f3ef 8110 	mrs	r1, PRIMASK
20000886:	b672      	cpsid	i
20000888:	6813      	ldr	r3, [r2, #0]
2000088a:	2b00      	cmp	r3, #0
2000088c:	d0fc      	beq.n	20000888 <mutex_try_enter_block_until+0x14>
2000088e:	f3bf 8f5f 	dmb	sy
20000892:	2304      	movs	r3, #4
20000894:	56e3      	ldrsb	r3, [r4, r3]
20000896:	6822      	ldr	r2, [r4, #0]
20000898:	2b00      	cmp	r3, #0
2000089a:	db2b      	blt.n	200008f4 <mutex_try_enter_block_until+0x80>
2000089c:	f3bf 8f5f 	dmb	sy
200008a0:	2000      	movs	r0, #0
200008a2:	6010      	str	r0, [r2, #0]
200008a4:	f381 8810 	msr	PRIMASK, r1
200008a8:	22d0      	movs	r2, #208	@ 0xd0
200008aa:	0612      	lsls	r2, r2, #24
200008ac:	7812      	ldrb	r2, [r2, #0]
200008ae:	2700      	movs	r7, #0
200008b0:	b252      	sxtb	r2, r2
200008b2:	4690      	mov	r8, r2
200008b4:	429a      	cmp	r2, r3
200008b6:	d10e      	bne.n	200008d6 <mutex_try_enter_block_until+0x62>
200008b8:	2000      	movs	r0, #0
200008ba:	bc80      	pop	{r7}
200008bc:	46b8      	mov	r8, r7
200008be:	bdf0      	pop	{r4, r5, r6, r7, pc}
200008c0:	f3bf 8f5f 	dmb	sy
200008c4:	6017      	str	r7, [r2, #0]
200008c6:	f381 8810 	msr	PRIMASK, r1
200008ca:	0028      	movs	r0, r5
200008cc:	0031      	movs	r1, r6
200008ce:	f000 f863 	bl	20000998 <__best_effort_wfe_or_timeout_veneer>
200008d2:	2800      	cmp	r0, #0
200008d4:	d1f0      	bne.n	200008b8 <mutex_try_enter_block_until+0x44>
200008d6:	6822      	ldr	r2, [r4, #0]
200008d8:	f3ef 8110 	mrs	r1, PRIMASK
200008dc:	b672      	cpsid	i
200008de:	6813      	ldr	r3, [r2, #0]
200008e0:	2b00      	cmp	r3, #0
200008e2:	d0fc      	beq.n	200008de <mutex_try_enter_block_until+0x6a>
200008e4:	f3bf 8f5f 	dmb	sy
200008e8:	7923      	ldrb	r3, [r4, #4]
200008ea:	6822      	ldr	r2, [r4, #0]
200008ec:	2b7f      	cmp	r3, #127	@ 0x7f
200008ee:	d9e7      	bls.n	200008c0 <mutex_try_enter_block_until+0x4c>
200008f0:	4643      	mov	r3, r8
200008f2:	e002      	b.n	200008fa <mutex_try_enter_block_until+0x86>
200008f4:	23d0      	movs	r3, #208	@ 0xd0
200008f6:	061b      	lsls	r3, r3, #24
200008f8:	681b      	ldr	r3, [r3, #0]
200008fa:	7123      	strb	r3, [r4, #4]
200008fc:	f3bf 8f5f 	dmb	sy
20000900:	2300      	movs	r3, #0
20000902:	6013      	str	r3, [r2, #0]
20000904:	f381 8810 	msr	PRIMASK, r1
20000908:	2001      	movs	r0, #1
2000090a:	e7d6      	b.n	200008ba <mutex_try_enter_block_until+0x46>

2000090c <mutex_exit>:
2000090c:	6802      	ldr	r2, [r0, #0]
2000090e:	f3ef 8110 	mrs	r1, PRIMASK
20000912:	b672      	cpsid	i
20000914:	6813      	ldr	r3, [r2, #0]
20000916:	2b00      	cmp	r3, #0
20000918:	d0fc      	beq.n	20000914 <mutex_exit+0x8>
2000091a:	f3bf 8f5f 	dmb	sy
2000091e:	23ff      	movs	r3, #255	@ 0xff
20000920:	7103      	strb	r3, [r0, #4]
20000922:	6803      	ldr	r3, [r0, #0]
20000924:	f3bf 8f5f 	dmb	sy
20000928:	2200      	movs	r2, #0
2000092a:	601a      	str	r2, [r3, #0]
2000092c:	f381 8810 	msr	PRIMASK, r1
20000930:	bf40      	sev
20000932:	4770      	bx	lr

20000934 <spi_write_blocking>:
20000934:	b530      	push	{r4, r5, lr}
20000936:	0004      	movs	r4, r0
20000938:	1e10      	subs	r0, r2, #0
2000093a:	d00a      	beq.n	20000952 <spi_write_blocking+0x1e>
2000093c:	000a      	movs	r2, r1
2000093e:	180d      	adds	r5, r1, r0
20000940:	2102      	movs	r1, #2
20000942:	68e3      	ldr	r3, [r4, #12]
20000944:	4219      	tst	r1, r3
20000946:	d0fc      	beq.n	20000942 <spi_write_blocking+0xe>
20000948:	7813      	ldrb	r3, [r2, #0]
2000094a:	3201      	adds	r2, #1
2000094c:	60a3      	str	r3, [r4, #8]
2000094e:	42aa      	cmp	r2, r5
20000950:	d1f7      	bne.n	20000942 <spi_write_blocking+0xe>
20000952:	68e3      	ldr	r3, [r4, #12]
20000954:	075b      	lsls	r3, r3, #29
20000956:	d504      	bpl.n	20000962 <spi_write_blocking+0x2e>
20000958:	2104      	movs	r1, #4
2000095a:	68a3      	ldr	r3, [r4, #8]
2000095c:	68e3      	ldr	r3, [r4, #12]
2000095e:	4219      	tst	r1, r3
20000960:	d1fb      	bne.n	2000095a <spi_write_blocking+0x26>
20000962:	2110      	movs	r1, #16
20000964:	68e3      	ldr	r3, [r4, #12]
20000966:	4219      	tst	r1, r3
20000968:	d1fc      	bne.n	20000964 <spi_write_blocking+0x30>
2000096a:	68e3      	ldr	r3, [r4, #12]
2000096c:	075b      	lsls	r3, r3, #29
2000096e:	d504      	bpl.n	2000097a <spi_write_blocking+0x46>
20000970:	2104      	movs	r1, #4
20000972:	68a3      	ldr	r3, [r4, #8]
20000974:	68e3      	ldr	r3, [r4, #12]
20000976:	4219      	tst	r1, r3
20000978:	d1fb      	bne.n	20000972 <spi_write_blocking+0x3e>
2000097a:	2301      	movs	r3, #1
2000097c:	6223      	str	r3, [r4, #32]
2000097e:	bd30      	pop	{r4, r5, pc}

20000980 <__aeabi_idiv0>:
20000980:	4770      	bx	lr
20000982:	46c0      	nop			@ (mov r8, r8)
20000984:	0000      	movs	r0, r0
	...

20000988 <____wrap_memcpy_veneer>:
20000988:	b401      	push	{r0}
2000098a:	4802      	ldr	r0, [pc, #8]	@ (20000994 <____wrap_memcpy_veneer+0xc>)
2000098c:	4684      	mov	ip, r0
2000098e:	bc01      	pop	{r0}
20000990:	4760      	bx	ip
20000992:	bf00      	nop
20000994:	10007729 	.word	0x10007729

20000998 <__best_effort_wfe_or_timeout_veneer>:
20000998:	b401      	push	{r0}
2000099a:	4802      	ldr	r0, [pc, #8]	@ (200009a4 <__best_effort_wfe_or_timeout_veneer+0xc>)
2000099c:	4684      	mov	ip, r0
2000099e:	bc01      	pop	{r0}
200009a0:	4760      	bx	ip
200009a2:	bf00      	nop
200009a4:	10004021 	.word	0x10004021

200009a8 <__time_us_64_veneer>:
200009a8:	b401      	push	{r0}
200009aa:	4802      	ldr	r0, [pc, #8]	@ (200009b4 <__time_us_64_veneer+0xc>)
200009ac:	4684      	mov	ip, r0
200009ae:	bc01      	pop	{r0}
200009b0:	4760      	bx	ip
200009b2:	bf00      	nop
200009b4:	100041d5 	.word	0x100041d5

200009b8 <buttons>:
200009b8:	0000000e 00000000 00000000 00000000     ................
200009c8:	0000010f 00000000 00000000 00000000     ................
200009d8:	00000216 00000000 00000000 00000000     ................
200009e8:	00000317 00000000 00000000 00000000     ................
200009f8:	00000418 00000000 00000000 00000000     ................

20000a08 <striped_spin_lock_num>:
20000a08:	00000010                                ....

20000a0c <irq_handler_chain_slots>:
20000a0c:	00000000 	.word	0x00000000
20000a10:	00010000 	.word	0x00010000
	...
20000a1c:	00020000 	.word	0x00020000
	...
20000a28:	00030000 	.word	0x00030000
	...
20000a34:	00ff0000 	.word	0x00ff0000
20000a38:	00000000 	.word	0x00000000

20000a3c <irq_handler_chain_first_slot>:
20000a3c:	b501      	push	{r0, lr}
20000a3e:	6848      	ldr	r0, [r1, #4]
20000a40:	3101      	adds	r1, #1
20000a42:	468e      	mov	lr, r1
20000a44:	4700      	bx	r0

20000a46 <irq_handler_chain_remove_tail>:
20000a46:	4670      	mov	r0, lr
20000a48:	3809      	subs	r0, #9
20000a4a:	4901      	ldr	r1, [pc, #4]	@ (20000a50 <irq_handler_chain_remove_tail+0xa>)
20000a4c:	4788      	blx	r1
20000a4e:	bd01      	pop	{r0, pc}
20000a50:	10003929 	.word	0x10003929

20000a54 <default_alarm_pool>:
20000a54:	20000a6c 00000000 20000b00 20000e28     l.. ....... (.. 
	...

20000a6c <default_alarm_pool_heap>:
20000a6c:	20000e38 00000000 00000000 00000010     8.. ............
20000a7c:	00000000                                ....

20000a80 <aeabi_bits_funcs>:
20000a80:	00003350 	.word	0x00003350
20000a84:	0000334c 	.word	0x0000334c
20000a88:	00003354 	.word	0x00003354
20000a8c:	00003352 	.word	0x00003352

20000a90 <aeabi_bits_funcs_end>:
20000a90:	0000534d 	.word	0x0000534d
20000a94:	0000434d 	.word	0x0000434d
20000a98:	00003453 	.word	0x00003453
20000a9c:	00003443 	.word	0x00003443

20000aa0 <i2c1_inst>:
20000aa0:	40048000 00000000                       ...@....

20000aa8 <i2c0_inst>:
20000aa8:	40044000 00000000                       .@.@....

20000ab0 <malloc_mutex>:
	...

20000ab8 <print_mutex>:
	...

20000ac0 <__mutex_array_end>:
20000ac0:	1000770d 	.word	0x1000770d
20000ac4:	100068a1 	.word	0x100068a1
20000ac8:	10006fad 	.word	0x10006fad
20000acc:	1000767d 	.word	0x1000767d

20000ad0 <__frame_dummy_init_array_entry>:
20000ad0:	100002e5                                ....
