:020000041000EA
:1000000000B5324B212058609868022188439860DF
:10001000D860186158612E4B002199600221596106
:100020000121F02299502B49196001219960352056
:1000300000F044F80222904214D00621196600F024
:1000400034F8196E01211966002018661A6600F04E
:100050002CF8196E196E196E052000F02FF8012189
:100060000842F9D1002199601B49196000215960AB
:100070001A491B48016001219960EB211966A021F2
:10008000196600F012F800219960164914480160C1
:100090000121996001BC002800D000471248134993
:1000A000086003C880F30888084703B5996A0420EC
:1000B0000142FBD001200142F8D103BD02B5186610
:1000C0001866FFF7F2FF186E186E02BD00000240BE
:1000D000000000180000070000035F00212200005C
:1000E000F4000018222000A00001001008ED00E03C
:1000F00000000000000000000000000074B24E7A12
:1001000000200420F7010010C3010010C5010010F9
:10011000C1010010C1010010C1010010C101001097
:10012000C1010010C1010010C1010010C701001081
:10013000C1010010C1010010C9010010CB01001065
:10014000CD010010CD010010CD010010CD01001037
:10015000CD010010CD010010CD010010CD01001027
:10016000CD010010CD010010CD010010CD01001017
:10017000CD010010CD010010CD010010CD01001007
:10018000CD010010CD010010CD010010CD010010F7
:10019000CD010010CD010010CD010010CD010010E7
:1001A000CD010010CD010010CD010010CD010010D7
:1001B000CD010010CD010010CD010010CD010010C7
:1001C00000BE00BE00BE00BE00BE00BEEFF3058054
:1001D000103800BEF2EB8871F8890010148A001004
:1001E0003402001090A31AE700201F49086006C8D7
:1001F00081F3088810471D48006800282FD10DA4FE
:100200000ECC002902D000F012F8F9E71849194A7B
:10021000002000E001C19142FCD1174988471749ED
:1002200088471749884700BEFDE701C901C29A42C5
:10023000FBD37047148A0010C0000020D40A0020AD
:1002400028940010000004200000042028940010CE
:10025000001004200010042000000000704709482E
:1002600006F026FB0047000008ED00E0000000D08B
:10027000D80A002068760020794E0010ED050010A5
:100280006D4F00105756000006005250ABB360533C
:10029000DC84001006005250861C0302EC8400101F
:1002A000060052505422A29D0085001005005250B5
:1002B000DE65F46828940010F8B5C0460648074982
:1002C000091A8B10C90FC91810B5491003D0044B77
:1002D000002B00D0984710BDD40A0020D40A00207B
:1002E00000000000054B10B5002B03D00449054861
:1002F00000E000BFFFF7E2FF10BDC04600000000B5
:10030000085F0020D082001010B507F031FB0128F3
:1003100000D0FF2007F022FBF7E7C04630B505000C
:1003200013000F4A83B01478E0B20134E4B21470C1
:100330000C4A0D4C019200940A00290002F0FCFDC9
:1003400000280AD02021094A201893691942FCD1BB
:10035000237801341360A042F7D103B030BDC0460A
:100360004E76002007100000D84E002000400340C9
:10037000F0B557464546DE464E46E0B5464F474D3A
:100380003B7887B0002B20D0454E2A683568012184
:100390002B0044481033070099400435424E1C3767
:1003A000AD0033780024002B01D004682402536888
:1003B0001942FCD10430AC508742F2D107B0F0BCF6
:1003C000BB46B246A946A046F0BD38480121286088
:1003D00007F03AFD324E36493060286807F052FD8A
:1003E0002B6834499846336841449A464B1E9941DC
:1003F00081460631072002F015FF012351460722EE
:100400004046009307F0ACFD80235B0202934B460D
:100410004A460333D2011B031343274A05201340E6
:100420000393264B0593264B049304F0B1FC07F08D
:10043000F7F8244907F0D9F8834607F019F984B290
:100440000023002C17D124041C434A465146404641
:1004500002AB029407F0D8FD0124434651461A68C6
:1004600023008B401343424601210720136002F012
:1004700003FF3C7089E7200007F0D2F8011C5846C2
:1004800007F0ADF88721C90507F0C3F807F0F0F8C9
:10049000C3B21B02D7E7C04650760020005F0020A1
:1004A000045F0020E45E0020517600200000205010
:1004B0004C8500100000E0AFFFFFFF9F001C0020F4
:1004C000000006700024F44AF0B5424B8BB01B7854
:1004D000002B01D10BB0F0BDA8236A4693730E2206
:1004E0003D4CA73B1921200000936A4407F0EEFB26
:1004F0000028EFDB002305AD00932A00192120001E
:10050000063307F059FC0028E4DB0223E95E0422ED
:10051000AB5E00202A5E0911121107AD520049009E
:100520001B115B002A80698052434943AB805B43C7
:100530005218D2188023DB059B089A42FCD3002175
:10054000002B08D0C8184908824201D3121AC918D2
:100550009B08F7D189B28C236A460027D3730F22F8
:1005600004AE8B3BE98037801921200000936A4458
:1005700007F0ACFB002825DA0022B35E174C9B1174
:1005800019339A009B18164A5B002B81137882213D
:10059000D8B20133DBB21370124B2A0001930094DE
:1005A0000A2302F0C9FC002800D193E720210E4A5B
:1005B000201893691942FCD12378013413608442D6
:1005C000F7D187E70223320019212000009707F0B6
:1005D000F3FBD1E746760020A00A0020D84E002089
:1005E0004E7600200710000000400340F0B5DE46C4
:1005F0004E4645465746E0B5B9B001F077FAFB4B99
:10060000D0261C00012523933606207802F0A8FE90
:100610002A00237801219A40B2622078002202F059
:1006200019FEF34B1034A342EFD1072002F098FEDD
:10063000802301207362B36103F07CFC8022ED4BC8
:1006400092021A605A609A60DA601A615A619A617D
:10065000E94B1D709B46FFF78BFEE84BE8491800FD
:100660001C000B9307F00AFB03211A2002F0DAFDAD
:1006700003211B2002F0D6FD002201211A2002F0E6
:10068000E9FD002201211B2002F0E4FD26A98C4691
:1006900000250B220123624419212000009507F058
:1006A0008BFBC343D74ADB0F26009046137000280C
:1006B0001CDBD54B26AA13821921022320002AAA6B
:1006C000009507F003FBD14B2BAC238022000223C3
:1006D00019213000009507F0F9FACD4B2CAA1380B0
:1006E000192102233000009507F0F0FA26A98C4664
:1006F00000230B220093212101330B98624407F061
:100700005BFBC343C34FC44CDB0F3B70631D9A4676
:100710000123D0269946360625780134280002F0B8
:100720001FFE4B46AB4073627361A245F4D13B7828
:10073000002B01D001F04EF826A98C4600250B2293
:100740000B98012362446B210095824607F034FB2D
:10075000C343B24ADB0F1E921370002801DB01F085
:1007600007F826A98C4600240B226F21624401233E
:100770000B98009407F020FBC343A94DDB0F2B70AF
:1007800002F064FA002001F081FAA022A54E1023A5
:10079000002100200096520001F0B6FA0196A24E08
:1007A000A24B0421A24A009604201F9301F09EFC54
:1007B000A04B1E21A04A00965020019499460E930A
:1007C00001F094FC8C229D4E2C2114209C4B520055
:1007D00001F0F8FA4B4632219A4A822001940096A1
:1007E00001F084FC984B4221984A009314204B4618
:1007F000019401F07BFCC82250211420904B01F0A1
:10080000E1FA4B4654211420914A0194009601F0DC
:100810006DFC43461B78002B01D100F0C3FEFC2386
:100820008C4ADB0000240E9E54210093822033006A
:10083000019401F05BFC814B622100931420330092
:10084000854A019401F052FC1E9B1B78002B01D0BD
:1008500000F0A3FEF823814A1B0200240E9E6221B1
:10086000009382203300019401F040FC734B70210F
:100870000093142033007A4A019401F037FC2B785E
:10088000002B01D000F084FEF823744A1B020024E0
:100890000E9D7021009382202B00019401F026FC14
:1008A000664B7E21009314202B006E4A019401F0C8
:1008B0001DFC3B78002B01D000F065FEF823674A51
:1008C0001B0200240E9F604E5D4D7E21019400931B
:1008D00082203B0001F00AFC3B009021624A019417
:1008E0000096142001F002FC2B00C8229E21142047
:1008F00001F068FAFC23DB00A2215C4A019400931A
:1009000014203B0001F0F2FB3B00B421584A019453
:100910000096142001F0EAFB2B00C822C22114200B
:1009200001F050FA3B00C621524A01941420009570
:1009300001F0DCFBA0223B4E1023E02100200096BA
:10094000520001F0E1F9E4214B4A1F9B019604207B
:10095000009501F0CBFB494B18000C9301F04CFDC6
:10096000474E300001F0CCFE464B1800209301F0BA
:10097000B1FF454B1A000D933423D454434B444CE0
:100980001800219302F0B8F8E1212000490203F099
:1009900065FF0221002002F045FC0221012002F047
:1009A00041FC0221022002F03DFC0221032002F062
:1009B00039FCC023226B1B029343364A0821136083
:1009C00020000023012204F011F80121200004F08E
:1009D0004BF800223049314802F0E0FA1420304947
:1009E00002F0A0FD012114205CE0C046B8090020FF
:1009F000080A0020E45E002051760020A00A0020B2
:100A0000801A060046760020205700002398FFFF3A
:100A10001FC0FFFF4D760020448500104776002060
:100A200061760020410800009F2C000064850010C2
:100A3000688300105C85001074830010FBDE0000EA
:100A4000518C00008483001020FD00008C83001076
:100A50009C830010F0830010AC83001054830010BE
:100A6000C0830010D0830010E0830010E8830010E2
:100A7000F48300100084001014840010FC63002034
:100A800060680020E863002080680020B8680020CB
:100A90000040034030500340F1000020B83E0020E9
:100AA000C100002002F018FD5023A363626B183BC5
:100AB0001340B34A0021136088200022FFF72EFC68
:100AC000B04806F0A9FFB04B19931B78002B00D05B
:100AD0002AE10023AD4A11930492AD4A1893109372
:100AE0000F922CABAB4A0A93AB4B1292AB4A1693C4
:100AF000AB4B1792AB4A1C93AB4B1392AB4A1D9373
:100B0000AB4B1492AB4A1A93AB4B1592AB4A1B9367
:100B1000AB4B26925A469B462296279203F05AFBED
:100B2000002900D162E1FA220023920005F058FF6B
:100B30000300109A05909B1A092B00D961E1169BBE
:100B40001B78002B00D0B2E11C9A1378002B29D01F
:100B5000002313709B4B1A88032A23D91B889A49B8
:100B6000042B00D89949229C1722200007F018FB7B
:100B700000230121E375964B20001A7822760A00A3
:100B80005B78E1771A4062769A07D20FA2765A070D
:100B9000D20FE2761A07DB06D20FDB0F22776377DC
:100BA00001F0C0FD1D9A1378002B07D000231370AD
:100BB000884B1B889FB2012B00D96EE31A9A1378D9
:100BC000002B07D00023844E13703388002B01D0F4
:100BD00000F03DFC1B9A1378002B07D00023137004
:100BE0007E4B1B88022B01D900F09EFC5B46049AC9
:100BF0001B7812789A4248D0794F3E005F4618E041
:100C0000142A11D1F21852780A2A0DD90233F41895
:100C1000A37A002B00D151E1E388A2886188208863
:100C20002489009401F070F8049B3A781B789A426A
:100C30002AD01F213A783B7801330B403B70D30117
:100C40009B185B00F25C152A75D0162AD8D1F218D1
:100C50005278072AE8D99C1C341921790933F218F3
:100C60000E9B002900D11F9B0025618820880195DB
:100C70006579A47924022C43009401F037FA049B8F
:100C80003A781B789A42D4D1BB460A9802F00AF807
:100C9000002800D04AE20F9B1B78002B08D00023CD
:100CA0000F9A13704F4B1A78002A01D100F050FCB4
:100CB000129B1B78002B00D0EBE1179B1B78002BBD
:100CC00000D0F0E1139B1B78002B00D05CE2149B5A
:100CD0001B78002B00D093E234230D99CA5C002AC4
:100CE00004D00A6B05998A4200D897E3159B1B78BC
:100CF000002B00D0C7E1059B119A9B1A312B00D91C
:100D0000BCE1189A059B9B1AFA229200934206D3E3
:100D10001E9B1B78002B00D031E3059B1893199B79
:100D20001B78002B00D1F9E62F4805F0C1FD00210A
:100D3000030008009847F2185278092A00D873E790
:100D400002339A46B24453465988DC889A88A142B5
:100D500000D182E11888904200D089E20D1CA142A6
:100D600000D9251CADB2A14200D3FAE20134621AC7
:100D700092B2534629001B8901F032F854E7C0466D
:100D800034500340090300105D7600204B760020AC
:100D90005A7600205B76002053760020547600209F
:100DA0005E760020597600205C7600205576002083
:100DB00060760020527600205F7600204E7600207C
:100DC0004C760020407600202C61002060830010CB
:100DD000286100203E7600204476002042760020E4
:100DE000680E0020205F002055420000FA21890093
:100DF00005F0B8FD0300109A05909B1A092B00D846
:100E00009DE603F0E7F9002900D1AEE2FA220023C3
:100E1000920005F0E5FD0500D0231B069846FA2355
:100E20005B0001269A46239C434621785B68A278A2
:100E3000CB401E424BD1002A00D07CE0E368EB1A85
:100E4000132B29D963780A9926A80B7084461A2394
:100E500063444E7022721A805A80269AC24F1378C9
:100E6000A670D8B20133DBB21370C04B6560E56089
:100E70000A00019381210623009702F05DF8002803
:100E80000AD02021BA4A381893691942FCD13B781C
:100E900001371360B842F7D1B64B1034A342C3D127
:100EA000059B1093169B1B78002B00D14CE600236A
:100EB000169A0020137000F0E9FE45E6E388A28848
:100EC000618820882489009400F02EFFACE6002A77
:100ED000E2D0E368EB1A132BDED9002261780A987E
:100EE000636801704270010026A88446A2701A321D
:100EF0006244EB1A13801B0C53809F4A9A4F13785D
:100F0000E560D8B20133DBB21370984B0A0001934D
:100F100081210623009702F00FF80028BCD0202181
:100F2000934A381893691942FCD13B780137136012
:100F3000B842F7D1B0E76768EF1B5745ACD3237AC7
:100F4000002B01D100F072FC63789946002BA3D1ED
:100F50008A4B9F42A0D91E9B1B78002B01D100F029
:100F6000F0FC112326AA937213004A4626A9DA72CE
:100F700001278C460A223B006B210B9800976244A4
:100F800006F0A4FE002814DB26A94B468C460B2253
:100F900000936B213B000B98624406F00DFF002884
:100FA00007DB26ABDA7ADB7A5BB2002B01DA00F0E2
:100FB0009DFC279B724A9B46724B00251B680124AF
:100FC0001B0C1B0413605B461D70FFF7D1F90B98D7
:100FD00026A98C4607260A22804626AB62449E72CA
:100FE00029AF23006B21009406F070FE3A00230025
:100FF0006B214046009506F0DFFE30223B786B21E6
:1010000093432BAA3B701670537040460223009501
:1010100006F05CFE26A98C4609270A2226AB9F72A1
:1010200062442AAE23006B214046009406F04EFE37
:10103000230032006B214046009506F0BDFE2823B8
:1010400032786B2113430A9A33705370177002235E
:101050004046009506F03AFEFEE71C88201C9442AC
:1010600000D9101C80B2944200D384E10132121BDB
:1010700092B253461B8900F0A5FED5E5FFF724FA8E
:10108000059B11933DE60023159A1370FFF71CFA98
:1010900031E60023129A1370FFF76AF9179B1B7849
:1010A000002B00D10EE60023179A0A9F13703B70A5
:1010B0000B9B0824002698462BAD0AE0531CDBB29C
:1010C000BA183B7054700134E4B2782C10D00F2B56
:1010D0000ED82A00012321004046009606F06CFE3F
:1010E0003A780028EADA0134E4B21300782CEED121
:1010F00021491D4C0A780133D0B20132D2B20A70B4
:101100001A4A8921019200940A9A01F015FF0028D9
:1011100000D1D7E52021164A201893691942FCD145
:101120002378013413608442F7D1CBE5124A0E4C88
:1011300013788521D8B20133DBB213700B4B0A9AB6
:1011400001930094062301F0F7FE002800D1A2E5E8
:101150002021074A201893691942FCD123780134D1
:101160001360A042F7D196E5D84E0020071000008A
:1011700000400340080A00204E760020B70B000014
:101180005C1005405C0005400023139AD74E137095
:101190003278D74C2BAD2A70227821216A700B98B7
:1011A0002A000093023306F091FD33780A99023841
:1011B0000B702378CF4A4B70431E98411378887088
:1011C000D8B20133DBB21370CB4CCC4B0A00019385
:1011D0008A210323009401F0AFFE002800D176E5B8
:1011E0002021C74A201893691942FCD12378013481
:1011F0001360A042F7D1149B1B78002B00D16BE544
:101200000026149B2AAC1E70BE4B2BAD1B782E7093
:1012100023700123220021210B98009306F056FD34
:10122000012800D132E323780A99B24A0B702B7857
:10123000C00F4B7013788870D8B20133DBB21370D3
:10124000AD4CAE4B0A0001938A210323009401F0B8
:1012500073FE002800D13FE52021A94A2018936998
:101260001942FCD1237801341360A042F7D133E551
:10127000904200D376E1121A93B2069313B29B46C2
:10128000A14200D2E6E1641AA3B2079323B203930A
:1012900001230993023B08939AE19B4B0C989946D2
:1012A0001D785B780026039301F0E4F84A46039B1F
:1012B000013202240692002B25D0079520E0A11CC4
:1012C000B9421FD84B4688461B5DC8449A46069BC8
:1012D0004046791A1D5D06F091FF03342418BC4284
:1012E00010D801232B40AD07ED0F524641460C9814
:1012F000009501F08FF80136039BF6B2B34201D09E
:10130000BC42DCD3079D814B0C9AD554092D03D9DF
:101310007F4B0C9A093DD554110001227D4B0800EA
:10132000CA5401F0B9F8209A7B4B1000136101F008
:10133000DDFA0022794B1A7034230D9AD35C002B0E
:1013400000D13BE402F046FF002900D1A6E2FA22D8
:101350000023920005F044FB01000D9801F088FB8A
:101360002CE401310A1B92B203E5FA21890005F051
:10137000F9FA050050E50134A21A92B279E60A9E04
:1013800009220021300006F0C9F90E232BAD0B9C79
:101390002B700D3B2A006B212000009306F096FC79
:1013A000002800DB5FE111230B9C2B70103B2A000F
:1013B0006B212000009306F089FC002800DBB1E1DE
:1013C0000F230B9C2B700E3B2A006B2120000093F7
:1013D00006F07CFC002800DB8CE112230B9C2B70B8
:1013E000113B2A006B212000009306F06FFC0028BF
:1013F00000DB6BE10B2301242B702A000B9D6B217A
:10140000280000940A3B06F061FC002800DB41E163
:10141000092283200A99FEF781FF7EE4002201243D
:101420000D992298CA54209BC477DC7401F07AF994
:101430003A4B1B78012B00D193E10C9A354B1000ED
:10144000D45401F029F8209801F050FA4EE4344BBE
:10145000219898461B780025994601F0A5FB4B463C
:101460000124002B19D0219B9A4613E04346318872
:101470001F19091B380006F0C1FE013433882418F7
:101480009C420AD8013539005046EDB201F044FBC8
:10149000A94502D03388A342E8D80124219A214BE0
:1014A0001000D45401F08EFB0023209A1370802387
:1014B00010005B04136101F019FA184B0D9A1C70AF
:1014C0003423D35C002B01D1FFF784FB02F082FEB2
:1014D000002900D1E8E1FA220023920005F080FA09
:1014E00001000D9801F0C4FAFFF774FB5776002055
:1014F000587600204E760020D84E002007100000BD
:101500000040034056760020285F00206104000060
:101510006204000063040000010101014A7600201A
:10152000A8610020850D0000E5490D980A88023168
:1015300001F080FA02F04EFE002938D1FA2189002C
:1015400005F010FA01000D9801F092FAFFF74EFB3A
:101550001A681879120A00065979104301F0C2FB83
:10156000FFF7A6FB821A93B2069313B29B46A142E1
:1015700024D3641AA3B2079323B2039301235B42DB
:101580000993089324E0FC23CE4ADB00FFF799F986
:10159000FC23CC4ADB00FFF77AF9FC23C94ADB00C5
:1015A000FFF75BF9F823C84A1B02FFF73BF9FA2261
:1015B0000023920005F014FA0100C4E70C1BA3B24B
:1015C000079323B2039301235B42099302330893E9
:1015D000079B069C9C460BB29846FA2305B26444CE
:1015E0009B00A94624B21D00249725961CE0A2B2B8
:1015F000530003991BB28B4208DB079954180999D1
:10160000A2B28C46674439B2894624B25B4508DCF5
:10161000069B9C46089B62449C46664433B29846AF
:1016200014B2013D002D11D04B469FB243469EB2ED
:10163000534631001A89380000F0E2FB53469B887C
:101640009945D4D15346DB889845D0D1249F259E17
:10165000FFF7EAFA0C1BA3B2079323B2039301230B
:1016600009930893B4E700236B2100932000013312
:101670002AAA06F0A1FB002800DA94E67F2226AB16
:101680001B7C13406B3A53439022120194466344EF
:10169000338088E600236B210093280023002AAAC8
:1016A00006F08AFB002800DAB2E626AB1B7CDB06DC
:1016B0009B0F5A1EA24200D8FCE0032B00D0A7E6E5
:1016C0000A99013B0A7A13430B72A1E600236B21AE
:1016D0000093200001332AAA06F06EFB002800DAEE
:1016E00088E67F2226AB1B7C13404D3A53430A9A6F
:1016F000D3807FE600236B210093200001332AAAC8
:1017000006F05AFB002800DA67E67F2226AB1B7C36
:1017100013406B3A53439022120194460A9A634451
:1017200093805AE600236B210093200001332AAAFC
:1017300006F042FB002800DA42E626AB1A7C7F2343
:10174000642113404B43614952B28C460A99634469
:101750004B80002A00DB33E604230A7A13430B7222
:101760002EE621995A4A08008B5401F02BFA6AE6BA
:10177000022626AB1E7401236B21504600932AAA31
:10178000994606F0A3FAA84201DAFEF7EAFF2BAC6D
:101790004B4622006B215046009506F00DFBA842F7
:1017A00001DAFEF7DEFF22783F2311009943C029BA
:1017B00001D1FEF7D6FF40235B422CA913430E70E4
:1017C0004B700A0033006B215046009506F07EFAFC
:1017D000FEF7C7FF002506230B9E26AA9381212131
:1017E00029AA30000095043B06F070FA072326AAC8
:1017F000138221212AAA30000095053B06F066FAE3
:10180000344B2BAC23802200022321213000009591
:1018100006F05CFA2CAB1A002F4B2121138030000C
:101820000223009506F052FAFEF786FF63780A99C4
:1018300026AA0B70022394464B70183363443A0C6B
:101840005A80264A1F8013782672D8B20133DBB241
:101850001370234B0A000193224B81210093994678
:10186000062301F069FB031E01D1FFF76DFB9C46C7
:10187000484620211C4ACC4493691942FCD1037884
:10188000013013608445F7D1FFF75EFB01232A0086
:1018900021210B98009606F08FFAC4E4FA21890002
:1018A00005F060F8010058E5FA21890005F05AF8C2
:1018B000010016E60A9A137A1C431472A8E5C04682
:1018C00068610020F083001054830010280A000093
:1018D000850D000002DAFFFF03B8FFFF4E760020FF
:1018E00007100000D84E0020004003407F23134023
:1018F00064225343174A0A9F94463021164A634490
:10190000380004F0A1FFFA2239000D98D20001F04E
:1019100091F802F05FFC00290DD0FA22002392001A
:1019200005F05EF801000D9801F0A2F80023656053
:101930002372FFF7B1FAFA21890005F013F80100CC
:10194000F1E7064B064A1B681B0C1B041360FFF7EC
:1019500083FBC046280A0000208400105C0005407C
:101960005C100540F0B5D6464F464646C0B5013A34
:10197000013B8218CB1884B092B29BB29246994632
:101980006A462A23D0241373802780230600240666
:10199000BF015B01A3610D00012203A9A7612748D4
:1019A000984606F085FC5246F3B21B02360A1E43E7
:1019B0005346120A12041B0616431E434346676130
:1019C00002A90296042263611C48A76106F070FC1C
:1019D0006A462B2367611373434603A9A36101225F
:1019E000A761164806F064FC4A46EBB21B022D0ABA
:1019F0001D434B46120A12041B0615431D43434662
:101A0000676103A90395042263610C48A76106F08E
:101A10004FFC6A462C236761D3714346A3616B4632
:101A20000122A761D91D054806F042FC676104B098
:101A3000E0BCBA46B146A846F0BDC046000004402E
:101A400070B590B01D0014AB1C88A023160082183E
:101A50005B009A4201DD1B1A9EB24B19F02B02DD8E
:101A6000F0256D1AADB22B003200FFF77BFFE3B219
:101A7000200A1902020401431B0611431943802264
:101A8000D02352011B060091019102910391049110
:101A9000059106910791089109910A910B910C917A
:101AA0000D910E910F915A618022754392019A61B6
:101AB0001F2D0AD92C00402269460B48203C06F015
:101AC000F7FB1F2CF7D81F231D40002D06D1D02374
:101AD00080221B0692015A6110B070BD69466A00EF
:101AE000014806F0E5FBF2E70000044070B5D024A1
:101AF0008025802692B05E495E4805F0B9FF01213D
:101B00000A2001F08FFB01210B202406AD0101F01A
:101B100089FB0D20760101F023FC65620C206561D4
:101B200001F01EFC04211920666201F07BFBFF22FC
:101B3000514B50481A66514B1A68C8231B04534036
:101B40001B0C4F4A1B0413604E4B1A6801231900EB
:101B500091434D4A11606A4602A913720122A6619F
:101B6000A56106F0A5FB9620656102F0E3F911235B
:101B70006A4602A913723F480122A661A56106F0D8
:101B800097FB3220656102F0D5F93A236A4602A933
:101B900013723848A6610122A56106F089FB55231E
:101BA0006A46656193716B466661991D0122A56164
:101BB000304806F07DFB36236A46656102A9137240
:101BC0002C48A6610122A56106F072FB68236A46D3
:101BD0006561D3716B466661D91D0122A5612548F7
:101BE00006F066FB21236A46656102A9137221484B
:101BF000A6610122A56106F05BFB29236A466561A7
:101C000002A913721B480122A661A56106F050FBD0
:101C10003220656102F08EF9A022F023002100201D
:101C20005200FFF79FFE0023029303930493059352
:101C300006930793089309930A930B930C930D93C0
:101C40000E930F93109311936661A561962424015E
:101C50004022084802A9013C06F02AFB002CF7D1DB
:101C6000D02380221B0692015A6112B070BDC0467B
:101C7000A0ACB90300000440000005405C00054032
:101C80005C1005405000054050100540A02210B5E2
:101C9000040090B0F023002152000020FFF762FE04
:101CA000220AE4B223021104134324060B43234304
:101CB0000093019302930393049305930693079370
:101CC000089309930A930B930C930D930E930F9320
:101CD0008022D02352011B065A6180229624920151
:101CE0009A612401402269460648013C06F0E0FA68
:101CF000002CF7D1D02380221B0692015A6110B02C
:101D000010BDC0460000044030B583B06C46258B42
:101D1000A0246400A04204D2EF2902D80095FFF766
:101D20008FFE03B030BDC046F0B54746CE4680B505
:101D300083B01E006B461F8DA02380460D0014004B
:101D40005B00984235D2731ECB189BB29946EF299F
:101D500027D801230097FFF773FE4B46EF2B06D8D9
:101D600001232200494640460097FFF769FE3300F1
:101D70004046012229000097013CFFF761FE200048
:101D8000A023404480B25B00984205D23300012278
:101D900029000097FFF754FE03B0C0BCB946B04617
:101DA000F0BDEF2BF8D8012349460097FFF748FE16
:101DB000F2E7013C2000404480B29842ECD2EF2987
:101DC000E4D9E9E710B5A02482B06400A04205D2AE
:101DD000EF2903D800930123FFF732FE02B010BDB4
:101DE00010B5A02482B06400A04206D2EF2904D826
:101DF000009313000122FFF723FE02B010BDC0467E
:101E0000A02330B55B00140083B0984201D2EF29C3
:101E100001D903B030BD403B0122FF3BFFF7A2FDDB
:101E20006B4664BA9C808025D024802324065B0105
:101E3000AD01636102220348A56101A906F038FAE9
:101E40006561E6E700000440F0B54E464546DE46D3
:101E50005746E0B5D7B00D0060A909880600069185
:101E600061A90988987889463F21904203D8DC7897
:101E7000944200D321E10A1A9100521859781F7830
:101E800092B20391002900D11BE1002F00D127E17C
:101E900079000591791E2EAC89B2A34608910429D8
:101EA00000D908E100205B6889B29B1802934B1CA3
:101EB0009BB207937B1A9BB29A1E019191B2844602
:101EC00009910021013B9BB20A934B460D95654653
:101ED000BC460F000130019A824618041843931C37
:101EE0009BB20B930C96072D00D88FE05B465A08E7
:101EF00053461A40089B052B00D8E0E0002A00D189
:101F0000D6E05B4649469046198063469E1A0023F8
:101F1000D219B6B252007108A21804979F0001337B
:101F2000D0519FB2B942F9D85346049F33422BD0C7
:101F300033005246934343449EB24A46F3195B0032
:101F4000E252731C9BB29C451ED9DB195B00E25226
:101F5000B31C9BB29C4517D9DB195B00E252F31C02
:101F60009BB29C4510D9DB195B00E252331D9BB23A
:101F70009C4509D9DB1905365B00B6B2E252B4457F
:101F800002D9F6197600A253059B01359846039AAB
:101F9000ABB26744C3449A42A5D867460D9D0C9ED8
:101FA0001300904629003A003000FFF7DBFCD023F5
:101FB000802245461B0652015A618022B8467D4365
:101FC00092019A612F00402D00D940277A0023000A
:101FD0000EA9A41818880233060A0E704870023140
:101FE0009C42F7D140480EA906F062F9ED1BE9D1F9
:101FF0004746D023802238001B0692015A6157B011
:10200000F0BCBB46B246A946A046F0BD0023029AEA
:102010008046D25C50462A4159464E4610420CD169
:10202000013301989AB20E8090420DD3029A504625
:10203000D25C02312A411042F2D0069A0133019853
:102040000A809AB28242F1D9079BB14640469C452C
:102050009AD95146DA191E0053009846E3185B08D6
:102060000B400999052900D867E70496002B04D096
:1020700049464646A1530B9904910A999A18C91AE0
:1020800089B28846002352004E08A21899000133F5
:10209000505099B28E42F9D853464246134200D16D
:1020A00072E7524643469343049AD618B6B244E7C1
:1020B0000023984629E70421F4E61100DBE6002618
:1020C0003BE700233A0029003000FFF74BFCD02308
:1020D00080221B0652015A61802292019A6188E790
:1020E0000022039BEFE7C04600000440F0B55746CE
:1020F0004E46DE464546E0B583B01E006B461B8E5D
:10210000150099466B4612789B8E83460F009A46BF
:10211000002A21D0A0235B00040098460EE053461D
:1021200001934B462000009339003300FFF78CFEEB
:102130006A7804190135A4B2002A03D033781B1938
:102140004345ECDD5B46E01A80B203B0F0BCBB4611
:10215000B246A946A046F0BD0020F6E7F0B55746C6
:102160004E464546DE46E0B585B01D006B461B8FEA
:102170002E7899466B469B8F17009A46127810ABC3
:1021800088461988730004000390F618002A58D076
:102190000B008446634402939BB29B4633005E4629
:1021A0009B460EE0534601934B4620000093414668
:1021B0002B00FFF749FE7A7804190137A4B2002AF0
:1021C0000BD0331B9BB29B4502D37B78002B0ED1E7
:1021D0002B7802991B198B42E4DD039BE41AA0B211
:1021E00005B0F0BCBB46B246A946A046F0BD53467A
:1021F00001934B462E224146200000932B00FFF70F
:1022000023FE2B782E22E418534601934B46A4B2AA
:102210004146200000932B00FFF716FE2B782E225C
:10222000E418534601934B46A4B220000093414664
:102230002B00FFF709FE2B78039A9B1AE418A0B233
:10224000CEE70020CCE7C04602780300002A08D081
:10225000002009785A780818013380B2002AF9D191
:1022600070470020FCE7C046F0B54E46574645464D
:10227000DE46E0B585B01E006B461B8F1500994603
:102280006B4612789B8F84469A460391002A34D07D
:1022900033782C001800002167784118013489B286
:1022A000002FF9D1002083468C4521D8A021490078
:1022B0005C4688460FE0534601934B46200000934E
:1022C00003993300FFF7C0FD6A7804190135A4B201
:1022D000002A03D033781B194345ECDD5B46E41A32
:1022E000A0B205B0F0BCBB46B246A946A046F0BDC0
:1022F0006046401A81B28B46D8E70020F1E7C0461D
:10230000F0B54E464546DE465746E0B51500082274
:10231000C1B0944688464AA90E8881466C466946F3
:10232000AC44073A28789B46C71100D1B3465F46B4
:102330000F8087119A463A4200D1B24657464F80E5
:1023400047119A463A4200D1B24657468F8007114C
:102350009A463A4200D1B2465746CF80C7109A46B5
:102360003A4200D1B24657460F8187109A463A4208
:1023700000D1B24657464F8147109A463A4200D1A3
:10238000B24657468F8102422DD10135CE811031A0
:102390006545C7D10823082241464846FFF7E2FABF
:1023A000D02380221B0652015A61802292019A6139
:1023B00020AB22880234110A5A70197040AA0233E5
:1023C0009342F6D1802220A90A4805F071FFD0235C
:1023D00080221B0692015A6141B0F0BCBB46B24656
:1023E000A946A046F0BD0135CB811031654599D194
:1023F000D0E7C0460000044010B50021034A0400A5
:1024000005F08CF90122024BE25410BD6404000077
:1024100063040000F8B54746CE4680B51E0008AB01
:102420001B78040099468C23DB009846C35C170098
:102430001F2B19D89A00D318DD00ED1A45191F2259
:10244000280005F0ADFE0023EB772B0020331F7032
:102450005E704B4622352B7043464246E35C0133A7
:10246000A3540122024BE254C0BCB946B046F8BDA9
:10247000630400008C220023D2008354034A835457
:10248000034A83540122034BC25470476104000085
:102490006204000063040000F0B55746DE464E4675
:1024A0004546E0B5874B0700C35C89B0002B06D1D9
:1024B00009B0F0BCBB46B246A946A046F0BD002319
:1024C000A022002000935200D0331021FFF71CFC03
:1024D0008C23DB00FA5C7C4BFC5C131B181CDBB20E
:1024E0000A2B00D90A20C0B2A24200D1BFE0431E8D
:1024F000049300239946754B16260593744BBA46F0
:10250000079306906BE0002F00D094E0A0221423E4
:10251000009700205200FFF7F7FB00239B466D4F0A
:102520002A19D3009B1A53441A0020321278082A21
:1025300019D8079992005258002A14D021331B78D9
:10254000002B00D08DE043461B1B591E8B41624976
:102550005B420B4061498C4663445946062000911A
:102560003100FFF7CDFE2B19DD00ED1A91235B0042
:1025700002935B465544711E01932A00059B12206D
:1025800089B20097FFF7EAFD2B0022331B78002B5E
:1025900015D021352B78002B11D143461B1B5A1E19
:1025A00093414F4A5B4213404C4A594694469A2005
:1025B00000914C4A310063444000FFF7A1FE049BA8
:1025C0004B4544DC01239C46E1444B46069A1436B5
:1025D000DBB2B6B29A4246D952463B4BD45C524625
:1025E000414B4C44D35CE4B29846A5002A19D30071
:1025F0009B1A5344B11F21331F7889B2A04582D161
:102600007B1E9F41394B7F421F40344BA0229C468A
:10261000374B002000939B46520014236744FFF77A
:1026200073FB2E4B311F009302221023002089B22E
:10263000FFF76AFB74E70023A02200930020143305
:102640005200FFF761FB00232A4F9B4668E73100E9
:1026500097220D310E20284B89B25200FFF7B2FBB2
:10266000B0E7244B79E78C235746DB00FC5C0A2C4F
:1026700003D80022134BFA541AE7822021000001EC
:1026800004F048F9D02321000F4A1B1A0500B85C5A
:102690000A39584304F03EF9103084B29F20164B9B
:1026A000022200931021D0234000FFF72DFB9F2032
:1026B000124A21000092ABB202224000FFF724FB35
:1026C000D7E7C04663040000620400005C85001088
:1026D00048870010FBDE0000608B00009F2C00008C
:1026E000B25F00006C87001061040000AA1D0000AA
:1026F00026090000494A000004210000518C000016
:1027000010B5040008220021183005F007F818223F
:102710002000034905F044FD0123E37710BDC046C6
:1027200060830010F0B5C37F040085B0002B01D199
:1027300005B0F0BDA0225B4D102300210020520007
:102740000095FFF7E1FA584F584B220004210093FF
:1027500004203B000195FFF7C9FC237E544A082161
:1027600002A804F071F8390002A8FFF76DFD9E235E
:10277000227E5B001B1A060098B2132A2FD9312340
:1027800093429B414B4A13404B4A94466344454D08
:10279000009304213B00019502AAFFF7A7FC637E8A
:1027A000002B1FD19C25A37F6D00AD1BADB2002B6C
:1027B0002CD1237F002B39D1E37E002B46D1A37E81
:1027C000002B54D1637F002B62D1A0223B4B0F2101
:1027D00000205200FFF7F6FA0023E377A8E7F8237A
:1027E0001B02D4E73420FC2301953225FF30DB00A7
:1027F000801B00932B223B00042180B2FFF724FBB7
:10280000FF35A37FAD1BADB2002BD2D0254B2800E6
:102810000093F8230A381B020421294A80B2FFF7EB
:102820006FFD237F0C3DADB2002BC5D01D4B681F43
:102830000193613B009357223B00042180B2FFF7D4
:1028400003FBE37E073DADB2002BB8D02800154B4B
:102850000A380193613B009304213B00194A80B27E
:10286000FFF744FCA37E0C3DADB2002BAAD028009C
:102870000C4B0A380193613B009304213B00124A40
:1028800080B2FFF733FC637F0C3DADB2002B9CD0D0
:10289000044B0A3D009304210C4A0D4BA8B2FFF7EC
:1028A0002FFD92E74108000064850010FFB700008B
:1028B00040840010318FFFFF20FD00000421000044
:1028C00074870010488400104C8400107C8700102E
:1028D000518C000010B514220021040004F01EFFEA
:1028E000012323746374A374E37410BDF0B5C37C37
:1028F000040089B0002B01D109B0F0BDA022434EE5
:102900001023E021002052000096FFF7FDF9A022DD
:102910003F4BE02100205200FFF754FA237C0425AE
:10292000002B0BD1637C002B29D1A37C002B42D13F
:102930002378002B58D10023E374DDE7354D364B67
:102940005E22E421009304202B000196FFF77CFA1D
:10295000324B7622E421009309202B000196FFF7E9
:1029600073FA2F4BE421009310202B002D4A01967F
:10297000FFF7BCFB637C183085B2002BD5D0FC235D
:10298000244E224FDB002A22E421280000930197E5
:102990003300FFF759FA224BE81D0093E42133007E
:1029A000214A80B20197FFF7A1FB0F35A37C2D18B8
:1029B000ADB2002BBCD0F823164E144F1B023C22A4
:1029C000E4212800009301973300FFF73DFA144BF0
:1029D00007350093E4213300144AA8B20197FFF7AA
:1029E00085FB2378002BA6D023001821104A02A8CB
:1029F00003F02AFF9E20054AE4210192084A054B74
:102A00000092400002AAFFF72FFC94E74108000063
:102A1000042100006485001020FD00009F2C0000B0
:102A2000518C000050840010548400105884001011
:102A30006084001070B515002F22040005F0B0FB73
:102A40002F230022E25401F0C5FB00290AD0FA220C
:102A50000023920003F0C4FF342301222D182563C4
:102A6000E25470BDFA21890003F07CFFF4E7C04610
:102A7000F0B5C646342300B5C25C040082B0002A1B
:102A800004D0026B8A4205D80022C25402B080BC36
:102A9000B846F0BD144E3100FFF7D6FBA023183026
:102AA00087B25B00DB1BDD0FED18104B6D109846F5
:102AB000ADB23A00280000936A211C23FFF724F9E5
:102AC0000B4B3A00280000936A211C23FFF72CF9D6
:102AD00043460193074B0C350093220033007321CA
:102AE000A8B2FFF703FBD1E75C85001041080000A6
:102AF0009F2C0000FBDE000010B50021044A0400FA
:102B000004F00CFE0222034BFF32E25210BDC0461D
:102B1000860D0000840D0000F0B5C646D82300B530
:102B20001B01C55A04000F0098463F2D1CD83626BD
:102B300075433522401905F033FB4346E55A00231F
:102B40006E43A6193536337043460135ADB2E552B2
:102B5000104BE35C002B01D0142D17D801220E4B33
:102B6000E25480BCB846F0BD01000C4A363105F095
:102B700097FA0A4B3522E018390005F011FB0022C4
:102B8000074BE254034BE35C002BE7D0054B143DAD
:102B9000E552E3E7840D0000850D00004A0D0000BA
:102BA0007F0D0000820D0000D82200231201835205
:102BB000024A83520122024BC2547047820D000028
:102BC000850D0000F0B5CE46474680B51B4B05008D
:102BD000C35C83B0002B04D103B0C0BCB946B0467F
:102BE000F0BD0023A022D82700931021D03300206D
:102BF0005200FFF789F8124B00269846114B10241B
:102C000099463F0110E036225A43002301930E4BB0
:102C100021000A34009304204B46AA18A4B2FFF7FF
:102C200065FA0136D82C05D04346EB5AEA5B9B196E
:102C30009342E8DB0022014BEA54CDE7850D00000A
:102C4000820D00005C850010FBDE0000D0B5102076
:102C500000F086FBD024802324065B02A3620022BE
:102C60000121102000F0F6FA01F0B4FA06000F007E
:102C70000022094B0C211E605F60084B10201A7067
:102C8000074B013200F00AFB092000F069FB8023AA
:102C90009B006362A361D0BD000C0020647600201D
:102CA000250300200D4902000B7830B5D8B2002B67
:102CB00013D000230B700A490B780C6813704B6813
:102CC000240A1B0623431D0A95701D0253702D0E06
:102CD0001B0ED57013714B79537130BD6376002094
:102CE000C0630020F0B54F464646D646C0B5804684
:102CF0008946002701F06EFAD0248025404E240634
:102D000036184F41AD0007E00D20656101F06CFA07
:102D10000D20A56101F068FA01F05CFA8F42F3D84A
:102D200001D18642F0D8D02380221B0692009A61FE
:102D3000344801F059FA4B46002B30D000239A4614
:102D400001F048FA0027D02480252F4E240636189B
:102D50004F41AD0007E00D20656101F045FA0D20FF
:102D6000A56101F041FA01F035FA8F42F3D801D1A3
:102D70008642F0D852460123934042461A4236D04A
:102D8000D02380221B06920020489A6101F02CFA81
:102D900001239C46E2445346DBB24B45D0D301F0BD
:102DA00019FA0025D0268027174C360624184D41E5
:102DB000BF0007E00D20776101F016FA0D20B76122
:102DC00001F012FA01F006FA8D42F3D801D18442E3
:102DD000F0D8D02480252406AD00A5610A4801F072
:102DE00003FAA561E0BCBA46B146A846F0BDD023BF
:102DF00080221B06920004489A6101F0F5F9C7E7AA
:102E00002823000094110000320200009706000001
:102E1000F0B5C646F12300B50B70037806004B7081
:102E200043780C008B704388CB7043881B0A0B716E
:102E30004288002A00D070E006239846013B072014
:102E40009C46D51C3A4B00223A49A61C27E05B0061
:102E50009FB21BB2002B2EDB7F00BBB23FB2002F14
:102E60002FDB5F00BBB23FB2002F30DB5B009FB2B5
:102E70001BB2002B31DB7F00BBB23FB2002F32DB35
:102E80005B009FB21BB2002B33DB7F00BBB23FB2B3
:102E9000002F34DB5B0001329BB2954235D9B75C21
:102EA0003F027B401FB2002FD1DA7F004F403BB280
:102EB000BFB2002BD0DA5B004B401FB29BB2002F99
:102EC000CFDA7B004B401FB29BB2002FCEDA7F00DF
:102ED0004F403BB2BFB2002BCDDA5B004B401FB27C
:102EE0009BB2002FCCDA7F004F403BB2BFB2002B29
:102EF000CBDA5B004B401FB29BB2002FCADA7B00DB
:102F00004B4001329BB29542C9D86246A354424617
:102F10001B0AA35480BCB846F0BD481D311D04F007
:102F200003FC7288531D9C46931D9846D01D88E76C
:102F3000FFFF00002110000070B5174E15001C1E89
:102F400030707170738007D1059B062B0AD9300051
:102F50000499FFF75DFF06E0002A13D080235B0190
:102F60009C4201D9002070BD22002900301D04F0D0
:102F7000DBFB059B0734A342F4D330000499FFF731
:102F800047FFF0E7059A07339A42EBD380235B01B2
:102F90009C42E7D8DBE7C046B02E002070B5150094
:102FA000812204000E005201002104F0B7FB024B05
:102FB000E650024BE55070BD0C10000010100000F0
:102FC000D0231B061B68934A9900F0B5DE468B465A
:102FD00051585A4253412F2257464E4645465B426E
:102FE00093439A468C4BE0B59C4683B000260191F2
:102FF000E244002934D0894B99465246F3080833FD
:103000009B009D580123340098460836002D1ED0A1
:103010000F212000294001342D09002915D04B46ED
:103020005A469A58434683401A420CD107220F0051
:103030000240920097403A00C308794F3C339B000E
:10304000DA51019B9847002D01D0B442E0D3202EE5
:10305000D3D103B0F0BCBB46B246A946A046F0BDF2
:103060006E4E5F4600210F23B346CC082200504627
:10307000083292001258002A00D1A3E01800104034
:1030800080461009134211D05D46EE59B146012623
:103090008E40B4464E4665462E4204D14646604DAB
:1030A0003C34A4006651002800D18BE01C00044091
:1030B000A446140A034211D001265D46481C8640EE
:1030C000ED59354208D165462D01AC466646C0082B
:1030D000534D3C3080004651002C73D018002040E6
:1030E0008446100B234208D001265D468C1CA64066
:1030F000ED59354270D0002864D01C000440A4462D
:10310000140C03420AD00125C81C8540A8465D4620
:103110004646ED59354269D0002C53D01800204066
:103120008046100D23420CD03C4D0C1DAC460125B1
:10313000A540A94665464E46ED59354260D0002867
:1031400040D01C000440A046140E034215D0334D5D
:10315000481DAC4601258540A94665464E46ED59B9
:10316000354208D145462D05A8464646C0082C4D97
:103170003C3080004651002C24D01800204080466E
:10318000120F234223D0254C881DA44601246546F6
:103190008440ED59254206D14446C008204D3C30BC
:1031A000240680004451002A0CD001246546C81D25
:1031B0008440ED59254205D1C008194C3C30120716
:1031C000800002510831202900D04EE741E7002A53
:1031D000F8D012488446E8E765462D02AC466646BC
:1031E000E4080F4D3C34A400665184E765462D0386
:1031F000AC466646C0080A4D3C30800046518BE71D
:1032000045462D04A8464646E408054D3C34A40036
:10321000665194E7200E002030410140B863002041
:1032200000400140094A10B594464024830063449D
:103230001A68C00062408034144080225201134357
:103240001C60034B9C466044416010BD04C00140BB
:1032500000400140074B80009C4660440368C90061
:1032600092000A435A400C231A4080235B01034317
:103270001A60704704C00140074BC0009C46604480
:10328000036809025940C0239B00194080235B0159
:10329000034319607047C04604400140F8B51D0063
:1032A000D0231B061C680600604244412F20644264
:1032B00084432748F7088446072030408000814037
:1032C0003800244E3C3064448000BF008151E41932
:1032D000002A11D080229201224311601C681E4EE8
:1032E000A400A359002B15D0002D25D0A5510121F4
:1032F0000D2000F0F1F8F8BDC022920122431160C8
:103300001C68154EA400A359002B0CD0002D18D01A
:10331000A551F0E7002DEAD000220D200F49A5515C
:1033200000F02AF9E3E7002DE5D000220D200B493B
:10333000A55100F021F9DEE70D20084900F016FA4A
:10334000D4E70D20054900F011FAA551D3E7C04696
:103350003041014000400140200E0020C12F0010EC
:103360000123D0228340120693629361094A4021CF
:103370009446830063441A68C0004A40803111407B
:103380008022520113431960034B9C46052360447D
:103390004360704704C0014000400140024B186880
:1033A0008007C00F7047C04600C00640EFF3108092
:1033B00072B6034A1368002BFCD0BFF35F8F7047CF
:1033C0002C0100D0BFF35F8F0022024B1A6080F304
:1033D000108870472C0100D070B5EFF3108C72B6D6
:1033E0000D4D2B68002BFCD0BFF35F8F0724CB085B
:1033F000C618C05C01230C40A3401C0004400342DB
:1034000007D118433070BFF35F8F2C608CF31088A6
:1034100070BD100001F0AEFD2C0100D0F8B547469C
:10342000CE46884680B5EFF3108C72B61C4D2C68E2
:10343000002CFCD0BFF35F8F9A4222D807210126CF
:10344000894602E00132934218D34D4637001540B9
:10345000AF40D4080119045D2742F3D110003C436A
:103460000C70BFF35F8F00220D4B1A608CF3108835
:1034700000280EDBC0BCB946B046F8BD0120404272
:10348000EFE7BFF35F8F00232B608CF310880120E0
:1034900040424346002BEDD0089801F06BFDC0463A
:1034A0002C0100D00021044B044ABFF35F8F02C3FC
:1034B0009342FAD17047C046000100D0800100D08D
:1034C000044A1078431CDBB2172B00D91023137069
:1034D0007047C046080A002001238340002904D019
:1034E000034A1360034A13607047034A1360FBE703
:1034F00080E200E000E100E080E100E001228240A3
:10350000034B1B6813405A1E9341D8B27047C04604
:1035100000E100E0024B10309B688000C05870470B
:1035200000ED00E070B50D00EFF3108672B60F4AA3
:103530001368002BFCD0BFF35F8F0D4B10309B68DE
:1035400084001B590B4A934203D09D4201D001F0E5
:1035500029FD074B9B681D51BFF35F8FBFF35F8F42
:103560000022024B1A6086F3108870BD240100D03F
:1035700000ED00E0CD010010F0B557464E46DE46A6
:103580004546E0B585B0060000911700EFF3108BBB
:1035900072B66A4A1368002BFCD0BFF35F8F002518
:1035A000674B5D579A46002D00DAA9E06B00654C29
:1035B00001935B199B009846A146C1444B46524675
:1035C0009B7910361370604BB6009B6899590B1BA2
:1035D0002F2B33D95D4B994200D0ACE0019B424682
:1035E0009C465B4B6544AD0063535A4B0232A218B4
:1035F000043B9B1A1B05584A5B0D651913436B80EE
:10360000564B0121AB80FF23AB71009BEF71AB6088
:103610004B460B4319004C4B9B689951BFF35F8F8E
:10362000BFF35F8F0022454B1A608BF3108805B003
:10363000F0BCBB46B246A946A046F0BD01200A0038
:103640008243D3798C46BB4231D845461300444966
:103650001B1B5B415943090D3D4B63533D4B0235E9
:103660006519043B5B1B1B053B4D5B0D2B43AA46B9
:103670004D466B800425AC465546E044131F444438
:103680001B1B1B055B0D1D434B46997100999D80CB
:1036900099604946DF71334B01431360BBE7580023
:1036A000C01880002018C179B9422FD90200062322
:1036B000D356002BF3DA02932B4B61460393131D71
:1036C0009A4604235B429C46E14450464B461B1AF3
:1036D0001B055B0D9C46204B957198466346404602
:1036E00003439380019B5A199200039BA418A38063
:1036F000029B1C4AA371009B2260E771A3608AE7CA
:1037000001F050FC002553465D574FE79088029327
:103710004005131D9A46031561469C464046D44415
:10372000634604302018181AE0230005400D1B02E0
:1037300018430390C5E701F035FC4FE7240100D0A2
:103740004F7600200C0A002000ED00E0CD010010B3
:1037500000A1FFFF3C0A002000E0FFFF01BDFFFFCA
:10376000AAAA00000148804701BD0000F8B5DE4666
:1037700057464E4645460C00E0B5EFF3108872B64A
:103780005B4A1368002BFCD0BFF35F8F594B5A493B
:103790009A68030010339F00D5599C468D4238D05B
:1037A000A54248D0554EAA1B2F2A32D80122130019
:1037B000834099465248006803409A464B46514818
:1037C0000360BFF35F8FEFF305839B46002B34D07C
:1037D0009C4501D001F0E6FB01232A009A43906842
:1037E000844208D172E04B005B189B00F318986884
:1037F000A04232D01A00062151560029F3DA844241
:1038000050D05346002B24D04A463F4B1A603C4BC5
:103810001A60384B9B68DD51BFF35F8FBFF35F8F3A
:103820000022334B1A6088F31088F0BCBB46B246C6
:10383000A946A046F8BD0D00EBE72B00934398681E
:103840001A008442D7D106201856002809DA0D0044
:1038500030E04A462B4B1A60DBE70620185600285A
:1038600021DB42001118890074188B46A168996009
:10387000E179D971062161569971002924DBA48868
:10388000F11A640524155C44091909051F4C490DFA
:103890002143998013181E4A9B001178F3189971DF
:1038A0001070AEE713005946002914D1FF31917111
:1038B0001849918016490A789A71174A9B1B5B41F7
:1038C0005A43120D0A709CE71249E2E7062010568F
:1038D00013000028C5DA114A1149D21A083A5002D9
:1038E000400D014399800F4952080A43DA8088E766
:1038F000240100D000ED00E0CD0100100C0A0020F2
:1039000000E100E080E100E080E200E000E0FFFF95
:103910004F76002001BDFFFFAAAA0000460A002042
:1039200000F0FFFF00F8FFFF70B5EFF30581012401
:103930000443EFF3108C72B6214A1368002BFCD0BD
:10394000BFF35F8F1F4B05001F4AED1A6D416A439D
:10395000120D1E4D8900AE6852B27658A6421CD098
:103960000621595691421CD012215956914222D01B
:103970001E215956914220D02A21595603249142A2
:1039800010D0134B19781A708171BFF35F8F00222A
:103990000B4B1A608CF3108870BDAB680D4C5C50FB
:1039A000EFE700246100091989005B18FF21997174
:1039B00009499980E5E70124F4E70224F2E7C046CB
:1039C000240100D00C0A0020AAAA000000ED00E0AB
:1039D0004F760020CD01001001BDFFFF054B064AC8
:1039E0001360064A136053609360D36013615361A0
:1039F000936170478080808000E400E004E400E090
:103A0000024B9C46614489000160704740000034CD
:103A100010B50400FFF754FD01002000FFF7F0FF90
:103A2000FF232371BFF35F8F10BDC04610B50400A4
:103A3000FFF746FD01002000FFF7E2FFFF23A38010
:103A4000BFF35F8F10BDC04683680B4810B5844636
:103A5000614462441201090159189B185C684A6864
:103A60000120944201D802D00020C0B210BD1A68D3
:103A70000B689A42F9D8F7E7FFFFFF0F0A4B196866
:103A8000EFF3108072B60A68002AFCD0BFF35F8F94
:103A90001B68BFF35F8F00221A6080F3108840BF5D
:103AA000002000217047C046D0630020F8B557467B
:103AB0004E464546DE46E0B598460CAB1C780DAB4D
:103AC0001B78070091469A460668002C57D1B47BB4
:103AD000002C3AD0650031682D19033D49194B7807
:103AE000B373002B00D1F37300238B704B700B70FA
:103AF0002D4BE218BB6812019B184A461A604246D9
:103B00005A600A9A9A600B9ADA6000238B704B70A5
:103B10000B70737B9B46002B24D0220073685946A0
:103B2000B06898475B465B0032685B44033B5519BD
:103B3000D21800280FD05B46AB701378002B24D12D
:103B40005B46147073735C450DD0F0BCBB46B24647
:103B5000A946A046F8BD94702B78002B00D0537076
:103B60005B462B7074734A464346387D00F004FC74
:103B7000051E11D10E9B002BE7D01D70E5E76500F7
:103B800031682D19033D4919B2E76B705B4614701B
:103B900073735C45D9D1E6E75346002BEAD1210087
:103BA000386800F01FFEE5E7FFFFFF0F664B82005D
:103BB000F0B5D4580023DE4657464E4645469B4650
:103BC000E0B58DB0099000F005FB626806000F00BB
:103BD000EFF3108872B61368002BFCD0BFF35F8F31
:103BE00023689C465B7B9946002B0DD16368BFF32D
:103BF0005F8F4A461A6088F310880DB0F0BCBB4650
:103C0000B246A946A046F0BD504BA5684B441B01E7
:103C1000ED182868696802000B00921BBB41002B5D
:103C20000EDD02000B00099800F0A6FB6368BFF3ED
:103C30005F8F5A461A6088F310880028C3D1DCE7EA
:103C4000002B01D1002AECD10021604600F036FDA6
:103C5000AB680200286869689A46EB680A900B9185
:103C600008934B465D1EE368585D6368000202439B
:103C70002261BFF35F8F5A461A6088F3108853465B
:103C8000002BBAD04B4608991843D047626806907B
:103C90000791EFF3108872B61368002BFCD0BFF3C6
:103CA0005F8F079B002B27DB069A079B11001943A8
:103CB00002D02369002B3BD12368D97B002906D091
:103CC0001A684800411852184946033A51709A7BC5
:103CD000002A01D14A469A734A46DA73E268535D74
:103CE000013353555B4623616368BFF35F8F5A46C8
:103CF0001A6088F3108866E72369002BDCD00A9AE3
:103D00000B9B06980799121A8B41002B02DA0122AD
:103D10000F4B524200210491013103914946029117
:103D200008992000019151460091FFF7BFFED9E7A5
:103D300000F050FA069A079B12184B41002BE9DA63
:103D40000122034B5242E5E7A8630020FFFFFF0F6B
:103D5000FFFFFF7F10B5144C6368002B04D00A21CD
:103D60001248FFF74DFE10BD2300114A10212068B4
:103D700000F0B0FB032000F021FA032000F064FB08
:103D800003200C4900F0B2FAFFF79AFB0A4B9C465D
:103D900003232375D0231B061B6860446375074B00
:103DA00080006060DC60DAE7540A0020D063002005
:103DB000493A0010AD3B001040000034A8630020D9
:103DC000F0B54E465746DE464546E0B587B001930E
:103DD00012AB1B780600059300239A469946009281
:103DE0007268EFF3108B72B61368002BFCD0BFF330
:103DF0005F8F3568AC7B002C00D170E067002B68CA
:103E00003F19033FDB195A78AA73002A00D1EA73DD
:103E1000464AA118B2680901521800980199106029
:103E20005160109991601199D1604A469A705A7008
:103E30001A706B7B9846002B61D022006B6841465C
:103E4000A868984743465B002A684344033BD71958
:103E5000D21800284CD04346BB701378002B00D0FA
:103E60007B70434614706B73444549D0F3681B194B
:103E7000013B18787368BFF35F8F4A461A608BF373
:103E800010885346002B08D10002204307B0F0BC35
:103E9000BB46B246A946A046F0BD059B002B43D0C9
:103EA000109B00201199984703000B433CD00290CF
:103EB0000391002931DA009B019C0299039A5B1A55
:103EC00094418022009301941206944204D301236A
:103ED000174C5B4200930194059B9A4680E77368F8
:103EE000BFF35F8F1C608BF3108801204042CDE749
:103EF00094703B78002B00D0537043463B706C733A
:103F0000307D009A019B00F037FA82460028ADD040
:103F10002100306800F066FCA8E700F05BF9029B26
:103F2000039C1B184C41CCE70020AFE7FFFFFF0FBD
:103F3000FFFFFF7FF0B5C64600B584B0040000F077
:103F400049F9FA2206000F00200000230021920008
:103F500003F028FB8019794104000D1E02DA0124C8
:103F60002A4D644206267642F71736196F41AF4252
:103F700014D811D000F02EF932003B00121A8B41F8
:103F8000002B15DC002B3ED02000290000F09EF90C
:103F900004B080BCB846F0BDA642EBD9002600278D
:103FA00000F018F932003B00121A8B41002BE9DDBA
:103FB000002302930193164B3200009315483B00F7
:103FC000FFF7FEFE0130DFD0002339009846124A89
:103FD0001248536A994204D8976ABE42D4D999428A
:103FE000D2D10768EFF3108C72B63B68002BFCD07F
:103FF000BFF35F8F0368BFF35F8F47461F608CF38B
:10400000108820BFE5E7002ABED0D1E7FFFFFF7F81
:104010007D3A0010540A002000400540D063002083
:10402000F0B5EFF30583C64600B505000C0084B07B
:10403000002B0FD02F4A0020536AA34206D3926A66
:104040001B1B591E8B41AA424041184304B080BC3F
:10405000B846F0BD284E02930193284B020000930E
:1040600030000B00FFF7ACFE00280CDC214A0020DA
:10407000536AA342EAD3926A1B1BAA4240415A1ECA
:1040800093411843E2E720BF7268EFF3108772B6DE
:104090001368002BFCD0BFF35F8FC3B29846FF229A
:1040A000336802409C465B7B43450DD0634651001C
:1040B0001B6889185B18033B9B78002B04D132697D
:1040C000904209D1336107E0F168030A8A18013A86
:1040D0001278DBB29A4207D07368BFF35F8F002279
:1040E0001A6087F31088A5E74146604600F07AFB26
:1040F000F2E7C04600400540540A00207D3A001017
:10410000F0B5EFF30582D6464F4646461000C0B5DF
:104110001038EFF3108872B6214C2368002BFCD0C6
:10412000BFF35F8F0123190081401E4D1F0069639B
:10413000AA461D4D29601D4D2E78AC463500C54060
:104140002F402B4215D053465F6A194B8500EB5820
:104150009F4218D36246174B8E43EB581670BFF33D
:104160005F8F0022226088F31088002B06D09847CA
:1041700004E0BFF35F8F276088F31088E0BCBA4685
:10418000B146A846F0BD0C4B92009C4662441368B1
:104190001360BFF35F8F0023236088F31088EDE77F
:1041A000280100D0004005403C70054065760020A5
:1041B000D4630020100E0020D03F054010B5034B03
:1041C00001001800024AFFF707F910BD48760020E9
:1041D00068840010034B596A0A00986A596A8A4237
:1041E000FAD170470040054070B5002806DB1C4A34
:1041F000916A936A5B1A8342FBD370BD0400002569
:10420000174A536A1900966A536A8B42FAD13000F2
:10421000190024184D41AB4218D9114B5B6A1C00A0
:104220005A1C0AD0012301246442E5175B420C4961
:104230004A6A9A42FCD39A42DFD1094A02E0516AA3
:104240009942DAD1916AA142F9D3D6E7AB4201D1C2
:10425000A642E2D8024A2B00526A9542E7D8EAE722
:104260000040054070B504000D00174A536A19005C
:10427000966A536A8B42FAD13000190024184D41D6
:10428000AB4216D813D0104B2A005B6A9D4203D96B
:104290000D494B6A9342FCD3934207D10A4A02E08C
:1042A000516A994202D1916AA142F9D370BDA642E6
:1042B000E9D9054B5B6A1C005A1CEFD0012201248E
:1042C0006442E5175242E3E700400540064A536A5C
:1042D0009942FCD807D1044B02E05A6A914202D1BC
:1042E0009A6A8242F9D370470040054070B50400D5
:1042F0000D00EFF3108672B61A4A1368002BFCD03B
:10430000BFF35F8F002D1BD02000FFF703F9164984
:1043100081420AD02000FFF705F901212000FFF7B4
:10432000DBF80123A340114A1360114BA400E550B0
:10433000BFF35F8F00220B4B1A6086F3108870BDAD
:104340000121A1400A4BA200D5500A4B20001A7847
:104350008A4305491A70FFF709FA00212000FFF788
:10436000BBF8E5E7280100D00141001038600540A6
:10437000100E002065760020F0B54F46D646464622
:10438000C0B507002B4C616A0D00A66A616AA9429C
:10439000FAD18B4208D805D00120E0BCBA46B1461C
:1043A000A846F0BDB242F7D9EFF3108A72B62248A0
:1043B00001680029FCD0BFF35F8F0125BD401F4974
:1043C0001C4C8846097889462943C9B28C46414627
:1043D00060460870391D890065630A511849B800A4
:1043E0004350216A0020294219D0616A0800A66A58
:1043F000616A8142FAD18B4219D801D1B24216D8F2
:10440000CC450BD00B4B1F221D625D6301233A404C
:1044100093400C4A136043464A461A700120BFF38A
:104420005F8F0022044B1A608AF31088B5E70020E2
:10443000F5E7C04600400540280100D06576002021
:10444000D463002080E200E0EFF3108C72B60A49DA
:104450000B68002BFCD0BFF35F8F01238340074A1A
:104460000748136202789A430270BFF35F8F0023FC
:104470000B608CF310887047280100D00040054085
:104480006576002070B506000D00140000291CD0D0
:10449000002A12D073688068984763006A00316808
:1044A0001B195219033B033ACB188918002806D070
:1044B0009D700A78002A0AD10C70280070BD8C709B
:1044C0001A78002A00D04A701D702000F6E75A7052
:1044D0000C70F2E710B583600023CCB24373013354
:1044E000426004738373C4730068421C012C05D9B5
:1044F0000133DBB2137003329C42F9D1FF230B402E
:104500005A00D318C01800230338437010BDC046AA
:10451000F8B5CE46474605000C0080B5002907D007
:104520004E0003687618033E9A195778002F04D17D
:104530002000C0BCB946B046F8BD7900C91903399E
:1045400088464344597889460021597051706B68F8
:104550003A0021008068984743462A68D318921988
:10456000002811D09C701178002900D05970177064
:10457000270049462800FFF7CBFF3900020028003A
:10458000FFF780FF0400D3E797701978002900D067
:1045900051701C70EDE7C046F8B557464E4645468B
:1045A000DE464C00E0B5641817000268033C0500C5
:1045B000105D13190E009C46002854D04300984605
:1045C0001B18033BD31859788A46002920D1002FA5
:1045D00013D0EC7B002C51D063001B19D318033B84
:1045E0005E70AB7B002B3CD0EE73002807D04300FD
:1045F0009846434619180339531800229A7000232D
:1046000062465370F0BCBB46B246A946A046F8BD10
:10461000490051440339521851788846002151709D
:1046200089465970524601002800FFF72BFF434688
:104630008246002B07D05B0029684344033BCB181C
:104640005A78002A1FD1424651462800FFF71AFF28
:10465000A4462A689444002FC7D0EC7B002CC0D01D
:10466000BAE7AE73C0E7002FC9D0EC7B002CB3D102
:10467000AB7B002B20D1A973E973C0E7AB7B002B88
:10468000EFD0EE73B5E7500080180338091848786A
:10469000834648464870587041462800FFF7F2FEAE
:1046A000594680462800FFF733FF414602002800A4
:1046B000FFF7E8FE8046C6E7E973A0E7F8B557467E
:1046C0004E464546DE46E0B5467B02687500AD19AC
:1046D000033D0F00515D531904009C46002956D03C
:1046E0004B0098465B18033BD31858788246002845
:1046F00022D1002F13D0E57B002D53D06B005B1926
:10470000D318033B5E70A37B002B3ED0E6730029D9
:1047100007D04B0098464346581803381318002218
:104720009A7000236246300053706173F0BCBB4640
:10473000B246A946A046F8BD4000504403381218BE
:1047400050788046002050708146587052462000B4
:10475000FFF798FE43468246002B07D05B00216896
:104760004344033BCB185A78002A20D14246514695
:104770002000FFF787FEAC46226801009444002F1A
:10478000C5D0E57B002DBED0B8E7A673BEE7002FED
:10479000C7D0C57B002DB1D1837B002B20D1867380
:1047A000C673BEE7A37B002BEFD0E673B3E75000E0
:1047B000801803380918487883464846487058706E
:1047C00041462000FFF75EFE594680462000FFF775
:1047D0009FFE414602002000FFF754FE8046C5E7D9
:1047E000C6739EE770B5040000292CD0437B8B4232
:1047F0002ED0056848004018033828188278002A0F
:1048000021D053009B18033BEA5CEE188A4202D188
:104810001BE0002A08D053009B18033BEB185A7882
:104820008A42F6D142785A70002301228370437085
:104830002000FFF7B1FE617B02002000FFF722FE9F
:104840006073012000E0002070BD43783370EBE717
:1048500001221900FFF7A0FEF2E7C046F8B5CE46E8
:104860004746040080B506200E0000F091FA051EB0
:1048700075D0534B80229C4200D192E0514BD20321
:104880001A60514B51491A6010008B689843FBD154
:104890004F4B504AE31859424B4180215B0049007D
:1048A0000620995200F074FA3100C00002F05AF864
:1048B000C30926D0484A934200D876E000234749EE
:1048C000474A6162A362256B9046EB0721D522001F
:1048D000C02330329B011343424A06201A60666AA5
:1048E000A36AB601F61800F053FA3F4902F03AF80D
:1048F000B6020100300002F035F80021FFF7B2FCEB
:1049000007E04022012190466162A362256BEB071C
:10491000DDD427008026E36A00232C3776013E434E
:1049200033600620256300F033FA4146800002F030
:1049300019F8236B05009846DB0715D46023E26A5B
:104940005A400E33134033604346236380231022C2
:104950009B013B431A60234B23630323A36428007A
:10496000C0BCB946B046F8BD2200C02330329B011E
:1049700013431C4A06201A60636AA26A9B01994687
:10498000914400F005FA4B4617499B02994601F005
:10499000E9FF0100484601F0E5FF0021FFF762FC56
:1049A000CCE7084B12041A606BE77F229901884616
:1049B000024001325208190090441300A4E7C04697
:1049C0000080034000E0004000F0004000C00040D4
:1049D0000080FCBFE4630020FEFF0000FFFF00003A
:1049E000C0FF3F00010300004E0E00000539013AF0
:1049F000F8B5D2004C0105001443002B06D0013B52
:104A00005A4253419B00234302241C432E6BF3075D
:104A10000BD46E22EB6A290063401A4080232C31AC
:104A20005B010B431A602E63F8BD2A00C0233032AD
:104A30009B0113430A4A06201A606F6AAB6ABF01E2
:104A4000FF1800F0A5F9074901F08CFFBF02010033
:104A5000380001F087FF0021FFF704FCD9E7C046CA
:104A6000010300004E0E0000F8B5066B04000D01B6
:104A7000F3070BD4E36A22005D4010231D4080231E
:104A80002C325B0113431D602663F8BD0200C02376
:104A900030329B0113430A4A1A60476A836ABF0196
:104AA0000620FF1800F074F9064901F05BFFBF0211
:104AB0000100380001F056FF0021FFF7D3FBD9E7D2
:104AC000010300004E0E000010B50C2082B000F073
:104AD000B7F9FEF763FC002810D08B4B8B488B494D
:104AE0008B4A186059609860D96018615961986163
:104AF000D961186259625A6202B010BD854CA06734
:104B000000F0A6F90122844B1A60636C012BFCD1E2
:104B10000322824B1A607F4A936B012BFCD1013335
:104B200001217F4A7F480093043300F037F90523C1
:104B30007D4A009301217D4800F030F97C4B5A6892
:104B4000FF2A02D8802252005A608022734B6E4C9A
:104B500012011A602169002907D0606901F002FF83
:104B6000013043001B18033BFDD2E023704A71481B
:104B700011680B40036002231168594001330B4058
:104B80000421036093681942FCD080216A4B09011B
:104B900019608021694B490051602361684B5A6854
:104BA000FF2A00D85960032201215B4B1A60644A36
:104BB00093681942FCD0E023106803406148036009
:104BC000126803234A40022113405D4A0360936840
:104BD0001942FCD080215C4B0901196080215B4B9C
:104BE0004900516063615A4B5A68FF2A00D85960E6
:104BF0008022584B12011A60E169002907D06069D0
:104C000001F0B0FE013043001B18033BFDD2E0234E
:104C10004F4A11680B4050490B6080214F4B0901EE
:104C200019608021394B49005160E3614C4B5A684F
:104C3000FF2A00D8596080224A4B12011A60216A6B
:104C4000002907D0606901F08DFE013043001B1878
:104C5000033BFDD2E023424A11680B4042490B60FE
:104C60008021424B0901196080235B005360802240
:104C7000264BD20223623E4B5968914200D25A60C1
:104C800080223C4B12011A60616A002907D06069DA
:104C900001F068FE013043001B18033BFDD2E02306
:104CA000334A11680B4034490B608021334B0901B2
:104CB00019608023DB025360154B6362304B5A68E6
:104CC000FF2A02D8802252005A6080222D4B120106
:104CD0001A60A169002907D0606901F043FE013024
:104CE00043001B18033BFDD2E023254A11680B400B
:104CF00025490B608021254B0901196080235B0049
:104D00005360124BA361F7E6D80A0020006CDC0266
:104D10001BB70000008000403CB0004030B00040B5
:104D2000002F685900800240008C864700C0024076
:104D3000308000403090004030A00040001BB700A1
:104D40003C8000403C9000403CA00040405973072C
:104D50005480004054B000405490004054A00040A3
:104D60006080004060B000406090004060A0004063
:104D70006C8000406CB000406C9000406CA0004023
:104D80004880004048B000404890004048A00040A3
:104D9000014B8000C0587047D80A0020F8B50400C5
:104DA00022481E0017000D0001F0DCFD0100380054
:104DB00001F0D8FD069B36041B031E432368002B1D
:104DC00022DB1B4B1B49E3185A1E934180229201A0
:104DD00094465B421B0B184A1B0363441360174A3B
:104DE00013601F008A689743FBD1C022231D9201E4
:104DF0001A4321232560A06013602368002BFCDA8E
:104E00000823E6601360F8BD3F2322681340AB42DD
:104E1000D7D1A3681B051B0D8342D2D1EE22E368D4
:104E2000D2021340B342CCD1EDE7C046001BB7001D
:104E30000040FDBF00C0004000E0004000F0004026
:104E40008023024A9B000343D362704700800540E1
:104E5000AA23064A1B0113602F230549D360054B83
:104E600019605368002BFCDA7047C04600400240CE
:104E700000B0FA00006002402C4B2D4A70B51A6059
:104E80002C4A2D4B2D491A6014008B689C43FBD192
:104E90002B4D2C4EB54208D2013E761BB60808CDEC
:104EA000984723000134B342F9D1FFF70DFE264A9B
:104EB000214B1A60214A9368DB43DB01DD09002B9B
:104EC000F9D14022214B224C224E9A675A671A6729
:104ED000DA66B44208D223682000002B20D00834C0
:104EE000FEF7A4FDB442F6D31B4C1C4EC022B168A1
:104EF000200002F019FCB460FEF7D4FAFEF76EFD54
:104F0000FEF728FF164C174EB44208D2013E361B5E
:104F1000B60808CC98472B0001359E42F9D170BDE8
:104F20000834FEF775FDB442D5D3DDE700E000405C
:104F3000BFCDFBFEFE7F3C0000F0004000C0004003
:104F4000C00A0020D00A0020FFFFFF0100F001404E
:104F5000B00A0020C00A00200000002000ED00E0A0
:104F6000D00A0020D40A002000BEFDE710B5FFF7EC
:104F7000FBFFC0460FB400B5084883B002F07CFCCC
:104F8000049B002B07D005A91800019101F070FCCB
:104F9000034802F071FC0120FFF7E6FF8C8400104B
:104FA0009C84001010B50148FFF7E4FFA0840010B6
:104FB0009A4200D2885470477047C046F8B55746A9
:104FC000DE464E464546E0B599460A9B07009A469E
:104FD0000D9B884693460B9C9B073BD10C9B9C42A8
:104FE0003DD21E1B0B9415000C005E442A004B465C
:104FF000013521002020B847B542F7D1A0460B9CCF
:10500000002C20D0454636195346321B013C185D12
:1050100029004B46B847002CF6D12B0035009846A6
:105020000D9B9B070FD55B46EC1A0C9BA3420AD93C
:10503000464698462A004B46310020200134B847A6
:1050400001354445F6D32800F0BCBB46B246A9461C
:10505000A046F8BD16001500002CD3D1E0E71600DD
:105060001500002CCED1EEE7F0B54546DE4657469A
:105070004E46E0B585B09C4610AB1B78149F934616
:1050800098460F9C129E139DBB074CD4002D42D115
:10509000B44248D201233B4099460E9B013B9A46BD
:1050A000302304E0524601341355A64201D9202C86
:1050B000F8D14B46002B00D183E00E9B013B994673
:1050C0003023A54205D82EE04A4601341355AC42A0
:1050D00029D0202CF8D1FB060CD57B0554D4A64250
:1050E00063D0A54261D0119B102B50D0022B57D01A
:1050F000202C32D1202301930E9B5A460093039714
:1051000063460295FFF75AFF05B0F0BCBB46B246B6
:10511000A946A046F0BD01233B40994601233B42EE
:105120002AD1B442B9D3FB061CD57B05DBD4002CB5
:10513000D5D1119B102B5BD0119B022B6BD0302350
:1051400001240E9A13704346002B10D17B073ED5E5
:105150002B260E9A631C1655CDE72300013430260A
:105160000E9AD654202CC5D04346002BEED02D26C7
:105170000E9A631C1655BEE74346002B2FD0013D07
:10518000B44200D289E798E7119B102BB2D1BB063D
:1051900037D5202CAED058230E9A13550134A7E7EB
:1051A000202CA7D02300013407E0631E012CC0D0BF
:1051B000119A102A31D0022AD1D162260E9AD654E1
:1051C00096E7FB06CED57B0500D488E78BE7230066
:1051D0003E0790D520260E9A013316558BE70C23F7
:1051E0003B405A1E9341ED1AB44200D255E764E7A2
:1051F000BB060ED478230E9A02241370302353700A
:10520000A1E7202C00D175E778230E9A13550134BD
:105210006EE75823EFE76033EDE70E9AA61E91463E
:105220004E44BA0602D55822327098E7782232707E
:1052300095E7C04610B5002800D110BD02F0D2FAA3
:10524000FBE7C046F0B55746DE464E464546E0B55C
:1052500095B083460F00924698461E9A1F9B1000F9
:105260001900209E01F047FE002800D0EAE11E98B8
:105270001F990122C54B524201F022FE002800D0A6
:1052800014E11E981F990122C14B524201F02EFEDB
:10529000002800D0E9E01E981F990022BD4B01F0C4
:1052A00025FE002800D0C8E01E981F990022BA4BA6
:1052B00001F006FE002800D0BFE01E981F990022D2
:1052C000002301F0FDFD002800D0E4E000230B9353
:1052D000229B5B0500D406260024302307E017211B
:1052E00006AA013452181355013E202C01D0092E74
:1052F000F5D81E981F9901F029FEA84BF2009B18C3
:105300001A685B6805000892099301F007FE020025
:105310000B001E981F9901F060FD089A099B01F08F
:105320008CFD0690079101F035FE814601F0F2FDFB
:1053300002000B000698079901F04FFD0022984BE0
:105340000690079101F0D2FD002800D10DE1012364
:105350009C46E144484601F0DDFD02000B00089840
:10536000099901F0B3FD002802D0002399460135C8
:10537000002E00D1D9E006954D46B94614E006AAA4
:10538000944617230A216344280001341F1901F0B1
:10539000E9FA3031397028000A21013E01F0E2FAC1
:1053A000092D00D817E10500202CE8D14F46069DB5
:1053B00020240CAE06AA17239446634499465B4604
:1053C000B34606930FE04B4628000A210134E61845
:1053D00001F0A0FA3031280031700A2101F09AFA68
:1053E000051E00D1E4E0202CEDD1069B5E469B46D5
:1053F0000323229A1340012B18D1219B002B15D097
:105400000B9B002B00D1FDE0219B013B2193202B26
:105410000CD93023219A07E0172006A90134091876
:105420000B55944200D3CCE0202CF5D1229B019463
:105430000393219B0096029322E0229B5246049301
:10544000219B3900039358461E9B1F9C0296009394
:105450000194434600F04AF90400200015B0F0BC66
:10546000BB46B246A946A046F0BD229B5B070FD4BF
:1054700003224C4B229901920391219900930291AE
:105480004346524639005846FFF798FD0400E4E7CA
:105490000422454BEEE71E9A1F9B0020002101F0DD
:1054A0009CFC01231E901F910B9311E7229B5446F5
:1054B0009B0711D1219B042B0ED9219B55469C465D
:1054C0005E46043C64442A004346013539002020EE
:1054D000B047A542F7D1B346344D26002B1F99465D
:1054E0005B46A3461C003200E87843463900013D84
:1054F000A04701364D45F6D123005C469B46229BD2
:1055000004349B07A9D55346219AE31A9A42A4D999
:105510005E4615002200434639002020B04753461E
:105520000134E31A9D42F5D897E7280001F0F6FC14
:1055300002000B001E981F9901F04FFC0022184B2F
:105540000690079101F0BCFC0CAE002800D031E7BA
:10555000069807990022124B01F0C8FC002800D0E1
:1055600028E7012301359D4324E700220698079987
:105570000B4B01F0A5FC002800D0F9E64B46002BB0
:105580005CD101239C46E144F2E6C046FFFFEFFFF9
:10559000FFFFEF7F65CDCD4165CDCDC18089001086
:1055A0000000E03FB4840010AC840010BC84001004
:1055B000069B5E469B460323229A1340012B00D193
:1055C00081E0202C00D131E70B9B002B27D02D232D
:1055D000335501342AE74F46069D202C00D1E7E6DB
:1055E0003022331907E0172006A9013409180A559B
:1055F000202C00D1DCE6A342F5D12E220CAE0134E2
:10560000F254D7E60C23229A134257D0219B013B38
:105610002193A34200D9FCE6202C00D106E7229B6F
:105620005B0703D52B2333550134FFE6229B1B0771
:1056300000D4FBE6202333550134F7E6DB0700D422
:1056400096E69EE7229B55469B0711D1219B032B93
:105650000ED9219B54469C465E46033D654422007C
:105660004346013439002020B047AC42F7D1B3465D
:10567000B9465F461C4EEC1C2A00B07843464946AA
:105680000135B847013EA542F6D1229BBB464F46A5
:105690009B0700D4E1E65346219AE31A9A4200D8C8
:1056A000DBE65E4615002200434639002020B04765
:1056B00053460134E31A9D42F5D8CEE6219BA3421E
:1056C00000D9A6E6B2E6219B002B00D179E70B9B1F
:1056D000002B97D0219B013B21939C4200D298E65E
:1056E000202C00D073E7A1E6B8840010F0B5DE46A8
:1056F00057464E464546E0B599B081468B469246A0
:105700009846229A239B1000190001F0F4FB002810
:1057100000D0CAE0229823990122824B524201F024
:10572000E5FB002800D0C0E02298239901227E4B9F
:10573000524201F0C5FB002800D0B6E02298239920
:105740000022002301F0BCFB002800D0C9E1229B0D
:10575000239C08930994089809998023269ADB00D2
:105760001A400D928022269C1201144022000B94B4
:10577000269C07000E001C4200D0ADE00B00034346
:1057800000D0D5E0002A00D00AE22200063324939C
:10579000022313400C930223134200D002E2259B04
:1057A000042B00D20FE2043B0B93002304250A9341
:1057B000002222982399002301F082FB002800D0C8
:1057C00003E25A4B269A134004930B9B0393249BAA
:1057D0000293089B099C0093019459464346524604
:1057E0004846FFF72FFD02002020269B1F2703407D
:1057F00059424B415B421840531C0893594643465B
:105800004530C8470A9AD317D4185C40D30F0A937F
:105810006B1E0B9308AB9C460025674401E0202DCE
:105820000FD020000A2101F09DF801357E1930319A
:10583000317020000A2101F095F826000400092E9D
:10584000EDD8052306930B9B59460593002304933B
:105850000A3303930A9B4846029310AB0093089ABD
:1058600043460195FFF700FC0C9B002B2DD05346BF
:10587000C41A259BA34228D94D465F4681461E0087
:10588000534639001A19202043460134A847A6423E
:10589000F6D8534648462599C21A01320023914250
:1058A00000D386E1013018180FE0269B0493259B56
:1058B0000393249B0293229B239C009301944346D1
:1058C000524659464846FFF7BDFC19B0F0BCBB46EE
:1058D000B246A946A046F0BD01432BD10B9B220046
:1058E000002B00D154E700230A93249B0A9A00243A
:1058F000934200DD85E1229823990022002301F0E4
:10590000DFFA002800D035E1269B084A02941A40AD
:105910008023DB0013430493259B0393089B099C7E
:10592000CBE7C046FFFFEF7FFFFFEFFFFFF7FFFF73
:1059300006232493B44B70009C46400D604401F054
:10594000EDFAB24AB24B01F078FAB24AB24B01F02A
:105950004DFA3603B14B360B334304000D003800CB
:1059600019000022AE4B01F038FAAE4AAE4B01F0FE
:1059700064FA02000B002000290001F037FA01F060
:10598000E5FA0A9001F0CAFAA84AA94B04000D00F2
:1059900001F053FA0022A74B01F028FA01F0D6FAE1
:1059A000A54A0600A54B2000290001F046FA040094
:1059B00030000D000C9601F0B1FAA14AA14B01F0A4
:1059C0003CFA02000B002000290001F006FA020058
:1059D0000B0006000F0001F030FA320004000D0049
:1059E0003B003000390001F001FA00220E900F91C7
:1059F000954B2000290001F002FA0022934B01F0A0
:105A0000F5F902000B002000290001F0F8F900224E
:105A10008F4B01F0EBF902000B002000290001F090
:105A2000EEF90D008021040032003B000020C90582
:105A300001F0D3F902000B002000290001F0D6F993
:105A400002000B000E980F9901F0D9F90022734B58
:105A500001F0CCF97F4B0C9C9C466444002223054A
:105A600001F0EBF906000F0002000B0008980999FD
:105A700001F026FA00280AD00A9B3000013B3900C9
:105A80000A930022714B01F0BAF906000F000A9A3E
:105A9000330063323900C62A12D802222698042520
:105AA00010400B9A0C90002A25D1259B042B05D978
:105AB000002800D0A1E0259B043B0B93042541E086
:105AC0000222269810400B9A0C90002A12D1259B96
:105AD000052B76D9002872D1259B0525053B0B9314
:105AE00034E0802212069446229B0893239B634451
:105AF000099330E605250B4300D1F6E6089809998D
:105B0000554A564B01F0EAF9002808D0089809993F
:105B10000022534B01F0D4F9002800D0E5E6249B85
:105B2000002B1CD00D9B002B19D0249B013B2493F0
:105B3000259BAB4204D90C9B002B5AD002230C931B
:105B400000230B930A9B002B00D131E6089809999A
:105B500032003B0001F053F90890099128E6259B9B
:105B6000AB42EDD90C9B002B43D000230B930233A7
:105B70000C93E7E78020269B3A4A00061A408023D0
:105B800084460294089C099D2900DB00134304937A
:105B9000259B6144220003930B00009201938EE643
:105BA0000524A8E600230B930A93023304250C93E3
:105BB000FEE553468C46013B63441B1A72E6022302
:105BC0000C930525C2E70423EDE58020089E099F7C
:105BD000000639008446269A224B61441340049300
:105BE0000B9B32000393249B02930B0000920193C2
:105BF000F3E5259B5B1B0B93A4E7022304250C9381
:105C0000A0E79C1A013C76E601FCFFFFFB799F5060
:105C10001344D33FB3C8608B288AC63F0000F03FCF
:105C20000000F83F61436F63A787D23F71A37909F2
:105C30004F930A400000E03F1655B5BBB16B0240E0
:105C4000EF39FAFE422EE63F00002C4000002440CF
:105C500000001840FF0300002D431CEBE2361A3F02
:105C600080842E41FFF7FFFFF0B5DE4657464E46D3
:105C70004546E0B5A5B01E002E9B92460C93CD4A3A
:105C8000CD4B80468B461A60002900D1EAE1002303
:105C900030789946002800D1ECE1C84B4C460B9374
:105CA000C74B454657460E930AE0631C98462200B0
:105CB0003B005946A84744463078002800D187E089
:105CC00001362528F1D108239A46043B9946023B28
:105CD0009846013B00229C460D943078711C0300CD
:105CE000203BDBB2102B03D80B9C9B00E3589F4654
:105CF0000300303B89460D9C092B3AD90023984676
:105D00002A2800D1C1E000239A462E284BD0030058
:105D1000683BDBB2122B1ED80E999B00CB589F46D6
:105D200063460E001A43D8E743460E001A43D4E7F1
:105D30004B460E001A43D0E710230E001A43CCE75F
:105D400053460E001A43C8E780235B001A43FF3B0B
:105D50009C467078E1444E4667284FD82428A4D941
:105D60000300253BDBB2422B9FD896499B00CB58C2
:105D70009F46002394461E0000E00131B3009B19AA
:105D80005B001E180878303E0300303B092BF4D925
:105D90000123624689469C460023B0469A460E007F
:105DA000E1442E28B3D13021802049428C46C000E6
:105DB000024370784B4684446146092900D86CE15F
:105DC0002A2800D17AE101239C464E46E1449EE711
:105DD000A146A846BA46CA4503D801235B425344AC
:105DE000994653464A4659460020C047200025B0F0
:105DF000F0BCBB46B246A946A046F0BD0300693BD5
:105E0000DBB20D930F2B00D94FE7012199408C464F
:105E10006D49894661464B4619400F916346494694
:105E20000B4200D028E10D9B0A2B3AD0072B00D063
:105E30003BE70C9B190008C98846002B00D14BE1B9
:105E400021200243914614A98C461F220F2162444F
:105E50008C4651460D950C91A24615000F9902E013
:105E600020290CD0130064461C4020003730092C38
:105E700000D80738013168541A090F2BF0D80C9B51
:105E800054460D9D9A460F9133E10C9B02CB8846F8
:105E9000002947DB0C9301239C4670784E46E14471
:105EA00031E70C9B02CB14935346002B00D138E111
:105EB0009C4608780B000C908C44002801D100F01F
:105EC00098FC89466146944603E05A780133002ADB
:105ED00001D08B42F9D1494662465B1A0C900F9370
:105EE000530500D520E10223180010400D90134205
:105EF00000D1CBE30D930B1BB1469A465E460C983E
:105F000022003B003100A84753460134185D0028A9
:105F1000F6D1B3464E460D9B002B00D0C7E1149B33
:105F20000C93C9E60C9301239C462838494202434E
:105F3000884670784E46E144E5E670786C2800D1DA
:105F40007FE180235B001A43FF3B9C46E14402E76C
:105F500080239B001A4301239C467078E144FAE6B3
:105F60007078682800D173E180231A437F3B9C46F8
:105F7000E144F0E6672800D103E1472800D15AE167
:105F8000452800D15AE10492072142460C9B039216
:105F9000073352468B43190002920CC92800009225
:105FA00001930C9122003B005946FFF79FFB040030
:105FB00082E6C046695C0010E05E0020E4870010C5
:105FC000288800107488001041900000462800D1F5
:105FD000DBE00492072142460C9B039207335246B2
:105FE0008B43190002920CC92800009201930C9176
:105FF00022003B005946FFF725F904005CE6631CCC
:10600000984622003B0059462520A847444653E6BF
:106010000C9B04330D93631C9946920700D422E134
:106020000C9B2200187859463B00A847434644443D
:10603000012B00D885E23300B8462E005F462500CC
:106040004C46994622004346013439002020B0478F
:10605000AC42F7D12C00BB46350047464E460D9B5F
:106060000C9329E6DB4B30789846002399460028AC
:1060700000D012E60024AEE66F2800D188E000D8F8
:106080000BE31023782800D1CFE09A430A239C46E3
:1060900000230F930A330D9380E05646B10089190F
:1060A000490001330E181878303E010030390929B3
:1060B000F4D9B2461E000133994628E60C9B0236FD
:1060C00002CB8A46C9435046C917084082460C9302
:1060D0003078731C99461AE6102310009843113348
:1060E0001843814680201300C0000340024200D1C3
:1060F000A9E64B46069308230593534604931023C1
:106100000393002302930F9B220001931CAB009387
:1061100059463B002800FEF7A7FF434604000C93B6
:10612000CAE501235B42C3E60F9B534501D95346A1
:106130000F930223180010400D90134200D1B7E1D5
:106140000D93D1460B1B9A463300A1442E0022002A
:106150004D460C98B9465F469B4608E04B463900D1
:10616000541CB0475346185D002877D02200954252
:10617000F4D15B46BB464F46A94635004C461E004F
:10618000C9E680231B011A43FDE620231A4320E7BA
:1061900008239C4600230F9308330D93802311009E
:1061A000DB0019401A4200D116E10D239A4310007A
:1061B000802302009B001A401492184200D0C2E1D2
:1061C000802302005B001A4091460C9A04320F9221
:1061D000184200D0B7E2430600D59FE1030600D481
:1061E00019E30C9B1B880993002B00D0FCE11033B2
:1061F0009843002900D1F7E10023994643460593CF
:10620000534604930D9B069003930023D2E0582835
:1062100008D0622867D102239C4600230F930233E3
:106220000D93BBE720231A43103B9C4600230F939A
:1062300010330D93B2E780231B011A4320231A4326
:10624000A1E6C0239B001A43F31C9946B07882E56F
:10625000C0231A43F31C9946B0787CE535005E46AE
:10626000BB464F4657E64346012B00D863E1631E09
:1062700043449A463300B9462E005F4655469B4636
:10628000A24622004B46013439002020B047AC42E0
:10629000F7D135005E46BB464F46A14654460C9B9F
:1062A0004A46187859463B004444A847D7E6A146D9
:1062B0000F9B984500D832E64444E41A3300B846B0
:1062C0002E005F4625004C46994622004346013485
:1062D00039002020B047AC42F7D12C00BB46350036
:1062E00047464E461BE680231000DB0018401A424A
:1062F00000D10FE1112118008A430D920D9A8023DD
:1063000011009B0019408C461A4269D1802311006C
:106310005B00194089460C9904310F911A4200D054
:10632000CAE113005B0600D5F0E013001B0600D4A1
:1063300059E20C9B00229B5ED9175A184A4092B230
:10634000D90F0C91002B00D1F9E1100014AA94464A
:1063500042461F23149252466344A84616944D4663
:106360000400B946B2461F00159201E0202D0FD05F
:1063700020000A2100F0F6FA01357E193031317023
:1063800020000A2100F0EEFA26000400092EEDD8C4
:10639000149B4F46A94645469846159B56469A4635
:1063A000169C0D9B069343460593534604930A237C
:1063B00003930C9B02934B4601931CAB220000936A
:1063C00059463B002800FEF74FFE0F9B04000C933C
:1063D00072E4C046B94F00100C239A431000E7E660
:1063E00007220C9B07339343013294469C44624638
:1063F0000C920CCBD90F0F911100194300D191E0F1
:10640000D91713911291514010911399594011913C
:1064100010981199129A139B801A9941109011911A
:1064200014AA0023944642469946149252461F33BA
:106430006344A846B24616944E46109C119DB94638
:1064400015921F0001E0202E10D0200029000A2202
:10645000002300F0C5FA013630322B00BA550D008A
:1064600022000400002BEED1092AECD8149B1094D2
:10647000119545469846159B4F46B14656469A4655
:10648000169C0D9B069343460593534604930A239B
:1064900003930F9B02934B4601931CAB2200009386
:1064A00059463B002800FEF7DFFD0400FFF704FC1F
:1064B0000F9B984500D8C1E18023DB000D93434634
:1064C0000F9A1B199B1A994633002E004D46B94668
:1064D0005F469B460C9122004B4601343900202038
:1064E000B047AC42F7D143460C9901330F930B7878
:1064F00035000C935E46BB464F46002B00D10EE59F
:106500000D9B002B00D1F6E4002319E60C9B1B78B1
:106510001A0015E710239A430D92EFE60C9B1B78A7
:10652000099361E6002399460028AAD1002200239E
:106530001092119374E70C9B2200187859463B0087
:10654000A8474C468BE50C9AFA3BFF3B07329A432F
:106550000133994691444B460C9313685268159247
:106560001A4306D11032904300220992002900D02C
:1065700081E06122810600D54122D2B20A9214AA9A
:1065800091460A9A00210A3A1492424617925246BC
:1065900018925A460991B3461F311E000F9B494479
:1065A000BA4619941A950024674698468946159D5F
:1065B00016901B920AE03032D2B24B4601341A5583
:1065C000A8454AD0202C4AD006000D003A000023EE
:1065D0003000290000F004FAD2B2092AEBD9149B4A
:1065E0009C466244D2B2E8E76123820600D541238B
:1065F000DBB20A3B0C93434614A91F228C46159329
:1066000053466244A046B2464C461797A946170027
:10661000099D0D9E1490169308E03033DBB20134CF
:106620003B55B5420ED3202C0CD00500310028007C
:1066300000F098F9CBB20929EFD90C9A944663443B
:10664000DBB2ECE7159B4D46A14644469846169BA7
:10665000564614989A46179FD0E5B742B2D9179B71
:1066600057469846189B5E469A461B9B09949B4644
:106670001698199C1A9D43460593534604930D9B07
:106680000690039300230293099B05E70F9B98450F
:1066900000D914E701330F932DE41023110099431F
:1066A0000D91692800D0BAE080231000DB0018406B
:1066B0001A4200D122E61DE60C9B1B68DA0F11007E
:1066C000002B00D18CE0DA179818504014AA91469C
:1066D00042461F23149252464B44A046A9461697A1
:1066E00004006546B2461F000C91159201E0202D72
:1066F0000FD020000A2100F035F901357E19303124
:10670000317020000A2100F02DF926000400092E26
:10671000EDD8149B444698460C9BAC461900159B3B
:1067200056464D469A46169F0D9B02910693434648
:106730000593534604930A23039363463CE60028DB
:1067400000D02EE602E60C9B1B689946002B03D175
:1067500010339843002938D16123820600D54123A4
:10676000DBB20A3B0C9343461693534614A91F22EF
:106770008C4617932B006244A0464D46B2461897AC
:1067800099461700149C0D9E159008E03033DBB23B
:1067900001343B55B5420ED3202C0CD005003100FE
:1067A000280000F0DFF8CBB20929EFD90C9A944603
:1067B0006344DBB2ECE7169B149444469846179B5F
:1067C00056464D469A461598189F4346059353469C
:1067D00004930D9B0690039300230293149BEBE517
:1067E0000028A1D172E70C9B1B68D9175A184A40A0
:1067F000A6E580231000DB0018409C460F901A424B
:106800000FD00220030013400F93104219D0002331
:10681000A1460F934CE50C9B1B680993E4E40A0026
:1068200034E40223180010400D90134200D03EE5DE
:106830004346002B00D042E6FFF771FB01330F9374
:106840007FE463460D93F3E70CB430B585B008AC34
:1068500008CC064D0A000094010028000394FFF7BD
:1068600003FA05B030BC08BC02B01847B14F0010A5
:1068700010B5094A0300146884B0002C08D0012226
:1068800000910648524203A9A047012004B010BD60
:1068900000F0F2FF0020F9E7E05E00203552001022
:1068A00001480421014B1847800A0020D1680010DC
:1068B000002310B50100988A1B8B984710BDC04675
:1068C000162310B50100188802331B88984710BDA5
:1068D000F8B54746CE4680B50F1E18D0142399460A
:1068E000043304000025012698464B461888434689
:1068F00021681B88984701C4431E98410135064012
:10690000AF42F2D13000C0BCB946B046F8BD012656
:10691000F8E7C046124A936F9B0815D29066D1667D
:10692000002905D0FFE7FFE7FFE7516F106F7047C1
:1069300004B580210906C2175140002800D0C84381
:1069400001F0AEFC002104BDF0B5146E556E576F1A
:10695000166FFFF7E3FF1466556657671667F0BDBD
:10696000000000D0114A936F9B0813D21066516645
:10697000002905D0FFE7FFE7FFE7516F106F704771
:1069800004B5002801D00020C04301F089FC00219B
:1069900004BDC046F0B5146E556E576F166FFFF705
:1069A000E5FF1466556657671667F0BD000000D016
:1069B00094464A4A926F9208624601D228E0C04645
:1069C000F0B5464E346E756E776F366F00F020F876
:1069D0009446424A14665566576716676246F0BD8C
:1069E00094463E4A926F9208624601D254E0C046F5
:1069F000F0B53A4E346E756E776F366F00F04CF826
:106A00009446364A14665566576716676246F0BD67
:106A1000002B24DB11D000293EDA00B5C9434042E7
:106A200000D1013100F038F8C943404200D10131B2
:106A3000DB43524200D1013300BD002AEBD10028D4
:106A400001D1002905D00020C90FC90701D1C043D9
:106A5000410800B501F01CFC0022002300BD00B578
:106A600000290ADBDB43524200D1013300F014F865
:106A7000C943404200D1013100BDC943404200D169
:106A80000131DB43524200D1013300F005F8DB4312
:106A9000524200D1013300BD002923D1002B18D16F
:106AA000002A0CD0BC460D4F38667A6600210023C0
:106AB000FFE7FFE7FFE77A6F386F67467047002808
:106AC00001D00748010000B501F0E2FB00220023DD
:106AD00000BD02000B00002000217047000000D024
:106AE000FFFFFFFF002B00D0BFE0130C28D1002ACE
:106AF000E7D080B4114F39667A66FFE7FFE730B41C
:106B0000040C7B6F396F1B0423433B667A66FFE7F7
:106B1000FFE7FFE7C04684B27B6F3D6F1B04234352
:106B20003B667A66FFE7FFE7C04600232C042D0C86
:106B30007A6F386F00196941B0BC7047000000D00F
:106B4000F0B594460025140E01D112020835140F39
:106B500001D112010435940F01D192000235D40FF6
:106B600001D152000135D40B0134254F7C66254CF0
:106B70003C660E0C93B2FFE7FFE7FFE73C6F66430E
:106B8000360C7703BE467343DF0B5B04C01AB94172
:106B9000130C7343DB18C91ACE086643360CB6448F
:106BA00093B273431F0F1B01C01AB941130C7343F7
:106BB0001F0B1B05C01AB941860D8F023E43664369
:106BC000360C092D24DB520A7243801A7703460AD9
:106BD0006643360C16235B1BDE40DF40BF1964465C
:106BE0006643821B7046043506330100D940A84035
:106BF000C01900D30131A24206D20023F0BD00002B
:106C0000000000D0FFFFFFFF121B0130F3D3F1E7BC
:106C100009277F1BFE406446A2B27243801A00D24D
:106C20000139220C7243130C1204821A99410B0091
:106C30007046043513370100F940A840801900D38D
:106C40000131002B02D1A2420AD2F0BD013000D3A3
:106C50000131121BFAD2013BF8D1A24200D2F0BDA1
:106C6000013000D30131121BF7E7F0B51C0C00D046
:106C700080E00CB400251C0A04D11B02160E33431D
:106C8000120208351C0B04D11B01160F33431201ED
:106C900004359C0B04D19B00960F334392000235C0
:106CA000DC0B02D192185B4101351C00971864413E
:106CB0000134464F7C66464C3C660E0CFFE7FFE70E
:106CC000FFE7C0463C6F6643360C7703BE4697B27B
:106CD0007743C01B00D20139C01B00D201399FB2DB
:106CE0007743C91BC91B170C77437E04FF0B801B1E
:106CF000B941CE086643360C0C2D33DBB644120B7B
:106D00001F053A431B0B97B27743C01B00D20139D2
:106D10009FB27743C91B170C77433E043F0C801B7F
:106D2000B941860D8F023E43664329277F1BFE40F3
:106D30000C3D7746AF40BF1930BCA2B2ABB2724334
:106D40007343801A9941220C7243130C1204801A67
:106D5000994102000B000137001BA941F9D2781EAE
:106D60000021F0BD0C277F1BFE4077467F0BAF4014
:106D7000FF19E0E700245D1C07D0144F7D663966DB
:106D8000FFE7FFE7FFE7FFE73C6F95B29EB2654381
:106D90006643401BB141150C1E0C65436643360427
:106DA0002F0C3E432D04401BB141994204D20200F6
:106DB0000B0020000021F0BD01D19042F7D3801AD2
:106DC000994101349942F2D3F6E70000000000D067
:106DD000FFFFFFFF48404140484018B41B4B5B6831
:106DE000FC46019308BD04DF7770001018B4174B00
:106DF0001B68FC46019308BD00DF817000109446BB
:106E0000134A926F920809D2624618B40F4BDB689E
:106E1000FC46019308BD0CDF397300100C4AF0B535
:106E2000146E556E576F166F6246FFF7EEFF084AF5
:106E30001466556657671667F0BD18B4034B9B6818
:106E4000FC46019308BD08DFDD710010080C00202E
:106E5000000000D0FFB550404240504059404B40E8
:106E6000594000E0FFB5154F4C00640D03D0BC4203
:106E700004D10C0314D80020090D09055C00640D31
:106E800003D0BC4204D11C030AD800221B0D1B05F1
:106E900001264B4009D44B4003D58B4200D182429E
:106EA000FFBD9942FCD19042FFBD0B43DB18034369
:106EB0001343F5D0C9434918FFBD0000FF07000088
:106EC00000B5FFF7CFFF804100BDC04600B5FFF71A
:106ED000C9FF01D9002000BD012000BD00B5FFF7AA
:106EE000B9FF01D9002000BD012000BD00B5FFF7AA
:106EF000B1FF804100BD012040054A00121804D8AE
:106F00005A00121801D80020704701207047002055
:106F1000704700000021002805D17047C117484084
:106F2000401AFAD0C90713B5064B1B6898470CBC2A
:106F3000441CA2401005120B0349091B0905194303
:106F4000114310BDCC6300201F04000010B54C009D
:106F5000620D8023D218DB00D21A5B057E2A10DD79
:106F60009E3A13DACC170903490819435242D1401B
:106F7000640001341532202A05DAD040084360430A
:106F800010BD002010BD0846604310BDC80FC018DA
:106F9000013810BD18B4044B5B6AFC46019308BD70
:106FA00024DFE97400100000080C0020132370B5E2
:106FB0001D78012D15D010DD1D48FFF781FC1D4CFB
:106FC00001008022200000F0AFFB022D2DD01A48D6
:106FD000FFF76EFC194B186070BD194B154CA3647C
:106FE000F5E7174B134C23606360A360E3602361F4
:106FF0006361A361E36123626362A362E36223636B
:107000006363A363E36323646364A364E36423654A
:107010006365A365E36523666366A366E36623672A
:107020006367A367E367A364D1E7054BA364CEE777
:1070300053440000080C00204C330000CC630020B7
:107040004570001007B5604601880A0A0230DF2A41
:10705000FAD1C9B2820804D30288408800041043E0
:1070600000E00068014A5050039007BD080C002062
:107070000FB403BC0CBCF0B50124E407634000E08E
:10708000F0B50C0DCF0F661E3605891B640503D3C2
:10709000C943404200D30131640D03D0661CF60A97
:1070A00007D0E41B00207F00791C89078912803CEF
:1070B00024031D0DDF0F6E1E36059B1B6D0503D3CC
:1070C000DB43524200D301336D0D03D06E1CF60A30
:1070D00007D0ED1B00227F007B1C9B079B12803D8D
:1070E0002D032F1B661B58D4A446202E46DA2037CA
:1070F0001400BC401D00BD40F24033412A438018BB
:107100005941CB0F05D0C943C043002264425041CE
:10711000514162464D0D28D10D0D07D100281FD0D9
:10712000241940414941013A0D0DF9D0640006D3BC
:10713000013000D30131002C01D140084000013A58
:107140000BD4941CE40A04D112051144DB07194442
:10715000F0BDD907204B194300E0D9070020F0BD4E
:107160000029DDD1002CDBD1F0BD0132C60740087B
:10717000CD0728434908002EE1D0D9E73C2E29DA73
:10718000203E40371400BC4000D00124F24014439C
:107190001A00BB401C43D317ACE7AC46202F08DADB
:1071A00020360400B4400D00B540F8403941284372
:1071B000A5E73C2F0CDA203F40360400B44000D055
:1071C0000124F84004430800B1400C43C117EAE72A
:1071D00010001900002494E70000F07FF0B50C0DBA
:1071E000661E3605891BE60A6405640D02D0651C1F
:1071F000ED0A04D0002001210905803C2403A446A7
:107200001C0D671E3F05DB1BE70A6405640D02D0F9
:10721000651CED0A04D0002201231B05803C2403D9
:107220007740644497B484B296B27443070C7E43AB
:10723000150C6F4380B26843361802D30120000456
:107240003F183004350C00197D41844688B29AB24B
:1072500050430C0C62431F0C7C438EB27E43921948
:1072600002D301263604A4191604170C36186741F8
:1072700001BC81B29AB25143040C62431B0C5C43C3
:1072800080B25843121802D30120000424181004BD
:10729000130C401863412D185E410020474106BC85
:1072A00088B293B258430C0C6343120C544389B216
:1072B00051435B1802D301210904641819041A0C04
:1072C000091862416D1856410020474118BCF90267
:1072D000720D1143F0026A0D1043ED020A0D03D145
:1072E0006D1940414941013B124E9B1B7600B34250
:1072F0000ED26D0007D3013000267141664635433A
:1073000001D1400840001B05C918E4072144F0BD25
:107310000BDA013306D1013004D101314F0D01D018
:107320004908F2E7E1070020F0BD013631050020F1
:10733000EBE70000FF030000F0B51C0D671E3F05E2
:10734000DB1BE70A6405640D02D0661CF60A04D054
:10735000002201231B05803C2403D0252D06002696
:10736000F6432E661E096E66CE0FF619B446490026
:107370004F0D02D07E1CF60A03D000200021403FB2
:107380003F033E1BB600B444013F7F05C91B4908BB
:107390002E6F013676089C02950D25437543ED133B
:1073A0007543AD1301356D10F603761B0CB4CC029A
:1073B000450D2C43A2B2B3B25A43270C7B43350C84
:1073C0006F43A4B26C431B1902D3012424043F1958
:1073D0001C041D0CA4187D4124196D41009A91B222
:1073E000ACB26143170C7C432B0C5F4392B25A43FF
:1073F000A41802D301221204BF182204230C52182D
:107400007B41019C6C431B19520ED9010A43440174
:10741000A01A81B2B2B2514303145A43360C7343DB
:1074200087B27743D617D21900277E4136049B19BD
:107430001704160C7F185E417316ED18F301002631
:1074400080337541A90F06D16400690AE8055B0A1B
:10745000184309D22FE00422944480337541A90ACD
:10746000A8059B0A184326D3404149412404009AA9
:10747000019B0D005543641B4343E41A95B286B249
:107480007543170C7E43030C5F4392B25A43B61800
:1074900002D301221204BF183204330C52197B416B
:1074A00052429C41002C02D400220130514140083C
:1074B000CA071043490802B06246D7079210084B2A
:1074C000D218084B9A4203D212058918C919F0BD87
:1074D0000020002A01DC3900F0BD01331905F5E771
:1074E000FD030000FE070000002200B5203200F07E
:1074F00004F8080000BD000000220B150AD410B5E6
:10750000944600F031F81414013400DA0021CB174E
:10751000144C20470020002170476244343A0CD4B8
:107520000C2A07DA04009140904052422032D440A5
:10753000214310BDD843D94310BD203207D40C4697
:107540009440524220321141D040204310BD0800E7
:10755000C917203203D452422032104110BD180006
:10756000190010BD1B7500100A0DCC0F531E1B0512
:10757000C91A520503D3C943404200D30131520D09
:1075800003D0531CDB0A07D0121B00206400611CCF
:1075900089078912803A1203014BD21A7047000002
:1075A000FF03000051434343C9188C46110C83B2BA
:1075B0004B4310B4040C614392B280B25043624317
:1075C0001C041B0C001910BC59411304120CC018E8
:1075D00051416144704700004840414048400E4BD3
:1075E0005B6818470C4B1B6818470C4A936F9B0845
:1075F00002D2094BDB681847F0B5146E556E576F11
:10760000166FFFF7F6FF054A14665566576716674B
:10761000F0BD014B9B681847080D0020000000D00A
:10762000491A002808D1084670470000C10FC90751
:1076300000D54042002817D0F44603B40B4B1B681A
:10764000984706BC81409E384042803107D20B06E5
:1076500007D04900490AC00510430843604701307C
:10766000F8E7490A8902F5E770470000CC6300207B
:10767000014B5B6A18470000080D0020132310B56A
:1076800012481C78FFF71CF90100012C0AD003DD19
:1076900080220F4800F048F80E48FFF709F90E4B1A
:1076A000186010BD0A4C5422200000F03DF80B4B2E
:1076B0006365A365E36523666366A366E366236784
:1076C0006367A367E3672362E361E5E7534600006E
:1076D000080D00204C330000CC630020E176001040
:1076E00007B5604601880A0A0230DF2AFAD1C9B21A
:1076F000820804D3028840880004104300E0006838
:10770000014A5050039007BD080D00200148042194
:10771000014B1847900A0020D1680010014B1B68EC
:1077200018470000900A0020014B5B6818470000D2
:10773000900A0020F0B5C64600B5437D07000C0056
:107740001600002B46D0002A17DD0B780A2B24D018
:1077500000239846012E13D001252900635C0135D2
:107760000A2B26D0B542F8D1464509DCA419013CC4
:1077700023780D3B5A4253413B7580BCB846F0BD5F
:107780004346E018A419F11A013C3B689847237856
:107790000D3B5A4253413B75EFE7037D002BD7D198
:1077A00002210F483B689847012EDFD001239846FD
:1077B000D2E7631E5B5C0D2BD4D0884504DA4346C8
:1077C000C91AE0183B689847022105483B68A8465B
:1077D0009847C7E70368110020009847CDE7C046E7
:1077E000F4890010F0B5CE46474680B583B06B46AD
:1077F0000600DD1D2870FCF7EDFC0023194A121865
:107800004B41002B02DA0122174B52421749080064
:10781000884600F055FD164B81461C68002C14D09C
:10782000144F02E02469002C0FD02368002BF9D0FC
:107830003B68002B01D09C42F4D12000012229009A
:10784000FFF778FF2469002CEFD14B46002B05D1C0
:10785000300003B0C0BCB946B046F0BD404600F0B1
:107860000FFDF5E740420F00FFFFFF7FB80A002041
:10787000A82E0020AC2E0020F0B5DE464E46454630
:107880005746E0B583B0060000F0C8FC0500FCF7E1
:10789000A1FC0023284A12184B41002B02DA0122D6
:1078A000264B5242264908008B4600F009FD254B25
:1078B00081461C689A46002C38D00A23224F9846ED
:1078C00002E02469002C17D02368002BF9D03B6814
:1078D000002B01D09C42F4D120002A003100FFF798
:1078E00029FF6B4642462000DA71D91D0122FFF7BD
:1078F00021FF2469002CE7D14B46002B18D15346B9
:107900001C68002C06D06368002B0BD098472469B4
:10791000002CF8D1280003B0F0BCBB46B246A94603
:10792000A046F0BD2469002CEDD1F3E70028F1D08A
:10793000584600F0A5FCE2E740420F00FFFFFF7F42
:10794000B80A0020A82E0020AC2E002003BDC0469F
:1079500010B50400FCF742F8A04710BDD022022168
:107960001206136D1942FCD0506540BF7047C046E7
:10797000D0221206136DDB0704D4012120BF136D42
:107980001942FBD0D0231B06986D7047F0B5C64650
:1079900000B5040086B00F200E009046FBF7AEFD48
:1079A000002105000F20FBF797FD00230022009225
:1079B00001930123029343460393D0230496059435
:1079C0006F4600240026012102201B06002C13D044
:1079D0001A6D1042FCD05C6540BF1A6D114203D194
:1079E00020BF1A6D1142FBD09A6DA24209D0002629
:1079F000B200BC58EAE79A6D1A6D1142FBD140BF44
:107A0000E6E70136062EF3D129000F20FBF764FDCF
:107A100006B080BCB846F0BD0D4B0E4A10B593427F
:107A200010D30D4A99181A000B4C1051FF20C000BA
:107A300013500A4B0A4813500A4B0B489A68FFF739
:107A4000A5FF10BD01235B421A000849ECE7C046C0
:107A50000008042000000420F40700005179001001
:107A6000FC07000000ED00E04D790010F307000076
:107A7000F0B54E46DE4657464546E0B54A4B814690
:107A80000C00802285B0984200D180E0474B9202E2
:107A90001A60474B47491A6010008B689843FBD126
:107AA00080460620FDF774F94B465A6802231A40B7
:107AB00001924A46043211000292C02292011143FF
:107AC0000B608B4680210090A4460220E70D6602E1
:107AD000A30DA202490006E0009C944207D392192C
:107AE0007B4188425CD005000230002BF4D0644614
:107AF000434680260393009B2F02AA4698467F1B8D
:107B0000760003E05346FF1A012E44D03900404668
:107B10003500013EFEF726FF8442F3D22B00554686
:107B20009A4650463302984668434B4642461D618A
:107B30001B6880215340FF22120213404A4649012C
:107B400011438022029C0B609201019B144323602D
:107B500002265D464B465B682E604D462F68072522
:107B60007D40CF2733402F400F6023604B462433A6
:107B70001A4303230100136000982660FEF7F2FE0B
:107B800005B0F0BCBB46B246A946A046F0BD074BC7
:107B900052021A607DE75546039B28009846C4E7C9
:107BA00064460500A4E7C04600C0034000E0004072
:107BB00000F0004000C00040F8B5DE4657464E4693
:107BC00045468346E0B505200C00FDF7E1F80600C8
:107BD000600821008019FEF7C5FE430098468044E6
:107BE000070005214046FEF7BDFE3B1A9A46204B92
:107BF0008146700080199C4234D81E49FEF7B2FEBF
:107C0000451C5B461C6800230422E36623680120B0
:107C1000534002321A4080235B0123431A605346CB
:107C2000E3614B46236243464F2B03D95021404624
:107C3000FEF798FEA023E050E36F22005D40802312
:107C40007C322D045B0113432D0C1D600123390090
:107C50003000E366FEF786FEF0BCBB46B246A9469E
:107C6000A046F8BD0449FEF77DFE451CC9E7C046A5
:107C70003F420F008096980040787D010F4A70B512
:107C8000821A531E9A410E4BD20008321A600D4BD5
:107C90000D4C1A601500A3689D432B1EFAD1662473
:107CA0000268FF340571D5661460633C8833FF3C7D
:107CB000D5639563D450FFF77FFF70BDA80A0020FD
:107CC00000E0004000F0004000C00040F0B5DE469B
:107CD00057464E46454690460022E0B583B01E000A
:107CE0000CAB1B7807009B460368DA6601325960CB
:107CF000DA66002E5BDD0279594692029246012235
:107D00004A4052029446019161468022BB46B446E5
:107D1000751E002047460E0091468132FF32411BFE
:107D20000C00614261413C5C4942A04631400091F7
:107D3000544641460C432100009C0C431C61102416
:107D4000596B0C42FBD0494659588A4600290AD142
:107D5000A84227D0002101308A468445DFD1019B0B
:107D60005F469B4615E0596D01218846596B1142CB
:107D7000FCD0196E41460029ECD0019B5F469B4622
:107D80005346002B15D05346DB0712D453461B072E
:107D90000FD55B463B7103B0F0BCBB46B246A9466B
:107DA000A046F0BD01990029D4D18846DEE7002025
:107DB000EFE702204042ECE7F0B5DE464E4645468E
:107DC0005746E0B5060009A80078346880460020D0
:107DD000E066616001219346E166002B32DD80227E
:107DE000591E52008C4692468025616F1029FCD0A6
:107DF0000021002801D13179890284451CD05246E6
:107E00001143216102E0A16F00290DD16159616D1B
:107E10000029F8D00220404243463371F0BCBB46F3
:107E2000B246A946A046F0BD5A4621691154013018
:107E30008342F1D03468D8E74246012757407A029E
:107E40001143DCE70020E7E70B4B10B59C4660448C
:107E500043425841094A840082B0009208482200F7
:107E6000E31CFBF7DBFA844202DC001B02B010BD0E
:107E700001204042FAE7C0460000D0AF0C85001058
:107E800049760020F0B5D6464F464646C0B50700B5
:107E90000E00FBF78BFA2F4B8146FB185A425341D9
:107EA0009B009C462C4A31791300924662469858B2
:107EB000012205258A4020237557013A5B1A002DBF
:107EC0003CDB9D4237DC1300AB40184233D113003A
:107ED0000200AB401A4018422DD100291FD0717802
:107EE000337809021943B3781B040B43F178090670
:107EF000194380239B0198465300CC5A444500D235
:107F00006419AB1812339B00DC5133790132934270
:107F1000F2D801229A401300013BAB40184353466C
:107F2000624698504846FBF74DFA2800E0BCBA4636
:107F3000B146A846F0BD0948FDF71CF8002B02DA4F
:107F4000F9E7013BF7D314009C401D002042F8D113
:107F5000BDE7C0460000D0AF080E002030850010FD
:107F6000F0B557464E464546DE468946E0B583B0F5
:107F70000CA90D784946490088464944C90046186D
:107F800037003400DC3784463868CC3483462068B8
:107F9000C024CC31A401614421438024A4020C609C
:107FA00069424D411E216D428D43164901908A461A
:107FB0005544052B0CD9A0201F214005D83654016B
:107FC00004430532053B3C600A403560052BF6D87A
:107FD00052019B06134342464A44D20062441000B9
:107FE000DC3213600300D8331D605B461360019BD5
:107FF000CC30036003B0F0BCBB46B246A946A046F5
:10800000F0BDC0469FE00000F0B501258D4004683A
:10801000AC430460002B2ED04D006C18E400041912
:1080200026001F68C83637605F68DC3477609F6859
:10803000B760DB6823606B18DB001D008024D0353F
:10804000451964012C4380252D06256025600125F6
:10805000124C2E008C4084600C1DA64080240831F8
:108060008D401F21A4010443C0180A40D830266067
:1080700025600260F0BD4D006C18E4000419260074
:108080008027C8367F023760F8277F027760C027D5
:10809000DC343F03B7602360CDE7C0460101010136
:1080A000F0B5C64600B5884212D98C1884420FD963
:1080B0008518032A58D8531E002A06D0DA43A4187C
:1080C000AD18E25CEA54013BFBD280BCB846F0BD7F
:1080D000032A0BD80500561E002AF6D00023CC5CDC
:1080E0001A00EC5401339642F9D1EEE703250C0057
:1080F0002E00044303002640254232D10F2A4BD9DB
:1081000010271500BC460C00103D2D092D01A84676
:108110004519AC4427681F6067685F60A7689F6067
:10812000E7681034DF601F001033BD42F2D10F2327
:108130000C2410311340144065461A004144002CB1
:10814000C9D08A59AA5104369A1B032AF9D80322A6
:108150001A409B08013B9B0004310435C918ED18F7
:10816000B9E70500561EB9E72B0023439B0701D052
:10817000531EA3E713000439071FCE58FE50043BDB
:10818000032BFAD80321131F9B089B00E41AED1A56
:108190000A40043C043D8EE713000500D1E7C046C9
:1081A0000B00034370B506009B070DD1032A0BD9C2
:1081B000104D0C68104BE318A3432B4204D1043A32
:1081C000043110C6032AF4D83300002406E00D5D04
:1081D000013A355501330134002D02D0002AF6D181
:1081E00070BD00219C18002AFAD0197001339C42FE
:1081F000FBD1F5E780808080FFFEFEFE10B5030016
:108200004418002903D107E00133A34202D01A78B1
:10821000002AF9D1181A10BD0020FCE710B5830719
:108220000AD00300032102E001330B4205D01A7883
:10823000002AF9D1181A10BD030019680C4A0D4C18
:108240008A188A4322420FD15968094A04338A188E
:108250008A43224208D15968054A04338A188A435E
:108260002242F1D000E001331A78002AFBD1E1E785
:10827000FFFEFEFE80808080F8B5C0460000000052
:1082800001B40248844601BC604700BF0D090020CC
:1082900001B40248844601BC604700BF8109002048
:1082A00001B40248844601BC604700BF8109002038
:1082B00001B40248844601BC604700BF3509002074
:1082C00001B40248844601BC604700BF7508002025
:1082D0000C010020B60100200C010020D601002076
:1082E000F40100200C0100200C0100200C010020F2
:1082F000160200200C010020340200200C01002096
:108300000C0100200C0100206002002072020020FD
:108310008E0200200C0100200C0100200C01002026
:108320001201002012010020120100200C01002087
:108330000C01002012010020780100200C01002017
:108340008001002088010020A201002006010020F9
:10835000000000004E4F5420464F554E4400000090
:10836000486F6D6500000000414B484C5554204358
:10837000465700004652454557494C492031204F49
:108380004700000076302E312E3000004841524424
:10839000574152452050524F4245000041636365AA
:1083A0006C204C49533344483A00000043686172E2
:1083B00067657220425132353839323A0000000088
:1083C000525443204D4350373934303A00000000B6
:1083D000494F2045787020504341393535353A00B2
:1083E000425554544F4E53003578204750494F2042
:1083F0004F4B0000495050204C494E4B00000000AC
:1084000057616974696E6720666F72204D61696E8D
:108410002E2E2E00416B686C757420434657000069
:10842000556E706C75672055534220746F20706FC5
:10843000776572206F6666202825756D56290000C5
:108440002564252500000000523200005231000052
:108450004E61760053656C004261636B0000000062
:108460006F202573000000004861726477617265B7
:1084700020616C61726D20256420616C726561649D
:108480007920636C61696D65640000000A2A2A2AFC
:108490002050414E4943202A2A2A0A000A0000009F
:1084A000486172642061737365727400666E692B33
:1084B00000000000666E69006E616E00666E692DD8
:1084C0000000000052656C6561736500626F6F7437
:1084D000325F77323571303830000000312E352E62
:1084E000310000007069636F00000000667265650E
:1084F00077696C695F646973706C61790000000072
:108500004175672032302032303236004E6F2050B5
:10851000494F207374617465206D616368696E658D
:10852000732061726520617661696C61626C6500BF
:108530004E6F2070726F6772616D2073706163653A
:1085400000000000121314151C00000054850010D8
:1085500004FF000021622311001442A4060A207EB9
:108560006C8500100508207E6C850010000000005E
:108570000000005F00000007000700147F147F1454
:10858000242A7F2A12231308646236495522500098
:1085900005030000001C2241000041221C00082AA3
:1085A0001C2A0808083E0808005030000008080887
:1085B0000808006060000020100804023E51494590
:1085C0003E00427F400042615149462141454B31C6
:1085D0001814127F1027454545393C4A4949300156
:1085E000710905033649494936064949291E0036AD
:1085F00036000000563600000008142241141414FE
:10860000141441221408000201510906324979412B
:108610003E7E1111117E7F494949363E414141223A
:108620007F4141221C7F494949417F090901013E9F
:10863000414151327F0808087F00417F41002040BE
:10864000413F017F081422417F404040407F0204A7
:10865000027F7F0408107F3E4141413E7F090909A6
:10866000063E4151215E7F09192946464949493153
:1086700001017F01013F4040403F1F2040201F7FFC
:108680002018207F631408146303047804036151E5
:1086900049454300007F4141020408102041417FC9
:1086A0000000040201020440404040400001020476
:1086B0000020545454787F4844443838444444207B
:1086C000384444487F3854545418087E090102083D
:1086D0001454543C7F0804047800447D400020403A
:1086E000443D00007F10284400417F40007C041876
:1086F00004787C0804047838444444387C14141406
:1087000008081414187C7C080404084854545420A5
:10871000043F4440203C4040207C1C2040201C3C26
:108720004030403C44281028440C5050503C446495
:10873000544C44000836410000007F0000004136E0
:10874000080008082A1C080000000000BC87001070
:10875000B4870010AC870010A48700109C8700101D
:10876000948700108C8700108487001000080C0E7E
:108770000E0C080000183C7E7E3C180018185A3C6D
:10878000181818183C425A425A5A423C187E5ADB72
:10879000DB5A7E18181824428100814255AA55AA36
:1087A00055AA55AAFF00FF0000FF00FF084A2C1839
:1087B000182C4A08007E423C241818000042241855
:1087C00018244200C4060020D00600207A060020AB
:1087D000820600208A060020A806002070040020DF
:1087E0007A040020405D0010F05C0010F05C001086
:1087F000385D0010F05C0010F05C0010F05C0010C0
:10880000F05C0010F05C0010F05C0010F05C0010F8
:10881000305D0010F05C0010285D0010F05C00106E
:10882000F05C0010205D0010605F0010565D0010CD
:10883000505F0010565D00103A5F0010565D00104A
:10884000565D0010565D0010565D0010565D00101C
:10885000565D0010565D0010485D0010565D00101A
:10886000565D0010565D0010565D0010565D0010FC
:10887000485D0010FE5F0010AA5C0010AA5C0010AA
:10888000AA5C0010AA5C0010AA5C0010AA5C001090
:10889000AA5C0010AA5C0010AA5C0010AA5C001080
:1088A000AA5C0010AA5C0010AA5C0010AA5C001070
:1088B000AA5C0010AA5C0010AA5C0010AA5C001060
:1088C000AA5C0010AA5C0010AA5C0010AA5C001050
:1088D000AA5C0010AA5C0010AA5C0010AA5C001040
:1088E000AA5C0010AA5C0010AA5C0010AA5C001030
:1088F000AA5C0010745F0010CC5F0010745F001061
:10890000AA5C0010AA5C0010AA5C0010AA5C00100F
:10891000AA5C0010AA5C0010AA5C0010AA5C0010FF
:10892000AA5C0010AA5C0010AA5C0010AA5C0010EF
:10893000AA5C0010AA5C0010AA5C0010AA5C0010DF
:108940000E620010AA5C0010AA5C0010AA5C001065
:10895000AA5C0010AA5C0010AA5C0010AA5C0010BF
:10896000AA5C0010AA5C00100E62001010600010DB
:108970000E620010745F0010CC5F0010745F001076
:10898000000000000000F03F000000000000244054
:1089900000000000000059400000000000408F402F
:1089A000000000000088C34000000000006AF8409A
:1089B0000000000080842E4100000000D0126341BE
:1089C0000000000084D797410000000065CDCD4134
:1089D00006005250D3F07542C48400100600525075
:1089E000E182887FCC84001006005250BBFF3CB669
:0889F000E48400100D0A0000F0
:1089F800D0890010DC89001088020010E889001076
:0C8A080094020010A0020010AC0200104C
:108A140070B5094CA369DB060CD41025074EA36975
:108A24001D42FCD121683000C9B200F0BFF9A3692E
:108A34001D42F4D070BDC04600400340B83E002043
:108A4400F0B5C64600B5427804001F2A06D86A4924
:108A54009300CB589F460122684B1A7080BCB846DD
:108A6400F0BD1F25664E337801331D40654B1B78DE
:108A7400AB42F3D03178644FCB015B1880215B00AB
:108A8400FA54438849001A1C8B4200D90A1CD3B2F9
:108A9400984633784246D801C0184000023038184E
:108AA400211D00F019FC3278D3019B1800225B00D1
:108AB400FB1843449A7032783570D3019B185B00DD
:108AC400FF1843467B70C9E70122504B1A70C5E773
:108AD40001224F4B1A70C1E74388012BBED902799A
:108AE4004C4B1A7042794C4B1A7001224B4B1A7042
:108AF400B4E74388002BB1D00279494B1A700122A4
:108B0400484B1A70AAE7802342889B009A42A5D852
:108B14004548211D00F0E0FB6288444B1A80012285
:108B2400434B1A709AE74288402A00D996E7414895
:108B3400211D00F0D1FB62883F4B1A8001223F4B7C
:108B44001A708BE7802342889B009A4200D985E7FC
:108B54003B48211D00F0C0FB62883A4B1A80012279
:108B6400394B1A707AE74288402A00D976E73748A9
:108B7400211D00F0B1FB6288354B1A800122354B70
:108B84001A706BE74388032B00D867E70279062A3B
:108B940000D963E7A37961791B0409020B43E179E6
:108BA4002D4892000B43135001222C4B1A7055E7A9
:108BB40001222B4B1A70134B114A1B78DBB2137032
:108BC4004CE74388002B00D148E7264B1A68037909
:108BD4001B0453401B0C244A1B0413603EE74388C8
:108BE400052B00D83AE706222048211D00F074FB2B
:108BF40001221F4B1A7031E7D082001052760020F8
:108C04004B7600204C760020680E00205D76002014
:108C1400547600205776002058760020597600209C
:108C24005676002055760020285F00203E760020EE
:108C34005C76002028610020407600205E760020CB
:108C4400A86100204476002060760020686100203E
:108C5400427600205F760020E45E00205B760020F0
:108C6400537600205C0005405C100540205F002026
:108C74005A760020F8B50E00102800D0F8BD00F098
:108C84003BFB04000D003D4B0822186859681C602A
:108C94005D600423271A3A4C334021783240C8B22D
:108CA40002294ED002280CD800285AD0002AE5D038
:108CB400344B9C46344B67449F4258D8022323705C
:108CC400DCE70328DAD1002AD8D1002BD6D0B5238B
:108CD4009B009F424BD92D4B9F424BD92C4B9C461A
:108CE400C82367449B009F4241D82A4B1A68520804
:108CF4001A608022196812060A431A60264A1178FB
:108D04000131C9B2117012781F2AB7D9FF20002689
:108D14000500224A1670196820230D4057785570B3
:108D24000D0A0540977895700D0C2840090ED578EA
:108D3400D0701079117153710122194B1A70267079
:108D44009CE7002B9AD0174B9F4210D9164B9F4299
:108D54000DD800220F4B1A600F4B1A700323237097
:108D64008CE7002B00D189E70123237086E70023D9
:108D7400237083E7074B1A685208BEE7000C0020F3
:108D840064760020B4E2FFFFB80B0000F505000094
:108D9400C6F8FFFFC863002062760020C06300208D
:108DA40063760020AB0D00007C150000F8B5037855
:108DB4000400072B00D948E1C64A9B00D3589F46BC
:108DC400C54BC15407230370F8BDC34B0902C55CEE
:108DD400C24B0D43E552C37881881B02DB43AC468A
:108DE4009AB218B21B0400D588E1520093B212B2B1
:108DF400002A00DA7CE15B009AB21BB2002B00DA95
:108E040094E1520093B212B2002A00DA88E15B00C6
:108E14009AB21BB2002B00DA7CE1520093B212B278
:108E2400002A00DA70E15B009AB21BB2002B00DA70
:108E3400ABE1520093B212B2002A00DAA0E15B0067
:108E44009BB20A0253409AB218B21B0400D591E1B6
:108E5400520093B212B2002A00DA85E15B009AB2A2
:108E64001BB2002B00DA79E1520093B212B2002A4D
:108E740000DA6DE15B009AB21BB2002B00DA61E10B
:108E8400520093B212B2002A00DA55E15B009AB2A2
:108E94001BB2002B00DA0CE1520093B212B2002A8A
:108EA40000DA01E15B009BB2FF22080090434340DB
:108EB4001AB2002A00DAF1E05B009AB21BB2002B6E
:108EC40000DAE5E053009AB21BB2002B00DAD9E0D5
:108ED400520093B212B2002A00DACDE05B009AB2DB
:108EE4001BB2002B00DAC1E0520093B212B2002A86
:108EF40000DAB5E05B009AB21BB2002B00DAE3E0C3
:108F0400520093B212B2002A00DAD8E05B009BB29E
:108F1400002900D18DE000227148A61D22E06D00D9
:108F2400AFB22DB2002D2EDB7F00BBB23FB2002FBB
:108F34002FDB5B009FB21BB2002B30DB7F00BBB288
:108F44003FB2002F31DB5B009FB21BB2002B32DB40
:108F54007F00BBB23FB2002F33DB5B009BB2013218
:108F6400914266D9B75C3F027B401FB2002F5BDBA6
:108F74005B009DB21BB2002BD1DA5B0043401DB2F3
:108F84009FB2002DD0DA6B0043401FB29BB2002F7A
:108F9400CFDA7F0047403BB2BFB2002BCEDA5B0092
:108FA40043401FB29BB2002FCDDA7F0047403BB253
:108FB400BFB2002BCCDA5B0043401FB29BB2002F40
:108FC400CBDA7F004740BBB2C9E70323C17003700B
:108FD400FAE6042381800370F6E60B0281881943C4
:108FE400802381805B01994232D93E4A8358013300
:108FF400835000230370E7E63B48225A531C9BB27C
:10900400A21823529171A2889A4200D9DCE6062361
:109014002370D9E6F12900D0D6E601230370D3E604
:10902400022381700370CFE67F0047403BB2BDB29C
:10903400A1E79C4500D1AEE02C4AA3580133A350CC
:109044000023294A2370A352BEE600230370BBE623
:109054000029DCD00022244BC25205230370B3E65E
:1090640053001F4A5A4013B292B246E75A001C4BAF
:1090740053401AB29BB23AE75300194A5A4013B20A
:1090840092B22EE75A00164B53401AB29BB222E713
:10909400134A5B005A4013B292B216E75300104AC7
:1090A4005A4013B292B20AE70D4B520053409BB29E
:1090B400FAE65A000A4B53401AB29BB2EFE6084B49
:1090C400520053409BB223E75A00054B53401AB257
:1090D4009BB218E7C48700100A10000006100000B5
:1090E400211000001C1000000810000018100000DF
:1090F4005300304A5A4013B292B27FE62D4B4000DF
:1091040043401AB29BB273E653002A4A5A4013B240
:1091140092B28BE65A00274B53401AB29BB27FE6B9
:109124005300244A5A4013B292B273E65A00214BB8
:1091340053401AB29BB267E653001E4A5A4013B218
:1091440092B2A6E65A001B4B53401AB29BB29AE65F
:109154005300184A5A4013B292B28EE65A00154B85
:1091640053401AB29BB282E65300124A5A4013B2D9
:1091740092B276E60F4B400043401AB29BB26AE6C5
:109184000C4B520053409BB25BE65A00094B5340D0
:109194001AB29BB250E6084AA3580133A350074BB6
:1091A400E358002B00D14BE7054AA01CA15898476F
:1091B40046E7C04621100000141000000C10000007
:1091C40010100000F0B5C646150000B504001E00DE
:1091D4000268EFF3108172B61368002BFCD0BFF362
:1091E4005F8F0423E3562268002B2BDBBFF35F8FD2
:1091F4000020106081F31088D02212061278002714
:1092040052B290469A420ED1002080BCB846F0BDBE
:10921400BFF35F8F176081F310882800310000F0DE
:1092240063F80028F0D12268EFF3108172B6136856
:10923400002BFCD0BFF35F8F237922687F2BE7D903
:10924400434602E0D0231B061B682371BFF35F8FE4
:109254000023136081F310880120D6E70268EFF33E
:10926400108172B61368002BFCD0BFF35F8FFF230D
:1092740003710368BFF35F8F00221A6081F31088C3
:1092840040BF704730B50400101E0AD00A000D1804
:109294000221E3681942FCD013780132A360AA4288
:1092A400F7D1E3685B0704D50421A368E368194296
:1092B400FBD11021E3681942FCD1E3685B0704D5B4
:1092C4000421A368E3681942FBD10123236230BD62
:1092D4007047C0460000000001B40248844601BC47
:1092E400604700BF2977001001B40248844601BCDE
:1092F400604700BF2140001001B40248844601BC0D
:10930400604700BFD54100100E00000000000000BF
:1093140000000000000000000F0100000000000039
:109324000000000000000000160200000000000021
:10933400000000000000000017030000000000000F
:1093440000000000000000001804000000000000FD
:1093540000000000000000001000000000000000F9
:1093640000000100000000000000000000000200F6
:1093740000000000000000000000030000000000E6
:10938400000000000000FF000000000001B5486874
:1093940001318E460047704609380149884701BDAE
:1093A400293900106C0A002000000000000B002086
:1093B400280E00200000000000000000380E0020ED
:1093C4000000000000000000100000000000000089
:1093D400503300004C33000054330000523300007B
:1093E4004D5300004D43000053340000433400004B
:1093F4000080044000000000004004400000000021
:109404000000000000000000000000000000000058
:109414000D770010A1680010AD6F00107D7600106C
:04942400E50200104D
:04000005100001E9FD
:00000001FF
