:020000041000EA
:1000000000B5324B212058609868022188439860DF
:10001000D860186158612E4B002199600221596106
:100020000121F02299502B49196001219960352056
:1000300000F044F80222904214D00621196600F024
:1000400034F8196E01211966002018661A6600F04E
:100050002CF8196E196E196E052000F02FF8012189
:100060000842F9D1002199601B49196000215960AB
:100070001A491B48016001219960EB211966A021F2
:10008000196600F012F800219960164914480160C1
:100090000121996001BC002800D000471248134993
:1000A000086003C880F30888084703B5996A0420EC
:1000B0000142FBD001200142F8D103BD02B5186610
:1000C0001866FFF7F2FF186E186E02BD00000240BE
:1000D000000000180000070000035F00212200005C
:1000E000F4000018222000A00001001008ED00E03C
:1000F00000000000000000000000000074B24E7A12
:1001000000200420F7010010C3010010C5010010F9
:10011000C1010010C1010010C1010010C101001097
:10012000C1010010C1010010C1010010C701001081
:10013000C1010010C1010010C9010010CB01001065
:10014000CD010010CD010010CD010010CD01001037
:10015000CD010010CD010010CD010010CD01001027
:10016000CD010010CD010010CD010010CD01001017
:10017000CD010010CD010010CD010010CD01001007
:10018000CD010010CD010010CD010010CD010010F7
:10019000CD010010CD010010CD010010CD010010E7
:1001A000CD010010CD010010CD010010CD010010D7
:1001B000CD010010CD010010CD010010CD010010C7
:1001C00000BE00BE00BE00BE00BE00BEEFF3058054
:1001D000103800BEF2EB8871047A0410247A0410FF
:1001E0003402001090A31AE700201F49086006C8D7
:1001F00081F3088810471D48006800282FD10DA4FE
:100200000ECC002902D000F012F8F9E71849194A7B
:10021000002000E001C19142FCD1174988471749ED
:1002200088471749884700BEFDE701C901C29A42C5
:10023000FBD37047247A0410C0000020582100200E
:10024000BC9A04100000042000000420BC9A041092
:10025000001004200010042000000000704709482E
:1002600022F0EAFB0047000008ED00E0000000D0AB
:1002700058210020409D0120110F02108D0A00100E
:10028000391002105756000006005250ABB36053AD
:1002900028B8021006005250861C030238B802101B
:1002A000060052505422A29DB4A5021005005250DF
:1002B000DE65F468BC9A0410F8B5C04606480749E4
:1002C000091A8B10C90FC91810B5491003D0044B77
:1002D000002B00D0984710BD582100205821002045
:1002E00000000000054B10B5002B03D00449054861
:1002F00000E000BFFFF7E2FF10BDC04600000000B5
:10030000C07800201882021010B51400044B0A00B7
:100310000100180023F010FD23680133236010BD95
:100320007882021010B526F007FB25F039FF02286D
:100330000AD003280CD001280BD0FF2025F026FF7F
:1003400025F02EFF0228F4D1022025F01FFFECE754
:10035000032025F01BFFE8E7F0B5C646012400B5F1
:10036000D02782B084409046F0236A460D003F06B5
:1003700001AE138001200021BC611FF097FD320007
:1003800069460223114827F007FF7C6173786A46AB
:100390002B70F123012013800021BC611FF086FD2A
:1003A000320069460223094827F0F6FE43467C6185
:1003B000707818702A78143851424A4143425841A3
:1003C000104002B080BCB846F0BDC04600C003403B
:1003D00030B5050013000F4A83B01478E0B2013441
:1003E000E4B214700C4A0D4C019200940A002900EA
:1003F0000AF028F800280AD02021094A2018936919
:100400001942FCD1237801341360A042F7D103B024
:1004100030BDC046289D0120071000006C60002000
:100420000040034030B5050013000F4A83B0147834
:10043000E0B20134E4B214700C4A0D4C0192009405
:100440000A00290009F0FEFF00280AD02021094AED
:10045000201893691942FCD1237801341360A0421B
:10046000F7D103B030BDC046299D01200710000020
:100470006C60002000800340F0B5334B87B01B78E0
:10048000002B5DD06E236A46D024802504AEFF3356
:1004900033802D3BFF3B93732406203BAD010D20A1
:1004A000D3731EF0B5FE656201210C2065611EF05C
:1004B00085FE01210E201EF081FE01210F201EF07D
:1004C0007DFE2249224826F045F80E236B44190090
:1004D0000122A5611E4827F04FFE022231001C4870
:1004E00027F04AFE0A20002165611FF0DFFC01238E
:1004F00005AF5B423B8010336B4419000122A561BC
:10050000134827F039FE02233A000021104827F053
:10051000F3FD104965610E4826F01CF83B783178F0
:100520007C7872788B4207D00B4D0C480195009473
:1005300023F002FC07B0F0BDA242F5D1084DF4E76C
:10054000084823F0B3FAF5E7229D012050973100C7
:1005500000000440404B4C0090820210CC820210FC
:10056000848202109C820210F0B5DE464E4645465B
:100570005746E0B52E4CA54402F048FA02AB984627
:1005800042462C4B81461B785070137000284DDD7D
:1005900001239B4680239B00002602249A4607E005
:1005A000380029004044013623F09EF9B1453BD084
:1005B000300002F031FA0500300002F03DFA424608
:1005C0002B79A71C13555B464444584060702D6836
:1005D000280027F0EDFB421CBC185445E0D9BBB203
:1005E0001549164C0A78D0B20132D2B20A70144AB8
:1005F000012101920094424609F024FF00280AD00C
:100600002021104A201893691942FCD12378013423
:1006100013608442F7D183239B009D44F0BCBB460A
:10062000B246A946A046F0BDA3B2D9E70223D7E758
:10063000F4FDFFFF309D0120289D01206C6000200B
:100640000710000000400340F0B557464E464546AF
:10065000DE46E0B59FB015AD2A00B04BB04E13CBCF
:1006600013C213CB13C213CB13C26A46AD4B1D2169
:10067000938533780BAAD8B20133DBB23370AA4B1F
:100680000193AA4B9A460093022309F0DBFE00284F
:100690000BD054462021A64A504493691942FCD1FC
:1006A0002378013413608442F7D114201FF06CFCCE
:1006B0006A46A04B1D21138633780CAAD8B20133A9
:1006C000DBB23370984B019353460093022309F039
:1006D000B9FE00280BD054462021954A5044936916
:1006E0001942FCD12378013413608442F7D1574674
:1006F00032201FF049FC904B904C0793904B08938D
:10070000904B0693904B0593904B09938B4820F0A8
:1007100059F92968894820F08DF8022108201EF037
:100720004DFD022109201EF049FD2B79002B00D040
:10073000D4E0C022236B12021340854A13600023C9
:10074000012208217D4820F04FF901217B4820F04B
:1007500089F9A369DB0607D41022A3691A42FCD1E8
:100760002368A3691A42F8D0A968079823F0E4FA2D
:10077000089A4B211378D8B20133DBB213706A4B5D
:10078000002201930097002309F05CFE00280AD0A4
:10079000390020223818A3691A42FCD10B780131A4
:1007A00023608142F7D11FF03FFD0023694A801882
:1007B000594102900391002904DA0122664B52420A
:1007C0000292039300220021069809F06DFE039B1C
:1007D000624E98460DAB99469A4600239B461023DD
:1007E00041469C46736A99424ED8B06A029A90423A
:1007F00001D2994248D05946059823F09DFA5B46AC
:10080000002B00D179E0564823F096FA5B46102B76
:1008100000DD7CE00DAA9046524E984433004646D7
:10082000A8464D46B9461F0029783800013523F007
:1008300083FAAE42F8D15B4645464F46102B68DC42
:100840005D2023F0E9F84849099823F075FA0C3542
:100850001EABAB4200D059E7384820F0B3F8E12195
:10086000364849021FF0E6FF022108201EF0A6FCD0
:10087000092002211EF0A2FC00201FB0F0BCBB46E4
:10088000B246A946A046F0BD6246A3691A42A9D164
:1008900088461021294A93691942FCD15B461168A8
:1008A000C9B21F2B01DC5346197001239C460698E0
:1008B000E34427F081FC01239C46069A2B4BE2443B
:1008C000D358002B00D18AE75946059823F034FA13
:1008D0002749099823F030FA0120CEE702210A20A7
:1008E0001EF06CFC02210B201EF068FCC023226B62
:1008F0001B029343164A136021E71B49099823F012
:100900001BFA0C351EABAB4200D0FFE6A4E7102368
:1009100080E7184823F010FA92E7C04640820210A0
:10092000289D012002DAFFFF071000006C60002004
:100930000040034003B8FFFF008302100080034023
:10094000299D0120F0800020148302107091021074
:100950003090034020A10700FFFFFF7F00400540CB
:100960001C83021020830210288302101410000040
:100970003083021050880210F0B50500081E17D011
:1009800000220C4C0C490D4E0DE0238801329BB225
:10099000F35C92B22B702388013501339B059B0DCC
:1009A0002380904204D027880B889F42EDD110000D
:1009B000F0BDC0460E9D0120109D0120F07C00205E
:1009C000024B034A1B889BB213807047109D012085
:1009D0000E9D012010B5040027F0EAF9031E0BD08C
:1009E0002021064A2000E41893691942FCD10378BB
:1009F000013013608442F7D110BDC046008003402F
:100A0000194BF0B59C460123CE4647460726804643
:100A1000994680B5154A164D164C11782B78994297
:100A20001CD013785B00195D1378C9B25B00E31822
:100A30005F781378F8B2013333401370022F04D07B
:100A40000128EAD14346197009E00429E5D163463B
:100A50004946197011782B789942E2D10020C0BC28
:100A6000B946B046F0BDC0463C9D01201C9D01200A
:100A70001B9D0120682B0020024B034A1B78DBB230
:100A8000137070471B9D01201C9D0120F0B5DE46B0
:100A9000454657464E46E0B5394C8025A544D024FE
:100AA0006D0524061C201EF0B3FB65620A20A561BB
:100AB0001FF06AFAE1216561324C490220001FF003
:100AC000B9FE022100201EF079FB022101201EF058
:100AD00075FB022102201EF071FB022103201EF093
:100AE0006DFBC023226B1B029343274A082113602E
:100AF0002000002301221FF077FF012120001FF0BA
:100B0000B1FF00222149224809F0CEFC14202149DE
:100B10001EF090FC012114201EF048FC5023A3631A
:100B2000626B183B13401C4A13601FF07DFB0023CF
:100B30001A4A12184B41002B02DA0122184B52427A
:100B4000184906910978002909D1180016494C6AFC
:100B50008442FCD38D6A954201D200F04AFC6420A5
:100B60001FF012FA114B124E0A9332781B789A42F8
:100B700001D101F0B7FE0F4B0721349323E0C046AB
:100B800084FDFFFF0040034030500340C1000020BF
:100B900028400020F103002034500340C0C62D003F
:100BA000FFFFFF7F219D0120004005401B9D01208C
:100BB0001C9D0120682B00200A9B32781B789A42EA
:100BC00001D101F057FE349A337894465B00D05C33
:100BD00033785B0063445A783378D2B201330B40E8
:100BE00033700428E8D1012AE6D1FA4B1A709846EE
:100BF000F94B1A000E9306231370F849F84825F0B4
:100C0000E9FB012104201EF0D9FA012106201EF083
:100C1000D5FA012107201EF0D1FA12201EF0F8FAB1
:100C2000D02480232406DB026362052063611EF06A
:100C3000EFFA20231520636263611EF0E9FA802336
:100C40009B031320A3621EF0E3FA80231B031420EE
:100C5000A3621EF0DDFA80235B031620A3621EF060
:100C6000D7FA802386AADB039446A3621523634444
:100C70001A008BA91220FFF76FFBDA4B86AA944665
:100C800018702093172363441A0016236344190035
:100C90000520FFF761FBD44B012518701D2021931F
:100CA0001EF0B6FA80239B051820636299461EF059
:100CB000AFFA80235B0404211720A3621EF07EFAA2
:100CC0000322CA4B0D20DA64C94B1A6880239B02A9
:100CD00053401B0CC74A1B0413602A00C64B1B68F9
:100CE0009A43C64B1A601EF093FA80239B016362FD
:100CF0009B4663614B4600210A20A3611FF0D6F892
:100D00005B460120A3611FF03FF94B46032063615E
:100D10001FF03AF9BA49BB4825F05CFB01210F20CE
:100D20001EF04CFA01210E201EF048FA002386AA7C
:100D300013768CA90122B34827F01EFAB24BB34AAE
:100D40001900B048049327F017FA8EAB9A461800A2
:100D50001922002122F0C2FD19225146A94827F08C
:100D60000BFAA84825F0DAFB5B460A2063611FF006
:100D70000BF963681B0E1D40A54B1F931D7001D11D
:100D800001F06CFCA34822F091FEA34B2F939349F2
:100D90009C4825F01FFB01210C201EF00FFA0121B9
:100DA0000D201EF00BFA01210E201EF007FA012182
:100DB0000F201EF003FA9949994825F08DFC032174
:100DC00010201EF0FBF9032111201EF0F7F900227C
:100DD000012110201EF00AFA0022012111201EF02C
:100DE00005FA1B201EF014FAD024802324061B05CC
:100DF000192063621EF00CFA80239B041A206362A0
:100E00001EF006FA8023DB04A362FFF735FB43469E
:100E10001B78002B01D101F0FEFB824B1B93824813
:100E200001F09CFD814801F0BBFD219B1F991A78C0
:100E3000209B12021B78097813431B9A090412782D
:100E40000B43120613438C93002386AA93838CA82A
:100E500001F0ACFD764801F0C1FD764801F0BEFD21
:100E6000754801F0BBFD754801F0B8FD744801F00C
:100E7000B5FD744801F0B2FD734801F0AFFD734851
:100E800001F0ACFD08F0D8FE23F080F9704825F0A1
:100E9000DBF902F013FB6F4B1800169301F080FF93
:100EA000FFF762FB43461B78002B01D001F0ABFB40
:100EB000694B99460A2022F0AFFD684C200022F0D1
:100EC000F5FD674822F0F2FD200022F0EFFD209BA7
:100ED0001B78002B01D101F090FB624B624F19008F
:100EE0001993624822F028FF209B1B78002B01D029
:100EF00001F07AFB5E4D0A2022F08EFD219B390025
:100F00001B78002B00D019995A4822F015FF219B1D
:100F10001B78002B01D001F05FFB0A2022F07CFD42
:100F20001F9B1B78002B01D101F051FB524B2F99D5
:100F30003993524822F000FF1B9B1B78002B01D1F4
:100F400001F037FB4E4B19003A934E4B1800639358
:100F500022F0F2FE43461B784B49002B00D0494655
:100F60004A4822F0E9FE069B49491B78002B00D035
:100F70004849494822F0E0FE01F048FD474B010096
:100F8000180022F0D9FE200022F090FD444B1800FA
:100F90002E9322F0D1FE1FF047F9002901D101F074
:100FA00002FBFA220023920021F0DEFD3D4B3E4A77
:100FB000689318603D4B289210933D4B3D4A09932E
:100FC0003D4B13920F933D4B3D4A0D933D4B299260
:100FD0000B9379E0379D0120309D0120404B4C0060
:100FE00000C00340359D0120369D012000000540D2
:100FF00048000540481005403C0005403C100540B5
:1010000040420F000000044030BB02109A960100DD
:10101000229D01200C84021038830210A08601005A
:10102000001B0020349D0120D10300102504001076
:1010300064520410105304109456041054550410B4
:10104000AC550410005604103056041058560410C5
:1010500025030010C083021080830210B0840210A8
:10106000D48402104C83021050830210E8840210D2
:10107000F8840210148502105C830210248502108B
:1010800068830210348502108C830210448502109C
:10109000948302106083021054850210648502104C
:1010A000DC8902108470002074700020329D0120C1
:1010B000209D0120239D0120289D01206C6000209F
:1010C0001440002040820210D44BD54A1A93D54BCD
:1010D000D54F3293D54B6093D54B1293D54B62933A
:1010E000D54B1792D54A9B462292D54A2392D54A90
:1010F0002492D54A3092D54A2592D54A1492D54A9F
:101100002692D54A1C92D54A2792D54A2A92D54A88
:101110002B92D54A1D92D54A3C92D54A1E92D54A69
:101120003D92D54A2C92D54A1892D54A6D92D54A0D
:101130006E92D54A6F92D54A7492D54A7692D54A24
:101140007792D54A7892D54A3392D54A7992D54A40
:101150007B92D54A7E92D54A7C92D54A7D92D54AD9
:101160007F92D54A8192D54A8592D54A3E92D54AF8
:101170008692D54A8792D54A8092D54A8292D54A9C
:101180008892D54A8992D54A4392D54A4492D54A03
:101190004592D54A1592D54A3592D54A4692D54AB6
:1011A0004C92D54A4D92D54A3692D54A4E92D54A5E
:1011B0004F92D54A5092D54A5692D54A5792D54A1F
:1011C0005892D54A5992D54A5A92D54A5B92D54AF5
:1011D0003F92D54A4092D54A4192D54A4292D54A49
:1011E0002D92D54A3192D54A4792D54A4892D54A4E
:1011F0004992D54A4A92D54A4B92D54A5192D54AFC
:101200005292D54A5392D54A5492D54A5592D54ACC
:101210008392D54A8492D54A5C92D54A5D92D54A4A
:101220005E92D54A5F92D54A6192D54A6492D54A78
:101230006592D54A3792D54A6692D54A6792D54A81
:101240003892D54A6992D54A6A92D54A6B92D54A64
:101250006C92D54A3B92D54A7092D54A7192D54A42
:101260007292D54A7392D54A7592D54A7A92689B02
:101270005D469846349B0C9799461EF0D5FF002991
:1012800000D1FEE1FA220023920021F06DFC83469A
:101290000A9B32781B789A4241D011954D460DE059
:1012A000049B012B00D1C9E101F096FC002800D07D
:1012B000A5E00A9B32781B789A422ED043465A46C4
:1012C0001A60099B1B78002B00D07DE10722337840
:1012D0005B00E95CCBB2069333785B00EB185C787B
:1012E000E3B20493337801331340524633700B9BBF
:1012F000243391CB91C211CB11C20429D0D901F072
:101300006BFC00287BD1049B012BD2D101F07EFB2A
:101310000A9B32781B789A42D0D1A946119D0C9B2A
:1013200003241A78109B1B789A4218D004960C9FBD
:10133000109E3B789901C91889006B18685C5A881F
:10134000043192B2C0B2691801F064FC3B780133F9
:1013500023403B703A7833789A42EAD1049E129B3C
:101360001B78002B00D0ABE1139B1B78002B00D027
:10137000D3E1179A1378002B10D000231370229B0F
:101380001978239BC9B21A78249BD2B21878199B7A
:10139000002800D0309B259822F0CEFC149B1B78AF
:1013A000002B00D0D0E108F041FC00280CD0099BB4
:1013B0001A78002A08D1434659461B68CB1A81493E
:1013C00041438B4200D92CE201F006FC002800D0FA
:1013D000ADE1189B1B78002B00D04EE7002022F0D7
:1013E000B7FC431C772B00D91AE16D9A9B00D358A8
:1013F0009F46844201D0FFF7B2FBFFF7A8FB049998
:10140000069801F0BFFB01F0E7FB002800D050E791
:10141000169801F0C5FCFFF7A7F84AE7808502108F
:10142000249D012090850210339D0120A885021083
:101430002A9D0120B4850210E0780020259D01201E
:10144000279D0120269D0120A0830210CC8502103B
:10145000179D0120199D0120169D01200A9D012044
:101460000C9D0120089D0120189D0120A8830210D9
:101470000C880210B4830210F08502103B9D0120FD
:10148000E8B80210308602105C8602108C860210CA
:10149000A4860210CC860210DC860210C8830210DB
:1014A000F886021008870210CC83021018870210F9
:1014B00028870210408702107487021028BB021090
:1014C0001F9D012088870210B4870210D483021068
:1014D000E0830210CC870210DC87021018BB0210D8
:1014E0000888021010880210208302102088021041
:1014F0002C880210548802100CBB02103E9D012063
:1015000080880210A4880210D8880210FC8802107B
:101510002C8902105C89021098750410F09C002040
:10152000808902109C890210D0890210E089021083
:10153000C8BA0210148A0210288A021050880210B9
:101540002C8A0210388A021058A20210408A021017
:10155000299D01206C8A0210888A0210908A02104C
:10156000A48A0210EC830210FC830210B48A0210D9
:10157000D08A0210E88A0210048B02100C8B021031
:101580001C8B021009030010248B02102C8B0210FC
:10159000388B0210448B0210548B0210608B0210A7
:1015A000748B02107C8B0210F49C0020948B021030
:1015B000A08B0210B4A00210B08B0210C48B0210DA
:1015C000D88B021060EA00000022099B1A7008F014
:1015D00027FB53460F9A187013780F21D8B20133A6
:1015E000DBB21370BB4B524601930D9B009301235A
:1015F00008F028FF00280DD00D9B20219C461C00E0
:10160000B54A604493691942FCD1237801341360D0
:101610008442F7D10722337801331340337048E610
:101620000400AB460C9F22F0F7F90D2C02D00A2CD7
:1016300000D01CE6729822F07FFB18E65246069B0B
:101640001A989B00D15822F077FB01F0C5FA814629
:10165000002800D0D3E601F0D9F9069B022B23D055
:10166000032B14D0012B00D023E60E9B1B78002BFC
:1016700000D1B3E0013BD8B20E9B1870FEF774FFA7
:1016800017E6FA21890021F031FA834600E60E9B25
:1016900001381B780022834201DA0133DAB20E9B53
:1016A0001A70FEF761FF04E60E9B187801F0C4F98A
:1016B000002800D095E08949329801F0A9FBF8E5AF
:1016C0000023129A212013705246222428990B7865
:1016D00013700A684B68120A1B06134386AA121875
:1016E00086A8137000191A0A027001341A0286A81B
:1016F000120E00190270242086AA12181B0E1370F5
:1017000052464B79613053715146062201F0AAFAD4
:10171000139B1B78002B00D12BE60023139A2999E9
:1017200013700A788920013201F09CFA21E601F059
:1017300005FA01F051FA002800D04AE6169801F0A7
:101740002FFBFEF711FF44E60023149A1F99137034
:10175000219B09781A78209B12021B7809041343F5
:101760001B9A0B431278269C1206134352468E9303
:101770002378504613711C9B1B78537101F016F9A6
:10178000279A2B9813889AB204922A9A128803886F
:1017900021781D98CFB21C9900780C781E9992B2CE
:1017A0008C469BB2C0B2002C01D03C998C461D994E
:1017B0000C781E99640700D53D990391614601900C
:1017C00002912C980499009722F0B6FA01F004FADD
:1017D000031E169810D101F0E3FAE4E50138C0B217
:1017E0004AE70E9B187801F05DF9002807D13B49C4
:1017F000609801F00DFB5CE501F0F4F9EBE74A4677
:101800000E9C129B20781A7001F006F9006801F016
:10181000C7FA207801F000F90168629822F08CFA8A
:1018200047E5012309990D9C0B7053461A700F9AD6
:101830000F211378D8B20133DBB21370254B524617
:1018400001930094012308F0FDFD002800D1BBE5C1
:10185000A4462021204A604493691942FCD1237890
:10186000013413608442F7D1AEE5369B4D9A1B7864
:101870004E98D45C0C9F210022F05EFA524603235E
:10188000547013700F9A1D211378AB46D8B20133F0
:10189000DBB213700F4B524601930D9B0093022352
:1018A00008F0D0FD00280DD00D9B20249C46190087
:1018B000094A604493691C42FCD10B7801311360E2
:1018C0008142F7D1369C0C212078013021F00EF9AD
:1018D0002170CCE40710000000400340DC0500004C
:1018E00055980C9F22F0E2F80A201DF091FCD024BC
:1018F00080232406DB000022A36201210A201DF0C0
:1019000075FC00210A201EF0D1FA6368AB465B0526
:10191000849AD90F002B00DA839A5C9822F00CFA93
:1019200009201DF075FCD024802324069B00A362AF
:101930000022012109201DF059FC0A2000211EF07F
:10194000B5FA6168AB4C8905C90F5D9822F0F4F9CE
:1019500020001FF037F8E121200049021EF06AFF45
:10196000022108201DF02AFC022109201DF026FC7E
:10197000C022236B120213409F4A082113602000EB
:10198000002301221FF030F8012120001FF06AF827
:10199000A369DB0607D41022A3691A42FCD123688D
:1019A000A3691A42F8D05246944B5E98136022F015
:1019B000C3F9514620228F4CA3691A42FCD10B78FF
:1019C000013123608FAB9942F6D164201EF0DCFA1E
:1019D0005F9822F0B1F9A369DB0601D500F0EEFDB6
:1019E00000239946FF3310259846824CA3691D4277
:1019F000FCD1434621681598194022F09DF9012336
:101A00009C46A369E1441D4202D14B46202BEDD1F7
:101A10004946619822F090F929E477980C9F22F0CA
:101A200045F81F9BAB461B783999002B00D02F99A6
:101A3000D0231B065A687898D201D20F22F07CF985
:101A4000209B33991B78002B00D01999799822F0AC
:101A500073F9219B33991B78002B00D019997B983F
:101A600022F06AF91B9B33991B78002B00D03A991E
:101A7000639822F061F901F0AFF87E99002801D057
:101A800000F0A0FD7C9822F057F9279B7D981988DB
:101A9000269B89B21A78D2B222F04EF9D0200006E5
:101AA00041684268436844680120E40A9B0A520A7C
:101AB000090A034002400140204000907F9822F034
:101AC0003BF9819822F038F9FFF7D1FB46980C9F3B
:101AD00021F0ECFF09201DF09BFBD024802324067D
:101AE0009B000022A362012109201DF07FFB0A2038
:101AF00000211EF0DBF96368AB469B05DC0F1EF08E
:101B000093FB00233E4A80185941002902DA012044
:101B10003C494042D0231B068046002200259C46BB
:101B20003948436A994212D8806A404501D29942A5
:101B30000DD0230029004C9822F0FEF80221092044
:101B40001DF03CFB2E9822F0F7F8FFF790FB634660
:101B500001205B6801325B0A0340E41A601E844185
:101B60002D191C00DCE73E9B859A1B788698D45C77
:101B70000C9F210022F0E0F85246022354701370AB
:101B80000F9A1D211378AB46D8B20133DBB2137024
:101B90001E4B524601930D9B0093022308F052FC0A
:101BA00000280DD00D9B20249C461900184A604443
:101BB00093691C42FCD10B78013113608842F7D144
:101BC00007233E990A78013213400B70FFF74FFB51
:101BD00087980C9F21F06AFFFEF736FD1B9BAB46F2
:101BE00082991870002800D08099889822F0A4F873
:101BF000FFF73DFB008003403090034055AA0FF0F3
:101C000080841E00FFFFFF7F00400540071000009A
:101C100000400340D24C4B980C9F21F047FF20001E
:101C20001EF0D0FEE121200049021EF003FE022139
:101C300008201DF0C3FA022109201DF0BFFAC022BE
:101C4000236B12021340C74A0821136020000023AF
:101C500001221EF0C9FE012120001EF003FFA3692E
:101C6000AB46DB0607D41022A3691A42FCD12368D5
:101C7000A3691A42F8D0519A4B211378D8B2013394
:101C8000DBB21370B84B002201930D9B009300232D
:101C900008F0D8FB00280DD00D9B20249C4619008D
:101CA000AF4A604493691C42FCD10B780131136048
:101CB0008142F7D1529822F03FF800251EF0B4FA85
:101CC000AA4C24184D41002D02DA0124A84D64428B
:101CD00000239946A74B06940795049598464D46D0
:101CE0001022434604985B6A984200D9D3E34146E8
:101CF000069C896AA14202D2984200D1CBE3A94650
:101D00004946549822F018F8FFF7B1FA944C3F98DE
:101D10000C9F21F0CBFE20001EF054FEE12120009C
:101D200049021EF087FD022108201DF047FA02211A
:101D300009201DF043FAC022236B12021340894A86
:101D4000082113602000002301221EF04DFE012116
:101D500020001EF087FEA369AB46DB0607D41022E5
:101D6000A3691A42FCD12368A3691A42F8D01EF075
:101D70005BFA0025804C24184D41002D02DA012425
:101D80007B4D6442002399467A4B04959846330074
:101D90004E4699461022434604985B6A98420ED8F4
:101DA0004146896AA14201D2984208D04B46B146C9
:101DB0001E004946409821F0BFFFFFF758FA684BD4
:101DC0009B691A42E7D11022654B99690A42FCD1FE
:101DD00019681598C9B2013621F0AEFF330701D159
:101DE00000F0AAFD80235B009E42D3D14B46B14652
:101DF0001E00604B04995A6A9142DAD89B6AD8E770
:101E000089980C9F21F052FE10229446439BAB46CA
:101E10001D0063449846534B514C994650481EF060
:101E2000D1FD29684E481EF005FD022108201DF055
:101E3000C5F9022109201DF0C1F9C022236B12024D
:101E400013404A46082113604548002301221EF032
:101E5000CBFD012142481EF005FEA369DB0607D435
:101E60001022A3691A42FCD12368A3691A42F8D050
:101E7000449B20221900181DA3691A42FCD10B783B
:101E8000013123608142F7D1C8201EF07DF8296816
:101E9000459821F051FFA369DB0628D40023994619
:101EA000FF33102598462E4CA3691D42FCD14346B2
:101EB00021681598194021F03FFF01239C46A36932
:101EC000E1441D4202D14B46402BEDD149463598A5
:101ED00021F032FF22481EF075FDE1212048490221
:101EE0001EF0A8FC022108201DF068F926E600215A
:101EF0003598043521F020FFA8458FD1EAE76B988B
:101F00000C9F21F0D3FD1D48AB4621F021FF431C5F
:101F100000D1FFE0C4B2002C01D100F0FEFC01258D
:101F20000BE01F2286AB9B185855EBB29C4200D8A1
:101F3000EAE20135402D00D1E6E2104821F008FF29
:101F4000431CEED1231C3F2C00D93F2300225146D5
:101F5000DBB27A98CA5421F0EFFEFFF788F9C04649
:101F600000800340309003400710000040420F0003
:101F7000FFFFFF7F00400540C0C62D0080841E008B
:101F80009E4C57980C9F21F091FD589821F08EFDA2
:101F900020001EF017FDE121200049021EF04AFC3E
:101FA000022108201DF00AF9022109201DF006F97E
:101FB000C022236B12021340914A082113602000B3
:101FC000002301221EF010FD012120001EF04AFD19
:101FD000A369AB46DB0607D41022A3691A42FCD1E1
:101FE0002368A3691A42F8D0599B00255C681B68D6
:101FF0000493059410239846804C4246A3691A42E4
:1020000022D0002021F0A4FE431C2BD01B282DD170
:102010000135012D3FD0022D4DD1049A059B1100B1
:102020001943EAD07749059B4A6A9342E5D8896A01
:102030000498814218D29B1A5A42534142465B424D
:102040001D40A3691A42DCD14246A3691A42FBD162
:10205000FF202368184021F093FD002021F078FE36
:10206000431CD3D1002DD8D10025C6E7FF215A9BB0
:10207000014002229B5E8B4206D02022A3691A42B5
:10208000FCD100252160B8E72023A2691342FCD1CE
:102090000D232360F1E71EF0C7F800235A4A1218F7
:1020A0004B4104920593002BB7DA0122574B524261
:1020B00004920593B6E75B9821F03EFEFFF7D7F850
:1020C00067980C9F21F0F2FC5148AB4621F040FE8E
:1020D000431C1FD0C4B2002C01D100F021FC01250B
:1020E0000BE01F2286AB9B185855EBB29C4200D8E0
:1020F000F2E10135402D00D1EEE1454821F028FE06
:10210000431CEED1231C3F2C00D93F230022514613
:10211000DBB2CA54389821F00FFEFFF7A8F86F9889
:102120000C9F21F0C3FCFA20AB46D0248025C000D0
:102130001DF02AFF749824066D0521F0B7FC1C20C1
:102140001DF066F865626420A5611DF01DFF76989C
:10215000656121F0F1FDFFF78AF850980C9F21F09E
:10216000A5FC0023524613702A4BAB469846202507
:10217000294C0F9A1E211378D8B20133DBB21370A9
:10218000434601930D9B52460093012308F05AF9F0
:10219000011E0BD00D9B9C461A006144A3691D4291
:1021A000FCD11378013223608A42F7D1534652465C
:1021B0001B780133DBB21370072BDAD9C2E46498C1
:1021C0000C9F21F073FC00236599524637988E933B
:1021D00001F02EFA8E996698AB4621F0ADFDFFF71F
:1021E00046F856980C9F21F061FCFEF745F92E98B1
:1021F000AB4621F0A1FDFFF73AF8C046008003404E
:10220000309003400040054020A10700FFFFFF7F02
:1022100080841E00071000000040034041980C9F7E
:1022200021F044FC429B10249B4606950C97119686
:10223000CC4D28001EF0C6FB5B46280019681EF036
:10224000F9FA022108201CF0B9FF022109201CF034
:10225000B5FFC0222B6B12021340C34A0821136042
:102260002800002301221EF0BFFB012128001EF0E0
:10227000F9FBAB691C4206D1AB691C42FCD12B684F
:10228000AB691C42F8D00A201DF07EFEB54A936966
:102290001C4206D193691C42FCD1136893691C420D
:1022A000F8D01DF0C1FF0023B04A12184B41049230
:1022B0000593002B04DA0122AD4B524204920593A0
:1022C000049D059E00239946A64B31009C462A009A
:1022D00033004E46A748456AA9425AD8876A9742B2
:1022E00001D2A94255D0B146B046182E01DD1823BF
:1022F00098465B464A4619682D9821F01DFD4B46CD
:10230000002B73D0434656460027D0461D00317837
:102310001598013721F010FD0136AF42F7DB4B462F
:102320004546182B5BDC319821F006FD514600260E
:102330000022494403E0013501328D420BD02B7855
:10234000180020385E28F6D9F13B58424341013548
:10235000F6188D42F3D164204946504320F09EFB8D
:102360000100489821F0E8FC002E03D03100499884
:1023700021F0E2FC4A9821F099FB04239C467E4B15
:10238000E3449B4500D053E7069B0C9F9B46119E60
:10239000A0E56546AD692C429DD110278846714D58
:1023A0000136A9690F42FCD12D684146A8461F2578
:1023B00086AF7F194546BD55402E8CD16D4DB14637
:1023C000686A04920593814200D8AB6A5B4640225A
:1023D00019682D9821F0B0FC1823984692E7479889
:1023E00021F0AAFC319821F0A7FC9FE7319821F059
:1023F000A3FCBFE76E980C9F21F058FB0F9A0D9C31
:1024000013781A21D8B20133DBB213705B4B002270
:10241000019300940023AB4608F014F8002801D182
:10242000FEF725FFA44621002024554A6044936905
:102430001C42FCD10B78013113608842F7D1FEF7C2
:1024400016FF4F980C9F21F077FC0723524613800C
:102450000F9A0D9C13781D21D8B20133DBB2137093
:10246000464B5246019300940223AB4607F0EAFF25
:10247000002801D1FEF7FBFEA44621002024404A9B
:10248000604493691C42FCD10B780131136088428F
:10249000F7D1FEF7ECFE334B9B691A4200D020E4E3
:1024A0001022304B99690A42FCD11B68D9B2203BFB
:1024B000DBB25E2B00D93BE2080021F0ADFA01351A
:1024C000802D00D00CE42B4B04995A6AA946914206
:1024D00000D915E49B6A13E4231C3F2C00D93F2349
:1024E00000225146DBB2CA54504601F0DDF8011E0D
:1024F00005D15146699821F01FFCFEF7B8FE6A9895
:1025000021F01AFCFEF7B3FE231C3F2C00D93F2319
:1025100000225146DBB2CA54FF230024002598460E
:10252000184821F015FC431C10D043461840A04029
:1025300008340543202CF3D180231B029D420AD985
:1025400029006C9821F0F8FBFEF791FE759821F0B8
:10255000F3FBFEF78CFE3B9B98461C00A844002D25
:1025600017D1CAE1008003403090034020A107004A
:10257000FFFFFF7F004005400CBB0210071000006A
:102580000040034080841E0020700134444500D187
:10259000B3E16B4821F0DCFB431CF5D1739821F0CB
:1025A000CBFBFEF764FEFA21890020F09FFAFEF7CC
:1025B000FDFC644B64493A93FEF7C7FC002399463F
:1025C000FFF726FA00F00EFB0100FFF75BFA5F4B06
:1025D00019003993FEF7ADFC86AB2800DA7D997DB2
:1025E00021F0AAFBFEF799FC594D86AB28005A7DD5
:1025F000197D21F0A1FBFEF77EFC564F564B3900AA
:102600001993FEF76EFC554B55491800994600F09A
:10261000FFFBFEF74FFC534821F048FAFA208000F8
:102620001DF0B2FCFEF710F84F4B002218704F4916
:102630004F481B9307F038FF15204E491CF0FAFE57
:10264000012115201CF0B2FE50224B4B9A635B6BAC
:10265000183A1340494A1360FEF7E1FB80274848C7
:1026600021F024FA7F010C201CF0D2FD8025676246
:102670000E20A7611CF0CCFD4B46ED0100216562E8
:102680000A20A561A3611DF011FC5B460120A36136
:102690001DF07AFC4B46032063611DF075FC1E2380
:1026A000A7611A00033AFDD21A006561033AFDD210
:1026B000A5611A00A761033AFDD21A006561033AC9
:1026C000FDD2A5611A00A761033AFDD21A00656127
:1026D000033AFDD2A5611A00A761033AFDD21A00A0
:1026E0006561033AFDD2A5611A00A761033AFDD2E4
:1026F0001A006561033AFDD2A5611A00A761033A89
:10270000FDD21A006561033AFDD2A5611A00A761E6
:10271000033AFDD21A006561033AFDD2A5611A00A1
:10272000A761033AFDD21A006561033AFDD215494B
:10273000049A89460120B346A561914486E0C046CB
:1027400080841E0068830210748302105C83021070
:10275000F8840210508302104C8302108083021010
:10276000B80B000094840210349D012089030020DE
:102770004850002021040020008003403490034092
:10278000348402109A960100A7611E00033EFDD218
:102790001E006561033EFDD28E11A561304200D05E
:1027A00066E0A7611E00033EFDD21E006561033E88
:1027B000FDD24E11A561304200D057E0A7611E0046
:1027C000033EFDD21E006561033EFDD20E11A561E0
:1027D000304200D048E0A7611E00033EFDD21E003B
:1027E0006561033EFDD2CE10A56130423AD1A761AA
:1027F0001E00033EFDD21E006561033EFDD28E1019
:10280000A56130422CD1A7611E00033EFDD21E00FF
:102810006561033EFDD24E10A56130421ED1A76115
:102820001E00033EFDD21E006561033EFDD2A56180
:10283000084211D1A76119000339FDD21900656161
:102840000339FDD20132A5614A451CD01178CE1161
:1028500000D199E7676198E76761ECE76761DFE7B7
:102860006761D1E76761C3E76761B5E76761A6E7BD
:10287000676197E7334B9846002342461370324B0B
:102880000E93FEF7BAF9D024802580225E46C82335
:102890001E2124066D01D2010800A5610338FDD276
:1028A000080062610338FDD2013BA261002BF3D125
:1028B00080239B0163610A201DF066FB61681F9AFB
:1028C000C901C90FCBB21370002B07D01F4B1A00E0
:1028D0002F931F4821F030FAFEF759FA1B4B1D4A7F
:1028E0002F93F6E7174B98460023424613701A4B76
:1028F0003493154B0E93FEF780F9379800F0E6FEFF
:102900003B992A00504600F041FE011E0BD12900E0
:10291000709821F011FAFEF7AAFC53461C70FBE5F3
:1029200053461C70E0E5719821F006FAFEF79FFC13
:10293000539821F001FAC2E50A2021F06DF8FFF763
:1029400051FAC046379D0120309D01203883021086
:102950006C84021044830210682B00200A4B10B5CF
:1029600018600023094A00211360094A09481360CE
:10297000094A1370062220F0B1FF102200210748F7
:1029800020F0ACFF10BDC046686000201091002010
:10299000249100200C400020159D0120482A002091
:1029A000014B18607047C0461091002010B504001C
:1029B00006222100064820F097FF064B1B78002BCB
:1029C00004D006222100044820F08EFF10BDC0462E
:1029D0000C400020159D0120502A002009490300C9
:1029E000086810B50F280ADC8022DC6812019442C6
:1029F00005D8054A8400A350431C0B6010BD01207C
:102A00004042FBE72491002028910020014B1868E8
:102A10007047C04624910020002807DB044B1B6848
:102A2000834203DD034B8000C05870470020FCE761
:102A3000249100202891002000282BDB164B1B68D6
:102A4000984227DA154B8000C358002B22D09B6890
:102A5000DA071AD49A0703D5114A5078002813D000
:102A60005A0706D50E4A1178002902D1507800285D
:102A70000AD01A0703D50A4A9078002804D001200A
:102A8000DB0601D5064BD8787047054A1078002838
:102A9000E0D1F9E70020F7E72491002028910020F9
:102AA0000C400020F8B51F4D2B78002B35D10028A5
:102AB00033DB1D4B1B6898422FDA1C4B8000C45837
:102AC000002C2AD02369002B27D0E268002A26D0C8
:102AD000174F0021380020F001FFE068154E431E1B
:102AE00098414042144B3840706034601A6830009E
:102AF000B2609B88B38123699847012803D00123E2
:102B000001202B700AE0E369002B01D030009847C8
:102B100010220021300020F0E1FE0020F8BD01323B
:102B2000D6E7C046159D0120249100202891002061
:102B3000D8940020482A00200C40002070B50F4C8B
:102B40002378002B08D00E4D2B685B69002B03D037
:102B500028009847012800D070BD2378002BFBD0B7
:102B60002B68DB69002B01D0280098470023102236
:102B700000212800237020F0B1FEEDE7159D012013
:102B8000482A002070B5124D0A002C78002C09D07C
:102B9000104E33689B69002B17D001003000984716
:102BA000012801D0200070BD2B78002BFAD03368AB
:102BB000DB69002B01D03000984700231022002150
:102BC00030002B7020F08AFEECE70024EAE7C046D4
:102BD000159D0120482A0020014B18787047C046F7
:102BE000159D0120044B1B78002B03D0034B1B6861
:102BF000186870470020FCE7159D0120482A002036
:102C0000034B10B51B68002B00D0984710BDC04681
:102C10006860002070B5114C13002278002A0AD099
:102C20000F4D2A68166A002E05D00A000100280000
:102C3000B047012800D070BD2378002BFBD02B6853
:102C4000DB69002B01D028009847002310220021C7
:102C50002800237020F042FEEDE7C046159D0120BC
:102C6000482A002070B5114C13002278002A0AD09F
:102C70000F4D2A68566A002E05D00A000100280070
:102C8000B047012800D070BD2378002BFBD02B6803
:102C9000DB69002B01D02800984700231022002177
:102CA0002800237020F01AFEEDE7C046159D012094
:102CB000482A0020F0B54E46DE4657464546E0B568
:102CC0009946354B354C1B68A5440193002B33D0F6
:102CD00002AB1870484698465870002859D0002A10
:102CE00035D091444B46009300239B4680239B00A4
:102CF00017000E0002249A4609E028004946404485
:102D000020F0F2FD009B013704369F421DD0424661
:102D10003B78A51C13555B46444463703368180028
:102D2000994625F045F8421CAC185445E5D9AAB29D
:102D300041460120019B984783239B009D44F0BCA2
:102D4000BB46B246A946A046F0BDA2B2F0E70023BA
:102D50000E00002702249B4609E028000137514657
:102D60004044FFB220F0C0FD0436B945EDD05A46CC
:102D700043461A553368A51C1800444462709A46AD
:102D800025F016F88023421CAC189B009C42E4D925
:102D9000CDE70222CCE7C04668600020F4FDFFFFCB
:102DA000F0B5194B05001E6891B0002E1FD06C467F
:102DB000164A13791178237053796370002902D071
:102DC00002210B4363705178002902D004210B4388
:102DD0006370D278002A02D0082213436370002364
:102DE0002800638024F0E4FF471D402F01D911B073
:102DF000F0BD2900421C01A820F076FD210003202F
:102E0000BAB2B047F3E7C046686000200C4000202B
:102E1000F0B50C4B04001E6891B0002E06D06F4632
:102E2000398024F0C5FFC51C402D01D911B0F0BD7B
:102E30002100421CB81C20F057FD69460820AAB2A8
:102E4000B047F3E768600020F0B5DE4645465746D8
:102E50004E46E0B51B4B1C4C1B6888469B46A54460
:102E6000002B21D06B46E9461970002927D080231A
:102E70009B000600002401259A4608E00134390031
:102E80004844E4B220F030FD0436A04515D0376840
:102E9000380024F08DFF421C2800AD185545EDD9AF
:102EA00082B249460420D84781239B009D44F0BC50
:102EB000BB46B246A946A046F0BDAAB2F1E7012240
:102EC000EFE7C04668600020FCFDFFFF044B10B533
:102ED0001B68002B03D0002200210E20984710BD54
:102EE0006860002030B50124D02584402D0683B0D1
:102EF0000A200021AC611CF0D9FF282000216C6160
:102F00001CF0D4FF01200021AC611CF0CFFF6A4609
:102F10003023D3716B460122D91D044825F02CF9CA
:102F200001206C611DF030F803B030BD00C00340DB
:102F300070B501243F23D026844082B00B4001AD00
:102F400036062B706A7001200021B4611CF0AEFFC0
:102F500002222900024825F00FF9746102B070BD09
:102F600000C003403F230B408021F0B5012483B013
:102F7000D027494284406D46194300233F062970FB
:102F80006B7001AE01200021BC611CF08FFF022399
:102F900032006946034825F0FFF87C61707803B081
:102FA000F0BDC04600C00340F0B5402383B06D467D
:102FB00001245B420B43D02784402B7000233F0643
:102FC0006B7001AE01200021BC611CF06FFF022379
:102FD00032006946034825F0DFF87C61707803B061
:102FE000F0BDC04600C00340F0B54F46D646464649
:102FF000C0B5914682B0002A21D03F239A46D02303
:1030000001271B0687400D000024984601AE51465B
:103010002B786A780B4033704346727001209F61B1
:1030200000211CF043FF02223100084825F0A4F8DB
:1030300043460134E4B25F610235A145E7D102B0F5
:10304000E0BCBA46B146A846F0BDC04600C0034049
:10305000F0B506000800012583B01C4A0023090CC6
:1030600000041FF081FDB5400D23D02601AC3606CB
:103070002370030C6370070000210120B5611CF070
:1030800015FF02222100124825F076F80E23756103
:1030900023703B0A637001200021B5611CF006FF1C
:1030A000022221000A4825F067F80F2375610120EC
:1030B000237067700021B5611CF0F8FE0222210028
:1030C000034825F059F8756103B0F0BD80BA8C0152
:1030D00000C0034070B5012482B0D026F4236A46B4
:1030E00084403606138001AD01200021B4611CF03C
:1030F000DDFE02232A0069460A4825F04DF8012228
:103100007461AA566B78002A07DB1BB2D80FC0186F
:1031100040104A3840B202B070BD013BFF3B1BB2C9
:10312000F4E7C04600C0034030B5012483B0D02589
:103130006A46844036232D06D37101200021AC61FC
:103140001CF0B4FE6B460122D91D034825F014F88B
:103150006C6103B030BDC04600C0034030B50124EF
:1031600083B0D0256A46844034232D06D3710120D4
:103170000021AC611CF09AFE6B460122D91D034868
:1031800024F0FAFF6C6103B030BDC04600C00340BC
:10319000F0B50124D02784403F0683B00D00012004
:1031A0000021BC6116001CF081FE6A467E23D371AB
:1031B0006B460122D91D054824F0DEFF32002900AC
:1031C000024824F0D9FF7C6103B0F0BD00C0034089
:1031D000F0B5DE46454657464E460124E0B5D026BA
:1031E0008440362385B0360603AD2B7001208A4615
:1031F000B461002190461CF059FE01222900574875
:1032000024F0BAFF3B23746101202B700021B461CC
:103210001CF04CFE01222900504824F0ADFF012093
:1032200000217461B4611CF041FE7F236A46D371B2
:103230006B460122D91D494824F09EFF4346424671
:10324000402B00D9402292B25146D026434824F068
:1032500093FF35233606746101202B700021B46181
:103260001CF024FE012229003C4824F085FF43463F
:103270007461402B31D8D026FA27360603E064204B
:1032800000211CF013FE6B4601201F810021B46158
:103290001CF00CFE02232A00304802A924F07CFF17
:1032A00074616B785B06EAD1FA20002180001CF083
:1032B000FDFD362301202B700021B4611CF0F6FDCA
:1032C00001222900254824F057FF746105B0F0BCA5
:1032D000BB46B246A946A046F0BD402399463F33BF
:1032E0009B46FA276B4601201F810021B4611CF028
:1032F000DDFD02232A00194802A924F04DFF6022B7
:1033000074616B781A42EDD15A4613404022494607
:10331000D31A4246521A1F1C91B29BB28B4200D95B
:10332000171C01200021B4611CF0C0FD6B465A46F9
:10333000D91DDA710948012224F01EFF5146BFB29F
:103340003A0049444F44054824F016FFBBB2994661
:103350007461984500D88EE7C3E7C04600C00340BB
:10336000F0B5C646012400B5D02782B0FB238440C7
:1033700015006A463F061380012001AE8846BC61F5
:1033800000211CF093FD022332006946224824F0FC
:1033900003FF7F2211007C617378002019401A42DC
:1033A00003D102B080BCB846F0BD081CA94200D9C8
:1033B000281CD0252D06C7B200210120AC611CF0CD
:1033C00075FDFF236A46694613701348012224F0F5
:1033D000D3FE42463B0000210F4824F08DFE3A23E5
:1033E0006C61012033700021AC611CF05FFD012293
:1033F0003100094824F0C0FE34236C610120337091
:103400000021AC611CF052FD01223100024824F081
:10341000B3FE38006C61C4E700C003400020704771
:103420008023FA2200B50131FF3183B009030091F6
:103430005B01694605485200019323F089FA002890
:1034400001D103B000BD05204042FAE785340010E9
:103450000131FF3108038018FA2210B584B001ACA5
:103460000293069B0190210005485200039323F02C
:103470006FFA002801D104B010BD05204042FAE7E0
:103480009134001010B503C824F066FE10BDC0468C
:1034900010B507C824F048FE10BDC04618008023B0
:1034A0005B059C4610B50131FF3162440903891860
:1034B000029A20F019FA002010BDC04670B5264EC1
:1034C000264D3100280086B00CF0C0FF011E21D02F
:1034D000234820F031FC310028000CF017FF041EB7
:1034E0002FD1310028000CF0B1FF041E2ED11D4950
:1034F00028000DF05DFB1C4928000DF059FB1B490D
:1035000028000DF055FB280019490DF051FB194812
:1035100020F0CCFA0122184B694628001A700DF0F1
:1035200007FD002808D1019A0299144820F004FCF4
:103530000024200006B070BDFF21114820F0FCFBE4
:10354000F6E721000F4820F0F7FBF2E721000E48D4
:1035500020F0F2FBEDE7C046CC5104108C70002047
:10356000408C0210A48C0210B08C0210C48C02108B
:10357000248B0210D48C02102D9D0120FC8C021093
:10358000288D0210688C0210808C021070B5124CCD
:103590000D002478160096B0002C19D00F4C0200B4
:1035A0000F4B200001A90DF069FA00280ED12A0066
:1035B000330001A920000DF0AFFA050001A9200099
:1035C0000DF066FA721B531E9A41504216B070BD40
:1035D00001204042FAE7C0462D9D01208C7000205A
:1035E00002050000F0B5104B0D001B78160097B0D7
:1035F000002B16D00D4F02000123380001A90DF059
:103600003DFA041E0AD101A933002A0038000DF04A
:103610006FFA01A9040038000DF03AFA200017B043
:10362000F0BD01246442F9E72D9D01208C7000203B
:10363000F0B5C64600B51A4B0F001B789046D0B0C7
:10364000002B2AD0174D020001A928000DF0AAFB7B
:10365000061E1DD10EAC2200280001A90DF0FEFBB4
:10366000002811DD237A2E2BF5D02378012BF2D1FF
:103670004246616810A8B8472200280001A9013617
:103680000DF0ECFB0028EDDC280001A90DF0D6FBC5
:10369000300050B080BCB846F0BD01267642F7E756
:1036A0002D9D01208C700020064B01001B7810B569
:1036B000002B03D004480DF05FF810BD01204042FC
:1036C000FBE7C0462D9D01208C700020094B0100B6
:1036D0001B7810B5002B09D007480DF069FA0300DC
:1036E00011335A1E93415B42184010BD01204042E5
:1036F000FBE7C0462D9D01208C70002000B5074BD4
:1037000001001878C3B0002806D06A4604480DF0BE
:1037100091F943425841C0B243B000BD2D9D0120F4
:103720008C700020F0B51E00184B0D001B781400A3
:1037300097B0002B27D0164F0200164B380001A976
:103740000DF09CF9002801D017B0F0BD23002A002D
:10375000380001A90DF0E0F9844210D11C9B320021
:1037600001A938000DF0D8F9040001A938000DF0C6
:103770008FF91C9B181B431E98414042E4E7380018
:1037800001A90DF085F901204042DDE72D9D0120C2
:103790008C7000200205000010B59468074B2100D2
:1037A000193918680023022905D8D0231B06596847
:1037B0000123E1400B40136010BDC046C857041000
:1037C00011680B00193B022B02D9074B1868704790
:1037D00001239068D0228B4012065362002801D04A
:1037E0005361F2E79361F0E7C857041001235B428D
:1037F0001360014B18687047C8570410024B1B88B0
:103800001360024B186870470A9D0120C8570410C6
:10381000024B1B781360024B18687047189D0120FB
:10382000C8570410014B18687047C046C8570410A9
:10383000044B1B68002B01D001225A75024B1868FB
:103840007047C046043C002038570410024B1B78D8
:103850001360024B18687047199D0120C857041067
:1038600010B5FFF733FB014B186810BDC8570410A3
:10387000F0B585B0956814001E000EF0A9FD8542D4
:1038800015D2401B092812D90D4B0E4A1B78176818
:10389000002B11D00A220C4901A820F025F80A2299
:1038A000701901A920F020F80023236001E0074BE4
:1038B0001F68380005B0F0BD013B2360F9E7C04642
:1038C000149D0120C85704103C2A002050570410B2
:1038D000F0B5CE46474680B583B0966815001C000B
:1038E0000EF076FD864231D2801B05282ED91C4B66
:1038F0001C4A98461B781768D9B2002B2ED0062296
:10390000194968461FF0F0FF6B461B7841469C46FC
:103910006B469A78581C5B7812021A438378A41974
:103920001B041343C27812061A436B4658790023CE
:103930000B70634623700123110A6270A170110C91
:10394000120EE170227160712B6001E0074B1F685D
:10395000380003B0C0BCB946B046F0BD2960F7E7F7
:103960002A9D0120C857041074700020505704107D
:10397000F0B54F464646D646C0B51D001368C0B0E8
:103980009846136A16699946976894690EF020FD67
:10399000864202D2801BA04207D2174B186840B063
:1039A000E0BCBA46B146A846F0BD6B4642465F80D1
:1039B0001A806A46012313714B4649469BB21B0A83
:1039C0000532EA4611705370F82C12D86B4622006B
:1039D000A919D81D1FF088FF534600221B1908346F
:1039E000DA7116205146A2B2FFF70AF9034B1868A4
:1039F000D5E7F824EAE7C04650570410C85704102A
:103A000030B5138911881B0485B0194300916946AC
:103A1000108B138A156A946A000403430B22142046
:103A200001930D818C72FFF7EBF8024B186805B01B
:103A300030BDC046C857041010B5138911881B0447
:103A400084B0194300916946108B138A146A0004EC
:103A500003430A22152001930C81FFF7D1F8024B92
:103A6000186804B010BDC046C857041010B519201E
:103A700000220021FFF7C4F8014B186810BDC046B2
:103A8000C8570410F0B54F464646D646C0B51D008F
:103A90001368C0B09846136A166999469768946986
:103AA0000EF096FC864202D2801BA04207D2174B32
:103AB000186840B0E0BCBA46B146A846F0BD6B46B7
:103AC00042465F801A806A46002313714B4649467E
:103AD0009BB21B0A0532EA4611705370F82C12D8BB
:103AE0006B462200A919D81D1FF0FEFE5346002286
:103AF0001B190834DA7116205146A2B2FFF780F87C
:103B0000034B1868D5E7F824EAE7C046505704107D
:103B1000C857041000B5136985B001A90B810123B2
:103B20009068126848800A80054A142002920B228D
:103B30008B72FFF765F8034B186805B000BDC046EF
:103B400001000100C857041010B5138911881B0427
:103B500084B0194300916946108B138A146A0004DB
:103B600003430922172001930C72FFF749F8024B17
:103B7000186804B010BDC046C857041000B51368DB
:103B800083B001A901220F200B70FFF739F8024B17
:103B9000186803B000BDC046C8570410F0B5C6464B
:103BA00000B5A0B096681D00176814690EF010FCEF
:103BB000864202D2801BA04205D2104B186820B06A
:103BC00080BCB846F0BD6B46E8461F707E2C12D80C
:103BD0006B462200A919581C1FF086FE434600229E
:103BE0001B1902345A7009204146A2B2FFF708F8A7
:103BF000034B1868E3E77E24EAE7C04650570410F9
:103C0000C8570410137A00B51078117C1B02090400
:103C10000343127E0B431B0283B012061B0A13439D
:103C20000A20042201A90193FEF7EAFF014B18685C
:103C300003B000BDC857041010B5136982B014005A
:103C4000926801A90A701D2002224B70FEF7D8FF6E
:103C500000232360014B186802B010BDC857041040
:103C600010B582B0694693681469180A12688870A2
:103C70001802000E0A704B70C8701B0E062210202E
:103C80000B714C71FEF7BCFF014B186802B010BD00
:103C9000C8570410F0B591B016681C0095681769F4
:103CA0000EF096FB864202D2801BA84203D20B4B39
:103CB000186811B0F0BD3F2D0ED82A00A119684632
:103CC0001FF012FE00236A466846B9B25355FFF74B
:103CD0009FF8034B1868ECE73F25EEE750570410B8
:103CE000C857041010B514681220FFF71DFA210000
:103CF0001220FFF7ADF91220FFF730FA014B1868D8
:103D000010BDC046C857041010B514680520FFF751
:103D10000BFA21000520FFF79BF90520FFF71EFA9B
:103D2000014B186810BDC046C857041010B51220CA
:103D30001400FFF7CFF9024B2060186810BDC04691
:103D4000C857041010B505201400FFF7C3F9024B43
:103D50002060186810BDC046C857041070B51668BA
:103D60001C0095680EF034FB864202D2801BA842EC
:103D700002D20B4B186870BD402D07D81220AAB292
:103D8000A119FFF725FA074B1868F4E74025122020
:103D9000AAB2A119FFF71CFA024B1868EBE7C0465C
:103DA00050570410C857041070B516681C00956869
:103DB0000EF00EFB864202D2801BA84202D20B4BB1
:103DC000186870BD402D07D80520AAB2A119FFF7C9
:103DD000FFF9074B1868F4E740250520AAB2A1199E
:103DE000FFF7F6F9024B1868EBE7C046505704108E
:103DF000C8570410F8B5976814001D0016690EF036
:103E0000E7FA874202D2C01BB04202D20B4B1868BD
:103E1000F8BD402E08D81220F2B2E919FFF7A0FA37
:103E2000074B20601868F3E740261220F2B2E91928
:103E3000FFF796FA024B20601868E9E75057041024
:103E4000C8570410F8B51568122096681469FFF772
:103E50006BF90222072D03D802232D011D436AB2FC
:103E600012211220D2B2FFF763F8002E00D106E132
:103E700035093607002330002900BF4A1EF074FEC2
:103E8000032D00D80CE2062D00D866E20C2D00D8D8
:103E90006BE2182D00D8F8E0312D00D86DE2632DCB
:103EA00000D877E2C62D00D87FE2C6235B009D4292
:103EB00000D881E2B14B9D4200D889E2B04B9D42CF
:103EC00000D892E2AF4B9D4200D89BE2AE4B9D42A0
:103ED00000D8A7E2AD4B9D4200D8BEE2AC4B9D425C
:103EE00000D8C7E2AB4B9D4200D8D0E20F230F228F
:103EF0002025ED1AA940D84000250843FF2800D905
:103F0000CEE0002C00D1B1E0A34B9C4215D9A349CF
:103F1000A34B6018E3180021984201D2030010312E
:103F2000A04826189E4200D3C2E120219E4BE018F3
:103F3000B04200D344E33021C0E09C499C4B091BB4
:103F40009C4200D9AEE09B4B1B1B8B4200D3F8E098
:103F500099498C4200D9EFE110219848001B984202
:103F600005D2974B9C4200D9A4E10300202195483B
:103F7000001B984201D2030030219348844200D9AB
:103F8000F2E09248001B834201D90300402190488F
:103F9000844200D971E18F48001B984201D203008E
:103FA00050218D48844200D9ACE18C48001B9842D6
:103FB00001D2030060218A48844200D995E18948F2
:103FC000001B834201D9030070218748844200D935
:103FD000C2E08648001B834201D903008021844847
:103FE000844200D93CE18348001B834201D903008D
:103FF00090218148844200D991E18048001B83428E
:1040000001D90300A0217E48844200D960E17D48A7
:10401000001B834201D90300B0217B48844200D9B0
:1040200092E07A48001B984201D20300C0217848F0
:10403000844200D905E27748001B984201D2030070
:10404000D0217548844200D9F9E17448001B8342AD
:1040500001D90300E0217248844200D96DE0714823
:10406000041BA34200D9F0210A43D2B2102112202E
:10407000FEF75EFF2A0011211220FEF759FF1220E1
:10408000FFF76CF8684B1868F8BD182D00D071E187
:10409000664B9E4200D86DE10422090700090843DF
:1040A000C5B22EE73D4BE0183E4B814200D8F1E00F
:1040B000E3181021984201D9180010315C4BE61822
:1040C000864200D344E140215A4BE3189E4200D877
:1040D000FCE050215848201883424BD96021574BAF
:1040E000E618B04200D8D3E07021554BE018864264
:1040F00000D812E18021534BE318984200D8FFE02A
:1041000090215148201883422CD9A0214F4BE6180A
:10411000B04200D8AFE0B0214D4BE718BE4200D806
:1041200008E1C0214B4BE018874200D8DBE0D021EA
:10413000494BE31883420DD2E02148488446644449
:104140008FE70B00002108E741482018984200D370
:10415000C8E1C0210300F0E739482018834201D9A3
:10416000030080211800D1E731482018834201D98B
:10417000030040211800B2E780BA8C011903000047
:1041800032060000650C0000CB18000097310000DB
:104190002E6300005DC60000D3650C00F014F6FF2E
:1041A0002C9AF3FF1EBCF7FF63EAF8FFD4650C00FE
:1041B0000FEB090010EB0900E1430800E24308009F
:1041C0009C1507009D150700E9320600EA3206003B
:1041D00087F5040088F50400F0210400F1210400B3
:1041E000CD8A0300CE8A03007419030075190300F9
:1041F000C37A0200C47A0200F7100200F81002002D
:1042000066C5010067C50100B98C0100BA8C0100C8
:10421000613D0100623D01007B0801007C08010056
:10422000B2E20000B3E20000C8570410FFFFA7CBC2
:1042300016CDF9FF780AFBFF0FDEFBFF3275FCFF9E
:104240008BE6FCFF3C85FDFF08EFFDFF993AFEFF82
:104250004673FEFF9EC2FEFF84F7FEFF4D1DFFFF6B
:10426000C3482018834200D967E1C248201883421E
:1042700000D94AE7180006004EE7BF4820188342DD
:1042800000D932E1BD482018834200D926E7180042
:1042900006002AE7E018814200D8C0E020210DE79F
:1042A000032D57D1B64B9E4254D9012201231FE65C
:1042B0001E003BE6B34BE618B34BB04200D933E1E6
:1042C000E6184021B04201D806002021330001E762
:1042D000AE482718BB4200D9F0E0AD482718BB42D2
:1042E00000D83EE1C021380022E7AA4820188342C6
:1042F00000D90FE1A8482018834200D834E180217A
:104300000300FEE69D482618B34200D91FE1A148EC
:104310002618B34200D9E7E61E003000EBE69548C8
:104320002618B34200D9D3E098482618B34200D9E2
:10433000F1E61E003700F5E698496018834200D97F
:10434000B2E0904960183021834201D81800102152
:104350000600B9E600220023CAE5062DA5D1904B40
:104360009E42A2D902220223C2E50C2DFAD18D4B26
:104370009E42F7D903220323BAE5312D00D08BE604
:10438000894B9E4200D887E6C906400908430522AA
:10439000C5B2B6E5632DF7D1844B9E42F4D98906A8
:1043A000800908430622C5B2ABE5C62DF7D1804B84
:1043B0009E4200D979E5F2E79D4203D17D4B9E42B2
:1043C00000D977E54906C00908430722C5B298E538
:1043D0009D4204D1EA23DB059E4200D36EE5090627
:1043E000000A08430822C5B28BE59D4204D1EA23A6
:1043F0001B069E4200D365E5C905400A0843092211
:10440000C5B27EE59D4204D1D4231B069E4200D353
:104410005CE58905800A08430A22C5B271E50800F7
:1044200000214BE69D4204D1A8231B069E4200D3E7
:1044300050E54905C00A08430B22C5B261E51800E2
:1044400076E65D482018834259D85C48201883429C
:1044500000D809E60300E0216FE69D4204D1A023C5
:10446000DB059E4200D339E50905000B08430C2209
:10447000C5B246E59D4204D1A0231B069E4200D34F
:1044800030E5C904400B08430D22C5B239E59D4211
:1044900004D18023DB059E4200D327E58904800BED
:1044A00008430E22C5B22CE5364B2021E318984272
:1044B00000D84DE718001031060005E6344BB02156
:1044C000E318BB4200D30EE71F00103138002FE67F
:1044D0002E4BA021E318B34200D32BE71E0010316E
:1044E00037001FE61800030027E6244B5021E3188D
:1044F000984200D8CCE6180010310600F5E52F4BA5
:104500009C460023644484425B4159420F239943F3
:10451000E031A9E5204B7021E318984200D8EFE67E
:10452000180010310300ECE5E31830219E4200D85A
:10453000CCE61E0010313300CCE50E4B9021E31881
:10454000984200D897E6180010310600E4E5114BB8
:104550006021E3189E4200D8DFE61E0010313000D3
:10456000C9E51F003800E3E518000300C9E5C046AF
:104570003C85FDFF08EFFDFF780AFBFF0FDEFBFF28
:10458000FFFF741963EAF8FF16CDF9FF993AFEFFB1
:104590004673FEFF3275FCFF8BE6FCFF1EBCF7FF87
:1045A000FFFFE932FFFFD365FFFF4F97FFFF9F2E0D
:1045B000FFFF3F5DFFFF7FBA9EC2FEFF84F7FEFF55
:1045C00030007BE5F0B54746CE4680B51D009369C7
:1045D00091B09846136A96681400994617690DF0D1
:1045E000F7FE864208D2831BBB4205D3804503D227
:1045F0004346C01A484507D2174B1E68300011B019
:10460000C0BCB946B046F0BD3F2F00D93F273A00A5
:104610006846A9191FF068F900236A46D355009A25
:104620000E4B9A4210D001230D4A1668002B03D07E
:1046300001235B422360E1E729004A466846414482
:10464000FEF7A4FF2060D9E76A46064B92889A429B
:10465000E9D10023E8E7C046505704102F6170707D
:10466000C8570410732F0000F0B54746CE4680B5FA
:104670001D00936991B09846136A96681400994694
:1046800017690DF0A5FE864208D2831BBB4205D3F5
:10469000804503D24346C01A484507D2174B1E68CF
:1046A000300011B0C0BCB946B046F0BD3F2F00D9B4
:1046B0003F273A006846A9191FF016F900236A46F9
:1046C000D355009A0E4B9A4210D001230D4A16681A
:1046D000002B03D001235B422360E1E729004A4617
:1046E00068464144FEF77EFF2060D9E76A46064BE4
:1046F00092889A42E9D10023E8E7C0465057041057
:104700002F617070C8570410732F0000F0B591B07E
:10471000976814001D0016690DF05AFE874202D2F8
:10472000C01BB04204D2154B1D68280011B0F0BD6B
:104730003F2E14D832006846E9191FF0D5F800233F
:104740006A469355009A0E4B9A420FD001230D4AA8
:104750001568002B05D001235B422360E5E73F2667
:10476000E8E76846FEF7A0FF2060DEE76A46064BF2
:1047700092889A42EAD10023E9E7C04650570410D4
:104780002F617070C8570410732F0000F0B5C64633
:1047900000B584B0956814001E0017690DF018FE6E
:1047A000854202D2401BB84205D20B4B186804B0B8
:1047B00080BCB846F0BD00236A4608490848751910
:1047C0000293039300950197FEF732FF039B23604A
:1047D000044B1868EBE7C04650570410E947001037
:1047E000248B0210C8570410F8B51400070023F0FA
:1047F000DFFAA2686668531C1B180500B34203D990
:10480000E3680133E360F8BD2068390080182A00AE
:104810001FF06AF800212368A2685B199954A36805
:1048200001335B19A360EBE7F0B54646D6464F4629
:10483000C0B596681400310008391D0082B06F2998
:1048400048D8802397695B009F4243D8926A90467C
:104850009A423FD823699946236A9A460DF0B8FDDB
:10486000002F42D081454DD24B46C31ABB4249D39B
:104870004346002B24D0824544D25346C01A4045BB
:1048800040D34B46EA18234BF6B299460123310038
:10489000009348463B0021F047FF00281ADB002325
:1048A0002A000093310043464846524421F0B2FFAB
:1048B00000282ADA184B186801235B4223600EE0B7
:1048C0002A00009313483B004A44F1B221F02CFF28
:1048D00000281ADA01235B4223600F4B186802B0EC
:1048E000E0BCBA46B146A846F0BD4346002B0CD00A
:1048F000824507D25346C01A804503D8054BF6B20D
:104900009946CCE7054B1868E9E700232360024B82
:104910001868E4E7001B0020C85704105057041023
:10492000F0B5C6461D0080239669140000B55B01F2
:104930009E4207D901235B421360134B186880BC69
:10494000B846F0BD1369976898460DF041FD87425F
:1049500016D2C31BB34213D3804511D24346C01AAB
:10496000B0420DD3EA1809483300E91923F014FCCA
:10497000361A731E9E41044B764218682660DEE7A5
:10498000034B1868DBE7C046C8570410000004401A
:104990005057041010B514001BF046FC002908D035
:1049A000FA22002392001EF0DFF8044B2060186802
:1049B00010BDFA2189001EF099F8F6E7C8570410D7
:1049C00010B582B06B46D81D1400FCF719F800280A
:1049D00012D10C4B1B78002B05D1FF2323600A4B0F
:1049E000186802B010BD094B1B68002B01D00122D2
:1049F0005A75074B1868F4E76B46DB792360024B66
:104A00001868EEE73C9D0120C8570410043C0020C4
:104A100038570410F0B5CE464746002380B5234DE5
:104A200083B02B706B46177A991D91461E20012288
:104A30000F70FEF7E5F81E4BC82498461D4E11E096
:104A40002B78002B04D043461B789F421BD02A7042
:104A500001201BF099FA6B46013CD81DFBF7D0FFF3
:104A6000002C10D03378DAB2002BE9D0124B1B683F
:104A7000002B01D001225A75104B186803B0C0BC3E
:104A8000B946B046F0BD0E4A2B781068002B09D00D
:104A90000C4B1B78002B05D10B4B1B78DBB24A4625
:104AA0001360EBE701235B42F9E7C046249D012038
:104AB000259D01203C9D0120043C00203857041016
:104AC000C8570410269D0120279D012070B513684A
:104AD000134A1C0082B0934200D91400002B1BD053
:104AE000104E01E0002C17D02500322C00D93225C1
:104AF00028001BF049FA6B46D81DFBF781FF33787D
:104B0000641B002BEED0084B1B68002B01D0012248
:104B10005A75064B186801E0054B186802B070BD65
:104B2000102700003C9D0120043C00203857041051
:104B3000C8570410F0B54546DE4657464E46E0B528
:104B40000B490C4D85B000910B4B29000B4A04001A
:104B500017F076FD002815D0094B1B68984211D03C
:104B600005B0F0BCBB46B246A946A046F0BDC04663
:104B7000013A0010608D0210448D0210508D021019
:104B800094570410D14BD24F009329003B002000D2
:104B9000D04A17F055FD002803D0CF4B1B68984230
:104BA000DED1CE4BCE4E0093290033002000CD4AFB
:104BB00017F046FD002803D0C74B1B689842CFD1A1
:104BC000C94B29009B46C94B20000093C84A5B464D
:104BD00017F036FD002803D0BF4B1B689842BFD1A9
:104BE000C44B2900009320003B00C34A17F028FD66
:104BF000002803D0B84B1B689842B1D1BF4B2900A5
:104C0000009320005B46BE4A17F01AFD002803D02F
:104C1000B14B1B689842A3D1BA4B290000932000E6
:104C20003B00B94A17F00CFD002803D0AA4B1B68C3
:104C3000984295D1B54B29009846B54B200000937A
:104C4000B44A434617F0FCFC002804D0A24B1B6872
:104C5000984200D084E7B04B2900009320005B46C7
:104C6000AE4A17F0EDFC002804D09B4B1B6898421D
:104C700000D075E7AA4B29009946AA4B2000009363
:104C8000A94A4B4617F0DCFC002804D0924B1B6865
:104C9000984200D064E7A54B2900009320004B46C2
:104CA000A34A17F0CDFC002804D08B4B1B68984218
:104CB00000D055E79F4B29000093200043469E4AB1
:104CC00017F0BEFC002804D0834B1B68984200D02C
:104CD00046E79A4B2900009320004B46984A17F06C
:104CE000AFFC002804D07C4B1B68984200D037E70B
:104CF000944B200019000293934B944A00930B00AD
:104D0000290017F09DFC002804D0734B1B689842C3
:104D100000D025E78E4B29009A468E4B2000009349
:104D20008D4A534617F08CFC002804D06A4B1B6850
:104D3000984200D014E7894B2900009320005B467D
:104D4000874A17F07DFC002804D0634B1B6898420B
:104D500000D005E7834B2900009320004346824A98
:104D600017F06EFC002804D05B4B1B68984200D003
:104D7000F6E67E4B2900009320004B467C4A17F054
:104D80005FFC002804D0544B1B68984200D0E7E633
:104D9000784B290000932000774A029B17F050FCC3
:104DA000002804D04C4B1B68984200D0D8E6734BC7
:104DB000200019001F00724B724A00930B0029005B
:104DC00017F03EFC002804D0434B1B68984200D0EB
:104DD000C6E66D4B2900009320006C4A029B17F039
:104DE0002FFC002804D03C4B1B68984200D0B7E64B
:104DF000674B200019000393664B674A00930B0032
:104E0000290017F01DFC002804D0334B1B68984282
:104E100000D0A5E6614B290000932000604A039B67
:104E200017F00EFC002804D02B4B1B68984200D0D2
:104E300096E65C4B29000093200053465A4A17F02F
:104E4000FFFB002804D0244B1B68984200D087E663
:104E5000564B2900009320005346554A17F0F0FBAB
:104E6000002804D01C4B1B68984200D078E65149BA
:104E700020000091504B2900504A17F0E1FB002818
:104E800004D0154B1B68984200D069E64C4B2900B2
:104E9000009320003B004B4A17F0D2FB002804D0BF
:104EA0000D4B1B68984200D05AE6474B29000093EF
:104EB00020003B00454A17F0C3FB002800D187E0E3
:104EC000054B1B68984200D04AE681E0393A001051
:104ED000648D0210708D0210945704106D3A00100A
:104EE000808D0210848D0210908D0210953C001070
:104EF000988D0210853A0010A48D0210153B001009
:104F0000B88D0210493B0010C88D0210D88D0210D8
:104F10007D3B0010E08D02109D3B0010F48D0210CF
:104F2000048E0210C1490010088E0210495300106F
:104F3000188E0210E53C0010288E02102D3D001046
:104F40003C8E0210508E02105D3D0010588E0210F3
:104F5000688E0210F53D0010708E0210453E001064
:104F6000808E0210093D0010988E0210453D001001
:104F7000AC8E0210A93D0010C08E0210D08E02101F
:104F800099370010D88E0210C1370010E88E021039
:104F9000F88E0210C5450010008F021069460010FF
:104FA000108F02100D4700101C8F02108D4700104B
:104FB0002C8F0210053C0010388F0210408F021019
:104FC000713800104C8F0210ED3700105C8F02100A
:104FD000974B2900009320004B46964A17F030FB70
:104FE000002804D0944B1B68984200D0B8E5934B3E
:104FF0002900009320004B46914A17F021FB00281E
:1050000004D08D4B1B68984200D0A9E58D4B290038
:105010000093200053468C4A17F012FB002804D05E
:10502000854B1B68984200D09AE5884B2900009375
:1050300020003B00864A17F003FB002804D07E4B7B
:105040001B68984200D08BE5824B2900009320001A
:105050005B46814A17F0F4FA002804D0764B1B68AF
:10506000984200D07CE57D4B2900009320003B0056
:105070007B4A17F0E5FA002804D06F4B1B68984272
:1050800000D06DE5774920000091774B2900774AE1
:1050900017F0D6FA002804D0674B1B68984200D05E
:1050A0005EE5734920000091724B2900724A17F0A7
:1050B000C7FA002804D0604B1B68984200D04FE527
:1050C0006E4B29000093200053466D4A17F0B8FA42
:1050D000002804D0584B1B68984200D040E5694B2B
:1050E0002900009320005346674A17F0A9FA0028C8
:1050F00004D0514B1B68984200D031E5634B290026
:10510000009320003300624A17F09AFA002804D076
:10511000494B1B68984200D022E55E4B2900009362
:10512000200053465C4A17F08BFA002804D0424B0B
:105130001B68984200D013E5584B290000932000CB
:105140003300574A17F07CFA002804D03A4B1B680A
:10515000984200D004E5534B2900009320005346A9
:10516000514A17F06DFA002804D0334B1B6898425F
:1051700000D0F5E44D4B2900009320004C4A029BDF
:1051800017F05EFA002804D02B4B1B68984200D021
:10519000E6E4484B2900009320005346464A17F0A6
:1051A0004FFA002804D0244B1B68984200D0D7E463
:1051B000424B2900009320004346414A17F040FA31
:1051C000002804D01C4B1B68984200D0C8E43D4B1B
:1051D00029000093200033003B4A17F031FA0028E1
:1051E00004D0154B1B68984200D0B9E4374B290016
:1051F000009320004B46364A17F022FA002804D0CC
:105200000D4B1B68984200D0AAE4324B2900009352
:1052100020004B46304A17F013FA002804D0064B02
:105220001B68984200D09BE42C4B186898E4C04659
:10523000FD3700106C8F02109457041011380010C5
:10524000808F0210393C0010948F0210154A001014
:10525000A48F0210613C0010B48F0210D1380010EE
:10526000C08F021029480010CC8F0210D88F021076
:1052700021490010EC8F0210F48F02100953001026
:1052800008900210195300101C90021025380010CD
:10529000309002102953001044900210FD5200106B
:1052A00058900210395300106C900210E152001017
:1052B00080900210ED52001090900210CD4A001024
:1052C000A090021031380010B09002104D3800103C
:1052D000BC90021095490010D0900210C8570410DD
:1052E000014B18687047C046C857041001235B4241
:1052F0001360014B18687047C8570410014B1868B9
:105300007047C046C857041001235B421360014B2D
:1053100018687047C857041001235B421360014BA3
:1053200018687047C857041001235B421360014B93
:1053300018687047C857041001235B421360014B83
:1053400018687047C857041070B51600114D124CFC
:1053500082B00BE029782368002914D1002B02D0F9
:10536000597D002911D10A201AF00EFE6B46D81D76
:10537000FBF746FB0028EDD06B46DB793360074B2B
:10538000186802B070BD002B01D001225A75044B81
:105390001868F6E73C9D0120043C0020C857041023
:1053A00038570410F0B518220E0083B00021040015
:1053B0001EF094FA80225E4D300029001202FEF7A2
:1053C00011F9072800DC9AE0E56020610CF0FEF995
:1053D0002060002800D19AE08021002249010CF0D1
:1053E0006FFA051E606000D197E021002369E26832
:1053F0002068083116F0B6FE051E5CD1A168606811
:105400000CF040FE002866D1A5684A494A4F009139
:1054100028003900494B4A4A17F012F9011E07D0FB
:10542000484B1B68984203D047481EF085FC12E0A9
:10543000464928000091464B3900464A17F000F9CA
:10544000002825D03F4B1B68984221D03E4B0100DD
:1054500018001EF071FC802300255B00A3826068A9
:105460003D4B1D60002802D00CF0ACFA65600025B1
:105470002068A560002802D00CF0F2F92560122007
:10548000FDF752FE0520FDF74FFE0620404210E0DA
:105490002800FFF74FFB0028D8D1304B320018709E
:1054A0000123A3822C4B21692D481C601EF044FC73
:1054B000002003B0F0BD29002A481EF03DFC6068C2
:1054C0000CF080FA20680CF0CBF900230420636014
:1054D00023604042EDE7244B010018001EF02CFC35
:1054E000A06817F027F960680CF06CFA20680CF0DF
:1054F000B7F90520A560656025604042D9E71B4BE0
:10550000010018001EF018FC01204042D1E71848A5
:105510001EF0CCFA02204042CBE716481EF0C6FA35
:1055200020680CF09DF9032025604042C1E7C04689
:10553000081D012061380010608D0210808D02105E
:10554000E090021094570410789102107139001005
:10555000648D0210F4900210043C00203C9D012058
:105560008C9102105091021064910210049102106B
:105570001C9102103491021070B5037D040088B0B4
:10558000002B22D0416800291FD068461B4A0CF02E
:10559000BBFE002806D06846194A61680CF0B4FECC
:1055A00000280DD100980CF0F5FA051E06D0154B19
:1055B00000201B68AB420BD108B070BD0020FBE798
:1055C000114B010018001EF0B7FB01204042F3E729
:1055D00001AE310060680CF0DFFE29000B481EF0C0
:1055E000ABFB0799002902D009481EF0A5FB0A2051
:1055F0001EF012FA02204042DEE7C046649002101C
:10560000AC91021038570410B4910210D4910210DA
:10561000E491021070B5041E19D0802300255B00B0
:1056200083820B4B40681D60002802D00CF0CAF941
:10563000656000252068A560002802D00CF010F9F4
:1056400025601220FDF770FD0520FDF76DFD70BD92
:10565000043C002010B543689878FDF765FD10BD47
:10566000F0B5DE464E4657464546E0B57D4C050052
:10567000A5441EAA11007C4B51CB51C1186804AC43
:1056800008609B8839AE8B80784B049263606A789F
:105690009846774B1201D3583621764A30001DF0D8
:1056A00041F96B6874499A46AB68A66050469B46C0
:1056B0001DF01CFA8D235B006B4407006E495846B1
:1056C00099461DF013FA08006C491DF00FFA6A495B
:1056D000029058461DF00AFA6749019050461DF0A5
:1056E00005FA080065491DF001FA654E3B003200DD
:1056F0003621009048461DF015F94B46FA21E8681E
:10570000E36089001DF0F2F954AE03003621300049
:105710005C4A1DF007F94346266163611AF084FD77
:10572000002900D170E0FA22002392001DF01CFA3B
:10573000D2235B00EE580433EB5AFA210133994629
:105740006FAB9A460A23861B8900300001931DF037
:10575000CDF94D4F4B463A000090362150461DF092
:10576000E1F853463701A361484BBF1B7F009F42BE
:105770004FD910AB994642204A46454B232113800E
:1057800068441E221EF0AAF8F9262023002249466A
:1057900076006E44CA5430004B4636213D4A1DF017
:1057A000C1F8434623628A23E6615B00EE5633006C
:1057B00080334ED08C235B00EB582F49180098465D
:1057C0001DF094F90800FA2189001DF08FF92A498B
:1057D000019040461DF08AF92F4D304F6D440090E6
:1057E00033003A00362128001DF09CF80A212000E1
:1057F0006562FDF729FBC1239B009D44F0BCBB46BD
:10580000B246A946A046F0BDFA2189001DF06EF906
:105810008EE7380019491DF069F910AB99464A46E0
:105820001B4B060013801E4B9F4209D800261E22E8
:10583000921B023630002E2148441EF04FF8A3E799
:1058400002004220232168441EF048F81E2EEED1AB
:105850009AE7114D0B226D44280012491EF044F8BE
:10586000C4E7C046FCFCFFFFEC9102100C8802105C
:10587000D05204100092021040420F001027000086
:10588000109202103092021040920210EFBA0400FF
:105890002020000000A402105E02000060920210AE
:1058A0000F27000080920210F0B5D6464F464646BC
:1058B000DD23C0B55B00314CC35C0500A544002B63
:1058C00057D02F4B0293D8235B00EB582D4E180076
:1058D0002D4903969A461DF009F928AB80462A49BE
:1058E000504699461DF002F90800FA2189001DF082
:1058F000FDF8264F43463A003621009048461DF0F9
:1059000011F8D6214B466944D62788467F00049378
:10591000EB5B36211E4A40461DF004F84346FA214F
:105920000593EA5B890093009B189A009B18580125
:105930001DF0DCF843AF030036213800154A1CF097
:10594000F1FFDD2306975B000796EB5C02AC002BB2
:1059500011D10821104BE361104B2000A361FDF72A
:1059600073FA94239B009D44E0BCBA46B146A84616
:10597000F0BD0B4BA6E707210A4BEEE7B0FDFFFF9A
:105980008C9202100C88021040420F00F09202101C
:10599000089302102093021034930210D092021048
:1059A0009C920210B0920210F0B54E46DE46574669
:1059B00045468146E0B5804C4278804BA5441201B3
:1059C000D35836217E4A20A81CF0ACFFD02420AB4F
:1059D00010934B467B4E640011961B5D002B00D14B
:1059E000B4E03100012B00D077493BAC774A0091FD
:1059F000200036211CF096FF1E234A46129413966F
:105A0000FF33D35CD0211A009A461D004B46490053
:105A1000585C0832824200DD8CE008231100984671
:105A20000B9314AB9B46CBB20593694B56AF0693D1
:105A3000534607934346B8460DAC089209930A961D
:105A40009223EF004F445B00FB5600269A464A33F0
:105A500012DB50465F4B4B30C0000836984206DCE4
:105A6000073E4A2803DD4B211DF018F806003200DE
:105A7000232120001DF032FF00234A46A355AB33FB
:105A8000FF33D65C5449761B731E9E411D2376421C
:105A90009E430433FF33FF58534638000293039468
:105AA0001DF024F80800FA2189001DF01FF84A496A
:105AB000019038001DF01AF83E363300069A009027
:105AC000362140461CF02EFF5B46424604C39B46EF
:105AD00036239C460135059BEDB2E044AB42AFD185
:105AE000079BD0219A46099B49005C1E4B46E4B2B5
:105AF000089A0A9E585C651D063490423ADCA91C3F
:105B0000C9B2202208ABAD009B185E5100281BD003
:105B1000324B202008AA1218A40010A81351FDF738
:105B200093F9F9239B009D44F0BCBB46B246A946BD
:105B3000A046F0BD421BD3B29846002B36D051464A
:105B400041440A000B936CE7254BE2E7254B3621D5
:105B5000129308ABDD1C4B23FF3528005B42224A21
:105B60001CF0E0FE4B461395185D9C3C0621042575
:105B7000FF3CC6E7362720AB9C4653466F430B9A43
:105B80006744C31A9B1A3621184A38001CF0CAFE13
:105B9000202208AB9B18AD005F51D0234A46A11CC0
:105BA0005B002500D05CC9B20134AAE7002352464D
:105BB000052404250B93A0E71CFCFFFFD052041022
:105BC000A09302100C880210F4840210E4930210D7
:105BD000FC930210A202000040420F0054930210F6
:105BE00080930210B4930210CC9302101894021008
:105BF000F0B557464546DE464E46E0B5474C484A66
:105C0000A54408AB9846474B0700089343465A60A3
:105C1000454B059206931B78002B14D14146434B0C
:105C2000CA608B6004230521414A40469B00C25054
:105C3000FDF70AF9D5239B009D44F0BCBB46B24654
:105C4000A946A046F0BD1100012B00D0394932AC65
:105C50002000394A009136211CF064FE4346059A23
:105C60009C60DA60BA23FF33FC5C069B1A78230041
:105C70000833934235DC08230793079B4DAD1B196E
:105C8000DBB299462D4B0CAE9B462D4B03932D4B0F
:105C90000493DC235B009A4614E0039AA300D358D4
:105CA000049A0193944663016344009320230134D2
:105CB00028005A463621E4B21CF034FE20C63635A0
:105CC0004C4517D05346FB5CA342E6D1039AA30090
:105CD000D358049A019394466301634400933E238E
:105CE000E5E7131BDBB20793002BC6D10523062182
:105CF000042008E00799069A4B1EDBB206311278A1
:105D0000581DC9B206334446059D80002550002A1F
:105D100001D00D4A89E7064A87E7C046ACFCFFFF81
:105D20000C88021050940210389D012060940210DB
:105D3000B4A60210F4840210749402108494021029
:105D4000709400207091002028940210F8B504008F
:105D5000D8258078FDF7C6F86D000A22A078194989
:105D6000FDF742F96159A078FDF772F90222A07897
:105D70001549FDF70DFA6559144928001CF0B6FEC7
:105D80000800FA2189001CF0B1FED62706000F4951
:105D900028001CF0ABFE0E4D7F003300E15B0200DB
:105DA00028001DF0C9FF1DF04DFF2100BC31E25B52
:105DB000FF31A078FDF70CFA06481DF077FE1DF0C4
:105DC00041FFF8BD8C5204106052041040420F0095
:105DD00094940210BC940210F8B50B4E0D00347868
:105DE000172C00D9F8BD094B6701FF181F220100CD
:105DF000380021F0F9FC0023FB77054BA2000134A9
:105E0000D5503470EEE7C046389D012070910020D7
:105E100070940020F0B54546DE4657464E46E0B544
:105E2000456889B02B78032B2AD0012B20D16B8AAF
:105E30002A8A9A4200D9DDE01AF0F6F900294ED1FB
:105E4000FA2189001CF052FED2235B00EA58043389
:105E5000821A9E48E95A824200D953E1002001315A
:105E600089B26882E9529A481DF066FF1DF0EAFE89
:105E7000002009B0F0BCBB46B246A946A046F0BD22
:105E8000AB78123B5A425341142290469844D02397
:105E900042461B065B68D340DB072BD41AF0C4F9DB
:105EA000002922D0FA22002392001CF05DFEDA23A2
:105EB0005B00EB58C01A874B9842D9D9A878FDF7F8
:105EC00033F9FA218448C900FCF7A2FF0223834872
:105ED0002B70FCF765FF2800FFF766FDC8E7FA2284
:105EE000002392001CF040FEAEE7FA2189001CF06E
:105EF000FDFDDCE72800AF22794BBC309A469B6A57
:105F00000021D200FF309B461DF0E8FC1AF08CF90E
:105F100001230393BA33FF339C46AC446346060027
:105F20000F000493059580231B06002499464346E1
:105F30000725A0461C0064220023B6185F41B9451E
:105F400002D80126674F7642300039001AF0AAF9CC
:105F5000D0231B065A680123E240134207D0AB400E
:105F600042461A43D3B2984653469B6A9B46013D2C
:105F7000E1D22300444603999846049B5A465C5458
:105F800053469B6A9B1A584A934200D956E2574B94
:105F9000013103919942C6D1D623AF22059D5B0002
:105FA000D200EA52A878FDF7BFF8042350482B70BE
:105FB000FCF7F6FE2800FFF777FCD8235B00EC58CF
:105FC0004C4920001CF092FD0800FA2189001CF0C9
:105FD0008DFD4849060020001CF088FDD623464C64
:105FE0005B000200E95A200033001DF0A5FE1DF001
:105FF00029FE53E7EC68A8785C436B68E418FDF76A
:1060000093F82100A878FDF723F8A878FDF7A6F803
:1060100000213A4819F04AFF3521A878FCF7C4FF5F
:106020001F2334210340A8789846FCF7BDFF814622
:10603000A878FDF74FF814236A8A0600AA18D356E9
:10604000834200DA107520002A491CF04FFD080039
:10605000FA2189001CF04AFD2649824620001CF0E6
:1060600045FD4B46264F01005246009338004346FB
:1060700001961DF061FE1DF0E5FD8A235B00EA56E6
:10608000B24202DAEE540433EC50A878FDF74CF833
:10609000A2216A8AFF31013292B26A826B5C0133BB
:1060A000DBB26B54072B03D82B8A934200D9DFE66F
:1060B000A2230022FF33EA542800FFF7D1FA6A8AAC
:1060C0002B8A9A4200D2D3E6B6E6C0460F270000DC
:1060D00070950210307500000C950210209502108A
:1060E00000400540FFFFFF7FA0860100790500000A
:1060F000D494021040420F00E0940210DC0500002E
:10610000309502100131D4481DF016FE1DF09AFDA5
:10611000A878FDF709F8D0235B00994600234A468A
:10612000AB542E8A002E00D166E1711E8846922162
:106130002A004900002300208A46B3461332012179
:1061400051560C004B3400DA65E1002B04D00024DA
:1061500014578C4200DD5EE1984504DD022414579B
:106160008C4200DD57E16E68EC68B44690265C43D3
:10617000C700EF1964447600BC515446395549466E
:106180000130C0B20133685499B201328B4500D856
:1061900047E11028D3D1962252009446042252425D
:1061A000AC4404920132E146012794460132934601
:1061B0000C3A2B007F42059262460121AC46BA465A
:1061C000A833039280229A58002006924A4610561D
:1061D0007C229A56824200DB3AE11C001A00783495
:1061E00026008032A0CEA0C25246561C00D11CE12F
:1061F00074269E57864200DB32E11E007036350061
:10620000B046C0CDC0C45C46013400D10DE16C2461
:106210001C57844200DB0CE11C0068344646220017
:10622000A0CAA0C6039D2A006E1C00D1FDE0642513
:106230005E57864200DB17E11E0060363500B0462F
:10624000C0CDC0C4049C013400D1EEE05C241C57D6
:10625000844200DBEDE01C00583446462200A0CA10
:10626000A0C68A1F052900D1DFE054269E5786422A
:1062700000DBFDE01E00503635000796C0CDC0C4DF
:10628000CC1FA046062900D1CFE04C241C578442E5
:1062900000DBCEE01C0048342200079EA0CAA0C646
:1062A0000A00083A072900D1BFE044269E578642DB
:1062B00000DBBDE01E00403635000796C0CDC0C4EF
:1062C00009246442A0468844082900D1ADE03C245A
:1062D0001C57844200DBACE01C0038342200079ECF
:1062E000A0CAA0C60A000A3A092900D19DE03426B6
:1062F0009E57864200DB9BE01E0030363500079635
:10630000C0CDC0C40B246442A04688440A2900D1F1
:106310008BE02C241C57844200DB8AE01C002834CC
:106320002200079EA0CAA0C60A000C3A0B2900D181
:106330007BE024255E5786427ADA1E00203635003F
:106340000796C0CDC0C40D246442A04688440C29E1
:106350006BD01C241C5784426BDA1C0018342200BA
:10636000079EA0CAA0C60A000E3A0D295DD01426C9
:106370009E5786425CDA1E0010363500B046C0CD0E
:10638000C0C4059C013450D00C241C57844250DA00
:106390001C0046460834270024CC24C60F2907D009
:1063A00004229A56824267DA3C0044CB44C41F0060
:1063B000902324225B006646069CD2006244F4507F
:1063C0001071059A013101320592012290465A4618
:1063D00001329346039A3B0001320392049AC2446D
:1063E000013204924A4608329146D0225200B25CF1
:1063F000914200DAE6E6654602231E222B70002356
:10640000FF32AB548D321548AB54FCF7C9FC280061
:10641000FFF7CAFA2CE5013399B201328B4500D956
:106420008DE6012800D9B6E6E6E708331F00BFE78E
:10643000424608331F002432D300BCE76B46D62205
:10644000059D9B895200AB52092B00D826E5A9E592
:1064500008330A001F00EEE7A895021020950210ED
:1064600008331F004A1EE6E708335A461F00E2E7DA
:1064700008331F00049ADEE7059ADCE7F0B5CE4644
:10648000474680B5184E194BF7B0194905000293DD
:1064900003961CF02BFB25AB804615492800994636
:1064A0001CF024FB0800FA2189001CF01FFB114F8F
:1064B00043463A000090362148461CF033FA4B46DA
:1064C00004930D4B02AC06930C4B082107930C4B25
:1064D0002000059608960993FCF7B6FC77B0C0BC7F
:1064E000B946B046F0BDC0460C880210D4950210E3
:1064F00040420F00E0950210F4950210049602103D
:1065000018960210D62300225B0070B5C2520E33DB
:10651000C254040019F088FE00292ED0FA2200236C
:1065200092001CF021FBDA235B00E050A078FCF71E
:10653000D9FC0B221549A078FCF756FDD8235B0047
:10654000E158A078FCF784FDA3788025122B19D0A0
:1065500014206D0318F05CFED0231B069D62A0780A
:10656000FCF7FCFD03230A482370FCF719FCD82331
:106570005B00E058FFF782FF70BDFA2189001CF034
:10658000B5FAD0E71520AD03E4E7C046A0520410E9
:1065900028960210F8B5040043785A4D1B01EB18F9
:1065A0005A68D96842609868E160A060801A1CF05F
:1065B0009DFA8022031C80B25200904200D9131C25
:1065C0008A2223828021002352006382A154043254
:1065D000A3508832A3520832A35219F025FE002995
:1065E00000D189E0FA22002392001CF0BDFAD223E8
:1065F0005B00E0508022200080215200494214308C
:106600001DF06CF9A078FCF76DFCA0780B223E49D8
:10661000FCF7EAFC6378A1781B01EA583B481DF0BF
:106620008BFB1DF00FFB1221A078FCF79BFC1021C7
:106630000600A078FCF796FC18210700A078FCF76C
:1066400091FC334D03003A00310028001DF074FB2B
:106650000D21A078FCF786FC0E210600A078FCF73F
:1066600081FC0F210700A078FCF77CFC294D03007A
:106670003A00310028001DF05FFB1DF0E3FA61686D
:10668000A078FCF7E5FCA078FCF768FD0021224823
:1066900019F00CFC3521A078FCF786FC0500A078E9
:1066A000FCF718FD1F211D4B0200294018001DF0AA
:1066B00043FB0D21A078FCF755FC0E210600A078C5
:1066C000FCF750FC0F210700A078FCF74BFC144DA1
:1066D0003A003100030028001DF02EFB1DF0B2FA35
:1066E000A078FCF721FD01230E482370FCF758FB2E
:1066F0002000FEF7B5FFF8BDFA2189001CF0F6F97D
:1067000075E7C046D0520410B852041030960210FB
:10671000549602108C960210DC050000C8960210F8
:106720000C9702104897021030B50400427A017AA3
:10673000456889B021481DF0FFFA1DF083FA237ADD
:10674000002B05D1637A002B35D00523052101E00C
:1067500012231221AB708E2419481DF0EDFA1DF0A2
:1067600071FA012364002B55D522FF332B800023BF
:106770005200AB540232AB520022BB33FF33EA5417
:106780001048FCF70DFB104B03A903930F4B6A460F
:106790004B600F4B8B600F4BCB600F4B01930F4B3C
:1067A0000B610B231372285D063B01AAFCF782FAEA
:1067B000002009B030BD0120FBE7C0465897021009
:1067C000789702109097021098970210A0970210E5
:1067D000A8970210B097021001010101B8970210AA
:1067E000F0B5CE46474680B595B0012A0AD1446837
:1067F0002078052806D8D04A8300D3589F4604291C
:1068000000D1B1E0002015B0C0BCB946B046F0BD23
:10681000032900D1F7E100D984E0002900D111E279
:106820000229EFD1DD235B00E35C002B00D0F0E117
:10683000D8235B00E558C14928001CF057F9BF492F
:10684000070028001CF052F90800FA2189001CF00A
:106850004DF9BB4B06009846FA239B00012599464B
:1068600002E001354D450CD03B00424640210195E8
:10687000009604A81CF056F804A8FCF73FFF002877
:10688000EFD1D8235B00E3586A460293D6235B001E
:10689000E35A694693816422CA8100932300BC3382
:1068A00002A9FF335C3A04A8FCF73CFF011E00D0AC
:1068B000D2E104A9A3481DF03FFAA348A349FCF77D
:1068C000A7FA35E104299DD8A14B89005B589F4662
:1068D000032900D178E142D8012900D1A9E1022998
:1068E00000D08FE78E235B00E35C042B22D02000D6
:1068F0006370FFF74FFE85E7042900D982E7954BC7
:1069000089005B589F46042900D07BE7A078FCF7FC
:106910000BFC022390482370FCF742FA2000FFF79B
:1069200043F86FE7042900D06CE7DD235B00E35CEC
:10693000002BEED00025894B0022894989481D7023
:10694000FCF776FEDC235B00E552B43BFF3B864858
:106950002370FCF725FA2000FFF74AF952E70120DF
:10696000042900D14FE74DE7A078FCF7DDFB0023B9
:106970007E482370FCF714FA7D4B04A904937D4BE9
:106980006A464B607C4B8B607C4BCB607C4B0293AC
:10699000754B0B610B2313731233FF33E05C183B11
:1069A000FF3B02AAFCF786F92CE72000FFF7F2FD77
:1069B00028E7D0235B00E35C002B00D122E7D52140
:1069C0004900625C013B9A4200DB1BE71E20531C1E
:1069D000DBB26354FF30215C073199429EDA063AFC
:1069E00022549BE7D0235B00E35C002BDDD0D52352
:1069F000AC225B00E35CFF32A3542433DB001A5962
:106A0000D8235B002000E250FFF77CFDFAE6D0239C
:106A10005B00E35C002B00D1F4E6D5225200A35CBE
:106A2000002B00D1EEE6013BDBB2A3541E22FF3265
:106A3000A15C994200D871E7A3546FE7474D2B78CA
:106A4000002B00D1DEE6DC267600A35D4D4A5B011B
:106A50009B1840214C4A04A81BF064FF04A8FCF7D3
:106A600023FEFA21002749488900FCF7D1F90022CA
:106A70003B493C482F70FCF7DBFDA7532000FFF794
:106A8000B7F8BFE6354B1B78002B00D1BAE6DC2106
:106A90004900625C013B9A4200DBB3E6BA20531C1A
:106AA000DBB26354FF30215C07319942E6DA063AE3
:106AB0002254E3E7294B1B78002B00D1A2E6DC220D
:106AC0005200A25C934200D89CE653012D4A40211B
:106AD0009B1804A82C4A1BF025FFB0222C4DD20095
:106AE000290004A8FCF77EFD0300072800DCBCE0B9
:106AF000D8222868A9885200A050043A2000A15248
:106B0000AF21083BBC301A1C9BB2FF30C9008B423E
:106B100000D90A1C92B21F491CF0E6FEDD230122B7
:106B20005B00E254B73BFF3B1B482370FCF738F98E
:106B30002000FEF7B9FE65E62052041040420F0027
:106B4000E89702100C98021024980210DC0500004F
:106B5000385204104C52041020950210389D012028
:106B6000D95D0010B08C0210B897021090970210F7
:106B700098970210A0970210A8970210B0970210E1
:106B80000101010170910020589802108C980210A8
:106B90002C730020347300207C980210364B1B7835
:106BA000002B00D12EE6DC225200A35C002B00D18A
:106BB00028E6013BDBB2A354BA22FF32A15C994222
:106BC00000D85BE7A35459E78E235B00E35C032BFB
:106BD00001D80133D8B28E235B00E054274B04A9BF
:106BE0000493274B6A464B60264B8B60264BCB6049
:106BF000264B0293264B0B610B231373063B02AA11
:106C0000FCF758F8FEE5DD235B00E35C002B00D0C9
:106C1000F8E5FA211F488900FCF7FAF82000FFF791
:106C200095F81D481D49FCF7F3F82000FEF73CFEDF
:106C3000E8E58E235B00E35C0420002BCBD0013B16
:106C4000D8B2C8E7DD235B00E35C002B00D0D9E5B8
:106C50002000FFF757FCD5E511481DF06DF8FA212B
:106C60001048C900FCF7D4F862E7FA210E48C900C1
:106C7000FCF7CEF8C6E5C046389D01209897021073
:106C8000A0970210A8970210B0970210010101010D
:106C9000B8970210C8970210D8970210DC050000C0
:106CA0002C980210489802106C980210012310B51D
:106CB0001E4C1F482370F9F78DFE322019F064F93D
:106CC0001C48F9F787FE322019F05EF91A48F9F7E7
:106CD00081FE322019F058F91848F9F77BFE32206E
:106CE00019F052F91648F9F775FE322019F04CF9EF
:106CF0001448F9F76FFE322019F046F91248F9F7F7
:106D000069FE322019F040F91048F9F763FE32208D
:106D100019F03AF90E48F9F75DFE642019F034F9DC
:106D200000232370F9F74CFE10BDC0463A9D0120A8
:106D30009498021098980210A4980210B498021027
:106D4000C4980210D4980210E0980210F098021033
:106D500004990210F0B5DE46454657464E46E0B56A
:106D60000500564C037AA5442421554A1AA81BF065
:106D7000D9FD0CAB9B461AAB0C932B7A002B15D18B
:106D800059465A464F4B5360CB604F4A4F4B8A602F
:106D90000B6105215846FCF757F899239B009D4449
:106DA000F0BCBB46B246A946A046F0BD6A7B0A923B
:106DB0009A1AD1B20B920C2952D80A9CD2B292469E
:106DC000A34278D00DAB9946414B002607931A2376
:106DD0009846404B23AF08933F4B099319E0E330AB
:106DE00028180490E131097849B203910292069A79
:106DF0003800019200942421079A1BF093FD4B4622
:106E0000013680C30134F6B29946E4B22437B24564
:106E10002DD9414661436B18CF33089A1B780692EF
:106E2000002B02D0CF316B180693E22240462B791B
:106E300094461B1B591E8B411D2160435B428B43B3
:106E400029188C44624612783E339446232AC6D9C8
:106E5000099AE13104920978624649B20391C5E783
:106E60000C220A9CD2B29246A342ABD123E00B9BE8
:106E70000224002B03D053465C1EE4B202342B7A6A
:106E80000A9A52449A4201DBE1B283E71AAA944675
:106E90000A9AE5009B1A52462D19AD0065449B1ACB
:106EA00024210E4A28001BF03DFD5A46A300013460
:106EB000D550E1B26EE723000124E1E79CFDFFFF1E
:106EC000189902100C88021030990210B4A6021012
:106ED0004C99021014990210689902106C990210D2
:106EE000F0B54746CE4680B50B7807000E000C0083
:106EF0008BB0002B11D00A0005E0237053782A00D4
:106F00000134002B09D0551C1B2BF6D153785B2B79
:106F100000D1B1E02A00002BF5D10023237034000A
:106F20002378202B01D0092B01D10134F8E7002B65
:106F300043D0BB79012B46D0200020F039FF222816
:106F400000D881E02022210001A81CF0CDFC6A4677
:106F5000BA4B0026938422230432D6543B7B132B56
:106F600000D89EE0B64BB74AF918B74BF81820F096
:106F700005FBB64B2922F81801A920F035FCB44BCB
:106F8000FE54BC2301222000B249FA5420F0E0FD57
:106F9000002812D0200020F00BFF09280DD8012373
:106FA000FB7219F041F9002900D1B6E0FA22002362
:106FB00092001BF0D9FDB823F8500BB0C0BCB94605
:106FC000B046F0BD01363378202BFBD0092BF9D029
:106FD0005B2B00D1BAE009257B7A7D57172B00D9AE
:106FE00084E030009C4920F0B3FD002800D0A4E0EC
:106FF00030009A4920F0ACFD002800D0F9E03000C4
:10700000974920F0A5FD002870D00A30060020F036
:10701000CFFE041E09D02200013C335D2C2B02D090
:10702000202B00D0EEE0002CF5D11A235D43280080
:10703000E3302200310038181CF056FC00227B1986
:107040001B19E3331A70B8E73B7B132B3DD82A2575
:107050006B437D4A210098183818292220F0C4FB80
:10706000DA2189008C4600213A7B55437B19634421
:10707000013219703A7384E79378911C002B00D188
:107080004BE74B2B00D9ABE0402B00D8ABE0754A67
:10709000413BDBB2DA40D20700D4A4E04B784A1C73
:1070A0002FE72A256B43684A01A998183818292226
:1070B00020F09AFBDA2189008C463A7B55437B19F4
:1070C000634401321E703A735BE75D4B5D4AF91809
:1070D0005D4BF81820F052FA5C4B2922F818210079
:1070E00020F082FB00225A4BFA544AE70622300075
:1070F0005D4920F045FB002814D0BB7A002B00D15D
:107100005BE73000534920F023FD002800D154E70D
:107110000123BC22FB72BB544FE7FA2189001BF00C
:10712000E5FC48E73000514920F012FD0028E4D08A
:107130000123BC22BB72BB54E3E706301FF01EFCE8
:107140001A236B43FB18E133187036E77378303B32
:10715000092B00D93FE7701C1FF010FC44490400C4
:107160008146300020F0F4FC061E00D125E7172CE4
:1071700000DD22E7831D98463B7A9C4201DB631CBD
:107180003B724B461A2544465D43CF357D197B72D1
:107190001A22002128001CF0A1FB200020F008FE8C
:1071A00023002418A3420AD2631E05361A781C0055
:1071B0002C2A01D0202A3ED1013BB342F6D12D4EDC
:1071C00008223100404620F0DBFA002820D10922B5
:1071D000310028001CF088FBBC230122FA54ECE6A5
:1071E0006D2B00D15AE74B780131002B00D048E7D6
:1071F00093E609301FF0C2FB1A236B43FB18E233FE
:107200001870DAE61400052A00D80EE705240CE70A
:107210004346E41A112C00D91124220041462800CB
:107220001CF062FB4A461A2353430022FB181B1929
:10723000CF331A70D0E70134C1E7C0462E2E0000CC
:10724000690300001E0300003F0300005D0600000C
:1072500086060000C89902109099021098990210B1
:10726000A49902108F060000B0990210B89902107C
:107270007C99021084990210D122F0B54468002153
:10728000200087B0D2001CF029FBFF231C4863724A
:10729000FBF786FD657803232C0006219C43091B20
:1072A000C9B20E1C042900D904266300154A1B1913
:1072B0009B009B5802AF0293631C5800C0188000CB
:1072C0008358F6B27B6002290BD0A11C4B005B18DF
:1072D0009B009B58E11CBB604B005B189B009B58BC
:1072E000FB603200022101A81CF0F8FA281B3300D1
:1072F0003900C0B201AAFBF7DDFC002007B0F0BDE9
:10730000D099021038530410F0B54546DE46574672
:107310004E46E0B5C64CC74DA5442A78446823784C
:10732000002A63D0022B6DD1802112A8F9F724FB2B
:10733000AE239946002300269A4612AF002824D097
:107340002B00050098460BE09E2A04D84846511CA5
:10735000A218215293730136B6B20137B54213D049
:107360003B780D2BF7D04A46A25A0A2BECD1514656
:10737000A3189973002A51D14B4652460136B6B232
:10738000E2520137B542EBD1454618F04DFF0029D6
:107390003DD1FA2189001BF0A9FB0600A379012B3E
:1073A00042D0BC23E25C002A04D0B0216258B21A59
:1073B000962A60D8E379002B1AD0E37A002B17D0F5
:1073C000B823E358F61A9C4B9E4211D900232B7028
:1073D000227A002A00D14AE103229848227063737E
:1073E000FBF7DEFC2000FFF7B5FC01E0022B9BD091
:1073F0000020B1239B009D44F0BCBB46B246A94689
:10740000A046F0BD402132A8F9F7B6FAF0E7FA221B
:10741000002392001BF0A8FB0600BFE7210020001C
:107420000E31FFF75DFDA7E7E37A002B0ED0A37ABC
:10743000002B0BD003232370002380486373237138
:10744000FBF7AEFC2000FFF785FCD1E7B022FA2164
:10745000A3584900F31A8B4200D9B0E0B423784A0C
:10746000E358F31A9342C3D97648F9F7B3FA642084
:1074700018F08AFDDEE700226650E254217B0B1CE7
:107480000D2900D20D230D3BDBB2CA1AD7B26373AC
:10749000101C0D2F00D90D20C0B2994200D12DE152
:1074A00032A988462A214B43674903948C4663449A
:1074B000994604AB9A46654BA14402932B0044467F
:1074C0004D46B04600270600934699462B00200003
:1074D000029A24211BF026FA5246BB000137D450F1
:1074E000FBB224342A359E42F0D85A464D46B34664
:1074F000039C4646002A00D1B6E05B46013BDBB266
:1075000001331A000D2B4FD05046591C504F88465E
:10751000990047500C2B47D0991C8C464146880057
:1075200051460F500B2B3FD0D91C60468846514620
:1075300080000F500A2B37D0414650468900131D5A
:107540004750092A30D09B00511DC750082A2BD024
:1075500053468900901D5F50072A25D05146800070
:10756000D31D0F50062A1FD0110050469B00083132
:10757000C750052A18D010005346890009305F50C3
:10758000042A11D0110080000A311F50032A0BD0A9
:107590001300504689000B334750022A04D09B0049
:1075A000C750002A00D10763E379002B38D0294B5C
:1075B00052460E2150465363FBF746FCFAE604ABF5
:1075C0009A46A6505246224F234B04975360976029
:1075D00018F02AFE002925D0FA22002392001BF081
:1075E000C3FAB423FA21E3588900C01A1BF07EFACB
:1075F0009F2502A98C466D00217A65440300009105
:1076000028002A21154A1BF08DF953465246DD60A9
:107610001F61134B062150465361FBF715FC1DE714
:10762000104BC5E7FA2189001BF060FAD9E7C04684
:107630003CFDFFFF3A9D0120DC050000F49902109B
:10764000204E0000989802103F03000000A4021092
:107650000C880210DC990210049A0210189A021089
:10766000349A0210E8990210012301224CE7012309
:10767000627823705300284E9B189B00F058FBF74C
:107680008FFBE578A078647861000B199B00F318F4
:107690001F7A7A1BD2B2131C042A00D90423DBB24E
:1076A0009846BD4234D0022709198900761869002E
:1076B0007468491989000E5932A9329604AEB2464F
:1076C0003770012A13D96E1CB44676006644B600A2
:1076D000A3594B6053465F70022A08D0A419E6688C
:1076E0009F708E60032A02D0A269DF70CA60401BBF
:1076F00043465246C0B2FBF7DDFA79E604AB9A4640
:107700000323064F0022984604970597069713E730
:1077100004AB9A4632A9EAE7385304100C880210E9
:10772000F0B54E464546DE465746E0B58C4C0D005A
:107730001600A544012A00D007E144682778022FEB
:1077400000D11DE100D900E2002F00D1ADE1677842
:10775000032901D100F00FFC00D9B5E2012900D1C5
:10776000A8E0022900D0F0E07A00A1787D4BD21980
:1077700092009A184B005B1856689B00F6187A49DD
:10778000706820F0E5F9002801D100F06DFD637903
:10779000232B01D900F0FCFD337A022B01D100F03C
:1077A00067FDBD23E35C002B01D100F0A2FC6F4814
:1077B000FBF7F6FA01250027AE23A571E752213326
:1077C00099469C22A1440021484692001CF086F86C
:1077D000FF231B02A360BC23A781E55418F024FDFE
:1077E000002901D100F0FCFEFA22002392001BF0D8
:1077F000BBF9B023E0505E4B1A78002A01D100F0AB
:107800001CFF5C4B9846F9F7DBF85B48F9F7E2F8A8
:107810004046F9F7DFF818F007FD002901D100F024
:10782000F0FEFA22002392001BF09EF98246534B91
:1078300004969B464B4603934346059318F0F4FC8D
:10784000002900D158E3FA22002392001BF08CF9A2
:107850005346C01A584501D900F0BBFD802116A837
:10786000F9F78AF8AE2398460023070000259946C9
:1078700016AE00280DD106E29E2A04D84046511CBF
:10788000A218215293730135ADB20136AF4200D137
:10789000F9E133780D2BF6D04246A25A0A2BEBD1F0
:1078A0004946A3189973002A00D02AE343464A4662
:1078B000E252E8E779002B4ECB199B00F3181B7AB4
:1078C000A2789C46002A01D100F002FC013AE3783C
:1078D000D2B2A2709A4201D200F04FFDD21AD0B2B9
:1078E0001A0063469D1AEDB22B1C042D00D9042307
:1078F000DBB2624501D100F050FEC9198900711850
:107900004F68510089188900C95908AE16910221A3
:1079100016AC8C463170012D13D90132D2B2510010
:107920008A189200B958616061467170022D08D0C2
:10793000BF18FA68B170A260032D02D0BA69F17065
:10794000E26032002100FBF7B5F9002095239B008F
:107950009D44F0BCBB46B246A946A046F0BDC04619
:10796000ACFDFFFF38530410689A02109C9A021075
:107970003A9D0120EC980210AC9A02100F270000EB
:10798000032900D174E2042900D10BE20129DCD1E2
:10799000637B002BD9D0227B013BDBB29B46637318
:1079A000D31A191CDBB20D2B00D90D21CBB29A468C
:1079B000934501D100F00AFE59462A234B43B749AB
:1079C00008AE8C4663449946B54BA14498465B4645
:1079D00003933300002556469346A2464C469946EB
:1079E00016AF23004246380024211AF09BFF4A4676
:1079F000AB000135D750EBB224372A349E42F0D881
:107A0000039B5446B2464E465B4500D06BE20123D1
:107A10000122A44D9900581C75500C2B3AD08000BF
:107A2000991C35500B2B35D08900D81C75500A2B6A
:107A300030D08000191D3550092B2BD08900531DE3
:107A40007550082A26D09B00911DF550072A21D099
:107A50008900D31D7550062A1CD011009B000831E7
:107A6000F550052A16D01300890009337550042AF1
:107A700010D011009B000A31F550032A0AD01300E0
:107A800089000B337550022A04D09B00F550002A60
:107A900000D13563E379002B00D1B7E2824B0E2190
:107AA00030007363FBF7D0F94FE7032900D12EE2D2
:107AB00000D949E1012900D1BEE0022900D044E704
:107AC00022706278794E53009B189B00F0586780B3
:107AD000FBF766F9E178A0786478620013199B00DF
:107AE000F3181F7A7D1AEDB22B1C042D00D9042344
:107AF000DBB29946B94200D1F8E212199200B218ED
:107B000057684A0052189200D25908AE16920222C3
:107B100016AC94463270012D13D94A1C904652007F
:107B200042449200BB58636063467370022D08D0D4
:107B3000BA18D768B370A760032D02D09269F370AA
:107B4000E260401A4B46C0B2FBE6032F00D0FCE6D1
:107B5000032900D100E200D9FBE0012900D183E034
:107B6000022900D0F1E6237A002B00D1EDE61A2598
:107B7000237920005D4366193300E2331B78CF354B
:107B80006519637112222900BD30CF361BF0ACFE9F
:107B90003378002B00D1464D2B00464A242116A8ED
:107BA0001AF0C0FEFA2116A8C900FBF731F9424BC2
:107BB00042482360FBF7F4F8E078A57864783B4E00
:107BC000620013199B00F3181F7A391AC9B20B1CF3
:107BD000042900D90423DBB29946B84201D100F050
:107BE0003AFD121902249200B21857684200121886
:107BF0009200D259A446089206AA08AE1470012930
:107C000013D9441CA04664004444A4003B5973604B
:107C100063465370022908D03F19FC689370B46022
:107C2000032902D0B969D370F160281A4B4631009C
:107C3000C0B2FBF73FF888E66378002B00D01DE266
:107C40000226053363701E4B16AC16931D4B636002
:107C50003200022108A81BF041FE33002100280059
:107C600008AAFBF727F870E62379002B00D16CE611
:107C7000013B627BDBB223719A4200D9637320001F
:107C8000FFF768F861E6E37A002B03D0A37A002BB4
:107C900000D09EE3142018F077F9CFE53F030000F1
:107CA00000A402100C880210DC9902103853041052
:107CB00014990210189B021001000100589A02103A
:107CC00028960210509A0210042900D03DE60025A3
:107CD000E04B1D70F8F774FE2570DF48FBF760F885
:107CE00066780323350006229D43521BD2B2171C2F
:107CF000042A00D904276B00D8495B199B005B5804
:107D0000681C169343001B189B005B5816ACFFB20F
:107D10006360022A0BD0AA1C53009B189B005B587F
:107D2000EA1CA36053009B189B005B58E3603A0079
:107D3000022108A81BF0D2FD701B3B002100C0B23D
:107D400008AAFAF7B7FF00E60120042900D1FDE5F3
:107D5000FBE5042900D0F8E50022BE4B1A70F8F7C5
:107D60002FFE627826705300BC4E9B189B00F05883
:107D7000FBF716F8E178A0786478620013199B008D
:107D8000F3181F7A7D1AEDB22B1C042D00D90423A1
:107D9000DBB29946B94200D1A8E112199200B61897
:107DA0007768AEE6A379012B00D1D2E2E379AB4E3E
:107DB000002B18D06278A17853009B189B00F31811
:107DC0005A684B005B189B00D3185D68A4492800D3
:107DD0001FF0BEFE002800D1F0E2A248F8F7FAFD3D
:107DE000642018F0D1F800229A4B1A7001236278AF
:107DF000237053009B189B00F058FAF7D1FFE078EE
:107E0000A5786478620013199B00F3181F7A391A59
:107E1000C9B20B1C042900D90423DBB29946B8422D
:107E200000D1B2E312199200B2185768420012183A
:107E30009200D25908AE1692022216AC94463270C5
:107E4000012913D9421C9046520042449200BB586B
:107E5000636063467370022908D0BA18D768B3709C
:107E6000A760032902D09269F370E260281A69E6DC
:107E7000637B227B19000D31914200DB65E5013304
:107E8000DBB2D11AC8B28B4663730D2800D90D211D
:107E9000C9B29A4200D199E32A225343724A08AEEA
:107EA000944663449946714BA14498463300A246D8
:107EB00000254C460E00994616AF23004246380076
:107EC00024211AF02FFD4A46AB000135D750EBB202
:107ED00024372A349E42F0D85B465446B2464E467A
:107EE000002B00D193E55346013BDBB201331A006E
:107EF0000D2B00D08DE5CDE5FA2189001AF0F6FDB5
:107F0000A6E4210020000E31FEF7EAFFCEE46378FC
:107F1000042B00D882E0564B67701693554B4F4E9A
:107F20001793002316AC0425991C4A00521892009E
:107F3000B2580333A2605A00D3189B00F358E36091
:107F40002A00022108A81BF0C9FC2B0021003800E0
:107F500008AAFAF7AFFEF8E42279217A531C8B4283
:107F600000DBF2E4617B23710B318B4200DC86E69F
:107F70000A3A627383E6A37879009846374ECB19A4
:107F80009B00F3181A7A531E984541DA4346581C51
:107F9000C3B29C46E078A370C31C634500DAF0E1ED
:107FA0006446131A251ADBB2EDB21C1C042B00D94F
:107FB0000424E4B2A446824200D1EBE2CA190227AB
:107FC0009200B2185168420012189200525808AE3E
:107FD00016AC16923770012B11D9013042001218DD
:107FE0009200885877706060022B08D08918CA68A0
:107FF000B770A260032B02D08B69F770E360634611
:10800000320021002800FAF755FE9EE41A4B46E59F
:1080100000230025638000201300C6E70133DAB295
:10802000130006258B436270D71A5A000B4ED218E4
:108030009200B258591C16924A0052189200B25837
:10804000ED1AEDB216ACFFB26260022D00D177E7F7
:1080500069E7C0463A9D0120D099021038530410B8
:10806000C89A0210B49802103F03000000A4021046
:10807000589A0210609A0210E8990210013BDBB294
:108080000322190091430A00062663705D1A53000B
:10809000761A9B18D9499B005B58501C16934300D5
:1080A0001B189B005B58F6B216ACEDB26360022E53
:1080B00000D1CDE5901C43001B189B005B580426A3
:1080C000A360D31C5A00D3189B005B58E360BFE544
:1080D000581EC0B2A0701A1C042B00D20422043A0D
:1080E000D2B2801AE270C0B2FFF7FBFB16AC08AE4A
:1080F00027E500250223A5712370337A3068013B00
:108100005A425341E371FAF74BFEAE2301227668DF
:10811000A581E5520E33E2540023E37218F084F88F
:10812000002900D13DE2FA22002392001AF01CFD42
:10813000B023E050B24B1A78002A00D139E2B14B9B
:108140009846F8F73DFC3000F8F744FC4046F8F755
:1081500041FC637B227B9B46D31A191CDBB20D2B9F
:1081600000D90D21CBB29A46934500D18FE25946F2
:108170002A234B43A44908AE8C4663449946A34B3B
:10818000A144039400254C469846B1465646924673
:1081900016AF23004246380024211AF0C3FB4A469A
:1081A000AB000135D750EBB224372A349E42F0D8C9
:1081B0005246039CB2464E46934500D1F6E15346E3
:1081C000013BDBB201331A000D2B00D162E4904D6C
:1081D0009900581C75500C2B00D15BE48000991C51
:1081E00035500B2B00D155E48900D81C75500A2B53
:1081F00000D14FE48000191D3550092B00D149E40E
:108200008900531D7550082A00D143E49B00911D3D
:10821000F550072A00D13DE48900D31D7550062A88
:1082200000D137E411009B000831F550052A00D138
:1082300030E41000890009307550042A00D129E487
:10824000130080000A333550032A00D122E41100C4
:108250009B000B31F550022A00D11BE489007550B8
:10826000002A00D115E415E4337A022B00D040E750
:108270000123A371674B23810023A37217F0D4FF5E
:10828000002900D1D4E1FA22002392001AF06CFCFC
:10829000B4239C22E050200092000021CF301BF03C
:1082A0001DFB0023AE22A381A352BC33AD3AE2549E
:1082B0000023E37217F0B8FF002900D1B3E1FA22DE
:1082C000002392001AF050FCB023E0504C4B1A7877
:1082D000002A00D1C3E14B4B9846F8F771FB4E489A
:1082E000F8F778FB4046F8F775FB02232370013B53
:1082F000E3714A48FAF754FD454D494B08AE0895DD
:108300007360B56017F090FF002900D186E1FA2272
:10831000002392001AF028FCB423FA21E3588900C4
:10832000C01A1AF0E3FB04A98C46C627217A6744D9
:108330000300009138002A213A4A1AF0F3FA3A4B26
:1083400006213000F76035617361FAF77DFDFFF7B4
:10835000FCFA3648F8F73EFB9620400017F014FE72
:10836000032323700023324863732371FAF718FD47
:108370002000FEF7EFFCFFF7E8FA0020E270FFF7BD
:10838000B0FA40460238C0B2131AE070DBB20CE615
:10839000FA212848C900FAF73BFD237A002B01D1C6
:1083A000FFF7D3FA03232370002321486373FAF7FE
:1083B000F7FC2000FEF7CEFCFFF7C7FA28001E49A5
:1083C0001FF0C6FB002800D110E11C48F8F702FBA3
:1083D00006E5039B049E9946059B9846237A9A4698
:1083E000002B5FD0BD239B465346A3444F46B24665
:1083F000A14600255C461E0028E0C0463853041004
:108400003A9D0120EC9802103F03000000A40210E6
:108410000C88021000FFFFFF889A0210909A021049
:10842000049A0210189A0210349A021098980210B6
:10843000F4990210709A0210D09A0210C498021097
:108440000135EDB21A37B54200D1E4E02100380021
:108450001FF06AFC0028F3D16BB24C465646070069
:10846000002B1FDB2021A84A2B0016A81AF05AFA6D
:10847000AE232773E7520023E372F8F7A1FA16A898
:10848000F8F7A8FA4046F8F7A5FA9620400017F04A
:108490007BFDF8F795FA1A236B43E318E2331B7858
:1084A000257163710023AE22A381A352E372BC2322
:1084B000AD3AE254BA3B2370FE33E3803068FAF7FA
:1084C0006FFCF8F77DFA7068F8F784FA4046F8F721
:1084D00081FA637B227B9B46D31A191CDBB20D2BDE
:1084E00000D90D21CBB29A4693456FD059462A2325
:1084F0004B43864908AE8C4663449946844BA1445D
:10850000039400254C469846B1465646924616AF0F
:1085100023004246380024211AF004FA4A46AB00F0
:108520000135D750EBB224372A349E42F0D8524658
:10853000039CB2464E4693456AD05346013BDBB29C
:1085400001331A000D2B01D1FFF7A4FA714D9800E9
:10855000591C35500C2B01D1FFF79CFA8900981C4F
:1085600075500B2B01D1FFF795FA8000DF1C3550B9
:108570000A2B01D1FFF78EFABF00191DF551092B07
:1085800001D0FFF75BFAFFF785FA16AC08AE281AA0
:10859000FFF7D8FA16AC08AE31E516AC08AEFFF717
:1085A000D0F9FA2189001AF0A1FAC1E501230122CC
:1085B0000DE601221A70F8F703FA574B1800984697
:1085C000F8F708FA322017F0DFFCBAE5514D08AE93
:1085D0000895042100227560B560F560FFF72EFA5A
:1085E000FA2189001AF082FAFFF703F928004B49B3
:1085F0001FF0AEFA00283FD04948F8F7EBF9FFF733
:10860000EFFBFA2189001AF071FA8246FFF70FF9A1
:10861000012301229AE74C46564643E7FA21890096
:108620001AF064FA78E6FA2189001AF05FFA4BE64C
:10863000FA2189001AF05AFA2AE601221A70F8F78C
:10864000BFF9354B18009846F8F7C4F9322017F0F7
:108650009BFCFFF7D8F808AE06AAFFF7E6FA01225E
:108660001A70F8F7ADF92C4B18009846F8F7B2F9E4
:10867000322017F089FC30E628002A491FF068FAFA
:1086800000280DD02848F8F7A5F9FFF7A9FB214DE0
:1086900008AE0895002204217560B560F560AFE56D
:1086A000280022491FF054FA002804D02048F8F787
:1086B00091F9FFF795FB28001E491FF049FA0028A1
:1086C000F4D128001C491FF043FA002804D01B48AD
:1086D000F8F780F9FFF784FB280019491FF038FAF2
:1086E000002804D01748F8F775F9FFF779FB280040
:1086F00015491FF02DFA002801D1FFF771FB13482F
:10870000F8F768F9FFF76CFBB89A02103F03000016
:1087100000A402100C880210EC980210D89A0210E3
:10872000E0980210689A0210A4980210E49A0210CD
:10873000D4980210F09A0210F89A02109898021039
:10874000009B0210F09802100C9B0210049902107A
:10875000F0B54E46DE4657464546E0B54E4C437DA5
:108760000600A544002B29D012AB19004B4A02AFDA
:1087700031CA31C111CA11C11088088092788A703B
:108780000293474B7B609846B37C002B29D104248D
:1087900005210322434BBB6043469200BB50424B32
:1087A0003800A4003B51FAF74FFBEB239B009D449C
:1087B000F0BCBB46B246A946A046F0BD12AB1900BC
:1087C0003A4A02AF31CA31C1106808609088888087
:1087D00092798A710293324B7B609846B37C002B6E
:1087E000D5D04146012B00D031492DAC009120005D
:1087F0003621304A1AF096F84346BC60FB60B37CE1
:10880000002B44D0B31E99462B4B04249B462B4B84
:1088100048AD9A4619E06B2B32D02DD8192B31D0A8
:10882000212B17D1264A36210092280052461AF0F1
:1088300079F8A300FD50B17CE31EDBB2621C9942C3
:1088400016D936350E2A1FD014004B46727D1B5D9B
:10885000002AE0D15A463621009328001AF062F827
:10886000A300FD50B17CE31EDBB2621C9942E8D844
:10887000E11CC9B202348FE76F2BEBD1114AD2E76A
:10888000114AD0E7114ACEE70F24102184E70524CE
:108890000621042280E7C04654FCFFFFFC9E021024
:1088A0000C880210289F021080930210149F02105F
:1088B000F48402103C9F0210649F0210549F021027
:1088C000DC9E0210EC9E0210F49E0210E49E021048
:1088D000F8B5892901D00020F8BD45682978032919
:1088E000F9D1002B37D01378191C102B3CD8CCB2FF
:1088F000A974002B19D0611E072937D9501C01001B
:10890000AE1C3143490731D1A91A06292ED9416835
:10891000006830607160E108022966D12B000932DD
:108920000A33106851681860596021003C481BF0F8
:1089300003FAAB7C002B0BD000243A4FAE1C315D08
:1089400038001BF0F9F90134AA7CE3B29A42F6D858
:108950000A201BF061F8042333482B70FAF720FA41
:108960002800FFF7F5FEB6E71021C0E75178A9709F
:10897000012BDAD99178E970022BD6D0D178297100
:10898000032BD2D011796971042BCED05179A97102
:10899000052BCAD09179E971062BC6D0D1792972FD
:1089A000072BC2D0117A6972082BBED0517AA972F6
:1089B000092BBAD0917AE9720A2BB6D0D17A2973F1
:1089C0000B2BB2D0117B69730C2BAED0517BA973EA
:1089D0000D2BAAD0917BE9730E2BA6D0D17B2974E5
:1089E0000F2BA2D0137C6B749FE7517AA972092BCD
:1089F0009BD0917AE9720A2B97D0D17A29730B2BED
:108A000093D0117B69730C2B8FD0517BA9730D2BE5
:108A10008BD0917BE9730F2B87D1D37B2B7484E7A9
:108A2000749F0210909F0210989F0210F0B5CE46DE
:108A3000474680B5F7B00AAA110005001C4B1D4F30
:108A400051CB51C1188802AC08809B7864208B7090
:108A500002926760EB7C7F21994625AB98464B4696
:108A600058431AF043F8144E4B463621009032001A
:108A7000404619F057FF4346A360AB7C3900012BF9
:108A800000D00E49CA256D440D4A009128003621B8
:108A900019F048FF0B4B06212000E5602761636158
:108AA000FAF7D2F977B0C0BCB946B046F0BDC046BF
:108AB000A89F02100C880210B89F0210F4840210C4
:108AC000D89F0210EC9F0210F0B51C4C0500A54485
:108AD0000DAA11001A4B28AF51CB51C11868194E7D
:108AE0000860988802AC88809B7938008B7102926C
:108AF0000396AA7D144B9200D3583621134A19F0DD
:108B000011FF0497D627E9696F44AB69104A0091B9
:108B10003800362119F006FF0E4B092107930E4B42
:108B2000200008930D4B0597069609960A93FAF7CD
:108B30008BF995239B009D44F0BDC046ACFDFFFF23
:108B4000FC9F02100C8802107C55041010A002102B
:108B50001CA002103CA0021058A002106CA0021031
:108B6000F0B5C64600B5466884B03378012B06D010
:108B7000052B62D0002004B080BCB846F0BD337D28
:108B8000002BF7D0F17C772900D9AEE0072900D877
:108B9000BBE000230F220093624801336A441DF0BA
:108BA00039FEF17C002806DBB37C0F2B03D85A1C5E
:108BB000F318B27499700131C9B2F174772900D9F0
:108BC00093E0072900D8A4E000230F220093554822
:108BD00001336A441DF01EFEF17C002806DBB37CE5
:108BE0000F2B03D85A1CF318B27499700131C9B213
:108BF000F174772979D8072900D88EE000230F2255
:108C00000093484801336A441DF004FEF17C0028BB
:108C100006DBB37C0F2B03D85A1CF318B27499707F
:108C20000131C9B2F17477295FD8072946D80131DB
:108C3000F1743000FFF7FAFE9CE7FA334027202555
:108C40009846394C00201BF083F8431C0BD0A369D5
:108C50001D42FCD1434618402060B369013F0133F7
:108C6000B361002FEED1FF234027102598462E4CEC
:108C7000A3691D420DD1A3691D42FCD14346206862
:108C8000013F18401AF07CFFF3690133F361002FB4
:108C9000EED117F0C9FA002932D0FA22002392004F
:108CA00019F062FFFA22336A5200C31A934200D2CB
:108CB00060E730623000FFF707FF5BE700230F2219
:108CC0000093184801336A441DF0A4FDF37C00288A
:108CD00006DBB27C0F2A03D8511CB218B174937012
:108CE0000133DBB2F374772BA3D90023337502333E
:108CF0000E483370FAF754F83000FFF729FD39E7D2
:108D0000FA21890019F0F2FECCE70131C9B2F17401
:108D100057E70131C9B2F1746DE70131C9B2F1749D
:108D200083E7C046001B0020008003408CA0021097
:108D3000436810B51B78052B00D010BD00220B4BEB
:108D40000B481A7017F03EFEE1210948490217F05E
:108D500071FD0221082016F031FA0221092016F0D7
:108D60002DFA04481AF0E8FFE7E7C0463B9D0120D2
:108D70000080034098A00210002370B5446886B0BC
:108D80000A482380A375FAF70BF802A90A00084BDA
:108D9000607870CB70C21B681360064B01AA019308
:108DA0000423F9F787FF002006B070BDB8A00210B9
:108DB000885504100404040470B50C0086B0012A20
:108DC0000BD145682878052807D88B4A8300D358EB
:108DD0009F46022963D0042C48D0002006B070BD05
:108DE000002978D00429F8D10024844B84481C70D1
:108DF00017F0E8FDE1218248490217F01BFD02212E
:108E0000082016F0DBF90221092016F0D7F97D4879
:108E10001AF092FF7C482C70F9F7C2FF68782BE0BB
:108E2000032900D197E035D8012900D19AE0022921
:108E3000D3D16B78002B00D182E0012B00D1D6E09A
:108E4000022B00D196E0FA2170488900F9F7E0FF83
:108E5000C3E70429C1D100232B7502336C482B7062
:108E6000F9F79EFF2800FFF773FCB6E7002366487A
:108E70002B70F9F795FF687801A90A00654B70CB54
:108E800070C21B681360644B6A4600930423F9F7B1
:108E900011FFA2E7081F43425841C0B29EE76B7D15
:108EA000002B4DD003232B700023AB7401336B7563
:108EB0005A48F9F775FF01A80200594B32CB32C26C
:108EC00012CB12C20521F9F7BFFF002200211C209E
:108ED000F9F796FE81E7A87D0321013019F006FE1F
:108EE000AC61EC61464CA975200017F06BFDAB7DC1
:108EF0004C4E9B009959200017F09CFC0221082041
:108F000016F05CF90221092016F058F9C022236BF3
:108F100012021340444A200013600821012200235A
:108F200017F062FD2000012117F09CFDAB7D3F484A
:108F30009B0099591AF000FF2800FFF7C5FD4CE788
:108F400001223B482A706B82AA82F9F729FF280088
:108F5000FFF76CFD41E76B78022B01D80133D8B2E3
:108F6000687089E76B780320002BF9D0013BD8B2F9
:108F7000687081E703332B700023214CAB61200024
:108F8000EB612B6217F01EFDAB7D264E9B009959BD
:108F9000200017F04FFC0221082016F00FF90221E3
:108FA000092016F00BF9C022236B120213401E4A4F
:108FB0002000136008210023012217F015FD200076
:108FC000012117F04FFD0021152016F0EFF90122C5
:108FD0000A4B18481A70F9F7E3FE2800FFF774FDF2
:108FE000AB7D15489B0099591AF0A6FEF5E60322C1
:108FF0002A700022AA745AE73C5504103B9D0120B8
:109000000080034098A00210B8A00210A8850210AA
:109010008CA002108855041004040404989F0210C8
:10902000985504107C550410309003400CA1021098
:10903000C8A00210D4A00210E4A002107047C046DD
:10904000F0B5454657464E46DE46E0B52E4C2F4B12
:10905000A54414AA1100070031CB31C118882C4E49
:1090600008809B7801248B7008AB994608924A4689
:10907000284B2FAD53600793274B9B46274B9A46AF
:10908000274B52460693274B05933B00984673792E
:109090004F46002B00D0069A43461B5D0599002BD6
:1090A00000D0214943461878631E984215D01F4BC3
:1090B0000291019232683621009228005A4601340A
:1090C00019F030FCBD60042C09D0737B0836524681
:1090D00036350437002BDFD0DDE7154BE8E74B468C
:1090E000079A08215A614A46124B48469361124B2F
:1090F000D361F9F7A9FEB7239B009D44F0BCBB46A2
:10910000B246A946A046F0BD24FDFFFFC0A1021053
:10911000D45504100C880210D0A10210ACA102108A
:10912000A8A10210B8A10210B0A10210E0A1021083
:10913000DC890210E4A10210FCA1021070B5012A22
:1091400029D14068032928D038D801292CD00229F8
:1091500021D101781F4BC9005B185979002933D000
:10916000D0242406197963681500CB408D401A423B
:1091700028D0A561D021012309064A68D20E1A40E1
:1091800042704A68520E1A4082704A68920E13402A
:10919000C370FFF755FF002070BD03780022012B3C
:1091A00008D80133DAB205E003780222002B01D09F
:1091B000013BDAB20270FFF743FFECE7012004291C
:1091C000EAD0E8E76561D5E7FA2103488900F9F7B5
:1091D0001FFEE0E7D45504100CA2021010B544683D
:1091E00017F022F800291DD0FA220023920019F06E
:1091F000BBFC6368C31AC72B12D9D021012360605E
:1092000009064A682000D20E1A4062704A68520E5F
:109210001A40A2704A68920E1340E370FFF710FFE5
:10922000002010BDFA21890019F060FCE1E7C0467A
:10923000002310B544680C4823706360F9F7B0FD53
:10924000D021012309064A682000D20E1A4062701C
:109250004A68520E1A40A2704A68920E1340E37098
:10926000FFF7EEFE002010BD24A202100020704780
:109270007047C046F0B5454657464E46DE46E0B517
:10928000464C474BA54415AA1100804631CB31C14D
:109290001B880B8006AB9946424B06929A464B467A
:1092A00052465A6064234246D35C002B1BD14A4687
:1092B0003D4B93603D4BD3600525062104204B4672
:1092C000524680001A504A46394B4846AD00535129
:1092D000F9F7BAFDD3239B009D44F0BCBB46B246D0
:1092E000A946A046F0BD5146012B00D0314930AC13
:1092F000314A00912000362119F014FB4B465246AA
:109300009C60DA6042466423D15C0A1C062938D38B
:10931000D3B29B46063BDBB29942CDD95C00E41840
:10932000264BA4000393264B04340493254B4F464D
:10933000042544444BAE059300E005002278049BCD
:10934000042A02D8059B9200D358227A3621019232
:10935000626830000092039A19F0E4FA2B0042464A
:1093600064213E61093B5B44525CDBB2681C9A425B
:109370000FD90C34363604370C28DED10D250E21DA
:109380009DE70622D3B29B46063BDBB29942C5D885
:1093900092E7E91CC9B2023591E7C046B4FCFFFF71
:1093A00060A202100C88021070A202108CA202109F
:1093B000B4A60210F4840210A4A20210BCA20210EF
:1093C0005CA20210EC55041070B5852901D0002074
:1093D00070BD052BFBD944682139635C072BF6D897
:1093E000581C605495785800C01853782D02117895
:1093F0001D438000D378201801711B042B4315797D
:109400002D061D43856053792A00037304481AF022
:1094100093FC2378012BDAD12000FFF72BFFD6E74E
:10942000D4A20210F0B55746DE464E464546E0B59A
:10943000314C324AA54415AB190070CA70C106936D
:1094400064232F4906AF7960C35C8346002B14D197
:109450002C4B0521BB602C4BFB6004232B4A9B004B
:109460003800FA50F9F7F0FCD3239B009D44F0BC80
:10947000BB46B246A946A046F0BD254B02249A46FB
:10948000244B051D9946244B30AE0493234B059184
:10949000984600E0140065225946A31E895CDAB2A2
:1094A0004B46914200D1049B2A784146042A02D8B7
:1094B0001B49920051582A7A300002926A68009142
:1094C00001923621524619F02DFA64215846A30024
:1094D000FE50415C631EDBB2621C0C35363699428D
:1094E000D8D805999200B950A31C0E4A9B00FA5097
:1094F000E31C0434E1B2B1E7B4FCFFFF04A30210A3
:109500000C88021010A3021028A30210B4A60210A7
:109510003CA30210E0A10210DC8902105CA2021040
:10952000EC55041050A302100023642230B54468A7
:1095300085B00A482380A352F9F732FC02A90A0039
:10954000074B607830CB30C26A46064B93800223CB
:1095500001AAF9F7AFFB002005B030BD60A30210EF
:10956000285604100606000030B50C0085B0012A0C
:109570001BD145682B78012B1AD0022B2DD0002B44
:1095800013D1032900D18EE000D974E001294ED017
:1095900002290AD16978002900D08AE04B482A7054
:1095A000F9F7FEFB2800FFF765FE002005B030BD8F
:1095B000042CFAD1002346482B70F9F7F1FB6878A8
:1095C00002A90A00434B30CB30C26A46424B93801B
:1095D000022301AAF9F76EFBE7E7032950D0E7D889
:1095E000012938D00229E0D16423EB5C002BDCD0C8
:1095F0006523EA5C02A953009B189B00EB181A79BB
:109600000A700922187A6A441070587A5070987A51
:109610009070D87A1B7BD0704B7106221020F9F71E
:10962000EFFAC8212D488900F9F7F2FBBDE76B7806
:10963000002B01D0013BDCB202A90A00254B6C7063
:1096400021CB21C26A46244B20009380022301AA29
:10965000F9F730FBA9E76423EB5C002BA5D065226A
:10966000AA5C002A2FD0013AD3B265222800AB545D
:10967000FFF7D8FE99E7081F43425841C0B295E76B
:109680006423EB5C002B00D18FE76522AA5C013BD1
:1096900000219A4201DA0132D1B265232800E9544F
:1096A000FFF7C0FE81E7687843425841C0B2687056
:1096B00086E765222C700A48AB54F9F771FB280045
:1096C000FFF7B0FE71E7013BDBB2CEE76CA30210FF
:1096D00060A30210285604100606000084A302109E
:1096E00078A30210002070477047C04610B50400F0
:1096F0000A20C0B0F622FF2168441AF0EFF80A22CF
:10970000210068461AF0F0F88021064849011EF051
:1097100023FD80226946034852001EF005FD40B03B
:1097200010BDC04600F01F00F0B5374C0500A54441
:109730000DAA1100354B364E11CB11C1188802AC61
:1097400008809B788B70029266606B78002B53D0F8
:10975000502B53D9962B53D9C82B53D92D492B783D
:10976000002B27D12C4B28AF0091380036212B4AF3
:1097700019F0D8F82B78A760012B37D0284BAA789E
:10978000002A31D02749D6276F440091380036216E
:10979000254A19F0C7F8E760E9782B7800290BD142
:1097A000022B27D01E4B43AD362128001F4A19F04B
:1097B000B9F80BE01A4BD6E7022B19D0184B43AD82
:1097C0000091280036211A4A19F0ACF8194B0821EB
:1097D000A361194B200025616661E361F9F734FB51
:1097E00095239B009D44F0BD1449CCE70A4BC6E786
:1097F000094BE4E7084BD6E71049B0E71049AEE75C
:109800001049ACE71049AAE7ACFDFFFFD0A3021056
:109810000C880210C0A30210DC890210DCA3021025
:10982000E0A10210CCA30210F0A3021004A40210C5
:109830001CA4021034A40210B4A60210E49B02106F
:10984000BCA30210C8A30210B8A30210434A444BA1
:10985000116870B5994200D077E0117901296FD174
:10986000404B4149414C27E05B009EB21BB2002BAC
:109870002EDB7600B5B236B2002E2FDB6D00ABB218
:109880002DB2002D30DB5B009DB21BB2002B31DB13
:109890006D00ABB22DB2002D32DB5B009DB21BB26E
:1098A000002B33DB6D00ABB22DB2002D34DB5B003F
:1098B00001329BB2A24235D015782D026B401EB208
:1098C000002ED1DA76004E4033B2B6B2002BD0DA99
:1098D0005B004B401EB29DB2002ECFDA76004E40A8
:1098E00035B2B3B2002DCEDA6D004D402BB2ADB221
:1098F000002BCDDA5B004B401DB29BB2002DCCDAC1
:109900006D004D402BB2ADB2002BCBDA5B004B406B
:109910001DB29BB2002DCADA6D004D400132ABB2D0
:10992000A242C9D10D4A1189994212D1537943708B
:109930009379591E8B418370D379C370012003E062
:109940000B481AF0F9F9002070BD0A481AF0F4F932
:10995000F9E709481AF0AAF8F5E7C04600F01F1029
:1099600057464341FFFF00002110000008F01F1080
:1099700070A402104CA4021094A40210002310B58D
:10998000446882B02370C0336370BF3BA37004335C
:109990002000E370FFF75AFF002808D10848F9F7C4
:1099A000FFF92000FFF7C0FE002002B010BD637871
:1099B00001A901220F200B70F9F722F9EEE7C0464A
:1099C000B4A40210F0B5C64600B5140084B0012A54
:1099D00000D0B4E04668032900D1A8E000D9BAE07D
:1099E000012900D1B0E0022900D0A8E03378012B92
:1099F00000D1D3E0022B00D1C1E0002B00D0B1E0B8
:109A00007278002A00D1E8E0502A00D8E3E0962AD4
:109A100000D8DEE00023C82191425B415B42DBB20B
:109A200001AD7370012229000F202B70F9F7E8F8BF
:109A3000F478A44671487178B37801900120704A97
:109A4000984611706F4A28711470AB71EC716E48B2
:109A50002C006E4F697103AB22E0520090B212B23B
:109A6000002A2EDB420090B212B2002A2FDB400007
:109A700082B200B2002830DB520090B212B2002A4B
:109A800031DB400082B200B2002832DB520090B2DB
:109A900012B2002A33DB4000013480B2A34234D03A
:109AA00022781202504002B2002A5FDB400082B2EC
:109AB00000B20028D1DA4000784002B280B2002A19
:109AC000D0DA5000784002B280B2002ACFDA5200D9
:109AD0007A4010B292B20028CEDA4000784002B24A
:109AE00080B2002ACDDA52007A4010B292B2002839
:109AF000CCDA4000784002B280B2002ACBDA5000C3
:109B00007840013480B2A342CAD1634642462881DC
:109B10003F481AF011F9FA2229003E4852001CF081
:109B200017FF011E27D13C4819F0C0FF04E033782D
:109B30000022012B13D932703000FFF7F5FD002011
:109B400004B080BCB846F0BD33780222002BF2D0BE
:109B5000013BDAB2EFE701200429F1D0EFE701334E
:109B6000DAB2E8E7F47801ADA44663E752007A4040
:109B700010B292B29DE729481AF0DEF8DCE7F278DD
:109B8000002A38D0012A32D0052A2CD900230024FB
:109B90009C460A2A23D9F47001AD4BE70122B37821
:109BA00000245340B3705B00DBB29846002701AD40
:109BB00043462C700134042229000A206F70AB70D8
:109BC000EF70E4B2F9F71CF8072CF1D1F478A44651
:109BD00030E7C82324E7962322E7502320E71E33EB
:109BE0009C461C00D7E70A230A249C46D3E705239A
:109BF00005249C46CFE701239C46CCE757464341CA
:109C0000281A00201D9D0120FFFF000021100000E8
:109C1000C0A40210ED960010F0A402100CA50210D2
:109C2000014B18787047C046281A0020014B18785D
:109C30007047C0461D9D0120C823F0B585B002AC19
:109C400063702000C73B6380FFF700FE6578A7784C
:109C5000E478002823D023003A00290012481AF0A3
:109C60006BF8124B01A91D70114B01220F201C70C3
:109C70000D700024F8F7C4FF00267F00FFB203AD8B
:109C80002C700134042229000A20E4B26E70AF70F7
:109C9000EE70F8F7B5FF072CF2D105B0F0BD05481E
:109CA00019F004FFDDE7C04630A50210281A002095
:109CB0001D9D012060A50210002070470020012A90
:109CC00003D104394B425941C8B270477047C0466E
:109CD000F0B5C64600B54E4C4E4BA5441AAA11002D
:109CE000804651CB51C11B784B4E0B700A9235AA5E
:109CF00011004A4B0B96A1CBA1C1852718687F00A4
:109D0000086098886F4488809B7938008B71444B39
:109D100036210C92434A18F005FE50A90A00424B26
:109D20000D97A1CBA1C2A1CBA1C21B880AAC138005
:109D30006BAA216111003D4B6661A1CBA1C11868DE
:109D400008609B888B804346A2611B7A002B56D00B
:109D5000374BF1277F006F4436213800354A18F021
:109D6000E1FD4346E7615B7A002B4ED0304B86AF76
:109D700036213800304A18F0D5FD434627629B7AD9
:109D8000002B40D02A4B2D4F36216F4438002C4AEF
:109D900018F0C8FD43466762DB7A002B31D0244BB4
:109DA000A1AD3621274A280018F0BCFDA56208ADF8
:109DB0002800E6621AF0A4FAE9792B780691A979CD
:109DC000BCAF05916979204A049129793800039143
:109DD000E9780291A978019169780091362118F00B
:109DE000A1FD1A4B0F21200027636663A363F9F7D7
:109DF0002BF8F2239B009D4480BCB846F0BD144B69
:109E0000A7E7134BCCE7124BBDE7114BAFE7C046BA
:109E100038FCFFFF90A502100C880210A0A50210CC
:109E2000B4A50210C0A50210D0A50210ECA5021026
:109E30004C83021000A6021010A602104E02000071
:109E400020A6021030A6021040A60210B4A60210EE
:109E5000C883021010B504000348F8F7A1FF2000E2
:109E6000FFF736FF002010BD68A6021000207047E3
:109E7000EC2310B540685B00C35C002B00D110BD23
:109E8000C530FF30FBF7C6FBF9E7C04670B50400EC
:109E900015001DF08DFF05280AD905380E49201838
:109EA0001DF042FF061E03D12D68EB780F2B00D961
:109EB00070BDD800C01A800004301B222100281871
:109EC0001DF092FCEA78D3009B1A9B00EB1801323C
:109ED000DE77EA70ECE7C04670A60210F0B5DE4609
:109EE00057464E464546E0B5524CA5440EAB9A4601
:109EF000514B04000E93514B9B4653465A465A60B1
:109F0000C378002B18D152464D4B062193604D4B20
:109F1000D36053465A461A6105234B4A50469B006C
:109F2000C250F8F791FFDB239B009D44F0BCBB4679
:109F3000B246A946A046F0BD5946012B00D0434980
:109F400038AD2800424A0091362118F0EBFC534608
:109F50005A469D60DA60A578E078EA1D82425DDCB1
:109F60000723984612AB994643465919CBB203933F
:109F7000384B53AF0493384B08AE059343460693D2
:109F80005B46B846A34607935B465F78E9007F1BB4
:109F90007B1E9F411D23491B89000431172230007D
:109FA0007F4259449F431DF01FFC002330003E3781
:109FB000F3751DF0FDFE052807D9441F05993019DA
:109FC0001DF0B2FE002800D130553B004046049AF7
:109FD0003621009618F0A6FC4B46424604C399462B
:109FE00036239C460135039BEDB2E0449D42CBD124
:109FF000069B5C469846079B42469B464346013B70
:10A00000DBB20632E0785D1DD1B20633AC005246B9
:10A010005D46155100280AD0104A7FE7421BD3B293
:10A020009846002B9ED1052306210425EEE7064A1B
:10A0300074E7C04694FCFFFFC4A602100C8802100F
:10A04000D0A60210E8A60210A4A60210F484021002
:10A0500000A702100CA7021070A6021078A602102A
:10A0600030B50025446883B0094901AA2570E57020
:10A0700008480194F9F7DCFA07486570A570F8F70D
:10A080008FFE2000FFF72AFF002003B030BDC0463E
:10A090008D9E0010248B021014A70210F0B5C64646
:10A0A00000B54468B8B02378022B0CD0012A04D044
:10A0B000002038B080BCB846F0BD0429F8D8824BE7
:10A0C00089005B589F46012AF2D10429F0D1002370
:10A0D0007E482370F8F764FE2000FFF7FFFEE7E7F5
:10A0E0000120E6E7E378002BE2D06278013B9A4258
:10A0F000DEDAA178531CDBB206316370994249DA8B
:10A10000053AA27046E0E378002BD1D06278402176
:10A11000D3009B1A9B0004336D4AE31826000DA858
:10A1200018F000FCFA21C5366A488900FF36F8F7B6
:10A130006FFE30000DA9FBF735F9051E41D029004F
:10A14000654819F0F9FD022364482370F8F728FEEA
:10A15000634B644D1DAE069336213000624B634A5B
:10A1600006AC079518F0DEFB614B05212000089630
:10A1700009950A93F8F768FE9AE7E378002B97D0E1
:10A180006378002B94D0013BA278DBB263709A42D3
:10A1900000D9A3702000FFF7A1FE89E700255549EB
:10A1A000E5701DAA54481D94F9F742FA2000657025
:10A1B000A570FFF793FEFA2150488900F8F728FEB2
:10A1C00076E7637806AFD900C91A890004311722EF
:10A1D000380061181DF008FB3800FD751DF0E8FD22
:10A1E000052807D9451F464978191DF09DFD00280F
:10A1F00000D17855012338002370F8F7D1FDF8F726
:10A2000065FEF6F739FC3000FBF7B6F9050016F0ED
:10A210000BF8002930D0FA220023920018F0A4FC99
:10A22000DA22384B384F18603B78FF3290462900CD
:10A23000A25C3648DBB219F07FFD002D03D0434607
:10A24000E35C002B22D030003D78FBF7E3F90023DC
:10A250002370F8F73BFEEDB21C48F8F7A1FD002D86
:10A260000FD100252349E57023481DAA1D94F9F755
:10A27000DFF96570A5708DE7FA21890018F036FCCA
:10A28000CEE723482349F8F7C3FDEAE73000FBF7A0
:10A29000C1F902232370F8F719FE1048F8F780FD82
:10A2A0000F4B104D1DAE0093362130001A4B0F4A54
:10A2B000019518F037FB0E4B052168460296039571
:10A2C0000493F8F7C1FDF3E68056041014A70210BA
:10A2D0001CA7021028A7021034A702104CA70210D6
:10A2E00054A702100C88021060A702105C9F021095
:10A2F000B4A602108D9E0010248B0210BCA7021081
:10A3000070A60210847000203C9D012074A70210EA
:10A31000B0A70210DC050000A4A70210F0B5C646E5
:10A32000F12300B50B70037806004B7043780C00E6
:10A330008B704388CB7043881B0A0B714288002ABC
:10A3400000D070E006239846013B07209C46D51CB0
:10A350003A4B00223A49A61C27E05B009FB21BB291
:10A36000002B2EDB7F00BBB23FB2002F2FDB5F0044
:10A37000BBB23FB2002F30DB5B009FB21BB2002BA1
:10A3800031DB7F00BBB23FB2002F32DB5B009FB2FC
:10A390001BB2002B33DB7F00BBB23FB2002F34DB9C
:10A3A0005B0001329BB2954235D9B75C3F027B40DE
:10A3B0001FB2002FD1DA7F004F403BB2BFB2002B5B
:10A3C000D0DA5B004B401FB29BB2002FCFDA7B008C
:10A3D0004B401FB29BB2002FCEDA7F004F403BB202
:10A3E000BFB2002BCDDA5B004B401FB29BB2002FF7
:10A3F000CCDA7F004F403BB2BFB2002BCBDA5B0020
:10A400004B401FB29BB2002FCADA7B004B40013297
:10A410009BB29542C9D86246A35442461B0AA35434
:10A4200080BCB846F0BD481D311D19F05DFA728838
:10A43000531D9C46931D9846D01D88E7FFFF0000E2
:10A440002110000070B5174E15001C1E3070717081
:10A45000738007D1059B062B0AD930000499FFF7BA
:10A460005DFF06E0002A13D080235B019C4201D9E6
:10A47000002070BD22002900301D19F035FA059B1F
:10A480000734A342F4D330000499FFF747FFF0E705
:10A49000059A07339A42EBD380235B019C42E7D8AD
:10A4A000DBE7C046FC2B002070B5150081220400BC
:10A4B0000E005201002119F011FA024BE650024B36
:10A4C000E55070BD0C1000001010000080235B05EB
:10A4D0000B405A425341194A5B421340184A30B567
:10A4E00094460268634414004C40234215D09305FF
:10A4F0009B15013311D06446124D134B15400C408F
:10A500002B439C4209D0E02380250C0DDB00ED009D
:10A510002340AB4205D0002002E00023036001206D
:10A5200030BD130309039B0D890D8B42F3D364B235
:10A53000A402A41804600020F2E7C046000010F056
:10A5400000FCFF7F00FC0F000000F04F8B059B1507
:10A5500001335A42534102685B189B0504329B0D3C
:10A560009B18036000207047F0B54E46DE46454616
:10A570005746E0B587B0119E0393139B1500F21860
:10A58000836E8346DB6989469A4200D992E0C36EA6
:10A59000002B00D08AE0139B002B00D19DE0039B91
:10A5A000013B05934B46002B00D198E0B0462E00AE
:10A5B0004B46109A1B68139C934255D03368109AEF
:10A5C000934264D05B469D6E40466B6919009A4683
:10A5D00018F08CFA039B139A0F0093421BD80029A2
:10A5E00019D1524517D35146200018F07FFA671A47
:10A5F00000976B688A46049328004246129B109984
:10A60000049DA847002858D007B0F0BCBB46B2460E
:10A61000A946A046F0BD109B059C336043465444B8
:10A62000DB1B4444200073605146049318F05EFA2B
:10A63000EB69641A9C4200D91C004346FF1AAB6ABE
:10A64000E4199C4200D91C00B460F368009428000F
:10A650006C68049A1099A0470028D5D14B46109AEF
:10A660001B68139C9342A9D14B465A689B68D31828
:10A670004345A3D9424500D8B6E04346D41A139BBC
:10A680009C429BD91C00109A336893429AD17368FC
:10A69000B5685D19454595D94246434500D88DE0DA
:10A6A0009B1A9C4200D88DE71C008BE7109A9342BE
:10A6B00000D970E754204042A6E7129BB8449C465C
:10A6C000BC446346129353461C1B139B9C46A444F4
:10A6D00063461393002B00D06AE7002094E7B0464E
:10A6E0002E00039B013B04933368109A9A4233D0A7
:10A6F000139C5B469D6E40466B691900994618F0A5
:10A70000F5F9039B139A0F00934233D8002931D1F6
:10A7100091452FD84946200018F0E8F9631A0093B4
:10A7200099466B680F009A4642462800129B109982
:10A73000D047002800D067E7129B3F1B4B44129381
:10A74000139BC8449C46BC4463461393002BC4D05F
:10A750003368109A9A42CBD17468B368E31898456D
:10A76000C6D2A04559D24346E41A139B9C42C0D995
:10A770001C00BEE7109B049C336043464C44DB1B2B
:10A7800044442000736049469A4618F0AFF9EB69DB
:10A79000641A9C4200D91C004346FF1AAB6AE419B4
:10A7A0009C4200D91C00B460F36800945246280013
:10A7B0006C681099A047002896D025E7AD1AA542ED
:10A7C00000D925004246F168D31AC9182A00129808
:10A7D00019F08AF8129BA8449C46AC446346129335
:10A7E000139B5B1B139375E741465C1A139B9C42BA
:10A7F00000D91C0043469A1A4B46D968129889180A
:10A80000220019F071F8129BA0449C46A4446346B0
:10A810001293139B1B1B13935CE742469D1A139BD9
:10A820009D4211D84346F1681C1B2A001298091951
:10A8300019F05AF8129BA8449C46AC446346129304
:10A84000139B5B1B139381E71D00EBE730B50825D5
:10A850000400006887B00100836E1031DB69039546
:10A8600004AD029555680195126800920200FFF749
:10A870007BFE00280CD1049B62689A4208D0059D9B
:10A88000A1688D4204D08B4202D0501B431E9841D8
:10A8900007B030BDF0B55746DE4645464E46E0B5FA
:10A8A00087B09A46109B04929846836E129ADB6991
:10A8B000424483460F009A426DD8C36E002B68D184
:10A8C000049B013B0593129B002B00D176E03B6873
:10A8D000129C9A454FD05B469E6E404673691900A4
:10A8E000994618F003F9129B049A0D0093421BD36A
:10A8F000002919D14B4517D34946200018F0F6F826
:10A90000651A0095736889460393300042465146A4
:10A91000119B039EB047002840D007B0F0BCBB4657
:10A92000B246A946A046F0BD53463B604346059C4F
:10A930005B1B4C44444420007B604946039318F061
:10A94000D5F8F369641A9C4200D91C004346ED1AFD
:10A95000B36A64199C4200D91C00BC60FB68009477
:10A96000514630007468039AA0470028D5D13B684F
:10A97000129C9A45AFD17968BB68CB189845AAD28A
:10A9800088451DD24346CC1A129B9C42A3D91C0079
:10A99000A1E7534594D854204042BEE7119BA844F8
:10A9A0009C46AC44634611934B461C1B129B9C4631
:10A9B000A44463461293002B00D088E70020ACE744
:10A9C00042469C1A129B9C4211D84346591AFB6876
:10A9D00022005918119818F087FF119BA0449C463B
:10A9E000A44463461193129B1B1B12936CE71C003B
:10A9F000EBE7C046F0B54E4657464546DE46E0B565
:10AA00000E6880460F0091461C0089B0F31C5BD88D
:10AA1000836EBD6899699A464D19013D280018F06A
:10AA200065F86D1A5146FB687A680095896850464A
:10AA30008B463100D847002833D1FB68002C39D031
:10AA40000122494652420A603A6893467A68049263
:10AA5000002D2FD006AA059700245F4692469B46FC
:10AA60000AE05B463200504619191CF063FD0028CD
:10AA700015D1A419A5421BD92A1B1600082A00D9F2
:10AA8000082653460193049B49461B1900934046F0
:10AA90003B000296FFF7FEFE0028E2D001DB5420C7
:10AAA000404209B0F0BCBB46B246A946A046F0BD44
:10AAB000059FFB684246926E1800FF21926A18F0CB
:10AAC0000DFF01235B423B600020EAE7F8B5DE465C
:10AAD00057464E464546E0B51E000C9B83460C008B
:10AAE00092460A9D002B37D0836E002798460B684C
:10AAF00009E0434628009969266017F0F7FF330004
:10AB0000691A6160A760B342F3D16068A842F0D8C7
:10AB100043469B6AC318AB42EBD95B1B99460C9B1F
:10AB2000994530D8E368281A4A4618180B9918F046
:10AB3000DBFE4A460C9B4D449B1A0C93A26863684B
:10AB4000EB1A93420FD35A46926EA360926A9342D5
:10AB500010D00C9B002B18D10020F0BCBB46B24695
:10AB6000A946A046F8BD13005A46926EA360926AA9
:10AB70009342EED10123524621005846FFF73AFF97
:10AB80000028EAD1E5E79946CCE70B9B4B440B93B1
:10AB90005B469B6E98462368B5E7C046F0B54546D0
:10ABA000DE4657464E460423E0B50D698BB09A4603
:10ABB00006AB8B4699468046CC68059206951BE00D
:10ABC000043C5246E41A5B461B6802924A464146E0
:10ABD0000192404604220094FFF75CFE002839D120
:10ABE000069B294A1BBA6B405B0028495B086A40F8
:10ABF00006930A4214D01D00AE05B7157B1C5A42BD
:10AC000053415B199B059B0D1A0008329442D7D221
:10AC100000200BB0F0BCBB46B246A946A046F0BD32
:10AC200033004646B8461F0043460133F0D0BF0DFF
:10AC30000C2F00D90C275B4607AA04341B689046EA
:10AC4000019231003A00300002970094FFF722FE93
:10AC5000002810D000280BDB059C089B6268A168C7
:10AC60005A40099B07984B40216841400EC4CFE7EA
:10AC7000831CCED1CCE70C2238000021D21B4044EB
:10AC800018F02CFE2800E5E70C00F07F0000F07FB4
:10AC9000F0B5DE4657464E4645469246E022E0B5C0
:10ACA00089B00593C36B0C698B46CD68D200190D32
:10ACB00006000794114200D182E05946026C0968EF
:10ACC0008A4200D17FE0476C58464068874200D1F5
:10ACD00079E0824200D176E000229146B94200D16B
:10ACE00071E0B04604E0464962400A4246D01C008A
:10ACF000A605B7157B1C5A4253411B199B059B0D9A
:10AD00001A00083295426BD3043D0422ED1A5B46CB
:10AD10001B68029207AA0192414604224046009510
:10AD2000FFF7B8FD002844D1220D9446494652460B
:10AD3000E020521A6146C00008408021079BC900EC
:10AD40001BBA63405B005B0807938842CBD12003AA
:10AD50001103800D890D8842C5D82A4911402A4A1D
:10AD60000A43A2423CD0624652B292029144494602
:10AD70005246521A224962400A42B8D1330046462E
:10AD8000B8461F00434601332AD0139BBF0D9F4294
:10AD900029D85B46129A1B680192059A3100043249
:10ADA0005219009230003A000297FFF773FD002815
:10ADB0001BD009B0F0BCBB46B246A946A046F0BDC8
:10ADC000002399468DE752461B0312039B0D920DFB
:10ADD000934205D093429B419B0A9B02994680E790
:10ADE00002204042E5E71F00D3E7139B0021DA1B56
:10ADF000129BD81918F072FD20004844D9E7C046CC
:10AE000000FCF7FF00FC0F0000001040F0B5DE462C
:10AE100057464E4645469246E022E0B589B0059336
:10AE2000C36B0C698B46CD68D200190D06000794E0
:10AE3000114200D17FE05946026C09688A4200D174
:10AE40007CE0476C58464068874200D176E08242F9
:10AE500000D173E000229146B9426FD0B04604E0C1
:10AE6000444962400A4246D01C00A605B7157B1C27
:10AE70005A4253411B199B059B0D1A0008329542FB
:10AE800069D3043D0422ED1A5B461B68029207AAAF
:10AE900001924146042240460095FFF7FBFC002842
:10AEA00042D1220D944649465246E020521A61464C
:10AEB000C00008408021079BC9001BBA63405B00AB
:10AEC0005B0807938842CBD120031103800D890DC5
:10AED0008842C5D828491140284A0A43A2423AD09C
:10AEE000624652B29202914449465246521A214950
:10AEF00062400A42B8D133004646B8461F00434676
:10AF0000013328D0129BBF0D9F4227D85B46059A7C
:10AF100004351B683100019230003A000297009519
:10AF2000FFF7B8FC00281BD009B0F0BCBB46B24606
:10AF3000A946A046F0BD002399468FE752461B0361
:10AF400012039B0D920D934205D093429B419B0AA5
:10AF50009B02994682E702204042E5E71F00D5E7C1
:10AF6000129B0021DA1B059BD81918F0B7FC2000B2
:10AF70004844D9E700FC0F7000FC0F0000001040AF
:10AF8000F0B5DE4657464E4645469246E022E0B5CD
:10AF900089B00593C36B0C698B46CD68D200190D3F
:10AFA00006000794114200D17FE05946026C0968FF
:10AFB0008A4200D17CE0476C58464068874200D105
:10AFC00076E0824200D173E000229146B9426FD010
:10AFD000B04604E0444962400A4246D01C00A6053F
:10AFE000B7157B1C5A4253411B199B059B0D1A0038
:10AFF0000832954269D3043D0422ED1A5B461B6872
:10B00000029207AA01924146042240460095FFF7AA
:10B0100041FC002842D1220D944649465246E02088
:10B02000521A6146C00008408021079BC9001BBA24
:10B0300063405B005B0807938842CBD12003110378
:10B04000800D890D8842C5D828491140284A0A43F5
:10B05000A2423AD0624652B29202914449465246C6
:10B06000521A214962400A42B8D133004646B846D6
:10B070001F004346013328D0129BBF0D9F4227D8A3
:10B080005B46059A04351B683100019230003A0096
:10B0900002970095FFF7FEFB00281BD009B0F0BC1B
:10B0A000BB46B246A946A046F0BD002399468FE7AD
:10B0B00052461B0312039B0D920D934205D09342FF
:10B0C0009B419B0A9B02994682E702204042E5E7AA
:10B0D0001F00D5E7129B0021DA1B059BD81918F039
:10B0E000FDFB20004844D9E700FCFF7F00FC0F0077
:10B0F00000001040F0B5DE464E4657464546E0B5E6
:10B10000AFB01C00389B17009B463BAB1B880990D7
:10B1100006933CAB1B880E0007933DAB00229B5E61
:10B12000002108930EAB18000822994618F0D6FBB0
:10B130000023B8465F469B460593A3059B15013344
:10B140005A4253411B199B059B0D42469A460432B5
:10B15000F36892449A452ED3399B002B4BDD7B68D4
:10B160003D689A46399B0D95013B08373993059BFD
:10B170003A9A6B401340984A1342DED13A9B1B0324
:10B180009B0D74D16B005B0DD7D00222FF3293422E
:10B1900000D1D1E081225200934200D19BE0089B74
:10B1A000524699023F983E9B49199847002800DA79
:10B1B000BBE0C2D020E00422336802920DAA0192C3
:10B1C00052460999009208000422FFF763FB002809
:10B1D00000D0AAE00D9B4A461BBA63408024240697
:10B1E0001C433368D0461360534604332500CA46D7
:10B1F0000D945360BBE700205B46002B00D194E028
:10B2000001235B429C46E3445A4659461201521AB6
:10B21000920010ABD6589B185A68DD6A90461A699E
:10B220009C6839925A69DF683A929A690D9505923D
:10B230009A8B0692DA8B079220215A5E08925A6AFC
:10B240003E929A6A3F921A6B343392464A4603CB37
:10B2500003C23A9B1B039B0D94D0069A2B039B0DB4
:10B26000934200D269E7079A93428BD365E75B4626
:10B2700040461A01D21A930010A99C465E50CB1882
:10B28000586039989C6018613A98DF605861059859
:10B29000DD629861069898830798D8830898188487
:10B2A0003E9858623F989862504618634846343337
:10B2B00024C824C362462C328B183F9301239C463A
:10B2C000002305933A93454BE3443E9300230893B0
:10B2D0000793069331E7AB0500D12EE75B460022CA
:10B2E000A3460A9338972B0014005546089FB24690
:10B2F0003E9E08E0002869D10D9B01349A050C356B
:10B30000920D944262D2C0208000844629781B03AB
:10B31000A86861449B0D0905DB1901439B026A681B
:10B320003F981943B0470028E4DA2FB0F0BCBB4681
:10B33000B246A946A046F0BD284B3E9A9A4200D19B
:10B34000FBE65B465A461B019B1A9A00944610ABDB
:10B350006344002118000A923C220B9318F0BEFAB5
:10B3600020200A9A08A909188E5042460B9B08997A
:10B370005A60399A9C601A613A9ADF605A61059A5C
:10B3800019849A61069A01249A83079A5646DA83A9
:10B390003E9A00275A623F9A64429A6201239C4671
:10B3A000E3448C46AB059A0D531C07932B039B0D6E
:10B3B0009B1A63441BB2089380239B050593084B9B
:10B3C00006923A93002398463993B6E60A9B5C4668
:10B3D00056469B46389FB0E60000F07FCDA4001093
:10B3E00000FC0F60F0B5DE4657464E464546E0B5D8
:10B3F00087B007008B460592002B6DD00822524281
:10B4000090465C1E836EDB699844444557D34146A1
:10B41000200017F06BFB013817F0E4FA02308000CF
:10B420004146201A17F062FB109B0500984556D83C
:10B430004146109817F05AFB013817F0D3FA109BC9
:10B4400002308000181A414617F050FB060017F032
:10B45000C9FA109B8000181A43467343C31A10930D
:10B46000B54231D905AB9A461F2399461B3B9846F6
:10B4700004E00123A340ED1AB54225D9A81B17F01B
:10B48000A5FA0400280017F0A7FA4B461C1B8442BB
:10B4900000D904004246029252460192A200009254
:10B4A000594604223800059BFFF7F4F90028E0D044
:10B4B00007B0F0BCBB46B246A946A046F0BD109B03
:10B4C000984502D80025B3E7109B059A11990020F2
:10B4D0000A60129A1360EBE701225242F6E7002657
:10B4E000BEE7C046F0B545465746DE464E46E0B597
:10B4F00090464C6BCA6A82460D008FB0944200D3CE
:10B50000D6E0161B9E4200D9CDE0002E00D1D2E03D
:10B510000D96099629E05146896EEA6BC969069134
:10B520008A4227D006998E1A09998E4200D90E00B8
:10B53000DB0100D5B5E04146AB6B019129000092DB
:10B540005046069A02964031FFF7A4F9002871D1BF
:10B55000EB6BF3186C6BEB63099B34199B1B6C63EF
:10B56000B0440993002B00D1A4E080222B6B12037E
:10B570001342D0D1DA0100D47AE002225242AA6307
:10B580008022120313432B6353469B6EEC63DB69EB
:10B5900006931E1B099B9E4200D91E0008239C4651
:10B5A000AC4463460793AB88494A9B021A4308920E
:10B5B000069AA319934200D97FE043460A960B935B
:10B5C000002E00D171E0A1460C96EB6C05932B6C1C
:10B5D000023306D1696CAB6CCB18994501D2894511
:10B5E0002FD202235B422B6453469B6E48465C6914
:10B5F0009B46210017F07AFA4B465F1A069B661E9F
:10B600009C4666444E44300021006F6417F06EFA89
:10B610005B469B6A761A9E4200D91E00059BAE646B
:10B6200050460093089A3B0007990196FFF730FBBC
:10B630000028CADA0FB0F0BCBB46B246A946A04605
:10B64000F0BD4A469C1A0A9B9C4200D91C004B46FE
:10B65000591A059B22009C460B98614418F044F946
:10B660000A9B1B1B0A932BD10C9EEB6BF31871E703
:10B6700029003C31EB6AAA6A0291043901915046D3
:10B6800000940831FFF7AEFE0028D3D180212B6B48
:10B6900009030B435146896EEA6BC9692B63069116
:10B6A00040E714007AE71E002FE7EC636C6B5CE761
:10B6B0000020BFE70D9E3000BCE754204042B9E7B0
:10B6C0000B9BA1449C46A44463460B937DE7C04674
:10B6D00000001020F0B5C6460B6A00B54E6BC3667D
:10B6E0008B6A04000D0098468166002E6CD03700EE
:10B6F000C660AB6B002B00D175E0E36101254246CB
:10B70000FF21380018F0EAF8A36E6D429A6A2560AE
:10B71000FF21E06918F0E2F82561A56EEB6B002BC4
:10B7200000D171E063662B6C002B00D1FF332367DF
:10B730006B6C002B00D13E4B6367AB6C002B23D0AE
:10B74000A3672A6DE267511C24D0002A25D001236B
:10B750005B4223626362200000230C22A362E36247
:10B7600000213C3018F0BAF820000C2200213030C3
:10B7700018F0B4F820000C220021483018F0AEF880
:10B78000002080BCB846F0BD2A4BA3672A6DE26753
:10B79000511CDAD10023E367D9E7E96CAA6A0029D2
:10B7A0000DD0C9089A4206D88A4201D8E267CEE78E
:10B7B0000A00E267CBE71A008A42F7D9F8E7E9699D
:10B7C000C9089A42F0D9F6E7180018F011F8071ED8
:10B7D000E06000D08DE7E06818F068F8A36E9A6B1F
:10B7E000002A0DD108E0404618F002F8E061002878
:10B7F00000D083E7002EEED0E06918F057F8A36E72
:10B80000DB6B002B11D10DE0E86A17F0F1FF6066E9
:10B81000002800D087E76B6B002BDCD0A36E9B6BFE
:10B82000002BE9D0606E18F041F80C204042A8E7E8
:10B83000FFFFFF7FFE030000F0B557464546DE469A
:10B840004E46E0B589B01E00129B139F5C1E836EAE
:10B850008246DD693B68083D01338B469846059278
:10B86000AC423BD32900200017F040F9013817F013
:10B87000B9F802308000231A18002900994617F001
:10B8800035F943463B6006AB040098464D4526D843
:10B890000023994609E042463B68002D21D102333E
:10B8A000023C56683B60002C19D042460125022319
:10B8B00002924A4625405B1B9B0001925946504626
:10B8C000059A03930096FEF74FFE0028E3D009B0D7
:10B8D000F0BCBB46B246A946A046F0BD3B60002086
:10B8E000F5E70133013C16683B60002CDDD10020F8
:10B8F000EDE7C046F0B54E46DE4657464546E0B554
:10B9000089B00493754B060089469A4200D1CDE078
:10B91000036F9202013305921A439046E022C36BF3
:10B920000C69CD68D200190D0694114200D189E04E
:10B930004946026C09688A4200D186E0476C484655
:10B940004068874200D180E082427ED00022924649
:10B95000B9427AD0B34604E0614962400A4246D017
:10B960001C00A605B7157B1C5A4253411B199B05A9
:10B970009B0D1A000832954274D3043D0422ED1A3F
:10B980004B461B68029206AA019259460422584669
:10B990000095FEF77FFF00286DD1220D9446514699
:10B9A0004246E020521A6146C00008408021069BB2
:10B9B000C9001BBA63405B005B0806938842CBD189
:10B9C00020031103800D890D8842C5D845491140D7
:10B9D000454A0A43A24245D0624652B2920292447C
:10B9E00051464246521A3E4962400A42B8D133009B
:10B9F0005E46BB461F005B46013333D008229446A7
:10BA0000049BBF0D63449B4643469A05930D98469D
:10BA10009F4256D85A464B4604351B683100019266
:10BA200030003A0002970095FEF734FF002823D13A
:10BA3000434638000021DA1B584417F04FFF20001E
:10BA4000504419E000239A4684E742461B03120340
:10BA50009B0D920D934205D093429B419B0A9B0202
:10BA60009A4677E70220404209B0F0BCBB46B24696
:10BA7000A946A046F0BD5E460028F5DB049B000DFC
:10BA800018701A4A059B49461A4308233000009350
:10BA900006ABFFF7BBF90028E6DB154A030D93421E
:10BAA00017D0144A93420ED00020DDE7049C0222F6
:10BAB00020001149083017F017FF022300202370DF
:10BAC000D2E71F00A6E7049B8005800D5860002088
:10BAD000CAE7079B049A00205360C5E7FF030000F4
:10BAE00000FC0F7800FC0F00000010400800002050
:10BAF0000202000001020000C8A70210F0B5DE46F5
:10BB00004E4645465746E0B5846889050300A3467E
:10BB1000066889B08D0DAC4200D9AB4611685268F9
:10BB2000884691465A6892465A46002A2BD00024ED
:10BB300006AF049505930AE053462A003800191908
:10BB40001BF0F8FC002825D16419A34518D95B46E1
:10BB50001A1B1500082A00D908254B461B1900930B
:10BB600031004346300002950197FEF793FE00280E
:10BB7000E2D009B0F0BCBB46B246A946A046F0BD33
:10BB8000059B049D9C680020A542F2D0AC42404138
:10BB90000130EEE7C043C00F0130EAE7F0B5574689
:10BBA0004E46DE4645461400E0B5C26E9BB0069395
:10BBB000824689462368002A06D09A4200D8EEE1E0
:10BBC00061688A4200D8EAE104210022029112A9A8
:10BBD0001292139201910092514650460432FEF7A0
:10BBE00059FE031E049002D0543300D0F4E0042226
:10BBF0006368029213AA01920022514600925046B5
:10BC00000432FEF747FE031E049000D0ECE0012151
:10BC1000129B139AD21AD3179B1ADB0F9A004B4030
:10BC20001F00A01899000368484603606358182154
:10BC300043600CAB5B189B580D9783600023C36077
:10BC400002330C93033B0493C54B57469B46082392
:10BC50004B440A935B461A000B9314AB03CA03C30D
:10BC6000012004220A99404205F098F9049A4B46B3
:10BC70000892002201260E920F92079204329046FB
:10BC80001B6810907642B405A415013462425441F9
:10BC90000421A419BA6EA405A40DD26944440291EA
:10BCA00011A90191380039000094FEF7F3FD002836
:10BCB00000D00FE20422109811A905F06FF9119D30
:10BCC00010902DBA7540119500D527E2AE05B61536
:10BCD000013673425E41231D9846BB6E7619DB69BF
:10BCE000B6059B464346B60DF3185B4538D8F021A0
:10BCF0004B46A0202A0DC9001B68C000114081429C
:10BD000000D18DE0002E00D1E2E118AA92464A4609
:10BD1000002499460995059209E02A005146109899
:10BD200005F03CF964191090A64200D8B4E0351B28
:10BD3000082D00D908255B461A1B5346019343463C
:10BD40001B19009339004B4638000295FEF7A2FDFF
:10BD50000028E2D0059B99460300543300D08BE1C4
:10BD600000234A46D468002C00D101E10022494654
:10BD7000BA468A75002B07D0BD6E2000A96916F05F
:10BD8000B5FE0F1E00D13AE15346E022DB6BD20034
:10BD9000190D11420FD052464946126C09688A4269
:10BDA00029D05046446C48464068844223D08242A1
:10BDB00021D0A1421FD0259B002B09D04A46049BCD
:10BDC000928A1B039B0D934200D916E1259A13809A
:10BDD000049B002B00DA03E104981BB0F0BCBB46C7
:10BDE000B246A946A046F0BD5433F5D12000042147
:10BDF0000127002217E7049A1B03920A91059B0D65
:10BE0000890D994200D143E1049A013200D175E1D4
:10BE10009942D0D9534A049B944663440493CAE799
:10BE20000422029218AA0192424639000092380078
:10BE30005A46FEF72FFD002800D04BE1189A109BC0
:10BE40009A4200D08CE710A90422F86A119E05F0EE
:10BE5000A5F8119AF86293059B15013359424B419D
:10BE60009B184A469B059B0D04331B19D3604B4618
:10BE70004946360DF6076E401661079A9A82159B61
:10BE8000149ACB6101238A610F9A5B42CA75089AA2
:10BE9000109304920B68F6E6059B11999946099D4B
:10BEA0001B680A0DE0201400C0000440024234D197
:10BEB00007980A03920D904201D801320792249A02
:10BEC00006984A40104226D118AA924618931300A9
:10BED000424627985A605246269B9847002800DA27
:10BEE000F8E0119B14D0089A1F495A400A420DD01D
:10BEF00002280ED1089A11031A03890D920D91425E
:10BF000007D3802212061A43089202E001235B4203
:10BF100008934B461B682E00B5E68020C000844283
:10BF200041D0C020C000844200D1BCE00F4852057F
:10BF3000520D8242C3D10821BA6E3800D2690291F3
:10BF400016A90191414600913900FEF7A3FC002893
:10BF500000D0BFE04B46012211991B680E92AEE75C
:10BF6000E856041000FCFFFF00FCFF7FFF05000007
:10BF700049460CCA18240B604A600D990CA8001998
:10BF800089004158484681600C99012976D1694C55
:10BF90000092694969486A4A019417F0CDFE54231A
:10BFA0005B42049318E7079852B2801880B2654C40
:10BFB00007900898044064482043884262D0089E55
:10BFC000701C00D17BE734030803A40D800D84426C
:10BFD00000D274E7B44692029444624608926EE737
:10BFE0001A03920D4B46998A00238A425B41022232
:10BFF0005B421A40931E0493EEE61300E6E60E9BA6
:10C00000002B00D1C0E6EB69169E9B464B461B6891
:10C01000059301235B429846002E67D0524649465D
:10C0200018ABA246994644460691B046160008E071
:10C0300020002A00494604F0B1FF7F190400B845EA
:10C0400050D94346DD1B082D00D908255B46DA1B75
:10C050004B4601935346DB19009331003000059B9A
:10C060000295FEF717FC0028E2D0069BA0469946F1
:10C070000300B246543339D00490ADE601230B9A45
:10C080000C93EAE58022089812061043089016E700
:10C09000259B0A00002BA5D04B469B8A8B421FD8BC
:10C0A00025990B809EE7012111400F910821BA6E5E
:10C0B0003800D269029114A90191414600913900DA
:10C0C000FEF7E8FB002805D14B4611991B68F6E600
:10C0D0002900E7E60300543300D141E604907BE6F3
:10C0E0000B00DDE7069B8046B24699464246179B09
:10C0F0009B1A5A4253414A46937545E6259B002BAD
:10C100000AD04B4680219B8AC9001A1C8B4201D35E
:10C110000E4B1A1C259B1A800C4A63E7F022330D44
:10C12000D20013400A4A944663445A425341DBB258
:10C1300017E6C0460C880210CCA702100CA802100B
:10C140006705000000FC0F000000F04FFF03000037
:10C1500000FBFFFFF0B557464E464546DE4600233E
:10C16000E0B58DB093610133D36100239C46013368
:10C17000994617339B462E4B0F0080461400012131
:10C180009A4600262B4D9344012305934B46069374
:10C190003B00D9464746E346984649000791434647
:10C1A00042465B6812680B9309AB03935346210028
:10C1B0000A9202934A4638001F4B01960095099750
:10C1C000FFF7ECFC0221821C8A4306D00DB0F0BCC4
:10C1D000BB46B246A946A046F0BDA269531C12D088
:10C1E000E369591C0FD006995A450FD08A420FD1E6
:10C1F0009B450DD1114B12491248134A17F09CFD73
:10C2000054204042E2E702204042DFE79942F1D069
:10C2100007980599884202D001310591BFE7404651
:10C22000CB46B8469446070099460799ACE7C04606
:10C230004DA8001008000020FF03F07F0C880210BA
:10C24000CCA7021044A802107C110000F0B54F46A4
:10C250004646D6460023C0B5012784B07F4293618D
:10C26000013399469846D36106000D00140000235F
:10C27000BA46E269511C24D09F422CD053453DD090
:10C28000C14533D001218C46E0442968994220D031
:10C29000686890421DD098421BD0914219D000226C
:10C2A000012303920292019222005B42210030009E
:10C2B00000931832FFF772FC002804D1A3695A1CBE
:10C2C000D7D10220404204B0E0BCBA46B146A846ED
:10C2D000F0BD0020F7E75245D2D10A4B0A490B487E
:10C2E0000B4A17F029FD54204042ECE7494649002B
:10C2F0008946012192461F008846C6E7BA42BFD14F
:10C30000EBE7C0460C880210CCA7021044A802102C
:10C310007C110000F0B5DE4657464E464546E0B576
:10C3200091B08A468346116808920993026A436A6B
:10C3300018205044049050468261C3610B780591E7
:10C34000002B00D1B3E0022306935C4B5C4D5D4EA5
:10C350000DAF0A93069B5B055B0D0793022B08D17B
:10C36000059C310020001BF06DFAA446844463460E
:10C370000593310005981BF0E3F98146012800D1AF
:10C380007BE0022804D1059B1B782E2B00D189E08D
:10C39000059B4B441C000B93012398462B004546FC
:10C3A0009846310020001BF04DFA2418310020007F
:10C3B0001BF0C6F9002818D0012811D0022802D09D
:10C3C00001352418EDE723782E2BF9D163782E2B35
:10C3D000F6D1013D002DF4D1A31C45460593B9E7E4
:10C3E00023782E2BEDD00135EBE7059C45462378CD
:10C3F000002B38D0089B1C60079B022B5AD1324B74
:10C400002D03AD0D9D4236D00823304AAD022A439C
:10C41000009351465846049BFEF7F8FC051E22DBAC
:10C42000A046099B4C4699460A9B5D46B346564634
:10C430009A4604E0002829D1F37D002B2FD04346F3
:10C440007B6053463D60BC6002934B460193F023F2
:10C4500031002800049A03970094DB05FFF79EFB48
:10C460000028E7DA0500280011B0F0BCBB46B24650
:10C47000A946A046F0BDA046D3E7059B1B782E2B0E
:10C4800000D085E7059B0133059363E70B9BB2461C
:10C490000593030D5E460693AB4605005AE7022559
:10C4A0006D42E0E7059B5B782E2B00D070E71625E8
:10C4B0006D42D8E714256D42D5E7C046FDBA00109D
:10C4C00000FC2F00C8A70210FF0300000800002096
:10C4D000F0B54E464546DE465746E0B593B00AAE47
:10C4E0000D001C2200210400300017F0F7F9012391
:10C4F00000229C46F361012100239046AA460122B6
:10C5000004926246490007910692059353465246AB
:10C510001B68310002331360434603930293019377
:10C5200001235B422000009310AAFFF737FB011E96
:10C5300000D094E0B38A0025002B18D04B4B08277D
:10C54000994683464B46AA021A43310020000097C1
:10C5500008ABFEF75BFC00281FDB454B000D984243
:10C5600026D00135B28AABB29A42EBD85946109820
:10C57000431C2CD0119A531C29D0059B984261D0A2
:10C58000069B984202D1059B9A425ED0049B079974
:10C590008B4266D001330493B8E7831CE1D0834615
:10C5A000584613B0F0BCBB46B246A946A046F0BD03
:10C5B000099A002AD5D0514600920191220000210B
:10C5C0002000089BFFF738F90028CAD0E7E7A66AE1
:10C5D0008B465546002EE3D082235B049946802388
:10C5E000C027DB029846BF0202E03668002ED7D093
:10C5F000B379012BF9D1336B3B4210D0DA01F4D47B
:10C60000F26A002A0BD03100B36A20000092019533
:10C6100022004031FFF710F90028C0D1336B4A46A1
:10C6200013404345E1D1726B002ADED03100B36B79
:10C6300020000092019522004031FFF7FDF800280C
:10C64000D3D0ACE7069B9A42A0D10A4B0A490B48CB
:10C650000B4A17F071FB54235B429B46A0E78346CD
:10C660009EE794460300079949E7C046080000206A
:10C67000020200000C880210CCA7021044A802108D
:10C680007C110000F0B54E4657464546DE46E0B503
:10C690008BB0040089469A460E684D680392002BC1
:10C6A00038D098460023876E9B460592036909E0BF
:10C6B000B9692800266116F019FA5B46A3613300B8
:10C6C000691A61619E42F3D160698542F0D3BB6A09
:10C6D000C3189D42ECD25B1B0493434557D8049F7B
:10C6E000E369281A3A001818059917F0FDF8424630
:10C6F000BC46D31B9846636965440693EA1AA3694E
:10C7000093421BD3A76EA361BA6A93421CD04346DF
:10C71000002B3FD14B465246D868039904F03EFCAB
:10C720004B464A46D86000205B68534453600BB0C8
:10C73000F0BCBB46B246A946A046F0BD1300A76EAA
:10C74000A361BA6A9342E2D1226907920332DED82A
:10C75000B9694A1ED018E3690890099316F0C6F922
:10C760000898099B411A0091B868069A08900799A1
:10C770003800089FB8470028D9D1A36EFF219A6AD4
:10C78000E06917F0ABF801235B422361BFE7434642
:10C790000493A4E7049A059B944663440593A76E0B
:10C7A00023698FE7F0B557464E46DE4645460022E0
:10C7B000E0B507008946C36D816D9BB00132934699
:10C7C00001225E461640063292463500C8468B422C
:10C7D00000D370E00126786E06E03C6E0133013C28
:10C7E000FB653C668B4268D05446DA08825C1C408C
:10C7F000E2401642F1D12E000500786DF96E18184E
:10C8000016F074F94346B4001951FC6D3A6E631C7E
:10C81000A41807229446063AC146B96D904609E02D
:10C820006046DA08AA5C1840C24040465E1C1042CE
:10C8300005D03300E21AFB653A669942F0D85846B3
:10C8400001220228BAD100224B4604219A601B68BB
:10C8500002914946083101910092390004323800B2
:10C86000FEF718F8021E02D0030054331BD1BB6E32
:10C87000596A00290CDD0123013119434B469C689C
:10C88000013C6418200016F031F94B46641A9C6094
:10C890004A460423D360053B1361494600224A619E
:10C8A00000228B61CB6110001BB0F0BCBB46B246CE
:10C8B000A946A046F0BD19003C6E786D0818F96EC7
:10C8C00016F014F9002C00D188E20023FB65BB6E42
:10C8D0007965DA6AD300A34200D92300BB65002141
:10C8E000786E16F0FBFF1C22002112A816F0F6FF4E
:10C8F000012319930693089300230793073399465E
:10C90000464601220C925A46089B069C5B000893FF
:10C91000079B09920A950B967A6DFD6E9046A81AB0
:10C920002900C01816F0E2F8BE6DB1420DD24B4698
:10C93000CA08194001238B40786E815C0B438354F5
:10C940007B6D199C9846FD6EBE6D434660192900AB
:10C95000C01A16F0CBF8B14256D3012300225B4235
:10C960000392029201923800009318AA12A9FFF7CD
:10C9700015F9002841D10AAB9B8E0022002B1FD055
:10C9800093465B469A02CA4B38001A43082312A901
:10C9900000930EABFEF73AFA00282CDBC54B000DD6
:10C9A00098423BD080239B00984200D1E9E10123CB
:10C9B0009C460AABE3449A8E5B469BB29A42E0D80F
:10C9C000189B5A1C00D19DE0199C621C00D199E073
:10C9D000079A934200D1C6E1069A934203D1079A7F
:10C9E000944200D1C3E108990C9A914200D100E22F
:10C9F00001320C9290E7831CD9D00200FB6E00211B
:10CA00003B66B965F9654EE74B46CA0819400123F4
:10CA10008B40786E815C0B4383549EE70F9C002C07
:10CA2000C5D0BB6E013CDD69083DAC4200D2D2E10D
:10CA30002900200016F05AF8013815F0D3FF831CA6
:10CA40009B002900E01A16F051F804900E9BFE6E30
:10CA500005935B467C6DBD6D0D933AE00123134059
:10CA60009846022342469B1A10AA0292934600223D
:10CA70000192059A9B000393009200213A0038002E
:10CA8000FDF772FDFE6E3300002839D143467C6D00
:10CA9000BD6D002B15D1109831003018001B16F019
:10CAA00025F80120A9420CD24C46CB082140012494
:10CAB0008C4021007A6ED45C2143D1547C6DFE6E93
:10CAC000BD6D5B4680001B580593049B023B4344AD
:10CAD0000493059B31009819001B16F007F8A94232
:10CAE00008D24B46CA08194001238B40786E815CFE
:10CAF0000B438354049A002AB0D10D9B9B4656E702
:10CB000002007CE7099B0A9D9B460B9B9846BB6AEB
:10CB1000002B00D1A3E0012291465A469B46434692
:10CB2000089209950A935B469B79012B00D08BE014
:10CB30005B46C0221B6B920213427ED080211A00FA
:10CB400049040A4090460B427ED15A46D46A002CD2
:10CB500073D0BB6E013CDD69083DAC420DD32900AA
:10CB6000200015F0C3FF013815F03CFF831C9B002B
:10CB70002900E01A15F0BAFF804640235B44069373
:10CB80005B469B6AFE6E04935B467C6DC346BD6D3F
:10CB900007933BE05A464B461340984602234246D1
:10CBA0009B1A10AA0592029200220192049A9B00FD
:10CBB0000393009238003A000699FDF7D5FCFE6E0B
:10CBC000330000289CD143467C6DBD6D002B15D1F0
:10CBD000109831003018001B15F088FF0120A94281
:10CBE0000CD25446CB0821404C468C4021007A6E32
:10CBF000D45C2143D1547C6DFE6EBD6D059B8000DD
:10CC00001B5804935B46023B43449B46049B310004
:10CC10009819001B15F06AFFA94208D25346CA08AA
:10CC200019404B468B40786E815C0B4383545B46C6
:10CC3000002BAFD1079B9B461B6B822252041340F3
:10CC40008022D20293420DD05B461B689B46002B8C
:10CC500000D068E7089B099D9B460A9B9846FB6DA0
:10CC6000B96DB4E55B465C6B002CEDD0BB6E013C4E
:10CC7000DD69083DAC4273D32900200015F036FF72
:10CC8000013815F0AFFE831C9B002900E01A15F057
:10CC90002DFF804640235B4406935B469B6BFD6EF5
:10CCA00004935B467C6DC346BE6D079341E0C0466E
:10CCB00008000020020200005A464B4613409846E6
:10CCC000022342469B1A10AA059202920022019268
:10CCD000049A9B000393009238003A000699FDF7EE
:10CCE00043FCFD6E2B00002800D009E743467C6D15
:10CCF000BE6D002B15D1109829002818001B15F0C7
:10CD0000F5FE0120B1420CD25446CB0821404C46DE
:10CD10008C4021007A6ED45C2143D1547C6DFD6E31
:10CD2000BE6D059B80001B5804935B46023B434449
:10CD30009B46049B29005819001B15F0D7FEB142F1
:10CD400008D25346CA0819404B468B40786E815C26
:10CD50000B4383545B46002BAED1079B9B4673E786
:10CD60000023984696E7069A944200D03BE6244B6F
:10CD7000244A2549254816F0DFFF5422FB6E524213
:10CD80003DE6FD6E0E987E6D28182900801B15F07B
:10CD9000ADFEBC6D8C420BD9072201230A409340A3
:10CDA0007C6EC808225C13432354FD6EBC6D7E6DFF
:10CDB0000F9829002818801B15F098FEA14200D377
:10CDC000F5E5072201230A4093407C6EC808225CE7
:10CDD00013432354EBE50023049337E6084A0B0082
:10CDE000009209490A4A0B4816F0A6FF1C2252423B
:10CDF00059E5099A0A9D93460B9E0694079380E590
:10CE00000C8802107C110000CCA7021044A802106C
:10CE1000BE02000070A80210F0B557464546DE4637
:10CE20004E468846E0B5070099B0FB6DB86D984254
:10CE300035D901267C6E06E03D6E0133013DFB6570
:10CE40003D6683422DD00721DA08A25C1940CA4012
:10CE50001642F1D1786DF96E181815F047FE454667
:10CE60002960F86D3A6E431C80180722012694460B
:10CE7000BD6D07E06146DA08A25C1940CA40013383
:10CE8000164204D0C21AFB653A669D42F2D80020D1
:10CE900019B0F0BCBB46B246A946A046F0BD18008A
:10CEA0003D6E7B6DF96EC01815F020FE002D00D18F
:10CEB0007AE20023FB65BB6E7965DA6AD300AB4288
:10CEC00000D998E0BB650021786E16F007FD1C22A2
:10CED000002110A816F002FD0123179307930023E9
:10CEE00006930133994606339A46CC4663465B0067
:10CEF0009C4601226546079C069B08927A6D9146E6
:10CF00004946FA6E501AC0181100934615F0EEFD0E
:10CF1000BE6DB1420ED25346CA08194001238B4060
:10CF2000786E815C0B438354FB6E179C9B467B6D34
:10CF3000BE6D994620004B4658445946C01A15F01C
:10CF4000D5FDB14208D25346CA08194001238B408F
:10CF5000786E815C0B438354012300225B42039271
:10CF6000029201923800009316AA10A9FEF716FE4D
:10CF7000002844D1002208AB9B8E9346002B20D082
:10CF800009955B469A02D44B38001A43082310A92E
:10CF900000930CABFDF73AFF00282EDBCF4B000DC2
:10CFA000984232D080239B00984200D1A3E0012315
:10CFB0009C4608ABE3449A8E5B469BB29A42E0D80B
:10CFC000099D169B5A1C00D1C2E0179C621C00D11F
:10CFD000BEE0069A934200D1D8E1079A934203D16A
:10CFE000069AA24200D1D5E1089A954200D1E6E125
:10CFF0000132089282E72B0064E7831CD7D0FB6ED6
:10D0000000223B66BA65FA6542E70D9C002CCED043
:10D01000BB6E013CDD69083DAC4200D295E02900C1
:10D02000200015F063FD013815F0DCFC831C9B002B
:10D030002900E01A15F05AFD81460C9BFE6E0593FF
:10D040005B460A9343467C6DBD6D0B933AE04A46BE
:10D05000012313409846022342469B1A0EAA0292CD
:10D06000934600220192059A9B00039300920021AF
:10D070003A003800FDF778FAFE6E33000028BFD181
:10D0800043467C6DBD6D002B14D10E9831003018D5
:10D09000001B15F02BFD0120A9420BD25346CA08F4
:10D0A000194001238B407C6EA15C0B43A3547C6D23
:10D0B000FE6EBD6D5B4680001B5805934B46023BE0
:10D0C00043449946059B31009819001B15F00EFD4D
:10D0D000A94208D25346CA08194001238B40786EF2
:10D0E000815C0B4383544B46002BB0D10A9B9B467B
:10D0F0000B9B98465BE7FD6E0C987E6D2818290007
:10D10000801B15F0F3FCBC6D8C420BD90722012368
:10D110000A4093407C6EC808225C13432354FD6E82
:10D120007E6DBC6D0D9829002818801B15F0DEFC63
:10D13000A14200D33BE7072201230A4093407C6EC3
:10D14000C808225C1343235431E70023994674E74F
:10D15000BB6A9A46002B00D167E6434607935346C5
:10D160009B79012B00D08AE05346C0221B6B9202B0
:10D1700013427DD080211A0049040A4093460B4295
:10D180007DD15246D46A002C72D0BB6E013CDD6961
:10D19000083DAC420DD32900200015F0A7FC013852
:10D1A00015F020FC831C9B002900E01A15F09EFC62
:10D1B000834640235344059353469B6AFE6E98462C
:10D1C00053467C6DBD6D06933BE05A4601231340E8
:10D1D000994602234A469B1A0EAA029292460022C0
:10D1E000019242469B000393009238003A00059951
:10D1F000FDF7BAF9FE6E3300002800D000E74B4679
:10D200007C6DBD6D002B14D10E9831003018001BC1
:10D2100015F06CFC0120A9420BD20723CA08194063
:10D22000063B8B407C6EA15C0B43A3547C6DFE6E71
:10D23000BD6D534680001B5898465B46023B4B44ED
:10D240009B46434698193100001B15F04FFCA9423C
:10D2500008D20723CA081940063B8B40786E815CD0
:10D260000B4383545B46002BAFD1069B9A461B6B46
:10D270008222520413408022D202934208D05346A5
:10D280001B689A46002B00D069E7079B9846CCE5BF
:10D2900053465C6B002CF2D0BB6E013CDD69083D4F
:10D2A000AC4270D32900200015F020FC013815F0A5
:10D2B00099FB831C9B002900E01A15F017FC83469C
:10D2C00040235344059353469B6BFE6E9946534649
:10D2D0007C6DBD6D06933FE0080000200202000057
:10D2E0005A46012313409846022342469B1A0EAA2F
:10D2F00002929246002201924A469B0003930092BA
:10D3000038003A000599FDF72FF9FE6E330000282A
:10D3100000D075E643467C6DBD6D002B14D10E9890
:10D3200031003018001B15F0E1FB0120A9420BD29F
:10D330000723CA081940063B8B407C6EA15C0B4357
:10D34000A3547C6DFE6EBD6D534680001B589946FC
:10D350005B46023B43449B464B4698193100001BF9
:10D3600015F0C4FBA94208D20723CA081940063B9E
:10D370008B40786E815C0B4383545B46002BAFD1AE
:10D38000069B9A467BE700239B4699E7079AA242B1
:10D3900000D029E60C4B0D490D480E4A16F0CCFC86
:10D3A0005420FB6E40422BE6074A0B0000920749CF
:10D3B00009480A4A16F0C0FC1C20404268E5AC4609
:10D3C0000794069392E5C0460C880210CCA7021081
:10D3D00044A802107C11000070A80210BE020000D8
:10D3E000F0B55746DE464E464546854B854C82464F
:10D3F00098462300E0B591B00F0050460FA944466F
:10D400009846FFF709FD061E1BD15346986E0F99EB
:10D41000C3689847061E1CD00300543311D17A4AC2
:10D4200021000F9B00924046784A16F085FC0123AC
:10D4300052465B42504613610FA9FFF7EDFC061EF2
:10D44000E3D0300011B0F0BCBB46B246A946A046BE
:10D45000F0BDFB6B002B00D188E000250C960895F1
:10D460000D948022089952045B1A05933B6B13427A
:10D4700000D19DE008239C46BC4463460693BB88CC
:10D48000634A9B021A4307925246926E4B1CD26922
:10D49000934200D9A8E00AAB9C4613240123894695
:10D4A00064440A9409930B94FB6C04933B6C023321
:10D4B00006D1796CBB6CCB18994501D289452AD22B
:10D4C00002235B423B6453469B6E48465E699B4623
:10D4D000310015F00BFB4B465D1A059B741E9C46F4
:10D4E00064444C44200031007D6415F0FFFA5B4633
:10D4F0009B6A641A9C4200D91C00049BBC64504681
:10D500000093079A2B0006990194FDF7C1FB0028B0
:10D51000CADA060095E74A469C1A099B9C4200D944
:10D520001C004B46591A049B22009C460A986144F1
:10D5300016F0DAF9099B1B1B099359D10B9C0122A8
:10D5400051460292089A504600920F9B524601940F
:10D550001031FDF7BBFA00283FD1089B01331A00B8
:10D560000893FB6B934200D97BE70C9E53465246CF
:10D570009B6ED169F86C9A6A16F0B6F9534610336F
:10D580000ECBBB6453469B6E39647A649A6A5346E9
:10D59000FF21D86916F0A2F9012352465B421361BC
:10D5A0000F9B3A6BBB638023DB0213433B6348E76B
:10D5B000012303930AAB9C4613243900089B64445F
:10D5C00002940193BB6B524600935046059B403139
:10D5D000FCF7CAFF0028B2D09BE703000D9C543330
:10D5E00000D11CE706002CE754204042060028E743
:10D5F0000A9BA1449C46A44463460A9354E7C04650
:10D60000CCA702109CA802100C880210030D000089
:10D6100000001020F0B557464E464546DE46E0B5C0
:10D6200015000A6B91B007001E000591D30109D5C2
:10D63000486BC96A83198B4200D2E3E0F96F9942C3
:10D6400000D23EE1002E00D18FE14020059B8446B0
:10D6500019006144B146B0468B462E001D00802360
:10D66000DB021A4200D084E0802310005B041840E3
:10D670001A4200D0B3E0696B002900D04FE1FB6E85
:10D6800006913B66AB6B0B960493C64B0893C64B57
:10D6900009934B460A934346A8460C9338000EA9BB
:10D6A000FFF7BAFB002857D10E9EB86E3100C36851
:10D6B0009847002800D0B2E0BB6E0793069B002B72
:10D6C00000D15EE15D1E079BDB691C00083C9946AA
:10D6D000A54200D2B3E02100280015F007FA013876
:10D6E00015F080F9023080002100281A15F0FEF9AB
:10D6F000050015F077F96C43069A8300D31A1B1BBB
:10D700009A46994500D1ECE0002B00D12FE101238E
:10D71000994653460024B2460FAD1E0010E04B461A
:10D720003A00029359465346380001950094FDF79C
:10D73000CDF9002800D0DCE00134B44200D1DDE0B6
:10D740004B46390002933800049B321B019500942C
:10D75000FDF7A0F80028E2D0802305995B030A6B4F
:10D7600013430B6311B0F0BCBB46B246A946A046BA
:10D77000F0BDB96EEB6BC9698B4249D0AA6B4C46C0
:10D780009246C91A89453AD91A000C0053460AE054
:10D7900003005433E0D129003800FFF721FE0028B0
:10D7A000DAD1AB6BEA6B009259463A00380002942A
:10D7B0000196FDF78BF90028EAD16B6B36191B191E
:10D7C0006B63EB6B1B19EB634B461B1B9946FB6EA4
:10D7D0003B664B46002B00D1C6E02A6B3FE7BB6E91
:10D7E000D9690220404282466B6BA863EB63C91A79
:10D7F0008020C00202434C462A638945C4D81A00DF
:10D800005346D0E70B00F96F994200D31AE758E06E
:10D81000D301E6D4696B32E70D9B46469846030078
:10D82000543399D1614B624A0093089933000998A7
:10D8300016F082FA012342465B4213642EE7069BF0
:10D840009A46994500D062E70123079300239A4640
:10D85000049B0FAD0F930423994643460024B04622
:10D860002E000D934B46A50002933A0043465946BD
:10D87000380001960095FDF729F90028CCD15445D0
:10D880000BD04A4639000292380004220F9B0196C1
:10D890000095FCF7FFFF002863D1079B01349C42F1
:10D8A000E0D1C2460A9B0D9D99460C9BB96E9846E5
:10D8B0005346AB63A300EB63C9690B9E2A6BC91A7D
:10D8C00096E7059CFB6EE063210038003B66FFF79E
:10D8D00087FD226B00283ED1364B1A40059B1A6308
:10D8E000B0E6681C15F078F8030001338246079310
:10D8F000AEE703005646543394D02DE70C9A4546C4
:10D900009046BA6E0A9B1100994633000B9E07920F
:10D910005246EB63AA63C9692A6BC91A68E70F907C
:10D920000FA8AA6AEB6A02902800013938300190EA
:10D93000009138005946FDF755FD002800D00BE74F
:10D94000BB6EFF219A6AE86C15F0C8FF01235B42A9
:10D95000696B2B6493E680235B031343059A13637F
:10D9600000E70D9B0593F7E646463000FAE60A9B72
:10D970000C9A9946454653469046B24607990B9EE7
:10D98000C6E7B24619000A9B454699460C9BE963D7
:10D9900098465346AB63079B0B9ED9692A6B0023BD
:10D9A00026E7C046CCA702109CA802100C880210E3
:10D9B000C50B0000FFFFFFFEF0B5D6464F464646BA
:10D9C000C0B50B6B05000C009AB01A0305D5DA013F
:10D9D00000D47AE0414A134023635A0306D400205E
:10D9E0001AB0E0BCBA46B146A846F0BD626B92469A
:10D9F000E26A9146DA0163D404AF54220021380070
:10DA000015F06CFFA36A2A00BB624B46FB62012340
:10DA10003B6353467B6314AB43CA43C312681A602B
:10DA200001235B4298462B60CA451BD20F2201237B
:10DA3000390028006A44FDF755FD0028D0DB0F228D
:10DA40000123210028006A44FFF7E4FD0028C7DB1A
:10DA50002B6801333DD04346626B3B642B60E36A25
:10DA60009A42E3D327001E4B403799461D4B9846F8
:10DA700010E003005433B3D11B4A4946A36B404620
:10DA800000921A4A16F058F921002800FFF7A8FC66
:10DA90000028A5D101232A0039002800FCF7AAFF9D
:10DAA0000028E6D1626B236BE262114AA16B13403E
:10DAB00080225202134323635346A16263638EE7BD
:10DAC0005246CA45F0D24A46EEE7012252420A6463
:10DAD00080E7626BE36A9A42A8D3C3E7FFFFF7FFD0
:10DAE000CCA702109CA802100C880210520D000056
:10DAF000FFFFFBFF4368F0B54546984657464E4644
:10DB0000DE468C05A415013463425C414346E0B512
:10DB1000170042465B686418A405A40D04335269DB
:10DB20001B190D00066889B093424CD84B005A0867
:10DB300043469B68059253401BBA07934146042312
:10DB4000300007AAFEF79EFD8246002827D1002D4F
:10DB50002DDA02AA13239446634499460123002533
:10DB60009B46002C0BD12AE001234A464146300057
:10DB7000FEF788FD002811D10135AC421FD059466F
:10DB80003B6802914946019179683000691800911B
:10DB9000621B3100FCF77EFE0028E5D0824650462D
:10DBA00009B0F0BCBB46B246A946A046F0BD230072
:10DBB0003A0041463000FEF765FD0028EED14346AD
:10DBC000059A9A60EBE71C235B429A46E7E7C0465A
:10DBD000F0B557464546DE464E46836EE0B54D6885
:10DBE0008A46DA6999692B001433070095B093428D
:10DBF00000D913004C1E1C19200014F077FF631A83
:10DC000006939D4200D3C6E1043B0C9300230D9381
:10DC10000A930C9BC94A5B1B934200D913009B4695
:10DC20002A1D069B93449B4500D200E1FF230AAACC
:10DC3000D375BB6E9A69DB699B1A5B4500D30DE116
:10DC400053465D68A0229C6812AB9846D2055B469D
:10DC5000043B5B1B1343BA4A41461A4343465440B4
:10DC600024BA1C6053460892D868042203F096F93F
:10DC70005346D8604346586010239C46BC446346D4
:10DC80000B9353461D685C6843460993082305932C
:10DC90000023BE6E99463B6909E0B16920003D61F1
:10DCA00014F024FF4B46BB612B00611A79619D4241
:10DCB000F3D17869A042F0D8B36AC318A342ECD973
:10DCC000059A1B1B0793934200D90792079EFB6995
:10DCD000201A32001818099915F006FEB446059A64
:10DCE0006444931B0593BA697B69E31A934200D29B
:10DCF0001300BE6EBB61B26A934200D1A4E0059BE3
:10DD0000002B00D05BE10A9B002B06D153465B68D9
:10DD100004330A935346DB680D9353465A465A60C0
:10DD20000AABDB7D089ADB431B06DB0FDB075340A6
:10DD30005246936001235B42D360069B30005B45F3
:10DD400006D97B69B26A9B185B4501D95D4660E7DD
:10DD500001233D695B4299463B60EB1C1DD8BC69C1
:10DD6000B1694C44FB697A696418200093460593B5
:10DD700014F0BCFE641A00945A4629003000B468BE
:10DD8000059BA047002849D1BB6EFF219A6AF8691C
:10DD900015F0A4FD4B46B86E3B6103699847002817
:10DDA0003CD153465D68069BAB4200D931E7434600
:10DDB000079353461B699B460A9B1A1D05925246C0
:10DDC000126806925A469A1A91465B4500D1DEE0E7
:10DDD00001235B423E001F00079B0024984609E098
:10DDE00038002A00414603F0D9F864190700A1451C
:10DDF00000D8A9E04B461D1B082D00D90825059B1E
:10DE000031001A1B434601935B461B1900933000F7
:10DE1000069B0295FCF73EFD0028E1D0060030008D
:10DE200015B0F0BCBB46B246A946A046F0BD143BB7
:10DE30009B4500D99B46FF230AAAD375069B9B45A9
:10DE400000D3F6E65346FDE600233A0038000B996E
:10DE5000FCF7D0FD0028E1D1BE6E50E701210AA8F1
:10DE6000534684461B68029116316144019159461C
:10DE7000380000913900FCF70DFD002802D00300A6
:10DE80005433CBD1BB6E00249E6901235B421193B6
:10DE900053461B681096994612AB9846002E09D13E
:10DEA0001DE02A004146119803F078F8641911909A
:10DEB000A64214D9321B1500082A00D9082543466A
:10DEC00001935B461B19009339004B4638000295BD
:10DED000FCF7E0FC0028E4D0030054339ED1534605
:10DEE00052465B6852690C3393424DD85346154CE9
:10DEF0009B68514663401BBA129312AB9846380098
:10DF000004234246FEF7BEFB002800D086E7082324
:10DF10005146380010AAFEF7B5FB002800D07DE777
:10DF200053465D689C600AABDA7DA023D243DB00D8
:10DF30009C46D2B2D2096244120588E6FE03000074
:10DF400000FC0F0008FCFF5F804637000D9D454533
:10DF500017D104225346079C1B6802920A9A390083
:10DF60000092380004220194FCF794FC061E00D0B5
:10DF700055E704222100280003F010F8002800D102
:10DF80004DE7542676424AE71C26764247E70123AE
:10DF90005B429846DAE753461B699B4653461B682B
:10DFA00006935B465B4299465B46002BE9D0002313
:10DFB0000A930D930433059312AB079308E7079A6E
:10DFC000099B9446634409933B6970E6F0B5574654
:10DFD00045464E46DE460C00E0B599B00A9322ABAA
:10DFE000099204CB876E1B88A5689A4624AB1B88D0
:10DFF000796A08936368060098460B9201350029F8
:10E0000007DD012301312800194314F06FFD0029B9
:10E0100023D0002399469B46A560434612930023D4
:10E02000012213931693FB6C524212ADAA60EA6070
:10E03000002B22D0083B6B6141463800FB689847B3
:10E04000002823D00300543300D1C4E019B0F0BC41
:10E05000BB46B246A946A046F0BD2368A560002B8A
:10E0600000D1B3E04246012A00D8AFE0012B00D135
:10E07000ADE001235B423361B3E0FB694146083BFD
:10E080006B613800FB6898470028DBD1220004232D
:10E09000290030000832FEF7F5FA0028D2D10DAB86
:10E0A00007937C4B0022069353465B421BB20593B9
:10E0B000089B3000049353460393774B0B990293CC
:10E0C0000A9B0D960193099B0E95009301235B42D9
:10E0D000FDF710F80028B5D1A369013300D1B3E0F2
:10E0E000E369013300D1AFE0C022D2009446E37D62
:10E0F0006A4A63441B051A436B6890466A690C338D
:10E10000934200D994E04246AB680FAF53401BBA2C
:10E110000F933A00042329003000FEF7B3FA0028D9
:10E1200090D122000823290030001832FEF7AAFA05
:10E13000002800D086E74346AB605B46002B00D04A
:10E14000A4E0F26B336B706B5340326CB16B504098
:10E15000726C5140B26C5340F26C9B0A42407A6040
:10E16000326D9B024A40BA6021003A0030000F93A2
:10E17000FCF714FD002800D068E77A680F9B134372
:10E18000BA68134362D129003000FFF721FD00284F
:10E1900000D057E76268236822605246300063600F
:10E1A000089B00219B1AA382139A149BE2602361AF
:10E1B0000C22483015F092FB5B46002B04D1330053
:10E1C00030363C3307CE07C358463FE70123994614
:10E1D00000239B4621E701235B4233614B46002B22
:10E1E00029D0012399462368002B19D06268012A9F
:10E1F00016D9012B14D03000211DFEF70DFE00288A
:10E2000006D003001C3300D020E74B46002B0FD074
:10E210006368B76E98460023994601339B46FCE637
:10E220001F4A63681F4900921F48204A15F084FD69
:10E230001C2040420AE71A4A63681A4900921C48A7
:10E240001C4A15F079FDCEE70FAF76E76B686A6977
:10E2500010339342ECD8184AAB68904653401BBA2F
:10E260000C932900042330000CAAFEF70BFA0028B7
:10E2700000D0E7E60C233A0029003000FEF702FA4E
:10E28000002800D0DEE64346AB607CE7002100209A
:10E2900000235FE7F5DA001000FC0F4008FC0F00D8
:10E2A0000C880210CCA70210C0A802103A08000087
:10E2B0009CA80210350800000CFCFF7FF0B5DE467C
:10E2C00057464E464546E0B5AFB00A9338AB099283
:10E2D00004CB83461B880D009A460B9226AA9146D2
:10E2E000A34A0C925346012B00D882E054460027E3
:10E2F0000D951EE05B469B6EDD6C9846002D00D1AF
:10E30000DD69FE2C0FD8434699696E084B1EF6183E
:10E31000300014F0EBFB283D761AAE4200D92E00F7
:10E32000269B9E425FD2534664083F19DC1B012C9A
:10E3300022D9002326934B4607930C9BBAB206932F
:10E3400053421BB20593534604938A4B03920293A4
:10E350000A9B00220193099B5846009301230B99C5
:10E360005B42FCF7C7FE0028C4D02FB0F0BCBB4610
:10E37000B246A946A046F0BD0D9D49465846FEF757
:10E3800011FA002812D05346109303001C33ECD12D
:10E39000794A2B6801926A68784900927848794AEC
:10E3A00015F0CAFC5B469B6E984626E04A46EB7D1C
:10E3B000BFB2D375EB69AA692D93534602930B9BA9
:10E3C0002C920093494658460A9B099A0197FFF7F9
:10E3D000FDFD0028D7DB279B269AEB610123BA4677
:10E3E000AA61EB757EE70D9D002FC6D153461093B1
:10E3F00003E010935B469B6E984643465B6A002B96
:10E4000000DCA8E00121A86801330130194314F0B1
:10E410006DFB002900D09EE02B68002B05D06A68B8
:10E42000012A02D9012B00D095E00023584626A9E5
:10E430002693FEF74DF8002800D12698002894DB9B
:10E440005B46DB6E181ADB08984200D883E04B4F1E
:10E45000494EAB6839004C4A4C48009615F06CFCAC
:10E460005B46DC6D9B6D0E9798465B465B6D0022AC
:10E470000C932B005F46454698460F96531C1A0096
:10E48000179301231A4006339B46C1461892A542B2
:10E4900000D864E37A6EAC460120150004E0013434
:10E4A000FC653966644577D05A46E308EB5C224048
:10E4B000D3403E6E711E1842F1D11EABC84699463C
:10E4C000189BF96E9B009A460C9BAB46E01865467C
:10E4D00014F00CFB4B46524699500122631CA619BE
:10E4E000944607240AE05846DA08825C2000184067
:10E4F000C2406046591C104205D00B00F21AFB6561
:10E500003A669D42EFD817990122022900D044E1D2
:10E5100000224B46BB4602319A60029120A901912C
:10E520000092594658461E9B043245460E9F0F9E48
:10E53000FCF7B0F9002800D1E4E00300543300D127
:10E54000E0E003001C3300D00FE73300390010482F
:10E55000104A15F0F1FB109B290002930023019350
:10E560000B9B58460093099A0A9BFFF72FFDFCE688
:10E570004DA5001000FC0F400C880210CCA7021023
:10E58000F8A802108E080000A408000028A90210B4
:10E5900058A90210AE080000654688460C9BF96E2B
:10E5A000E81814F0A3FA4346002B00D1CBE2002375
:10E5B000FB65BB6E7965DA6AD300434500D94346F3
:10E5C000BB650021786E15F089F91C22002126A870
:10E5D00015F084F901232D9300230C9301330D933F
:10E5E000139306339A464E460022139B0D9C5B0004
:10E5F00013930C9B15927A6D90464146FA6E501A11
:10E60000C0181100914614F071FABD6DA9420ED2E6
:10E610005346CA08194001238B40786E815C0B4336
:10E620008354FB6E2D9C99467B6DBD6D98462000F2
:10E63000434648444946C01A14F058FAA94208D241
:10E640005346CA08194001238B40786E815C0B4306
:10E650008354012300225B4203920292019238000C
:10E6600000932CAA26A9FDF799FA002800D067E2AA
:10E67000642212AB9B1800221B8814921AAA91469E
:10E68000002B22D0B046149B38009A02AB4B26A92F
:10E690001A43082300934B46FCF7B8FB002800DA26
:10E6A000F3E0A74B000D984279D080239B0098425D
:10E6B00000D158E26421149B12AA0133149352181A
:10E6C00012889BB29A42DED846462C9B5A1C00D137
:10E6D000F2E02D9C621C00D1EEE00C9A9A4200D12F
:10E6E00017E20D9A9A4203D10C9AA24200D114E289
:10E6F000159A139901321592914200D07BE70D943F
:10E700000C9371E75B469B6E596A00290CDD01236F
:10E71000013119434B469C68013C6418200014F0F9
:10E72000E5F94B46641A9C604A460423D360053BD6
:10E73000136100234946938200228A75EA7D584678
:10E74000CA75EA69A96925920193109A0B9B2491D5
:10E750000292009349460A9B099AFFF737FC00286A
:10E7600000DAEEE60121E97559461E9A1F9BAA615F
:10E77000EB612E68086A864200D196E05C466968C3
:10E78000646AA14200D190E0A64200D18DE08842A7
:10E7900000D18AE001231093DDE61C006EE64B46B3
:10E7A0005C68002C86D0BB6E013CDD69083DAC4244
:10E7B0007FD32900200014F099F9013814F012F9E0
:10E7C000831C9B002900E01A14F090F911904B462D
:10E7D0001B68FC6E7E6DBD6D129325E0169B7E6DF1
:10E7E000BD6D002B15D11C9821002018801B14F042
:10E7F0007DF90120A9420CD25446CB0821400124C6
:10E800008C4021007A6ED45C2143D1547E6DFC6E25
:10E81000BD6D169A199B944680001B581293119B4C
:10E82000023B9C4463461193129B21001819801BE4
:10E8300014F05CF9A94208D25346CA0819400123D2
:10E840008B40786E815C0B438354119A002A00D16F
:10E8500030E70123134002221693D31A1CAA1992FF
:10E86000029200220192129A9B00009200213A002B
:10E8700038000393FBF778FEFC6E0028AED0BB4651
:10E88000210045460E9F0F9E09E0831C00D111E731
:10E89000BB4645465B46DB6E0E9F19000F9E5A46EF
:10E8A000002311669365D3654BE659460A624B62B5
:10E8B00070E7002311938AE7BB6AB1469846002BA4
:10E8C00000D1A1E00123C1469A4612964B469B799E
:10E8D000012B00D090E04B46C0221B6B92021342EA
:10E8E00000D182E080221900520411408846134270
:10E8F00000D081E04A46D46A002C76D0BB6E013C41
:10E90000DD69083DAC420DD32900200014F0EEF87B
:10E91000013814F067F8831C9B002900E01A14F0FA
:10E92000E5F8804640234B4411934B469B6AFD6EAD
:10E930000C934B467C6DBE6D13933FE008000020A6
:10E9400002020000424653461340994602234A46BB
:10E950009B1A1CAA0D920292002201920C9A9B0013
:10E960000393009238003A001199FBF7FDFDFD6E0C
:10E970002B00002800D0C3E04B467C6DBE6D002B01
:10E9800014D11C9829002818001B14F0AFF801209E
:10E99000B1420BD25B46CA08194053468B407C6E8D
:10E9A000A15C0B43A3547C6DFD6EBE6D0D9B80007E
:10E9B0001B580C934346023B4B4498460C9B290042
:10E9C0005819001B14F092F8B14208D25B46CA08ED
:10E9D000194053468B40786E815C0B438354434609
:10E9E000002BAFD1139B99461B6B8222520413401C
:10E9F0008022D20293420CD04B461B689946002BD2
:10EA000000D063E7129B99467B6DBD6DFC6D0C9346
:10EA10003DE54B465C6B002CEED0BB6E013CDD69E6
:10EA2000083DAC4272D32900200014F05FF8013891
:10EA300013F0D8FF831C9B002900E01A14F056F84D
:10EA4000804640234B4411934B469B6BFE6E0C93C8
:10EA50004B467C6DBD6D13933BE0424653461340DD
:10EA6000994602234A469B1A1CAA0D920292002242
:10EA700001920C9A9B000393009238003A0011997E
:10EA8000FBF772FDFE6E3300002839D14B467C6DDA
:10EA9000BD6D002B15D11C9831003018001B14F0EF
:10EAA00025F80120A9420CD25C46CB0821405446EF
:10EAB0008C4021007A6ED45C2143D1547C6DFE6E73
:10EAC000BD6D0D9B80001B580C934346023B4B448D
:10EAD00098460C9B31009819001B14F007F8A942C6
:10EAE00008D25B46CA08194053468B40786E815C59
:10EAF0000B4383544346002BAFD1139B99467BE7CE
:10EB0000BB461900129D0E9F0F9EC8E60023984633
:10EB100097E70D9AA24200D0EAE5BB460F9E0E9FF2
:10EB20003300264A3900264815F006F95A460023D4
:10EB300054209365D365D36E40421366FFF715FCEE
:10EB4000BB463500A6E6BB460F9E0E9F0B001D4A36
:10EB5000390000961C484D4615F0EEF8F5E43B6E82
:10EB6000250098461AE5FD6E1A987E6D2818290032
:10EB7000801B13F0BBFFBC6D8C420BD90723CA0866
:10EB80001940063B8B40786E815C0B438354FD6ECD
:10EB9000BC6D7E6D1B9829002818801B13F0A6FF02
:10EBA0008C4200D886E50723CA081940063B8B40F3
:10EBB000786E815C0B4383547CE5C0467C11000079
:10EBC00044A80210BE02000070A80210F0B557461B
:10EBD0004546DE464E46E0B59BB09A46249B05006E
:10EBE0000F000992002B00D1FDE153461868B64A88
:10EBF000000D43055B0D934200D1EBE1B34A934214
:10EC000000D1F6E1E022C021D200C90002408A42D0
:10EC100008D153465B681A68BA615B68FB610123DF
:10EC20000340FB75249B0022012B00D1DBE15346FE
:10EC30009868A549000D43055B0D8B4200D1D4E1D6
:10EC4000A2498B4200D14FE2E021C023C900DB0082
:10EC50000140994208D15346DB681968B9615B6885
:10EC6000FB6101230340FB75249B022B54D05346C8
:10EC700018699549000D43055B0D8B4200D112E2E6
:10EC800092498B4200D14CE2E021C023C900DB0055
:10EC90000140994200D1EDE1249B032B3CD0534627
:10ECA00098698949000D43055B0D8B4200D125E22F
:10ECB00086498B4200D1C3E1E021C023C900DB00BB
:10ECC0000140994208D15346DB691968B9615B6814
:10ECD000FB6101230340FB75249B052B1CD153468C
:10ECE000186A7949000D43055B0D8B4200D122E281
:10ECF00076498B4200D12FE2E021C023C900DB001E
:10ED00000140994208D153465B6A1968B9615B6852
:10ED1000FB6101230340FB75BB8A002A02D0002B54
:10ED200000D1D5E1BA7D002A00D186E0FE2B00D9C2
:10ED300083E001213B68A86E14AC4942FA68149341
:10ED4000E1603B69C16C6260A3602261002900D16F
:10ED500059E1083961610FA907915D4928000691C1
:10ED60000021059104910391029124990F9501913D
:10ED70005146009139001094FCF7BCF9002855D198
:10ED80006B6B2A6C696C5A40AB6B286B5940EB6B10
:10ED90004340A86C4340E86C9846060056401296E3
:10EDA0002E6D33004B40139343469B0A9B021193F5
:10EDB00002D1904200D1FDE13900280011AAFBF7F1
:10EDC000EDFE002865D1636862691033934233D841
:10EDD000A368404E210073401BBA0E932800042301
:10EDE0000EAAFDF74FFC002820D10C23210028009B
:10EDF00011AAFDF747FC002818D1A66021002800C1
:10EE0000FEF7E6FE002811D1169B159A3B61FA60C9
:10EE10002B002A003C33303213CA13C328000021D0
:10EE20000C22483014F05AFD002113E003001C337B
:10EE300002D0030054332CD1BB8A012252422A61F2
:10EE40003900019352462800249B0097FFF736FAB9
:10EE5000011E1EDB099BAC6A1A685B680A920C9360
:10EE6000002C15D001235B4200269B460D910B9789
:10EE7000A3680A99994213D0E2680C9890420FD087
:10EE800098420DD091420BD02468002CF0D10D99FE
:10EE900008001BB0F0BCBB46B246A946A046F0BD78
:10EEA00023000B9A083383CA83C383CA83C3270012
:10EEB00003CA03C3099B08379F4232D1A38820228B
:10EEC00090460897A04408E001040000FF040000F9
:10EED000F5DA00100CFCFF7FA388A18B8B42D3D303
:10EEE000E27F002AD0D0226A286A82420AD0676A6A
:10EEF000B9466F6AB94505D0BA4203D0484501D03A
:10EF00005B1AA3805B4600930123424628000899C0
:10EF10000396029601965B42FCF740FE0028DBD088
:10EF2000B7E7249B002BC9D053461A68BB4953004E
:10EF30005B0D8B4200D1BAE0B9498B4265D0A38802
:10EF4000249A012ABBD052469268B4485100490D18
:10EF5000814200D1D6E0B248814265D0249A022A8B
:10EF6000ADD052461169AD484A00520D824200D1DF
:10EF7000E5E0AB48824200D186E0249A032A9ED085
:10EF800052469169A5484A00520D824262D0A44877
:10EF9000824200D1F5E0249A052A90D15246116AA6
:10EFA0009E484A00520D824200D1DAE09C488242DB
:10EFB00000D084E70A03920D934200D27FE7013329
:10EFC000A380A379022B00D078E7A36A0133A36260
:10EFD000A38874E78B8A01338B8223E6259BDB7D34
:10EFE000002B00D0EAE0BB8A9CE6BB8A0133BB82DF
:10EFF0003AE68B8A0122013B9BB28B82249901293C
:10F0000000D014E68BE6C169A3E6A3881203920D33
:10F01000934295D30133A380A379022B8FD1A36AA6
:10F020000133A362A3888BE71203920D9A4295D80D
:10F030000133A380A379022B00D1CAE0A3888DE716
:10F04000BB8A2499013B9BB20122BB82052900D1D6
:10F0500045E664E60A03920D934200D1D4E09AD9C2
:10F06000013BA380A379022B02D1A36A013BA362D7
:10F07000A38890E753465B691968B9615B68FB61D7
:10F0800001230340FB7507E60A03920D934200D269
:10F0900073E70133A380A379022B5BD1A36A013309
:10F0A000A362A38869E7BB8A0133BB82F4E5A38826
:10F0B0001203920D9A4274D000D341E7013BA38022
:10F0C000A379022B00D03AE7A36A013BA36236E79B
:10F0D00039002800259AFDF7B9F8002800D17DE70E
:10F0E000831C00D0D5E67EE7BB8A2499013B9BB206
:10F0F0000122BB82022900D0B9E510E6BB8A0133A8
:10F10000BB82E9E51203920D93426BD000D825E74C
:10F11000013BA380A379022B90D1A36A013BA36298
:10F120008CE7BB8A2499013B9BB20122BB82032955
:10F1300000D0B4E5F3E5BB8A0133BB82ECE50A03FA
:10F14000920D934257D000D817E7013BA380A379D3
:10F15000022B43D0A38810E7BB8A013B9BB2BB8242
:10F16000DDE50A03920D93422AD000D8A7E6013BC1
:10F17000A380A379022B00D0A0E6A36A013BA3627F
:10F180009CE60A03920D934200D204E70133A38068
:10F19000A379022B00D06BE7A36A0133A362A38893
:10F1A000F9E6A279022A00D1CAE601225242A260FF
:10F1B000E260C5E68E4200D120E6FDE5022149E687
:10F1C000A279022A00D17AE601225242A260E260CC
:10F1D00075E6A36A0133A362A388BFE6A36A013B75
:10F1E000A362B7E7A279022A00D1B7E60122524210
:10F1F000A260E260B2E6A279022A00D1BDE6012255
:10F200005242A260E260B8E6A279022A00D1C2E6C8
:10F2100001225242A260E260BDE6C046FF04000047
:10F2200001040000F0B5DE46574645464E46E0B5BF
:10F23000050018689BB00992000DC54A9B4643051E
:10F240000F005B0D934200D16AE1C24A934200D1A4
:10F25000AEE0E022C021D200C90002408A4200D1C3
:10F260006CE15B469C68BA4A240D630500215B0D86
:10F27000934200D1A9E0B74A934200D154E1E02281
:10F28000C020D200C0002240824208D15B46DB6829
:10F290001A68BA615B68FB6101232340FB75BC8A75
:10F2A000002900D098E0BB7D002B00D1B0E0FE2CFF
:10F2B00000D9ADE001213B68A86E14AC4942FA6860
:10F2C0001493E1603B69C16C6260A3602261002914
:10F2D00000D131E1083961610FA907919E492800E9
:10F2E000069100210591049103910291023101914F
:10F2F0005946009139000F951094FBF7FBFE00284A
:10F3000000D07EE02B6C696BA86B59406B6CEA6B8C
:10F3100058402B6BEE6C5340AA6C53400A00984641
:10F320000300724012922A6D5340139343469B0A86
:10F330009B02119302D1B14200D154E1390028005F
:10F3400011AAFBF72BFC002854D1636862691033C3
:10F3500093425CD8A368814E210073401BBA0E9380
:10F36000280004230EAAFDF78DF9002849D10C23AB
:10F370002100280011AAFDF785F9002841D1A660D7
:10F3800021002800FEF724FC00283AD1169B159A8C
:10F390003B61FA602B002A003C33303213CA13C39E
:10F3A000280000210C22483014F098FA00213CE09B
:10F3B0008B8A674A013B8B825B469C680121240D46
:10F3C00063055B0D934200D055E7BB8A0133BB82D6
:10F3D000BC8A002900D166E7002C00D063E7002238
:10F3E00039002800FCF732FF002800D1E6E0831C3A
:10F3F00000D1F6E01BB0F0BCBB46B246A946A04621
:10F40000F0BD03001C3302D003005433F2D1BC8A98
:10F4100001235B422B6139005A4628000194009772
:10F420000333FEF74BFF011EE4DB099BAC6A1A684D
:10F430005B680A920C93002C15D001235B420026D6
:10F440009A460D910B97A3680A9999420DD0E268EC
:10F450000C98904209D0984207D0914205D0246878
:10F46000002CF0D10D990800C4E723000B9A083353
:10F4700083CA83C383CA83C3270003CA03C3099A09
:10F480000837A388BA4229D1202290460897A04481
:10F4900000E0A388A18B9942E1D8E27F002ADED068
:10F4A000226A286A82420AD0676AB9466F6AB945F9
:10F4B00005D0BA4203D0484501D05B1AA380534619
:10F4C000009301234246280008990396029601966C
:10F4D0005B42FCF763FB0028DBD08BE75A461268DF
:10F4E0001C485100490D814248D01948814237D00B
:10F4F0005A46926817485100490D81424DD0144830
:10F500008142C1D11203920D9A42BDD80133A27932
:10F510009BB2A380022AB7D1A26A0132A262B3E7EA
:10F520008B8A01338B829CE6BC8A013CA4B2BC82EC
:10F53000002C00D0B7E652E7C169CBE600231A6879
:10F54000BA615B68FB6101230340FB7589E6C04635
:10F5500001040000FF040000F5DA00100CFCFF7F3E
:10F560001203920D9A42C3D80133A2799BB2A380B1
:10F57000022ABDD1A26A0132A262B9E71203920D3A
:10F580009A421DD0B4D2013BA2799BB2A380022A39
:10F59000AED1A26A013AA262AAE71203920D9A4280
:10F5A00016D000D370E7013BA2799BB2A380022A58
:10F5B00000D069E7A26A013AA26265E7E37DFFDE57
:10F5C000A279022A94D001225242A260E2608FE71F
:10F5D000A279022A00D157E701225242A260E260DA
:10F5E00052E7BC8A5FE6904200D1C9E6A6E6C04673
:10F5F000F0B5574645464E46DE46E0B58025846A5E
:10F60000A3B00700884692460E0005936D04002CB7
:10F610000BD13BE0E068716881420ED099420CD07A
:10F6200090420AD02468002C2FD0230008339E4239
:10F63000F8D0A36832689A42ECD1A379012BF1D1BA
:10F64000236B2B42EED0BB6EE26A9B6A9A42E9D9E9
:10F65000636B2100E363FB6E38003B66FDF7C0FE81
:10F66000002809D1236BBF4A2100134038002363CF
:10F67000FEF7A2F90028D5D00600300023B0F0BC78
:10F68000BB46B246A946A046F0BDB04643464246F8
:10F690001C685B68069312AB9B4643CA43C343CACC
:10F6A00043C303CA03C301939946059B4246009393
:10F6B000594653463800FFF789FA061EDDDB4346FC
:10F6C0001B689C4208D0424606995268914203D07A
:10F6D000994201D0944207D143465A4623CA23C3D4
:10F6E00023CA23C303CA03C3022E00D165E1012E3E
:10F6F00000D091E0002309930AAB9A469A4B069DED
:10F7000005939A4B08939A4B9846434603935B465E
:10F710005B68984A02935B461B68059901930898B9
:10F720002300009514F008FB3B6A9C4276D07A6A6D
:10F73000954273D0944271D09D426FD0BB6A002B2A
:10F7400026D0129E13980CE0D9688D420CD08C42C2
:10F750000AD0954208D09A79022A0AD01B68002B59
:10F7600016D09A689442EFD19A799E60D860022AA6
:10F77000F4D1DA6A944206D0196B8D4203D08C42E0
:10F7800001D09542EAD1DE6218631B68002BE8D1F4
:10F7900053464A465146380030C3FCF7DBFC061E90
:10F7A0007ADB3A6B069001329305591E8B41520069
:10F7B0005208DB0713434A465568E022190DD20070
:10F7C0003B6311426DD14B4600211C680CAA0C947E
:10F7D00055600E9100210F9106990EAB9960594624
:10F7E0003800D9604946FFF71DFD061E00DA44E7E0
:10F7F000012800D1D9E0012464424A46514638002C
:10F80000FCF724FD061E0ED0831C00D035E7099BB3
:10F810000326002B00D030E700262EE7139B129A18
:10F820007B623A628AE73B6B9A0508D01A19930506
:10F83000591E8B415200DB07520813433B634A4673
:10F84000E0215568C9001A0D0A4262D14B460026D4
:10F850001C680023C0220F934B46D20094460E969C
:10F86000DB7D454A63441B05134310935B461193AC
:10F870005346524630C3494638000EABFFF7D2FC20
:10F88000061E00DAF9E620224946584614F02CF804
:10F89000012E00D139E7BAE7831C00D0EDE6002441
:10F8A000ABE77A6B1A9CA2420BD0B96BA94208D085
:10F8B000AA4206D08C4204D00CAA00210C945560B8
:10F8C00087E742461B039B0D0599029207932B4A3B
:10F8D0000193009523002A4814F02EFA3B6B294A25
:10F8E000494613403B63002330C9079A7B63BB63DF
:10F8F00033039B0D93424FD9234A3300944663440C
:10F900000CAA06930C945560079B20499B0219434F
:10F910005FE77A6B1A9CA24207D0B96BA94204D068
:10F92000AA4202D000268C4293D11B039E0D43466F
:10F93000174A02930095230011480599019614F087
:10F94000FBF93B6B0F4A13403B6300237B63BB63B4
:10F950004B4630CB0F4B9E425FD0B3020B4E1E4343
:10F9600077E7C046FFFFFFFECCA7021084A9021074
:10F970000C880210AB09000008FC0F00D809000039
:10F98000C0A90210FF03008000FCFFFF0000F04F41
:10F990000C0A0000FF030000214B11000C940CAA7C
:10F9A00055609942B0D1002113E7202249465846BC
:10F9B00013F09AFF01230993A7E63A004146380065
:10F9C0004832FBF7EBF8061E00D056E64B46C02245
:10F9D00059684346D20094460691DB7D114A634440
:10F9E0001B0513430E93434618330F930AAB9A46F5
:10F9F00001231A9C0B91019000935246494638000E
:10FA00000EAB0A94FFF7E2F8061E00DA35E6202274
:10FA10004946584613F068FF69E6002619E7C046D4
:10FA2000FF03000008FC0F00F0B55746DE464E46C7
:10FA30004546E0B5036B07008A46A7B09B0566D034
:10FA400001235B42012599460EAC1C2200212000B7
:10FA500013F044FF002300269846E575E5614B4608
:10FA60000093012338000396029601965B4214AA84
:10FA700016A9FCF793F88346002849D1E37D002BB3
:10FA80006CD02022200016A913F02EFF149B013306
:10FA900002D0159B0133E2D15A464346002BD4D104
:10FAA000012A28D01C220021200013F017FF534602
:10FAB000E575E561002B32D1012500266D42012359
:10FAC000380003960296019600955B4214AA16A987
:10FAD000FCF764F800281BD1E37D002B00D193E0F4
:10FAE0002022200016A913F0FFFE149B013302D040
:10FAF000159B0133E3D13A6B53425BB29B189A05D5
:10FB0000511E8A415B00D2075B0813433B63002010
:10FB100027B0F0BCBB46B246A946A046F0BD0026C1
:10FB20004B460093012338000396029601965B42F0
:10FB300014AA16A9FCF732F80028E9D1E37D002BBE
:10FB400072D02022200016A913F0CEFE149B0122B1
:10FB50000133A2D0159B01339FD0E1E738001EAAE4
:10FB600014A9FCF7F7FA00285ADB83059B0D020065
:10FB70000093380008AB1EA9FBF702FA0028C7DB88
:10FB8000149B089A15990593934200D1A9E08A42E3
:10FB900000D184E0554B564807930393099B069088
:10FBA00002930192059B534A00915348069914F021
:10FBB000C3F8E0233A6BDB00110D19420CD0796BCE
:10FBC0000E9B994270D0B86B84460F9884456BD0D9
:10FBD000814269D0634567D000230A9300230B93C9
:10FBE000464B21000C9308AB0D93380002230AAA60
:10FBF000FFF7FEFC002800DA8AE703384342584149
:10FC000043460343984641E738001EAA14A9FCF76F
:10FC1000A1FA002800DB63E7831C00D160E777E7E7
:10FC2000831C00D12DE773E738001EAA14A9FCF746
:10FC300091FA002885DA831C00D069E72B4AA36972
:10FC40000192E2692A4900922D482E4A14F074F874
:10FC50003A003800483216A9FAF7A0FF002800D071
:10FC600056E75F2204AB9B18C022D20094461B7853
:10FC7000254A63441B0513430A931CAB0B932100D5
:10FC8000012338000AAAFFF7B3FC002800DA3FE797
:10FC900003384342584143460343984656E7099880
:10FCA000834200D076E7ECE607991203920D0291A9
:10FCB000019205926268154800920699144A14F060
:10FCC0003BF83B6B134A13403B630023059A7B636D
:10FCD000BB63114B9A4200D17EE7104B9202134353
:10FCE0007BE70998884200D054E7CAE60C880210E6
:10FCF000CCA70210B713000034AA021008FC0F6052
:10FD000004AA0210E213000008FC0F0078AA0210F7
:10FD1000C2130000FF030080FF0300000000F04F4B
:10FD2000F0B54546DE4657464E46E0B50A6B05003F
:10FD30000C0089B0D30327D58B68013324D0CB685E
:10FD4000013321D0D2014FD5E06CE16A494EA3883E
:10FD500031439B020590206D19430491816804AAE8
:10FD60000B43812149050B4321009360436808310F
:10FD7000D36028000223FFF73BFC002853DB4CD163
:10FD8000226B3D4B1A402263AB6A002B03D120E06B
:10FD90001B68002B1CD09C42FAD09A79012AF7D11B
:10FDA0009A68A1688A4207D0DD68E068854203D07E
:10FDB000824201D0A942EBD19988A2889142E7D131
:10FDC0008022196B92020A431A631B68002BE2D14E
:10FDD000226B0020294B1A40226309B0F0BCBB46BD
:10FDE000B246A946A046F0BD012307695B4298468A
:10FDF0000360FB1C1DD9A86E036998470028ECD14D
:10FE0000236BDB01A0D402AB22001900283241CAC7
:10FE100041C1082118001A4E99E700212800FFF778
:10FE200003FE0028ACD08023226B5B0313432363C3
:10FE3000D3E7836E866999469969C3694644761803
:10FE40009B46436930009A4612F050FE4B46761AA4
:10FE500000969E6852465B4639004846B0470028E7
:10FE6000BBD1AB6EFF219A6AE86913F037FD4346B8
:10FE70002B61C0E700001020FFFFFEFFFFFFEDFF3A
:10FE80000000202030B5036B040095B09B0545D4DD
:10FE9000E023E26BDB00110D194205D101212000A6
:10FEA000FFF7C2FD15B030BD3C4D1203920D236C1F
:10FEB00002950192626C3A4900923A483A4A13F02C
:10FEC0003BFF0022012303920292019222005B4237
:10FED0002000009340320CA9FBF760FE0028E1D11E
:10FEE000E36B226B31491B030A409B0D30499B0297
:10FEF0000B43226306AA06936063A063506001234C
:10FF000020000CA9FFF774FB0028CBDBC6D0002132
:10FF10002000FFF789FD0028C0D0C3E71F4A036A0D
:10FF20000192626A1E4900922248234A13F004FF9C
:10FF30000022012303920292019222005B422000E0
:10FF4000009320320CA9FBF729FE0028AAD11B4AF6
:10FF500006AB0692A26E0593D26901230792E26E68
:10FF600020000892226F0CA90992626F0A92A26F78
:10FF70000B92134A049204AAFFF73AFB002800DA16
:10FF800090E704D1236B0F4A1340236380E70021DD
:10FF90002000FFF749FD0028F4D083E70C88021009
:10FFA000CCA70210F4AA02106A130000FF0300801D
:10FFB0000000F04FC0AA021042130000010002002E
:10FFC00018001020FFFDFFFFF0B545464E46DE4607
:10FFD0005746E0B58BB006000D00984603929B078C
:10FFE00004D5FFF74FFF071E00D080E0149B3000C0
:10FFF0002B6543462B6300236B63EB63EB64083391
:020000041001E9
:100000009946A94449462B1D03AAFCF783F9B46A13
:10001000071E00DA73E00123AB7143462C60B56222
:100020009B0500D5B9E0070D012F51D14246AB88A1
:100030009B02520500D42AE1AE4A1A438023029261
:100040002A6B5B0213432B63296D8B68002B00D155
:10005000ABE00122904601329246802252020024F7
:1000600093462B6B14E052461A420CD0620048684B
:100070001219920080188068B26F904200D919E17D
:100080005A4613432B638A680134A24200D88CE09D
:1000900042461A42E7D0C0208000844662004B6886
:1000A00012199200A9889B189A68890211431A783C
:1000B0003000624412050A438905890D5B6800918E
:1000C0004946FAF75DFF2B6B071E5EDB296DCAE719
:1000D000802315272A6B5B03134328367F422C00AD
:1000E000296D2B63236833600B68002B51D03800D7
:1000F0000BB0F0BCBB46B246A946A046F0BD831C7F
:1001000012D02B6B296D8022520313432B632836A8
:10011000002CE9D0A542E5D026002468002CF9D1B6
:100120000B68002BE3D134E0039B9B46724B58468F
:1001300019009A4617F004FB03005B44180051466F
:10014000029317F07FFB029B1B5C002BD9D101238C
:10015000AB7143462C60B562DB053BD55146584632
:1001600017F0EEFA5B461B5C002B00D084E0326F88
:10017000824238D2802324272A6B5B0313432C004E
:10018000296D2B6328367F42C4E7821C71D1296D0B
:1001900069E7E86C13F08AFBA9E7802311272A6B33
:1001A0005B03134328367F4299E7B36E08689C6A65
:1001B000002800D182E0E8642200FF2113F08EFBCA
:1001C00001235B422B644D4A029B1B0D934228D0B6
:1001D00000278CE780232A6B5B0313432C00296DD7
:1001E0002B63283696E7A988454C89020C43049472
:1001F00080240843640320430690584607903D48F6
:1002000004AA01431161536053614946300003332E
:10021000FFF7EEF9071E64DB00285CD1354B029333
:1002200012E78022286B520402432A630022022133
:10023000029B6A64B26E9B05926A49429B0DA96259
:10024000EB622964AA64C3D0A9882E4B89029A4222
:1002500000D91A001143802292050A438905890DAD
:10026000EB6C300000914946FAF7D0FD071EAFDA7B
:100270002B6BB46A296D46E7802314272A6B5B0336
:1002800013432C00296D2B6328367F4242E71E4A18
:1002900049461A43082300932B0030002833FAF70D
:1002A000B5FD0290002800DBCEE607002B6BB46A98
:1002B000296D28E71C27B46A7F4224E7200013F049
:1002C00097FAE864002800D076E70C272B6BB46A15
:1002D000296D7F4217E700213000FFF7A5FB071EBD
:1002E0009CD03B00B46A1C3300D00AE724277F422D
:1002F00007E7C04600001020C8A702100102000056
:1003000000001040FE0300000800002030B59BB044
:100310000400FBF7DFF9051E00D08AE0A36E002180
:10032000DA6A606E13F0DAFAA36EE26EDB6A656574
:10033000DB00934216D8A36500232000E365226604
:1003400012A9FCF72FFA051E0ED0A36E5A6B002AD5
:100350004FD09A6B002A53D0DB6B002B57D028006C
:100360001BB030BD1300E6E7A26E3349D269069197
:100370000792E26E31490892226F0C910992626FE6
:100380002F490A92A26F06AB0B920E912D490CAA2F
:10039000D1602D495060116153612000032312A9DF
:1003A000FFF726F9051ED0DB00283BD15E216A4607
:1003B0000023521813702000002212A9FFF718F929
:1003C000051EC2DB002826D10022012304920593DA
:1003D000012300225B42039202920192009304AA3D
:1003E000200012A9FBF7DAFBA36E05005A6B002A66
:1003F000AFD1E06813F05AFAA36E9A6B002AABD122
:10040000E06913F053FAA36EDB6B002BA7D1606E8B
:1004100013F04CFAA3E700212000FFF705FB051EAF
:10042000D2D092E700212000FFF7FEFA051EBDD0D2
:100430008BE70C256D4292E701000200000010409E
:100440000800F00F28AB021018001020F0B5DE46AF
:1004500057464E464546E0B599B00400FBF73AF9D9
:10046000002800D015E11C22002110A813F036FA54
:100470000123A74900228B46A64999468A46904601
:100480001793013207AF0125520004925B467B604F
:100490000823BB6053463C600293002301939E4BAC
:1004A0002000009303979D4B16AA10A9FBF776FB3B
:1004B000002800DAE1E050D08005801501304CD0F2
:1004C000119B109A636218230AAE226220000093E7
:1004D000934A330010A9FAF753FD002800DACCE064
:1004E0000A9B1A0C98B2022A00D0D5E0012800D944
:1004F000E3E00021002800D193E0236B894A1340F8
:100500000B432363F368002B04D0216F8B4200D987
:10051000EEE023673369002B04D0616F8B4200D972
:10052000DAE063677369002B09D0A16F8B4200D9B1
:10053000C6E0E26FA3679A4200D91A00E267A36E91
:10054000B068196A002902D0814200D089E0716840
:10055000DE69E066B14200D076E026003036320037
:10056000200010A9FAF71AFB002800D085E01699A0
:100570004B1C1FD0179B5A1C1CD041454AD04945E3
:100580004AD1434548D15425674B68496848694A70
:1005900013F0D2FB6D42A36E5A6B002A00D173E0B8
:1005A0009A6B002A6BD0DB6B002B24D1606E13F0AA
:1005B0007DF920E0236B0500002B24D05A4A5B49CB
:1005C0000292A26B5C480192626B00925B4A13F04C
:1005D000B3FB226BD30F9B18236323003C3307CE5E
:1005E00007C3E66EE06A310012F080FA002361650D
:1005F000A365E3652666280019B0F0BCBB46B24689
:10060000A946A046F0BD626B002AD7D1A26B002A92
:10061000E0D0D3E79945B6D0049AAA4274D0013508
:1006200034E742491B0405913F491B0C039101210A
:10063000019202910093059902234148414A13F027
:100640007BFB8021890058E70D00374B3749019328
:100650003D482B003D4A009613F06EFB16256D4277
:1006600099E70D003A4E304B30490193394A030067
:100670000095300013F060FBF0E705008BE7E069C0
:1006800013F014F9A36E8EE7E06813F00FF9A36E70
:1006900086E70C256D42AEE71D001300224A2D04AB
:1006A000039201222D0C0292013201921F492A4A23
:1006B00000952A4813F040FBD0E71D000223EDE728
:1006C0001D001A4E184B0091019331002B00244A53
:1006D000244813F031FBC1E71D00144E124B00916A
:1006E000019331002B00204A204813F025FBB5E789
:1006F0001D000E4E0C4B0091019331002B001C4A43
:100700001C4813F019FBA9E799468846049ABAE6F3
:1007100028AB0210FDBA00100800F00F00FCFF7FAC
:1007200018001020FFFDFFFF0C880210CCA702105C
:1007300044A802107C110000ACAC02101B12000097
:100740006CAB0210CE1100007CAC02100B1200004A
:1007500048AC021002120000BF11000034AB0210BE
:10076000F311000014AC0210E8110000E0AB02101D
:10077000DD110000ACAB021070B5036B9CB004003F
:1007800005919B0500D575E0E023E26BDB00110DC0
:10079000194233D101212000FFF746F9061E2BD163
:1007A0000023200005AA0AA9FBF7B4FD002823DBDB
:1007B000914A03039B0D934200D1D3E0A26A9D02AC
:1007C0001292000D022800D18DE08C4B20002B43AB
:1007D0000693002306AA07930AA90133FEF708FF30
:1007E000002800DABBE000D0B2E0129BA362236BCA
:1007F0009A0500D0C0E000201CB070BD804D1203EF
:10080000920D236C02950192626C7E4900927E48A3
:100810007E4A13F091FA0022012303920292019280
:1008200022005B4220000093403212A9FBF7B6F988
:100830000028E1D1E36B226B75491B030A409B0D35
:100840006E499B020B4322630AAA0A936063A0636A
:1008500050600123200012A9FEF7CAFE0028CBDB5E
:1008600000D197E700212000FFF7DEF8002800D133
:1008700090E7C1E7624A036A0192626A61490092A5
:100880006448654A13F058FA002201230392029249
:10089000019222005B4220000093203212A9FBF754
:1008A0007DF90028A8D15D4A0AAB0A92A26E200009
:1008B000D26912A90B92E26E09930C92226F012366
:1008C0000D92626F0E92A26F0F92554A089208AA7B
:1008D000FEF78EFE002800DA8EE746D1236B514AE0
:1008E0001340236350E708234F4A009320002A4314
:1008F00008AB0AA9FAF78AFA002800DA7CE7012394
:100900005B422000039602960196009308AA14A960
:10091000FBF744F9002800D06EE7199A434B110009
:1009200019401A4264D1236B01339A05501E82414B
:100930005B00D2075B08134323634E226B469B1870
:1009400019706B46023A9B18198012ABA3623CE700
:1009500000212000FFF768F8002800D145E7129B2E
:10096000A36249E71620404246E700212000FFF736
:100970005BF80028B2D03FE7013B9A05511E8A413F
:100980005B00D2075B081343200023630AAA14A963
:10099000FBF75CFC002800D02EE722002000483244
:1009A00014A9FAF7FBF8002800D025E767226B4668
:1009B0009B18C022D20094461B781D4A63441B0535
:1009C000134308931AAB09932000012308AA0AA92C
:1009D000FEF70EFE002800DA0EE700D10BE700213B
:1009E0002000FFF721F8002800D005E7002003E7EA
:1009F0002720404200E7C046FF0300000000F04F00
:100A00000C880210CCA70210F4AA02106A1300008E
:100A1000FF030080C0AA0210421300000100020080
:100A200018001020FFFDFFFF08000020FFFF00FF5F
:100A300008FC0F0070B58AB001911600002301AACE
:100A400002A90500FBF766FC041E10DB2F210198AC
:100A500016F014FE002802D0230D022B0AD1240325
:100A6000A20D3300280002A9FAF744FF0400200079
:100A70000AB070BD14246442F9E7C04610B5034CB7
:100A800082B00094FFF7A0FA02B010BDDC5604104B
:100A9000F8B580270B6B7F0305000C0000263B4256
:100AA00013D02A00AB6A2832002B04D107E01A00C9
:100AB0001B68002B03D09C42F9D123681360236D7F
:100AC0001B68002B0BD03000F8BDFCF775FF061E2D
:100AD00009D121002800FFF723F90600E1E7E06CC7
:100AE00012F0E4FEEFE7236B1F432763D9E7C0460C
:100AF000F8B51F000B6B05000C0016005B0303D557
:100B0000FCF75AFF002805D13B00320021002800E5
:100B1000FAF7E8FCF8BDC046F0B54746CE4680B5CA
:100B20001F000B6B05000C00904683B01A0334D4F1
:100B3000666B1A052BD4696FBA198A4233D85B03E6
:100B400014D4E36AB34211D26363002399466B461F
:100B50004A46DA716A460123210028000732FCF771
:100B600059FD00280EDB636BB342F0D33B004246D5
:100B700021002800FCF74EFD002803DB236B0B4A05
:100B80001340236303B0C0BCB946B046F0BDE26A6F
:100B9000B242D0D916006263CDE7FCF70DFF002802
:100BA000F0D1236BC4E71B204042EBE7FFFFEDFFD2
:100BB000F0B5D6464F464646C0B5AAB005000591E9
:100BC000FFF760F9041E06D020002AB0E0BCBA4648
:100BD000B146A846F0BDAB6A28002093122305AAAF
:100BE0006B4422A9FBF796FB0400831C76D1059B7E
:100BF000674F180039009A4616F0A2FD5646804607
:100C000046443900300016F01DFE335C002BDBD16A
:100C10002B6F434500D2B8E0EB6E28002B6608A985
:100C2000FBF7C0FD041ECFD110AF2022380022A94F
:100C300012F05AFE01235B42994600260DE04B4616
:100C400000930123390028000396029601965B4227
:100C500016AAFAF7A3FF041EB6D1FB7D002BEED136
:100C60004C4B2800069316AB079306AA012308A94C
:100C7000FEF7BEFC041EA7DB002835D120AB994649
:100C8000DB7F002B37D16B4680215C8A4346A40270
:100C900023434148414A890319433E4B20432243A1
:100CA00018AE18900020B1605146326108AA7060F9
:100CB000F1607261B361F26104233200280022A95D
:100CC000FEF796FC041E00DA7EE7002800D17BE7E1
:100CD00000212800FEF7A8FE040075E7002800DACE
:100CE00072E7112464426FE700212800FEF79CFEA2
:100CF000041EC3D068E72B6B18AE01339A05511E52
:100D00008A415B00D2075B0813432B634A460023EA
:100D1000937193801F4BAA62189308AB73603200E3
:100D2000012339002800FEF763FC041E2ADB00289B
:100D300022D1209B1848AB622B6B013B9A05511EB8
:100D40008A415B00D2075B0813432B636B46424624
:100D500080215B8A89039B021A4311430F4A18437F
:100D60001A434B46DB7F5C1EA3410D4C5B42234084
:100D7000084CA446634494E700212800FEF754FE83
:100D8000041ED6D0209BAB621EE7242464421BE7DE
:100D9000C8A7021008FC0F600000104008000020E7
:100DA000F803F09FF0B50E0089B008360C000592EC
:100DB0000023310005AA0500FBF7ACFA002825DB6B
:100DC000030D022B32D11B4A03039B0D93421FD10B
:100DD0006B6A2A6A0793069206AF012300225B42E0
:100DE00003920292019231003A0028000093FAF730
:100DF000D5FE00280AD1A368A080E362E368A06260
:100E000023630223A371AB6A2360AC6209B0F0BD17
:100E1000094A9B021A43082306AF009331003B00A6
:100E20002800F9F7F3FF0028D7DAEFE71420404253
:100E3000ECE7C046FF030000080000200200836AC0
:100E40002832002B04D107E01A001B68002B03D0C6
:100E50009942F9D10B68136000207047F0B5CE4677
:100E6000474680B5170084220C0005000021380099
:100E700085B0520012F032FDA36A002B3BD0012B4B
:100E800046D001235B429946213398462600A2882A
:100E9000A0440836A38B934213D1E37F002B35D0B7
:100EA00000230393029301934B4600930123424690
:100EB000310028005B42FAF771FE00280FD10022B2
:100EC000A0803B0031002800FAF714FD00280BD168
:100ED000A3880133A380A36A01330120A36205B074
:100EE000C0BCB946B046F0BD831CF8D1A28801321F
:100EF00092B2A280CEE7380002333B7002220A4948
:100F0000083012F0F1FCA36A0133E6E70020E6E7BF
:100F1000022338003B7003220449083012F0E4FC3D
:100F2000A36A0133D9E7C046C887021004880210BB
:100F300030B5036B04000D0093B09B050FD4154B27
:100F40000B600020A36EDB696B60E36EAB60236F08
:100F5000EB60636F2B61A36F6B6113B030BD002238
:100F6000012303920292019202005B42009320321D
:100F70000AA9FAF713FE0028EFD1182320000093E6
:100F8000054A04AB0AA9F9F7FBFF0028E5DB049B3F
:100F90002B60D6E7010002001800102070B5002A6F
:100FA00013D00F24094D8A180B78060958402040A9
:100FB000800028581B094640734023409B00EB5893
:100FC0003009013158408A42EED170BDF05604100C
:100FD0000020704710B5012112F028FC10BDC0465A
:100FE00010B512F063FC10BD70B50D0016009142F3
:100FF0000DD012F03BFC041E01D0B54201D82000F8
:1010000070BD0021AA1B801912F068FCF7E70400EC
:10101000F5E7C04670B50D0006000121280012F06A
:1010200005FC041E03D02A00310012F05DFC2000F4
:1010300070BDC0460200C8B24342DBB2403104D0AA
:10104000FA2803D802481370704700230020FAE7FB
:10105000E4AC02100338C3B2012200209A4240419E
:10106000C0B270470138C3B2012200209A42404109
:10107000C0B27047FD230238184043425841C0B205
:101080007047C04602239843013843425841032326
:10109000404298430830704770B50C0009680D1D38
:1010A000954201D9034870BD042212F01DFC0020B6
:1010B0002560F8E700B2021070B50C0009680D0059
:1010C0000835954201D9044870BD082212F00CFC85
:1010D00000202560F8E7C04600B2021070B50C0091
:1010E00009680D1D954201D9034870BD042212F014
:1010F000FBFB00202560F8E700B202100B6893426A
:1011000001D3044870471A780133027000200B6045
:10111000F8E7C04600B202100B68934201D30448BE
:1011200070471A780133028000200B60F8E7C04650
:1011300000B20210F0B54E4699467F234546DE4682
:1011400057469B464B46E0B583B08C4692461668A0
:10115000804600250021002201930DE02000B840C8
:101160000700AC4017430C4358B221003A00073542
:1011700000281EDA65454AD20198330086420CD217
:101180005C462F001B7801361C40203FE6D520200E
:10119000471B2000F8400700E3E72248434606C308
:1011A00053461E6003B0F0BCBB46B246A946A046FB
:1011B000F0BDA34600200197654516D90624A14637
:1011C000CC446446641BA4467F246746A146BC40C9
:1011D000A4464C4667463C40A4461C40A146644693
:1011E0001C4202D0CC4500D00F485B06D6D53F2D1F
:1011F000D4D82B00203B0CD4012252429A4001212A
:1012000049425B46A9401943019B1A43C6E7064879
:10121000C4E701222023524211005B1BD940AA409F
:101220000A43ECE700B20210F8AC0210F0B5C64673
:101230000B68804600B59A423DD97F2635001F785D
:101240005C1C3D407FB2002F39DAA24235D9300014
:101250005F789C1C3840C0017FB20543002F2EDA16
:10126000A2422AD930009F78DC1C384080037FB22C
:101270000543002F23DAA2421FD93000DF781C1D5E
:10128000384040057FB20543002F18DAA24214D936
:101290005C1D1B791E4036075AB23543002A07DA17
:1012A000084B424618000C60156080BCB846F0BD83
:1012B0001B09F5D1F5E71C000025034BF1E70023DE
:1012C000EFE7C046F8AC021000B202100B6830B570
:1012D000040093420BD27F225D1C1B7800201A4031
:1012E0005BB2002B00DA04480D60227030BD1D0097
:1012F00000220248F8E7C046F8AC021000B2021023
:101300000B6830B5040093420BD21A785D1C7F2322
:1013100050B21340002808DA09485BB20D60237010
:1013200030BD1D0007480023F8E7520602D4002014
:101330005BB2F3E78022524200201343EEE7C0463F
:10134000F8AC021000B20210F0B5CE4647460D6868
:101350008446894680B5AA4241D97F273C002B7834
:101360006E1C1C4058B2210000284DDAB24238D918
:1013700039006B78AE1C1940C9010C4358B22100EA
:10138000002844DAB2422CD93900AB78EE1C19405F
:1013900089030C4358B2210000283BDAB24220D91D
:1013A0003900EB782E1D194049050C4358B2210035
:1013B000002834DAB24214D92B796E1D1F403F0742
:1013C0003C435AB22100002A0DDA164A4B461E60F1
:1013D000634610001960C0BCB946B046F0BD2E008F
:1013E0000021114AF2E778252F0000221F401D42FC
:1013F000ECD0782F11D00B4A553D5B06E6D5012184
:101400004942A9402143E1E707250022F5E70E25DF
:101410000022F2E715250022EFE72325EFE71C2540
:101420000022EAE7F8AC021000B20210F0B545461F
:101430008846DE4657464E464346E0B51C6884461D
:10144000110083B0A24200D895E07F222378934612
:1014500058B21A40002791460026651C002800DB80
:1014600095E0A94200D88AE05E466378A51C1E403C
:10147000F601324358B291463E00002800DBA1E05D
:10148000A94200D87BE05E46A378E51C1E40B60367
:10149000324358B291463E00002800DB94E0A94256
:1014A0006DD95E46E378251D1E407605324358B25D
:1014B00091463E00002800DB88E0A9425FD95846EB
:1014C0002379651D18400607324392460209100031
:1014D00007000600019058B25246D146002800DBB2
:1014E00076E0A9424BD97F200700637983461F40ED
:1014F000FF00374358B23E00A51D00286ADAA94212
:101500003DD95846A379E51D18408002064358B2DC
:101510003700002860DAA94231D95846E37901350D
:1015200018404004064358B23700002856DAA94252
:1015300025D95846237A013518400006064358B28B
:10154000370000284CDAA94219D95B46627A013586
:101550001340D90752B20E43002A12DA21484346FB
:101560001D604A46634644C303B0F0BCBB46B24666
:10157000A946A046F0BD00232500994600261A483A
:10158000EDE70020002BEAD07F2BE7D1E7E707212A
:1015900000205B06E3D50B00203B0AD401267642EF
:1015A0009E4001235B428B401343994600203E43FB
:1015B000D5E701262023764230005B1AD8408E40C2
:1015C0000643EEE70E21E3E71521E1E71C21DFE703
:1015D0002321DDE72A21DBE73121D9E73821D7E7CD
:1015E0003F21D5E7F8AC021000B20210F0B5574623
:1015F0004E46DE4645460023E0B583B003600B68E7
:1016000082460E009A423AD97F210D0018785C1C60
:10161000054040B2AC46002841DAA24230D90D0064
:10162000674658789C1C0540ED0140B23D430028B8
:101630002CDAA24224D90F009878DC1C0740BF03A3
:1016400040B23D43002821DAA24219D9D8781C1DA6
:101650000140490540B20D43002817DAA2420FD9D4
:1016600019795C1D1B795BB2002B0BDA5248346090
:1016700003B0F0BCBB46B246A946A046F0BD1C0074
:101680004E48F4E70B0907D109070D434C4B346072
:101690009D4205D94B48EBE747483460E8E73460A2
:1016A000631998469A4201D24448E1E71F229146C5
:1016B0002A0023004546A446574690461A009D42FC
:1016C0005FD90024145710780133002CF6DA040097
:1016D00049468C43C02C2BD003000F218B43E02BB9
:1016E00031D0030007218B43F02B1ED1F4281CD8E6
:1016F000D31C9D4219D9937854789A46131DD278F9
:10170000210001923F22914380290ED151469143FD
:1017100080290AD11100019A8A43802A05D1F02834
:1017200029D0F428CAD18F2CC8D9274835609FE723
:10173000C128FAD99D42F8D93F21931C52788A4397
:10174000802ABBD0F1E7931C9D42EED95478D31C7C
:101750009278210093463F2291438029E5D11100E0
:101760005A468A43802AE0D1E02807D0ED28A5D147
:101770009F2CA3D9D9E78F2CA0D8D6E79F2C9DD832
:10178000D3E743460121581C6446A8461D0012F0C9
:101790004DF8BA46814600280AD02A002100484662
:1017A00012F0A2F800234A4653554B4652461360A6
:1017B0004346002033605BE7F8AC021000B2021031
:1017C000102700002CAD021014AD0210F0B5C64673
:1017D00000B5242082B0FFF7FDFB071E39D0031DA2
:1017E00098460026012101A80BF0A0F83C680028CB
:1017F00026D133005A1E9341019DE880AB802E72A2
:10180000002C03D128E02468002C24D029002000DB
:101810000BF0A0F80028F6D02800FFF7E1FB250028
:101820004346013620C3F6B29846052EDAD1380079
:1018300002B080BCB846F0BD20002468FFF7D0FBA2
:10184000002CF9D138001C300AF02AFF3800FFF7CD
:10185000C7FB0027EBE73C682C603D60E0E7C04633
:1018600070B5051E0FD00468002C05D02000246838
:10187000FFF7B6FB002CF9D128001C300AF010FF4E
:101880002800FFF7ADFB70BDF8B5046807000E0037
:101890000D68002C03D10EE02468002C0AD029002A
:1018A00020000BF057F80028F6D02800FFF798FB2F
:1018B000250002E03C682C603D603560F8BDC04604
:1018C000F8B5060013480D001700FFF783FB041E50
:1018D0001ED0114B18220021C01811F0FFFF280064
:1018E0000E4B0F4A1030A3500E4BE6500E4BE750F4
:1018F000FFF770FB0D4BE050002806D0043BE05092
:101900000B4BAD08E5502000F8BD2000FFF768FB49
:101910000024F8E75C0D00003C0C00000C8802106D
:10192000540C0000F80B0000240C0000140C000004
:101930001C0C00001E4B70B5C4580500002C05D0CF
:101940002000A46F0AF0F6FE002CF9D1194BE858DC
:10195000194BEC58002C10D1C0231B01EC58002C63
:101960001AD10026154C2859FFF73AFB2E51144C7A
:101970002859FFF735FB2E5170BD230000211A00B6
:1019800059601B68002BFAD1C3691360C023C4617E
:101990001B01EC58002CE4D0230000211A005960F0
:1019A0001B68002BFAD1C3691360C461D9E7C04634
:1019B0000C0C0000F80B0000FC0B0000140C0000E5
:1019C000280C000010B5041E07D00BF081F8200091
:1019D000FFF7B0FF2000FFF703FB10BDF8B5CE46C0
:1019E0004746204B0400C618B3680D0080B58B42F3
:1019F0002AD30A001C4BC3585A43904604292CD8BA
:101A00001A4A8258002A01D0904524D8414672686B
:101A10000C315A43002A00D00C32154B1F68114B71
:101A2000E0589946FFF7E0FA002818D04B46E050FE
:101A30004346756083600F4B0460E2580C3BE358EB
:101A400092009B18436001E00B4B1F683800C0BC3C
:101A5000B946B046F8BD9046D8E7084FF6E7084BC0
:101A60001F68F3E7280C0000340C0000380C00005D
:101A7000C85704101C0C000060570410A4B20210D8
:101A8000C4570410F0B51A4B040083B01868002C3A
:101A900023D0E26A002A20DB1301A56A9B189B0071
:101AA000ED18EB6A002B1DD0AB6A5B68002B16D1DA
:101AB00001222B6852421B68E66AE2620D4AE86A1C
:101AC0009F58183A995800220023009201933A0037
:101AD00008C89847002800D0E66203B0F0BD064B66
:101AE0001868FAE7280009F0F1FB0028DCD0F4E7D9
:101AF000C8570410280C000054570410F8B5CE46FF
:101B00004746036A8946984680B5002B40D0866ACE
:101B100000253400206A2700002804D0494616F02A
:101B200003F900282FD0013544344545F2D1002473
:101B300003E00134443644452AD073683700002B53
:101B4000F7D1B368002BF4D1B58C002DF1D07069BA
:101B5000002804D0494616F0E7F8002813D0012DDC
:101B6000E7D0B069002804D0494616F0DDF8002817
:101B700009D0022DDDD0F0690028DAD0494616F0F0
:101B8000D3F80028D5D13800C0BCB946B046F8BD5E
:101B90000027F8E70FB4F0B5CE46474680B585B0CC
:101BA0000CAC20CCEB6A0394002B54D02868AE6AAE
:101BB00003689946C36A002B26DA2A4B1B689846AD
:101BC0004346002B17D12B681A68C1231B01D35839
:101BD000AA6A9288D2009B18F2889446002A21D0E3
:101BE0000022B18808317118885C012830D00228A1
:101BF0000ED01D4B9846404605B0C0BCB946B04615
:101C0000F0BC08BC04B01847FFF73CFF8046D7E79C
:101C1000072007348443C0CC1E605F600132083364
:101C20006245E1D34A464946002600270F4BE86A41
:101C3000D258183BC9580096019708C89847002801
:101C40000DD0C22341464A461B018046D150D2E7FF
:101C500001CC1860E2E7064B1B689846CBE7A84624
:101C6000EFE7C046C8570410E4B20210280C000089
:101C700064570410F0B5C646214B0700C4580D0048
:101C8000002600B5002C04D114E02600002B11D052
:101C90001C0020000AF012FD23688542F5D8002EB2
:101CA00028D03360174ABB580133BB50200080BC9A
:101CB000B846F0BD144B0026FB58DC699846002C52
:101CC0000AD1290038000AF0C5FC041E0DD1EDE749
:101CD0002600002BF5D01C0020000AF0EFFC236842
:101CE0008542F5D8002E08D03360084ABB5801332E
:101CF000BB50D7E7024ABB50D4E74246D361F4E772
:101D0000FC0B0000080C0000F80B0000040C0000A5
:101D1000F0B5DE4657464E464546E0B50500664CF2
:101D20008A46A54405AC002191462000634A0293EF
:101D300011F0D4FD2F68624A624EBB589046A35002
:101D4000BB5902A9A351C1231B01FA588C46E2508A
:101D5000029B9346D9221B681201A36023610123D1
:101D6000624412685B42062120002C60246065609A
:101D7000E2602362FFF77EFF6063002800D170E01D
:101D800043464A46E35892009B185B6898460AF01F
:101D9000C3FC414603900222200008F043FE804627
:101DA000031E62D0666B002E12D030000AF086FC53
:101DB00002AA9446444B6344052801D8434B63442C
:101DC000180031000AF0B2FC3F4AA358013BA3506F
:101DD00000223F4BE2503D4BE658002E05D030002C
:101DE000B66F0AF0A7FC002EF9D1354BE058394BFD
:101DF000E3589C46002B29D1C0231B01E3589C4685
:101E0000002B18D1324B9946E058FFF7E9F84A46C3
:101E10000023A350304BE058FFF7E2F84046A36898
:101E2000029A2F6013602D4B9D44F0BCBB46B24616
:101E3000A946A046F0BD00211A0059601B68002B7E
:101E4000FAD1C36913606346C361DBE700211A005E
:101E500059601B68002BFAD1C36913606346C361E4
:101E6000CAE71F4B1B689846B2E74433E25AA359AE
:101E70009A4216D2002300220092019303985946F9
:101E800008C89847002800D08CE74846FFF7FAF8C2
:101E90005B4604280BD01A685B6851460A604B60A9
:101EA00080E7104B1B68002BE4D098467AE7524637
:101EB0001B68136076E7C0468CF2FFFF5C0D0000E4
:101EC000F80B00001C0C0000080C00000C0C0000BB
:101ED000140C0000FC0B0000280C0000740D000026
:101EE0007457041030570410F0B54746CE4680B5FD
:101EF000036880460D0085B0002B33D00B6B0026A5
:101F00000027002B15D130E0029B002B27DB414638
:101F100022690868D1188C4681688C451FD80C331B
:101F2000C018616811F0E0FC2B6B01371436BB421E
:101F30000FD96C6B2800A4192368A26803939B181F
:101F40000093012203AB02A9FFF7E2FE81460028BD
:101F5000DAD0484605B0C0BCB946B046F0BD054B26
:101F60009946F6E7044B9946F3E7044B1B689946FC
:101F7000EFE7C046FCB2021018B30210C8570410B5
:101F8000F0B5CE464746040080B5374B89B0186897
:101F9000636CA56C0393236C002B4CD000239846F4
:101FA0002A0003A904A8FFF741F9002843D1049FA0
:101FB000002F57D101222000009503AB05A9FFF7A0
:101FC000A7FE002837D1059E002E44DB2A0003A976
:101FD00006A8FFF72BF900282DD1069B9946234B25
:101FE000B144994539D8226DE06C4A4528D3002880
:101FF00035D0069BB600002B16D02A0003A907A8EF
:10200000FFF714F9002816D1079A236A934220D9C2
:1020100013019B18A26AE16C9B00D3188B51069B9D
:1020200001370436BB42E8D801239C46236CE044C8
:102030004345B5D8002009B0C0BCB946B046F0BD94
:102040004B4692009900FEF7CFFF4B46E0642365B4
:10205000CDE70748EFE70748EDE70748EBE7074B11
:102060001868E8E70648E6E7C85704108096980025
:10207000C8B2021034B3021044B30210C4570410A3
:1020800054B30210F0B54F46D6464646C0B50B686D
:1020900007000C0084B0002B00D084E0474B0860A0
:1020A0009846474B80441B6899467023CB5C002BB5
:1020B00038D10B6E486E002B01D180235B02C32206
:1020C0001201BB50002801D1802040023D4AB85087
:1020D000E56DAB4228D32E004643042D6AD83A4B17
:1020E000FB58002B02D09E4200D91E00434631000F
:1020F0005A680C314243002A00D00C322F4BF8585A
:102100009A46FEF771FF002851D05346F8504346D7
:102110005D602E4B0760FA580C3BFB5892009B18F1
:10212000866043604B4601E0294B1B68002B36D18B
:10213000A16B002918D00026E36B72019B185D6922
:10214000002D0ED0190003951A7F9B692000ED1811
:102150000831009503ABFFF7DBFD814600281FD156
:10216000A16B0136B142E7D84B46002B18D12100B4
:102170004046FFF7B9FE8146002811D12000FFF745
:10218000FFFE814600280BD1124BFA58A267FC5083
:10219000484604B0E0BCBA46B146A846F0BD9946F0
:1021A00000232360F4E70C4B1B689946F0E70B4BC8
:1021B0001B68BBE70A4B9946F2E7C046280C0000B3
:1021C000C8570410340C0000380C00001C0C000030
:1021D000605704100C0C000098570410C4570410EA
:1021E000A4B20210F8B51F4B0600C4580025002CFD
:1021F00004D112E02500002B0FD01C0020000AF0B3
:102200005DFA23680528F5D9002D25D02B60164AE4
:10221000B3580133B3502000F8BD144B0025F758D4
:10222000FC69002C0AD1062130000AF013FA041EC2
:102230000DD1F0E72500002BF5D01C0020000AF09E
:102240003DFA23680528F5D9002D08D02B60084AEF
:10225000B3580133B350DAE7024AB350D7E7FB6112
:10226000F5E7C046FC0B0000080C0000F80B00006E
:10227000040C000070B505000C1E0ED008000AF01A
:102280001DFA084BEB18052808D9180021000AF0A0
:102290004DFA054AAB58013BAB5070BDC0231B0142
:1022A000EB18F2E7FC0B0000080C000010B504006E
:1022B00082B0002918D00E480C50043009500D4847
:1022C0000A500D4A8B500D4B049ACA50059A04339C
:1022D000CA500B4B069AC8180A4BC850802107AB4E
:1022E0004900019310F032FB200002B010BDC0463F
:1022F0003C0C0000440C0000480C00004C0C00009A
:10230000580C0000540C0000F0B5C64600B51B4B3D
:102310008046CF58160086B0002F27D03D002800F9
:102320003100FFF7EBFBAD6F041E10D1002DF6D18D
:10233000134B39681868134B3A000293124B0396FB
:102340000193124B00930023FFF7B0FF04E0C76A2C
:10235000002F0DD00E4B1868474247417F4227405F
:1023600043461F6006B080BCB846F0BD0948F7E799
:1023700008F0ACFF0028F3D12700F1E70C0C0000B7
:102380009457041094B30210F10200009CB30210A1
:10239000C857041080B30210F8B5041E10D00A000C
:1023A000084FC31961CB61C223CB23C21B68002134
:1023B0001360E019182211F091FA034B034AA3505D
:1023C000F8BDC0463C0C00000C880210540C000004
:1023D000014BC35898687047280C000030B50300C3
:1023E000006883B080004458069D641B60424441ED
:1023F00000940024180001945B680830984703B0EB
:1024000030BDC046030030B51C685D68A400AD0057
:102410006D58645883B0641B65426C41009400247D
:1024200001949B680C30984703B030BD70B505002F
:102430002C6882B0A4000C1923680698079E4340BC
:1024400060687040034358424341009300232800D2
:1024500001936B680830984702B070BDF0B5040076
:1024600026686568B600AD008E194D192F6833686F
:102470006D6876687B4075402B435D426B4183B04D
:10248000009300230193A3680C30984703B0F0BD7C
:1024900030B50300006883B080004458069D641B7B
:1024A000601E844100940024180001945B68083089
:1024B000984703B030BDC046030030B51C685D6866
:1024C000A400AD006D58645883B0641B651EAC4118
:1024D0000094002401949B680C30984703B030BDF1
:1024E00070B505002C6882B0A4000C19236806980A
:1024F000079E4340606870400343581E8341009329
:102500000023280001936B680830984702B070BD23
:10251000F0B5040026686568B600AD008E194D1947
:102520002F6833686D6876687B4075402B435D1E6D
:10253000AB4183B0009300230193A3680C3098470C
:1025400003B0F0BD30B5046883B0A400069D6458A4
:1025500003000120AC4200DC0020C4B2009400243F
:10256000180001945B680830984703B030BDC0463E
:1025700030B5046883B0A400069D645803000120B0
:10258000AC4200DB0020C4B2009400241800019487
:102590005B680830984703B030BDC0460300F0B513
:1025A0001F685E68BF00B6007F587658012400257A
:1025B00083B00C30B74201DC002400250094019563
:1025C0009B68984703B0F0BDF0B5036883B09B00EB
:1025D000CB18099D5E680400089F0120AE4201DC13
:1025E0000AD00020C3B20093002320000193636847
:1025F0000830984703B0F0BD1B68BB42F2D8F0E743
:10260000F0B5036883B09B00CB18099D5E68040099
:10261000089F0120AE4201DB0AD00020C3B2009324
:1026200000232000019363680830984703B0F0BD91
:102630001B68BB42F2D3F0E70300F0B51D684746C4
:10264000CE46AD004D1991466A685C68904680B5EB
:10265000A4000C1962680126002783B00C30904555
:1026600002DC0BD000260027009601974A469B68A3
:10267000984703B0C0BCB946B046F0BD2D68246889
:10268000A542F1D8EEE7C0460300F0B51F685E68CA
:10269000BF00B6007F5876580124002583B00C3067
:1026A000B74201DB00240025009401959B68984700
:1026B00003B0F0BD0300F0B55D684746CE46AD00FF
:1026C0004D1991466A681C68904680B5A4000C19A3
:1026D00062680126002783B00C30904502DC0BD0E5
:1026E00000260027009601974A469B68984703B04A
:1026F000C0BCB946B046F0BD2D682468A542F1D8EB
:10270000EEE7C04670B50300006882B08000405814
:10271000069DC417EE0FA8427441E4B20094002451
:10272000180001945B680830984702B070BDC0463D
:1027300070B50300006882B080004058069DC40F49
:10274000EE1785427441E4B200940024180001940D
:102750005B680830984702B070BDC0460300F0B512
:102760001D685C68AD00A4006E586558F417EF0F43
:10277000AE427C4183B00094002401949B680C30ED
:10278000984703B0F0BDC046F0B5036883B09B0026
:10279000CB18099D5E680400089F0120AE420DDB46
:1027A00009D0C3B20093002320000193636808306E
:1027B000984703B0F0BD1B68BB42F2D20020F0E79F
:1027C000F0B5036883B09B00CB18099D5E680400D8
:1027D000089F0120AE420DDC09D0C3B20093002354
:1027E0002000019363680830984703B0F0BD1B6870
:1027F000BB42F2D90020F0E70300F0B55D68474620
:10280000CE46AD004D1991466A681C68904680B569
:10281000A4000C1962680126002783B00C30904593
:102820000EDC09D0009601974A469B68984703B092
:10283000C0BCB946B046F0BD2D682468A542F1D9A8
:1028400000260027EEE7C0460300F0B51D685C686F
:10285000AD00A40066586D58F717EC0FAE427C41EE
:1028600083B00094002401949B680C30984703B017
:10287000F0BDC0460300F0B51D684746CE46AD002A
:102880004D1991466A685C68904680B5A4000C19A1
:1028900062680126002783B00C3090450EDC09D019
:1028A000009601974A469B68984703B0C0BCB9465A
:1028B000B046F0BD2D682468A542F1D90026002756
:1028C000EEE7C04610B50300006882B080004058B3
:1028D000049C8442A44164420094002418000194A2
:1028E0005B680830984702B010BDC04630B50300A1
:1028F000006883B080004458069D1800AC42A44193
:1029000064420094002401945B680830984703B047
:1029100030BDC046030030B51D685C68AD00A40042
:102920006D58645883B0AC42A441644200940024C2
:1029300001949B680C30984703B030BDF0B5036834
:1029400083B09B00CB18099D5E680400089F01209E
:10295000AE4201D80AD00020C3B200930023200069
:10296000019363680830984703B0F0BD1B68BB4211
:10297000F2D8F0E7F0B5036883B09B00CB18099D4F
:102980005E680400089F0120AE4201D30AD00020F7
:10299000C3B2009300232000019363680830984776
:1029A00003B0F0BD1B68BB42F2D3F0E70300F0B503
:1029B0001D684746CE46AD004D1991466A685C6871
:1029C000904680B5A4000C1962680126002783B0E8
:1029D0000C30904502D80BD00026002700960197B6
:1029E0004A469B68984703B0C0BCB946B046F0BDA4
:1029F0002D682468A542F1D8EEE7C046030030B543
:102A00001C685D68A400AD0064586D5883B0AC428A
:102A1000A44164420094002401949B680C309847C0
:102A200003B030BD0300F0B55D684746CE46AD004B
:102A30004D1991466A681C68904680B5A4000C192F
:102A400062680126002783B00C30904502D80BD075
:102A500000260027009601974A469B68984703B0D6
:102A6000C0BCB946B046F0BD2D682468A542F1D877
:102A7000EEE7C04670B5002426000300006882B06F
:102A800080004058069D0194A842664118000096B7
:102A90005B680830984702B070BDC04670B500242E
:102AA00026000300006882B080004058069D019413
:102AB00085426641180000965B680830984702B06E
:102AC00070BDC0460300F0B51D685C68AD00A40091
:102AD0006E58655800242700AE42674183B00097C6
:102AE00001949B680C30984703B0F0BDF0B50368C3
:102AF00083B09B00CB18099D5E680400089F0120ED
:102B0000AE420DD309D0C3B200930023200001933D
:102B100063680830984703B0F0BD1B68BB42F2D22F
:102B20000020F0E7F0B5036883B09B00CB18099D47
:102B30005E680400089F0120AE420DD809D0C3B2E0
:102B4000009300232000019363680830984703B086
:102B5000F0BD1B68BB42F2D90020F0E70300F0B5DE
:102B60005D684746CE46AD004D1991466A681C68BF
:102B7000904680B5A4000C1962680126002783B036
:102B80000C3090450ED809D0009601974A469B68B4
:102B9000984703B0C0BCB946B046F0BD2D68246864
:102BA000A542F1D900260027EEE7C0460300F0B5A4
:102BB0005C681D68A400665800242700AD006D58AD
:102BC00083B0AE426741019400979B680C309847F0
:102BD00003B0F0BD0300F0B51D684746CE46AD001A
:102BE0004D1991466A685C68904680B5A4000C193E
:102BF00062680126002783B00C3090450ED809D0BA
:102C0000009601974A469B68984703B0C0BCB946F6
:102C1000B046F0BD2D682468A542F1D900260027F2
:102C2000EEE7C04610B50400236882B09B005B58F5
:102C300004981B1820000093DB1701936368083089
:102C4000984702B010BDC046030030B55C681D68EF
:102C5000A400AD0064586D5883B064190094E41763
:102C600001949B680C30984703B030BD0300F0B569
:102C7000006883B08000081804684568089E099FB2
:102C8000A4197D4118000094019508305B689847AD
:102C900003B0F0BD0300F0B55D681C68AD00A40092
:102CA0004D190C192E686F6865682468A4197D4158
:102CB00083B0009401950C309B68984703B0F0BD39
:102CC00010B50400006882B080004058049B434364
:102CD00020000093DB17019363680830984702B027
:102CE00010BDC046030030B55D681C68AD00A4008F
:102CF0006D58645883B06C430094E41701949B684A
:102D00000C30984703B030BD70B5036882B09B00AB
:102D1000CB1804000D000698079916001A685B6826
:102D200010F004FD02000B00200000920193290026
:102D3000320063680830984702B070BDF0B50D00EE
:102D4000036841689B0089006918EB1883B0040090
:102D500016001A685B6807000868496810F0E6FC0E
:102D6000009001910C37320029003800A368984781
:102D700003B0F0BD10B50400006882B08000405878
:102D8000049B1B1A20000093DB1701936368083033
:102D9000984702B010BDC04610B50400236882B049
:102DA0009B005B5804981B1A20000093DB170193CB
:102DB00063680830984702B010BDC046030030B5C4
:102DC0005C681D68A400AD0064586D5883B0641B36
:102DD0000094E41701949B680C30984703B030BD11
:102DE000F0B50300006883B08000081804684568E7
:102DF000089E099F361BAF4134003D001800009427
:102E0000019508305B68984703B0F0BD0300F0B54A
:102E1000006883B08000081804684568089E099F10
:102E2000A41BBD4118000094019508305B689847C9
:102E300003B0F0BD0300F0B55C681E68A400B600E6
:102E40000C198E197768366865682468A41BBD4123
:102E500083B0009401950C309B68984703B0F0BD97
:102E600030B51F250300006883B080004058069CE1
:102E70002840844000940024180001945B680830C6
:102E8000984703B030BDC046030030B51F251C680D
:102E900083B00698A400645828408440009400241D
:102EA000180001945B680830984703B030BDC046F5
:102EB000030070B51F261D685C68AD006D58A40046
:102EC00064583540AC4082B00094002401949B6863
:102ED0000C30984702B070BDF0B504003F2623685F
:102EE00083B09B00CB58089833401E00099D203EBC
:102EF0000BD40500B54098400300200000930195D5
:102F000063680830984703B0F0BD20260700F61A22
:102F1000F7409D403D43EEE7F0B5046805003F20D3
:102F200083B0089BA40003401E000C19203E0CD463
:102F300020680400B44098400300280000930194E6
:102F40006B680830984703B0F0BD20682026070062
:102F50006468F61AF7409C403C43ECE70300F0B588
:102F60003F261C685D68A4000C59AD003440270062
:102F7000944683B00C304D19203F0AD42E6835009A
:102F8000BD40A6400195009662469B68984703B0F5
:102F9000F0BD2E68202732006D683F1BFA40A54027
:102FA0001543EEE730B51F250400006883B08000AC
:102FB0004058069B2840034120000093DB170193F3
:102FC00063680830984703B030BDC04630B5040090
:102FD0001F25236883B006989B005B582840034157
:102FE00020000093DB17019363680830984703B013
:102FF00030BDC046030070B51F261D685C68AD007B
:103000006D58A400645835402C4182B00094E417F8
:1030100001949B680C30984702B070BDF0B5040075
:103020003F2783B0089B099D9C46236808309B007E
:10303000CB583B401F00203F08D42E003E411D418D
:10304000009601956368984703B0F0BD20272E00D5
:10305000FF1ABE4037006646DE403E43EFE7C046FB
:10306000F0B505003F2083B0089B2C6803401F008B
:103070002800A400944608300C19203F0AD4666842
:1030800034003C411E410094019662466B689847AB
:1030900003B0F0BD6668202732002468FF1ABA40EA
:1030A000DC401443EEE7C0460300F0B53F261C6841
:1030B0005D68A4000C59AD0034402700944683B0ED
:1030C0000C304D19203F0AD46E6835003D41264131
:1030D0000095019662469B68984703B0F0BD6E6804
:1030E000202732002D683F1BBA40E5401543EEE72C
:1030F00030B51F250300006883B080004058069C4F
:103100002840C44000940024180001945B680830F3
:10311000984703B030BDC046030030B51F251C687A
:1031200083B00698A40064582840C440009400244A
:10313000180001945B680830984703B030BDC04662
:10314000030070B51F261D685C68AD006D58A400B3
:1031500064583540EC4082B00094002401949B6890
:103160000C30984702B070BDF0B504003F262368CC
:1031700083B09B00CB58089D33401E000998203E29
:103180000BD40500F540D8400300200000950193C2
:1031900063680830984703B0F0BD20260700F61A90
:1031A000B740DD403D43EEE7F0B5046805003F2041
:1031B00083B0089BA40003401E000C19203E0CD4D1
:1031C00060680400F440D840030028000094019394
:1031D0006B680830984703B0F0BD60682026070090
:1031E0002468F61AB740DC403C43ECE70300F0B536
:1031F0003F261C685D68A4000C59AD0034402700D0
:10320000944683B00C304D19203F0AD46E683500C7
:10321000FD40E6400095019662469B68984703B0E2
:10322000F0BD6E68202732002D683F1BBA40E54094
:103230001543EEE7030010B5006882B080004058E7
:10324000049C044000940024180001945B6808303A
:10325000984702B010BDC046030030B51D685C68D9
:10326000AD00A4006D58645883B02C400094002435
:1032700001949B680C30984703B030BD030030B513
:10328000006883B080004458069D18002C430094C9
:10329000002401945B680830984703B030BDC046F5
:1032A000030030B51C685D68A400AD0064586D581B
:1032B00083B02C430094002401949B680C30984701
:1032C00003B030BD030030B5006883B080004458BF
:1032D000069D18006C400094002401945B6808303F
:1032E000984703B030BDC046030030B51C685D6828
:1032F000A400AD0064586D5883B06C400094002465
:1033000001949B680C30984703B030BDF0B50400C1
:10331000236883B09B00CB181F68089E5B68099DDB
:103320003E402B400096019363680830984703B0F5
:10333000F0BDC0460300F0B51D685C68AD00A40098
:103340004D190C192F6826686D68646883B03E407B
:103350002C40009601949B680C30984703B0F0BD58
:10336000F0B50400236883B09B00CB181D68089F4C
:103370005B68099E3D4333430095019363680830C1
:10338000984703B0F0BDC0460300F0B51D685C6807
:10339000AD00A4004D190C1927682E6864686D688B
:1033A00083B03E432C43009601949B680C309847B1
:1033B00003B0F0BDF0B50400236883B09B00CB18C8
:1033C0001D68089F5B68099E7D40734000950193CE
:1033D00063680830984703B0F0BDC0460300F0B5FD
:1033E0001D685C68AD00A4004D190C1927682E6893
:1033F00064686D6883B07E406C40009601949B6861
:103400000C30984703B0F0BD0300006830B5800071
:1034100045581F2083B0069C05400130401BC44125
:1034200000940024180001945B680830984703B0AA
:1034300030BDC04630B5030004681F2083B0069D30
:10344000A400645805400130401BC441009400248E
:10345000180001945B680830984703B030BDC0463F
:10346000030070B51D685C68AD006E581F25A40090
:1034700064582E400135AD1BEC4182B0009400240D
:1034800001949B680C30984702B070BD30B51F2581
:103490000300006883B080004058069C2840C44167
:1034A00000940024180001945B680830984703B02A
:1034B00030BDC046030030B51F251C6883B0069898
:1034C000A40064582840C4410094002418000194CA
:1034D0005B680830984703B030BDC046030070B544
:1034E0001F261D685C68AD006D58A4006458354007
:1034F000EC4182B00094002401949B680C30984702
:1035000002B070BDF0B5D64646464F46C0B506007F
:10351000006882B080000C583F2004402000924692
:103520000A9B0B9D203821D41F008740B946180004
:10353000A04084463F20644220400200203A20D42C
:103540002B00D3403F20624620401343C5404A46EB
:103550003000154300930195524673680830984730
:1035600002B0E0BCBA46B146A846F0BD20201A0021
:103570002F00001BC240A74010003A0002439146B2
:10358000D5E72022121A90462A004746C340BA4087
:103590001343D7E7F0B5D64646464F463F23C0B55E
:1035A00082B00A9C05681C4006002000AD004D1941
:1035B000924628CD203821D41F008740B9461800F4
:1035C000A04084463F20644220400200203A20D49C
:1035D0002B00D3403F20624620401343C5404A465B
:1035E00030001543009301955246736808309847A0
:1035F00002B0E0BCBA46B146A846F0BD20201A0091
:103600002F00001BC240A74010003A000243914621
:10361000D5E72022121A90462A004746C340BA40F6
:103620001343D7E7F0B54E464546DE4657460400FD
:10363000E0B53F26236865689B00CB58AD004D1967
:1036400033402E686D689346A8461D00B14683B08E
:103650000C30203D20D43700AF404D463F269D40E2
:103660005B421E40AC463500203D1CD44646EE4031
:1036700035003F261E404346F34066463B432E43FB
:10368000009601935A46A368984703B0F0BCBB4626
:10369000B246A946A046F0BD20254746ED1AEE40A9
:1036A0009F403743D9E720254246AD1BAA404D46EF
:1036B000F5401543DDE7C046F0B54F464646D646D1
:1036C000C0B50600006882B080000C583F2004405E
:1036D000200091460A9D0B9B203821D41A00C2403D
:1036E00094461F003F20E740644220400200BA4653
:1036F000203A1FD42B0093403F2020406246854053
:103700001543524630001343009501934A467368AF
:103710000830984702B0E0BCBA46B146A846F0BDB2
:1037200020201A00001B824010002A00E2400243C1
:103730009446D6E72022121A90462A004746834034
:10374000FA401343D8E7C046F0B54F464646D64642
:103750000368C0B506003F2082B00A9C9B0004406D
:103760002000CB181D6891465B68203821D41A00D0
:10377000C24094461F003F20E740644220400200C0
:10378000BA46203A1FD42B0093403F202040624687
:1037900085401543524630001343009501934A4635
:1037A00073680830984702B0E0BCBA46B146A846F4
:1037B000F0BD20201A00001B824010002A00E240C9
:1037C00002439446D6E72022121A90462A00474622
:1037D0008340FA401343D8E7F0B557464546DE46E6
:1037E0004E460400E0B53F26236865689B00CB5831
:1037F000AD004D19334092462F686A681D000C30A9
:103800008346904683B0203D23D4EA4045463F2678
:10381000DD405B421E4094463200203A29D4914656
:103820003A004E46B24090463F261E403B0042467C
:10383000B340664615431E430096019552465846CE
:10384000A368984703B0F0BCBB46B246A946A04661
:10385000F0BD2025ED1AAA4015003A00DA402A43AF
:1038600045463F26DD405B421E4094463200203AEA
:10387000D5D52022921B91463A004846C240914637
:103880004246B24090464A46404602439046CBE705
:1038900010B582B0049B5C42634100930023019306
:1038A00008C8984702B010BD030030B51C6883B04B
:1038B000A4006458083065426C41009400240194CF
:1038C0005B68984703B030BD10B582B0059C049B7F
:1038D00023435C42634100930023019308C8984747
:1038E00002B010BD30B50400236883B09B00CB1834
:1038F00028CB2B435D426B41009300230193636807
:103900000830984703B030BD00B583B0049B0093E6
:103910000023019308C8984703B000BD030010B509
:103920001C6882B0A4000C59083000940024019453
:103930005B68984702B010BD00B583B0049B5BB2D2
:103940000093DB17019308C8984703B000BDC04639
:10395000030010B51C6882B0A4000C570830009416
:10396000E41701945B68984702B010BD00B583B0BE
:10397000049B1BB20093DB17019308C8984703B060
:1039800000BDC046030030B51C6883B0A4000C5FC6
:1039900008300094E41701945B68984703B030BD89
:1039A000030010B51C6882B0A4000C5708300094C6
:1039B000E41701945B68984702B010BD030030B56E
:1039C0001C6883B0A4000C5F08300094E4170194D5
:1039D0005B68984703B030BD00B583B0049B00938B
:1039E000DB17019308C8984703B000BD030010B56A
:1039F0001C6882B0A4000C5908300094E4170194AC
:103A00005B68984702B010BD030010B51C6882B017
:103A1000A400645808300094E41701945B68984748
:103A200002B010BD030010B51C6882B0A400645839
:103A300008300094002401945B68984702B010BDE0
:103A4000030030B5006883B00468586880004450B3
:103A50001800069C079D009401950C309B689847C0
:103A600003B030BD0300006830B50468456858688D
:103A700083B08000081804604560069C079D18000C
:103A8000009401950C309B68984703B030BDC04648
:103A9000030030B583B00068069C079D04601800E1
:103AA000009401955B680830984703B030BDC0466C
:103AB000030030B5006883B0069C079D0460456034
:103AC00018000094019508305B68984703B030BD3A
:103AD000F0B5C6461300C1260D0000B5026882B0DD
:103AE000904642681C68019282683601A75900928C
:103AF00069462A002000A5510C33C047A75102B0E7
:103B000080BCB846F0BDC04610B5064C1368A4464C
:103B100063445B6882B000930023019308C8984710
:103B200002B010BD280C0000F0B54F464646D64600
:103B30001368C0B59A46031D99460C4B06000F004A
:103B400000240025984682B000940195390033681E
:103B500048469847534642469A588642F4D002B0A7
:103B6000E0BCBA46B146A846F0BDC046280C0000ED
:103B700010B582B0049B059C00680093019408C8AE
:103B8000984702B010BDC04610B5036844689B005A
:103B90005B5882B0A34200D923009B00C018806804
:103BA000049B059C0093019408C8984702B010BD7F
:103BB000030030B5006883B0069C800044501800B4
:103BC000079D009401955B680830984703B030BDAD
:103BD0000300F0B5006883B080005C6808180768CF
:103BE000089DA400675005601800099E0095019685
:103BF0009B680C30984703B0F0BDC046030030B559
:103C00001C6883B0A4000C196568246800940195B1
:103C100008305B68984703B030BDC046030030B53C
:103C2000006883B080000818069C079D046045600A
:103C300018000094019508305B68984703B030BDC8
:103C40000300F0B50D0004685E68A400B60083B000
:103C50000C19AE1920686168306071600898099984
:103C6000089E099F20606160180000960197290056
:103C70009B680C30984703B0F0BDC0460300406815
:103C800030B580004458186883B080004450180054
:103C9000069C079D009401950C309B68984703B0E3
:103CA00030BDC0460300006870B580009D680818EC
:103CB0005C680668AD0082B0A4006E500C590460C8
:103CC0001800069C079D009401951030DB6898470A
:103CD00002B070BD0300406830B580000818046869
:103CE0004568186883B08000081804604560069C29
:103CF000079D1800009401950C309B68984703B00D
:103D000030BDC0460300F0B500689F688000BF006A
:103D10005E680818CF1983B0046845683C607D6010
:103D2000B6008E193468756804604560089C099D6A
:103D30001800009401951030DB68984703B0F0BD7F
:103D400010B582B00300049800280BD0586880009A
:103D5000445818000094E41701949B680C3098476D
:103D600002B010BD186880004458F2E710B5030097
:103D7000006882B080004058049C002802D0586837
:103D80008000445818000094E41701949B680C309C
:103D9000984702B010BDC04610B50300006882B05D
:103DA00080004058049C002802D158688000445884
:103DB00018000094E41701949B680C30984702B0F7
:103DC00010BDC046030010B5006882B080004058A6
:103DD00000280BD098688000445818000094E4171D
:103DE0000194DB681030984702B010BD586880001D
:103DF0004458F2E730B583B00300069800280CD091
:103E000058688000081804684568180000940195F7
:103E10000C309B68984703B030BD186880000818C4
:103E200004684568F1E7C046030030B5006883B018
:103E300080004058002806D05868800008180468A0
:103E4000456806940795069C079D18000094019507
:103E50000C309B68984703B030BDC046030030B5B6
:103E6000006883B080004058002806D15868800060
:103E700008180468456806940795069C079D180075
:103E8000009401950C309B68984703B030BDC04644
:103E9000030030B5006883B08000405800280CD083
:103EA0009868800008180468456818000094019517
:103EB0001030DB68984703B030BD586880000818A0
:103EC00004684568F1E7C046014B18687047C04672
:103ED000C857041000687047030030B50468406894
:103EE00083B0800044501800069C079D0094019503
:103EF0000C309B68984703B030BDC046030030B516
:103F000004684568806883B08000081804604560D4
:103F1000069C079D1800009401951030DB689847B7
:103F200003B030BD00487047E4B30210014B18687D
:103F30007047C04634570410030030B5406883B062
:103F400080004458186804601800069C079D00947F
:103F500001950C309B68984703B030BD0300406862
:103F600030B58000081804684568186883B004609C
:103F70004560069C079D1800009401950C309B68D5
:103F8000984703B030BDC046014B18687047C04623
:103F9000C857041070B50400406B0E0008F0BCFB5D
:103FA0000500606B002802D0310008F08BFB280070
:103FB00070BDC04670B50400406B08F0ADFB050055
:103FC00000212000FFF7E6FF280070BD0368F0B570
:103FD0009B00CB1816000CCB1700040040680D00A6
:103FE0008000081883B01F4341680068002F0CD080
:103FF0000EF0BAFD2700009201930C373200290021
:104000003800A368984703B0F0BD014B1868FAE781
:104010004C570410036870B59B00CB180D001600B8
:104020000CCB1100040082B019430DD006980799FB
:104030000EF09AFD2000009201932900320063687F
:104040000830984702B070BD014B1868FAE7C046C7
:104050004C570410F0B5046883B01700A400089A08
:104060000C1905000E00206861681400099B1C43B0
:104070000BD00EF079FD28000092019331003A0038
:104080006B680830984703B0F0BD014B1868FAE739
:104090004C570410F0B5036844689B00A400CB188B
:1040A0000C1905000E0003CC17000CCB140083B0D4
:1040B0001C430DD0541C0ED00EF03EFD2800009283
:1040C00001933A003100AB680C30984703B0F0BD63
:1040D000064B1868FAE75C1CEED10028ECD180246E
:1040E0002406A142E8D100220023E7E74C57041040
:1040F000F0B504000D00236816009B00EB180CCBF4
:10410000170083B0089809991F430DD0571C0ED093
:104110000EF012FD20000092019332002900636826
:104120000830984703B0F0BD064B1868FAE75F1CEB
:10413000EED10028ECD180273F06B942E8D1002219
:104140000023E7E74C570410F0B5046883B017006C
:10415000A400089A0C1905000E0003CC1400099B5A
:104160001C430DD0541C0ED00EF0E6FC280000922B
:1041700001933A0031006B680830984703B0F0BDF6
:10418000064B1868FAE75C1CEED10028ECD18024BD
:104190002406A142E8D100220023E7E74C5704108F
:1041A0000368F0B59B00CB1816000CCB1700040079
:1041B00040680D008000081883B01F434168006804
:1041C000002F0CD00EF0D0FC2700009001910C378E
:1041D000320029003800A368984703B0F0BD014BB6
:1041E0001868FAE74C570410036870B59B00CB18A9
:1041F0000D0016000CCB1100040082B019430FD043
:10420000069807990EF0B0FC02000B002000009207
:1042100001932900320063680830984702B070BDEE
:10422000014B1868FAE7C0464C570410F0B5046813
:1042300083B01700A400089A0C1905000E0020682E
:1042400061681400099B1C430DD00EF08DFC020028
:104250000B0028000092019331003A006B6808308F
:10426000984703B0F0BD014B1868FAE74C570410AB
:10427000F0B5036844689B00A400CB180C19050036
:104280000E0003CC17000CCB140083B01C430ED0DF
:10429000541C0FD00EF050FC2C00009001910C34F7
:1042A0003A0031002000AB68984703B0F0BD074BDF
:1042B0001868FAE75C1CEDD10028EBD180242406B5
:1042C000A142E7D1024B1868EFE7C0464C570410F3
:1042D00048570410F0B504000D00236816009B0039
:1042E000EB180CCB170083B0089809991F430ED028
:1042F000571C0FD00EF020FC2700009001910837CA
:104300003200290038006368984703B0F0BD074BBE
:104310001868FAE75F1CEDD10028EBD180273F0633
:10432000B942E7D1024B1868EFE7C0464C5704107A
:1043300048570410F0B5046883B01700A400089A29
:104340000C1905000E0003CC1400099B1C430ED071
:10435000541C0FD00EF0F0FB2C000090019108349B
:104360003A00310020006B68984703B0F0BD074B5E
:104370001868FAE75C1CEDD10028EBD180242406F4
:10438000A142E7D1024B1868EFE7C0464C57041032
:1043900048570410F0B50D00036804009B005958FD
:1043A000436816009B00585983B000290DD00EF0C9
:1043B0009DFB2700002300910C3701933200290058
:1043C0003800A368984703B0F0BD014B1868FAE7BE
:1043D0004C57041070B5040023680D009B00595819
:1043E00082B01600069800290CD00EF07FFB002347
:1043F000200000910193320029006368083098473B
:1044000002B070BD014B1868FAE7C0464C57041063
:10441000F0B50D00036883B008999B0004001600F6
:10442000585900290DD00EF061FB270000230091A0
:10443000083701933200290038006368984703B0B9
:10444000F0BD014B1868FAE74C57041070B50D0029
:10445000036804009B005958436816009B00585994
:1044600082B000290ED04B1C0FD00EF017FBCB17DB
:1044700020000091019332002900A3680C30984776
:1044800002B070BD044B1868FAE780231B069842FF
:10449000EBD100210023EBE74C57041070B504006A
:1044A00023680D009B00595882B016000698002919
:1044B0000ED04B1C0FD00EF0F1FACB17200000915C
:1044C00001933200290063680830984702B070BD3C
:1044D000044B1868FAE780231B069842EBD10021B1
:1044E0000023EBE74C57041070B50D00036882B051
:1044F00006999B0004001600585900290ED04B1C49
:104500000FD00EF0CBFACB172000009101933200B0
:10451000290063680830984702B070BD044B1868E2
:10452000FAE780231B069842EBD100210023EBE73A
:104530004C570410F0B50D00036804009B00595857
:10454000436816009B00585983B000290DD00EF027
:10455000CDFA2700002300900C3701933200290088
:104560003800A368984703B0F0BD014B1868FAE71C
:104570004C57041070B5040023680D009B00595877
:1045800082B01600069800290DD00EF0AFFA030095
:104590000093002320000193320029006368083053
:1045A000984702B070BD014B1868FAE74C570410E9
:1045B000F0B50D00036883B008999B000400160055
:1045C000585900290DD00EF091FA270000230090D1
:1045D000083701933200290038006368984703B018
:1045E000F0BD014B1868FAE74C570410F0B50D0008
:1045F000036804009B005958436816009B005859F3
:1046000083B000290FD04B1C10D00EF047FA2700C2
:104610000090C01701900C37320029003800A368C1
:10462000984703B0F0BD054B1868FAE780231B06D6
:104630009842EAD1024B1868F3E7C0464C57041081
:1046400048570410F0B5040023680D009B0059582A
:1046500083B01600089800290FD04B1C10D00EF024
:104660001DFA27000090C01701900837320029007A
:1046700038006368984703B0F0BD054B1868FAE747
:1046800080231B069842EAD1024B1868F3E7C04624
:104690004C57041048570410F0B50D00036883B060
:1046A00008999B0004001600585900290FD04B1C94
:1046B00010D00EF0F3F927000090C01701900837D2
:1046C0003200290038006368984703B0F0BD054BFD
:1046D0001868FAE780231B069842EAD1024B186853
:1046E000F3E7C0464C57041048570410F0B50F00CC
:1046F0000168C6468900795803008846416801244C
:104700008900CE598168002508008C4600212418B4
:104710004D41300000210019694100B5946882B014
:10472000002912D1A04210D8089C099D41461800CA
:10473000961966443173009401953900DB68103096
:10474000984702B080BCB846F0BD014B1868F8E746
:1047500050570410F0B54746CE460E0080B585B0E0
:104760000D990300884601680C9F89007158380034
:104770008C46002500215C6824184D410120002151
:1047800000196941029403950D0004009168002D01
:1047900012D18C4210D80299180054186146217326
:1047A0004146009701919B6831000C30984705B055
:1047B000C0BCB946B046F0BD014B1868F7E7C0462B
:1047C00050570410F0B50F000168C6468900C9595A
:1047D00003008846416801248900CE59816800257C
:1047E00008008C46002124184D413000002100199A
:1047F000694100B5946882B0002912D1A04210D856
:10480000089C099D4146180096196644317300942E
:1048100001953900DB681030984702B080BCB8467B
:10482000F0BD014B1868F8E750570410F0B5474643
:10483000CE460E0080B585B00D990300884601680C
:104840000C9F8900895938008C46002500215C683E
:1048500024184D410120002100196941029403955B
:104860000D0004009168002D12D18C4210D80299DD
:1048700018005418614621734146009701919B68C6
:1048800031000C30984705B0C0BCB946B046F0BD09
:10489000014B1868F7E7C04650570410F0B547467B
:1048A000CE4680B50F0083B00A99030088460B9965
:1048B00001248946016800258900CE594168080015
:1048C0008C46002124184D41300000210019694117
:1048D0009468002912D1A04210D841469619664426
:1048E000317300914946180001919B6839000C30E2
:1048F000984703B0C0BCB946B046F0BD014B18683C
:10490000F7E7C04650570410F0B50F0001680300E8
:104910008900CE594168012408008C4600250021F9
:1049200024184D41300000210019694183B094687A
:1049300000290ED1A0420CD896196644317B18008C
:104940000091002101919B6839000C30984703B019
:10495000F0BD014B1868FAE750570410F0B5002776
:10496000002583B0089E04680300A4197D41012638
:10497000002736196F419068002F0CD186420AD863
:104980001419247B18000094002401945B680830FB
:10499000984703B0F0BD014B1868FAE75057041070
:1049A000F0B50F00016803008900CE594168012469
:1049B00008008C460025002124184D4130000021BC
:1049C0000019694183B0946800290FD1A0420DD825
:1049D0000C2118009619664471560C300091C917C5
:1049E00001919B683900984703B0F0BD014B1868EE
:1049F000FAE7C04650570410F0B50027002583B0F1
:104A0000089E04680300A4197D4101260027361979
:104A10006F419068002F0DD186420BD818001419F1
:104A2000247B083064B20094E41701945B689847D3
:104A300003B0F0BD014B1868FAE7C04650570410A8
:104A4000F8B5134B0400406B8D1C1E6807F036FE52
:104A5000A84201D33000F8BD29002068FDF70AF90B
:104A6000051E11D00B49606B07F02CFE2800676B08
:104A700007F052FE0100380007F024FE616B206849
:104A8000FDF7F8FB6563E5E7034B1E68E2E7C04608
:104A9000C8570410713B011074570410436B70B574
:104AA00004000E00002B06D00621FFF7C9FF051EEB
:104AB00004D0280070BD044B1D68FAE73100606B1C
:104AC00007F000FEF5E7C046C8570410F0B5C6462B
:104AD00000B5314BC28C1E68438F04009A421DD230
:104AE000013B9BB21A001532FF3252004387155A20
:104AF000AD225201AA18294992B28A4215D8284BF0
:104B0000EB185A425341274A9446002263445B0003
:104B1000C318DA80300080BCB846F0BD2E23C35CD9
:104B2000002BF7D1204B1E68F4E7204A825AAA4294
:104B3000F8D94222825AAA42ECD8C222D200944624
:104B4000C31863441B789846052B16D01800FCF751
:104B500091FA0027164AEB1994461BB2E3186344F6
:104B60001A784046013A1A70FCF784FA0028D1D02E
:104B70000137BFB2012FEDD0CCE700220C49AB18B2
:104B80008C461BB2E318634419780132013992B2A2
:104B90001970042AF2D1BDE7C85704109E15000011
:104BA0009E15FFFFF405000078570410EC0B000081
:104BB0000408000070B5036882B09B00CB180400A5
:104BC0000D001868596816000DF02AFF0300200038
:104BD0000093DB170193320029006368083098477F
:104BE00002B070BD70B582B004000D000698079940
:104BF00016000DF015FF030020000093DB17019352
:104C00003200290008C8984702B070BD036870B52B
:104C10009B00CB1804000D0003CB0300160082B0EC
:104C20000B430DD00DF0F0FE0300C21720000192DF
:104C300000933200290063680830984702B070BDC5
:104C400040230022F2E7C04670B582B00400069807
:104C50000D000300079916000B430CD00DF0D4FE95
:104C60000300C2172000019200933200290008C8F7
:104C7000984702B070BD40230022F3E7036870B587
:104C80009B00CB1804000D0003CB0300160082B07C
:104C90000B430DD00DF0ACFE0300C21720000192B3
:104CA00000933200290063680830984702B070BD55
:104CB00040230022F2E7C04670B582B00400069897
:104CC0000D000300079916000B430CD00DF090FE69
:104CD0000300C2172000019200933200290008C887
:104CE000984702B070BD40230022F3E770B5036817
:104CF00082B09B00040058580D0016000DF072FEA3
:104D0000030020000093DB17019332002900636841
:104D10000830984702B070BD70B582B004000698A4
:104D20000D0016000DF05EFE030020000093DB175F
:104D300001933200290008C8984702B070BDC046F0
:104D400070B5036804009B0058580D00160082B02F
:104D500000280DD00DF040FE0300C2172000019284
:104D600000933200290063680830984702B070BD94
:104D700020230022F2E7C04670B582B004000698F6
:104D80000D00160000280CD00DF026FE0300C217FF
:104D90002000019200933200290008C8984702B011
:104DA00070BD20230022F3E770B5036804009B0068
:104DB00058580D00160082B000280DD00DF006FEE8
:104DC0000300C2172000019200933200290063689B
:104DD0000830984702B070BD20230022F2E7C04699
:104DE00070B582B0040006980D00160000280CD0A3
:104DF0000DF0ECFD0300C217200001920093320079
:104E0000290008C8984702B070BD20230022F3E7AC
:104E1000F0B5D64692460A004F4646460368894694
:104E20009B00C9584368C0B59B009A588368002509
:104E30001C000426002736196F4114000025804607
:104E4000A4197D41504684B08068002D1AD1844257
:104E500018D80C3398180391042203A950440EF07B
:104E600043FD0C9B0D9C40460093019443465246E3
:104E70004946DB681030984704B0E0BCBA46B146FA
:104E8000A846F0BD014B1868F6E7C046505704101D
:104E9000F0B54F464646D646C0B584B00C9B0600DA
:104EA00099460D9B88469A46036800259B00484614
:104EB000CB5800217468170024184D4104200021AC
:104EC000001969419268002918D1904216D80C3413
:104ED000042203A9381903930EF006FD4B460093F4
:104EE0005346300001933A004146B3680C3098476E
:104EF00004B0E0BCBA46B146A846F0BD014B186804
:104F0000F6E7C04650570410F0B5464680460368A1
:104F1000D6469B00C85843465B6892469B005A5849
:104F200043464F469B68C0B51C000025022600275B
:104F300036196F41140000258946A4197D41514658
:104F400084B08968002D1BD18C4219D80E210C33F6
:104F5000694408809818504402220EF0C5FC0C9B4E
:104F60000D9C404600930194434652464946DB68F7
:104F70001030984704B0E0BCBA46B146A846F0BD30
:104F8000014B1868F6E7C04650570410F0B54F467D
:104F90004646D646C0B584B00C9B060099460D9B8C
:104FA00088469A46036800259B004846CB58002156
:104FB0007468170024184D4102200021001969412E
:104FC0009268002919D1904217D80E310C346944E7
:104FD000022238190B800EF087FC4B460093534693
:104FE000300001933A004146B3680C30984704B052
:104FF000E0BCBA46B146A846F0BD014B1868F6E7DA
:1050000050570410F0B5464680460368D6469B00CC
:10501000585843465B6892469B005A5843464F4651
:105020009B68C0B51C0000250226002736196F4179
:10503000140000258946A4197D41514684B0896831
:10504000002D1BD18C4219D80E210C3369440880E5
:105050009818504402220EF047FC0C9B0D9C4046D1
:1050600000930194434652464946DB681030984706
:1050700004B0E0BCBA46B146A846F0BD014B186882
:10508000F6E7C04650570410F0B54F464646D646A0
:10509000C0B584B00C9B060099460D9B88469A4685
:1050A000036800259B0048465B5800217468170080
:1050B00024184D41022000210019694192680029FD
:1050C00019D1904217D80E310C3469440222381994
:1050D0000B800EF009FC4B460093534630000193C1
:1050E0003A004146B3680C30984704B0E0BCBA4679
:1050F000B146A846F0BD014B1868F6E750570410BA
:10510000F0B557464E464546DE468046E0B587B088
:10511000109B00259B46119B0226039303680027E2
:105120009B00585843465B688A461C0036196F41FD
:1051300004000025A4197D4191469168002D1FD1DE
:105140008C421DD802AA94460E215A460C33614463
:1051500018180A80484402220EF0C6FB039B5A46E8
:10516000019340464346009251464A469B680C30A4
:10517000984707B0F0BCBB46B246A946A046F0BD72
:10518000014B1868F5E7C04650570410F0B54F467C
:105190008946464680460368D6469B004B441868BD
:1051A0005968434692464A465B68C0B59B009A5888
:1051B00043469B6800251C000826002736196F41CE
:1051C00014000025A4197D41564684B0B668002D10
:1051D0001BD1B44219D80C3302900391981802A93C
:1051E000082250440EF080FB0C9B0D9C404600931F
:1051F0000194434652464946DB681030984704B054
:10520000E0BCBA46B146A846F0BD014B1868F6E7C7
:1052100050570410F0B557464E464546DE46E0B5B9
:1052200087B0109B00279B4600255E464468914648
:10523000A4197D41082600278A4636196F41494640
:10524000119B80460393036889689B0053441A6846
:105250005B68002F1CD18E421AD80C3420000492B7
:10526000059304A9082248440EF03EFB039B5A46CE
:10527000019340464346009251464A469B680C3093
:10528000984707B0F0BCBB46B246A946A046F0BD61
:10529000014B1868F5E7C04650570410F0B5464674
:1052A000804603684F469B0058584346D6465B6885
:1052B000C0B51C0000250826002736196F410400E0
:1052C0000025A4197D418A469146916884B0002D3D
:1052D0001DD18C421BD80C990D9A0C3318180291D1
:1052E00003924844082202A90EF0FEFA0C9B0D9C82
:1052F00040460093019443464A4651469B680C3011
:10530000984704B0E0BCBA46B146A846F0BD014B90
:105310001868F6E750570410F0B5D64692460A00D2
:105320004F464646036889469B0059584368C0B5B6
:105330009B009A58836800251C0004260027361914
:105340006F41140000258046A4197D41504684B069
:105350008068002D1AD1844218D80C339818039114
:10536000042203A950440EF0BFFA0C9B0D9C40464A
:1053700000930194434652464946DB6810309847F3
:1053800004B0E0BCBA46B146A846F0BD014B18686F
:10539000F6E7C04650570410F0B54F464646D6468D
:1053A000C0B584B00C9B060099460D9B88469A4672
:1053B000036800259B0048465B580021746817006D
:1053C00024184D41042000210019694192680029E8
:1053D00018D1904216D80C34042203A9381903932B
:1053E0000EF082FA4B4600935346300001933A0088
:1053F0004146B3680C30984704B0E0BCBA46B146A9
:10540000A846F0BD014B1868F6E7C0465057041097
:10541000F0B557464E464546DE468046E0B587B075
:10542000109B00259B46119B0426039303680027CD
:105430009B00585843465B688A461C0036196F41EA
:1054400004000025A4197D4191469168002D1CD1CE
:105450008C421AD85A460C331818059205A9042212
:1054600048440EF041FA039B5A4601934046434696
:10547000009251464A469B680C30984707B0F0BCF2
:10548000BB46B246A946A046F0BD014B1868F5E7F9
:1054900050570410F0B54F464646D646036891462D
:1054A0009B005A584368C0B51C00002504260027FD
:1054B00036196F41140000258A46A4197D414946DA
:1054C0008046896884B0002D19D18C4217D80C33DE
:1054D00099184944042203A80EF006FA039B40469B
:1054E00000930023019343464A4651469B680C3083
:1054F000984704B0E0BCBA46B146A846F0BD014B9F
:105500001868F6E750570410F0B5C646002300258A
:1055100000B584B0160004680A9A8846A4185D4154
:105520000422002312196B410700B168002B15D12A
:105530008A4213D80C340422311903A80EF0D4F98E
:10554000039B3800009300230193320041467B689F
:105550000830984704B080BCB846F0BD014B1868CD
:10556000F8E7C04650570410F0B54F464646D646B9
:10557000036891469B005A584368C0B51C0000253B
:105580000226002736196F41140000258A46A41907
:105590007D4149468046896884B0002D1BD18C42EC
:1055A00019D80E240C3399186C4402224944200067
:1055B0000EF09AF923884046009300230193434656
:1055C0004A4651469B680C30984704B0E0BCBA4646
:1055D000B146A846F0BD014B1868F6E750570410D5
:1055E000F0B5C6460023002500B586B01600046855
:1055F0000C9A0700A4185D41884602222900002366
:10560000200012184B4102940395B168002B1AD167
:105610008A4218D802AB9C460E25029C65440C3485
:105620000222311928000EF05FF92B883800009310
:1056300000230193320041467B680830984706B04A
:1056400080BCB846F0BD014B1868F8E7505704100D
:10565000F0B54F464646D646036891469B005A58D9
:105660004368C0B51C0000250226002736196F418B
:10567000140000258A46A4197D4149468046896860
:1056800084B0002D1CD18C421AD80E240C339918EA
:105690006C440222494420000EF026F90022A35E49
:1056A0004046DA1700934346019251464A469B68AA
:1056B0000C30984704B0E0BCBA46B146A846F0BDED
:1056C000014B1868F6E7C04650570410F0B5C646BF
:1056D0000023002500B586B0160004680C9A070068
:1056E000A4185D41884602222900002320001218D8
:1056F0004B4102940395B168002B1BD18A4219D803
:1057000002AB9C460E25029C65440C3402223119E2
:1057100028000EF0E9F838000022AB5E4146DA17A7
:105720000192009332007B680830984706B080BC35
:10573000B846F0BD014B1868F8E7C0465057041052
:10574000F0B54F464646D646036891469B005A58E8
:105750004368C0B51C0000250826002736196F4194
:10576000140000258A46A4197D414946804689686F
:1057700084B0002D19D18C4217D80C3399184944A4
:10578000082202A80EF0B0F8029A039B404600924D
:10579000019343464A4651469B680C30984704B0F3
:1057A000E0BCBA46B146A846F0BD014B1868F6E722
:1057B00050570410F0B5C6460023002500B584B04C
:1057C000160004680A9A8846A4185D41082200233E
:1057D00012196B410700B168002B15D18A4213D80A
:1057E0000C340822311902A80EF07EF8029A039BAD
:1057F000380000920193414632007B680830984798
:1058000004B080BCB846F0BD014B1868F8E7C0464C
:1058100050570410F0B54F464646D64603689146A9
:105820009B005A584368C0B51C0000250426002779
:1058300036196F41140000258A46A4197D41494656
:105840008046896884B0002D19D18C4217D80C335A
:1058500099184944042203A80EF046F8039B4046D9
:10586000DA1700934346019251464A469B680C3032
:10587000984704B0E0BCBA46B146A846F0BD014B1B
:105880001868F6E750570410F0B5C6460023002507
:1058900000B584B0160004680A9A8846A4185D41D1
:1058A0000422002312196B410700B168002B15D1A7
:1058B0008A4213D80C340422311903A80EF014F8CC
:1058C0003800039B4146DA170192009332007B684F
:1058D0000830984704B080BCB846F0BD014B18684A
:1058E000F8E7C04650570410F0B5C64600B582B080
:1058F000089B04000D00002B1DDB11680027884663
:105900000F4941444E68002B0BD04046F118FCF77C
:1059100065F8002802D00126764237004246084B3F
:10592000D258200000960197290008C8984702B075
:1059300080BCB846F0BD012676423700F1E7C0468C
:10594000280C0000010070B582B00400C268083164
:1059500001A8FBF76BFC002818D1206B07F0ACF80E
:10596000019B98421DD92C49628F086899B29142D7
:105970000ED2C225ED00AC461B041B0CE11861449D
:105980000978CD1E012D1DD8244B186802B070BDBA
:10599000531C6387FA235B009A4204D3204B186898
:1059A000F4E72048F2E7130001211533FF335B00D1
:1059B00049421953C223DB009C460023A4186444C7
:1059C0002370E3E7FA261533FF33551C5B00ADB2B5
:1059D0001B5B76006587B242E0D216001536FF36B3
:1059E00076003353C226F600B446A2186244117002
:1059F000AD2252019A180C4992B28A42C6D80B4A7B
:105A0000944663445A425341094A944663445B00B6
:105A1000E318DD80BAE7C046C85704108457041065
:105A20007C57041008B402109E1500009E15FFFF5D
:105A3000F4050000F0B54F464646D646C0B582B0E4
:105A40000A9B904699460B9B04009A4603680D00FA
:105A50009B005A58436800279B005B58484600212A
:105A60001E0036184F4141468968002F19D18E42D9
:105A700017D8FF210C334344114018004A460DF05B
:105A80002DFF4B46009353462000019342462900C8
:105A9000A3680C30984702B0E0BCBA46B146A846AD
:105AA000F0BD014B1868F6E750570410F0B5C64634
:105AB00000B5076890463B8E52689B00CB180600E5
:105AC0000D0082B09A421DD9BC8E3A8FA4000C19E9
:105AD000200000210DF002FF396C002904D0388F1E
:105AE000BA8F20180DF000FF002200233000009232
:105AF00001932900424673680830984702B080BC81
:105B0000B846F0BD014B1868F8E7C046305704109E
:105B1000F0B54F464646D646C0B584B00D9B0C9FA7
:105B20009846036804009B005B580E009A46029357
:105B300000230393436815009B005B583800994687
:105B4000936800219C464A46002312184B41002BC3
:105B500021D162451FD8029A039B12184B41002B9A
:105B600019D1624517D8514648460C310C303A00DD
:105B70006918281811F002FD434620000097019390
:105B80002A003100A3680C30984704B0E0BCBA4644
:105B9000B146A846F0BD014B1868F6E7505704100F
:105BA00030B583B0069C0300079D002C06D000682A
:105BB0000094019508C8984703B030BD0094019542
:105BC0005B6808309847F7E7030030B5006883B09A
:105BD00080004058002808D05868069B079C009316
:105BE000019408C8984703B030BD1800069C079D73
:105BF000009401950C309B689847F4E7F0B5DE46B9
:105C000057464E464546E0B583B09A466B461C8ED5
:105C1000554B88461B68934699460190052A39D012
:105C20001000FBF727FA002831D10025012658463D
:105C3000FBF720FA431CC0439BB280B25246013AA4
:105C40009B1803405A19944219DDFA2080008242C1
:105C500010DA019FF918454FBC4661440F78002FB8
:105C600008D1019FBC46414F6244BC466244127851
:105C7000002A14D0F3189BB25A19A242E7DB484617
:105C800003B0F0BCBB46B246A946A046F0BD012514
:105C90000226CCE70325042604233548CEE7F21874
:105CA000824248DC334A0198013E855A4422805A98
:105CB000433A0A705A1CB6B2954200DA1500904277
:105CC00000DA1000002E48D001999C1C8C46274910
:105CD00062448C460121624411702100AC4232DBE7
:105CE000220084422DDB012E3AD0204D0126AC4605
:105CF000019FA4B2381960440670D81C80B23D18C8
:105D00006544090401342E700130090CA14222DBE4
:105D10000904090C81421CDB120489B2120CA24254
:105D200015DB1204120C82420FDB92B2019C114867
:105D3000215244216252424613800F4B1B68994600
:105D40009DE70200CFE72900CAE70200EDE7220045
:105D5000E7E70100E0E72100DAE7A9B282B2E5E770
:105D600089B292B2E2E7C0467C57041004080000F2
:105D7000FCFF0000EC0B0000C8570410F0B54F46C4
:105D80004646D6464A4BC0B51B68170099460300E5
:105D9000828D06008846C48C82B01433022A04D057
:105DA00006E01D8B5C8A022D02D11B68002BF8D106
:105DB00043461F80718FA14224D94B46002B41D10D
:105DC0008A239B009A46B24402E001348C4219D2E5
:105DD000534665005B5BBB42F7D143461B889F423D
:105DE00017D0344AF318944663441A78FF2A21D016
:105DF00001321A70434652461B8801345353718F47
:105E00008C42E5D3484602B0E0BCBA46B146A8464B
:105E1000F0BDA3B2994210D80022FA214223890092
:105E2000F35A300000914146FFF7E8FE0028E1D028
:105E30008146E7E7204B9946E4E7C223DB00F318ED
:105E40001A5DEAE78A239B009A464846B24402E07C
:105E50000134A142ECD9534665005B5BBB42F7D1EC
:105E600043461B88BB4209D0F618124B9C46664439
:105E70003378FF2BDED001333370C3E7A3B20022A7
:105E8000994210D8FA2142238900F35A3000009138
:105E90004146FFF7B3FE0028CAD1434652461B884D
:105EA0005353718FD4E7C223DB00F3181A5DE9E77F
:105EB000C85704100408000024B4021010B50028CC
:105EC00001D006F007FC10BDF0B54546DE4657464A
:105ED0004E46E0B52C4B428F1D68038F040085B001
:105EE0009A4207D8280005B0F0BCBB46B246A94686
:105EF000A046F0BD006B06F0DFFD83460028F1D020
:105F000002AA0623944663449A46204B0026019336
:105F100032E08A22920094463304DB0B63441F5B19
:105F20003A0051462000FFF729FF051EDAD15346FB
:105F30001B889946BB421CD0638F0020434507D97C
:105F4000C222D200944633041B0CE3186344187831
:105F5000FBF790F80199002800D00D492000FEF7CA
:105F60009DFD4946606BFFF7A9FF3900606BFFF7A5
:105F7000A5FF0136B345B5D0B3B29846638F43450C
:105F8000C7D8044A1700CCE7C85704107D3C01105D
:105F9000D53C0110FFFF0000F8B5438F04000F004F
:105FA000150000209A4205D2C221C9008C46A218D1
:105FB000624410789D4214DA2B001533FF335B00E6
:105FC0001A5B174B9A420CD9164B8000C15820001F
:105FD000FEF764FD061E1CD13900606BFFF76EFFF3
:105FE00017E0FBF747F8002815D10F492000FEF70E
:105FF00055FD061E0DD13900606BFFF75FFF638F03
:10600000AB420AD91535FF356D00295B606BFFF790
:1060100055FF3000F8BD0549E8E70549F6E7C046F9
:106020005FEA0000087104107D3C0110D53C0110AE
:10603000FFFF0000F0B557464E46DE464546914606
:10604000E0B58BB005910793190014AB1A880700CF
:106050000692894508D3774B18680BB0F0BCBB4655
:10606000B246A946A046F0BD438F994500D3B5E09E
:106070004A46C2211532FF325200125AC900089214
:106080004A468C46821862441078052800D1B9E04F
:10609000FAF7F0FF82467B8F059A9A4200D3A8E078
:1060A000059A1532FF325200D25B90464A460132C1
:1060B00094B2089A0994904500D1AFE0079AA242A1
:1060C00000D89CE0C221013A92B203927A42C90000
:1060D0000492594A25008C4693463A0065447D193E
:1060E0004746904622E0554A6B009446049A634422
:1060F0009E5A5E4521D02878052822D0FAF7BAFFAB
:10610000013080B2731EC01880B2BE421BD08742DD
:1061100019D033005246BA189A4214D0039B013565
:10612000A34269D0434601345B8FA4B2A342DAD8BC
:106130005F4576D0404B1E00ECE75F4503D05B46E1
:10614000E8E70420DEE74346B8461F00FA23069A34
:106150009B009A426AD21500380022002900FFF7FE
:106160001BFF002800D078E723001533FF335B00C6
:10617000DD530230FAF77EFF6B1C1B189AB24423E2
:106180000692FB5A934227DB4422BB524A464146C1
:106190003800FFF701FF002800D05EE74B4642467B
:1061A0001533FF335B00DA530599069B01310093E9
:1061B0003800079B099A89B2FFF73CFF002800D0FE
:1061C0004BE74B4615341533089AFF33FF345B0019
:1061D0006400DA53E65340E71300D5E70020FAF7EE
:1061E00049FF7B8F059A9A420FD2134A8246089242
:1061F00056E7114A904659E74346B8461F004C46B9
:10620000089EC3E70322924646E74B4601339BB202
:106210000993094B4C461E000893C5E716004C46EF
:10622000C2E74346B8461F0046468FE7044B18684E
:1062300013E7C046C8570410FFFF000008F6FFFF31
:106240007C570410F0B5C6460E00010000B582B0C0
:10625000C2680400083101A8FAF7E8FF051E59D109
:10626000206B06F029FC019B984200D876E02E2096
:10627000205C628F99B2002851D08A4200D86AE02F
:106280001B041B0C1533FF335B001F5B3A006B468E
:106290002000991CFFF772FD051E3BD16B465B8801
:1062A000628F9846BB4200D178E0002A58D1002086
:1062B000FAF7E0FE002800D17AE03F492000FEF71F
:1062C000EDFB002800D071E03900606BFFF7F6FDB0
:1062D000608F431E9AB219B21B0400D56AE0814256
:1062E00006DA1531FF314900095B344B994206D873
:1062F0001532FF325200115B606BFFF7DFFD414644
:10630000606BFFF7DBFD222E04D02000FEF7DEFBE2
:1063100000284BD1280002B080BCB846F0BD8A42AC
:1063200019D9013A218F1B0492B21B0C9142A9D8B2
:10633000C221C9008C46A21862441278002AA1D05A
:10634000E1186144097800299CD08A4200D199E77C
:106350001B4B1D68DEE71B4A170098E71A4DD9E76B
:10636000531E218F9BB20020994205D8C220C00045
:106370008446E118614408781BB2002B98DB9342F5
:1063800000DB95E71533FF335B001A5B0B4B9A423A
:1063900000D88DE70D4B8000C1588FE7013A3900D6
:1063A000200092B2FFF7F8FD0028ACD00500B1E75D
:1063B000074983E703499FE7053D01105FEA0000B5
:1063C0006C570410FFFF000008B402101C71041089
:1063D000A53C0110F0B5DE4657464E464546E0B5B1
:1063E000444B05001B6885B048690F0001931400F9
:1063F000039206F0D5FA2E23EB5C06008346698FE4
:10640000002B06D1EB8CCB1A9BB2002C4BD09842C0
:106410004BD8002E3FD073009BB2013999468BB206
:1064200098462E239A463B0001244F46D9469B4668
:106430001AE05346EB5C002B11D1834228D143462E
:10644000023FBFB2013B9BB2424639002800029393
:10645000FFF7A2FD019000281DD1029B9846631C06
:106460009BB2B44235D01C005B46311B586989B2DF
:1064700006F09CFA6B8F9C42DBD852461B1B298F7F
:106480009BB2AA5C994214D9002AE8D10028D6D040
:10649000194B1B680193019805B0F0BCBB46B2468E
:1064A000A946A046F0BD9842B3D0144B1B68019397
:1064B000F1E7C221C9008C46EB1863441B78002A1F
:1064C000BBD0002BCBD09842E2D1631C9BB2B4422C
:1064D000C9D1039B002BDED14C4601E0002C06D035
:1064E0002800FEF7F3FA013CA4B20028F6D0019090
:1064F000D1E7C046C85704106C5704106857041001
:10650000F8B5036A0400002B02D01E4B1868F8BDD2
:10651000806A06F045FA2E23E35C0600002B21D1A9
:10652000638FE28C9B1A9BB298421BD10025471EB9
:10653000AE4217D0791BA06A89B206F037FA01354E
:10654000638FADB200229D420AD85B1B218F9BB2A4
:10655000994205D8C222D2009446E31863441A78BF
:106560009042E5D0236B002B07D0210000222000B1
:106570001431FFF72FFF0028C9D120000249FEF790
:106580008DFAC4E7C8570410C93E0110F0B5C646DD
:1065900000B5304B050084B008001E68FAF75AFDBC
:1065A0002D494300EB185A5A002A29D0013A94B2D7
:1065B00000225A5242236A8FEB5AA24225D9C221A5
:1065C000C9008C462A196244127869469046012215
:1065D0005242CA81FA220E219200009228004246BD
:1065E0006944FFF70BFB061E0AD16B46DF89434661
:1065F0001534FF3464006753042B26D9174B1E68EB
:10660000300004B080BCB846F0BD01226946524259
:10661000CA81FA220E2192000092280000226944C9
:10662000FFF7ECFA061EEBD16B4600211534DF892B
:10663000FF34640067532800FEF730FA061EDFD1EE
:106640003900686BFFF73AFCDAE7054A9B00995876
:10665000F1E7C046C8570410EE0B00007C57041049
:1066600008710410F0B5012385B017006A465B423B
:10667000D381FA2243339200C35A0E0000920A00DB
:106680000E2169440400FFF7B9FA051E17D16B46C5
:10669000D989F31E012B32D9FA201A4B40001D680C
:1066A000638F5A1C92B2628783420BD3164B1D68CC
:1066B000002D04D1002F02D0606BFFF7FFFB2800F4
:1066C00005B0F0BD18001530FF3040000153C22066
:1066D000C0008446E31863441E70AD235B01CB18F1
:1066E0000A489BB28342E3D8094BCB185842434136
:1066F0000848844663445B00E318DA80D8E7064B19
:106700001D68D5E7C85704107C5704109E1500007B
:106710009E15FFFFF40500008457041070B50D00AE
:10672000010086B00400C268083105A8FAF77EFDB2
:1067300000282ED16268059B916B99422ED9D66BA9
:10674000002E00D18FE05B01F618524BE35C002B6A
:1067500021D1232D25D0B37F002B00D17AE02E2329
:10676000E35C628F002B32D1002A00D175E0531E0A
:10677000218F9BB2994200D98AE0C220E118C00063
:106780000818007800282BD0357F854228D0424B4E
:10679000186806B070BD737F002BDAD13F4B1868C4
:1067A000F7E7307FFAF766FC00285AD03C49200012
:1067B000FEF774F90028ECD1310020000831FDF714
:1067C000E9FB01222000317FFFF74CFFE1E7002ABF
:1067D00043D0531E218F9BB20020994205D8E11867
:1067E000C220C0008446614408781BB2002B08DB3D
:1067F000934206DA1533FF335B001A5B294B9A424A
:1068000042D8FAF737FC002829D027492000FEF7A4
:1068100045F90028BDD1310020000831FDF7BAFB51
:10682000608F431E9AB219B21B042BD4814206DA40
:106830001531FF314900095B1A4B994206D81532D0
:10684000FF325200115B606BFFF738FB2000FEF750
:106850003DF99EE7154B18689BE70020D1E71449E6
:10686000D4E71449A3E7144B21681868136903930C
:10687000124B0293124B0193124B00930023FBF730
:1068800015FD86E71049DEE7104B8000C158BDE7D3
:106890000020AAE7F40B00006C57041058570410AE
:1068A000653A01105FEA00005D3F01107057041067
:1068B000393F0110413A01105C57041040B40210F6
:1068C000A705000068B40210FFFF0000F470041078
:1068D00010B5002801D005F0FDFE10BD30B583B025
:1068E000069C0300079D002C02D0006803B030BD59
:1068F000009401955B6808309847F7E730B583B09E
:10690000069C0300079D002C06D0009401955B684F
:106910000830984703B030BD00680094019508C85E
:106920009847F7E7030030B5006883B0800040580F
:10693000002809D0069C079D1800009401950C3092
:106940009B68984703B030BD5868069B079C00932E
:10695000019408C89847F5E7F0B54746CE4680B59C
:106960004568036883B0AD0004000E009046994668
:1069700017684D19FAF72CFB002816D100220023C6
:10698000484600920193290008C842469847094B9F
:10699000F958002809D10A9A0B9B20000092019314
:1069A0000C300A00A3683100984703B0C0BCB94658
:1069B000B046F0BD280C000000B583B0049B5BB26C
:1069C0000093DB17019308C8984703B000BDC04689
:1069D00000B583B0049B1BB20093DB17019308C87A
:1069E000984703B000BDC04600B583B0049B009338
:1069F000DB17019308C8984703B000BD00B583B00A
:106A0000049B00930023019308C8984703B000BD7E
:106A1000030010B51C6882B0A400645808300094CC
:106A2000E41701945B68984702B010BD0300F0B50D
:106A30001E6883B0B600089F7658012400250830F0
:106A4000BE4201DC00240025009401955B68984754
:106A500003B0F0BD030030B51D6883B0AD006D58C4
:106A6000069C0830AC42A441644200940024019486
:106A70005B68984703B030BD0300F0B51E6883B073
:106A8000B600089F7658012400250830BE4201DB7D
:106A900000240025009401955B68984703B0F0BD81
:106AA000030030B51C6883B0A4006458069D08300C
:106AB000AC42A44164420094002401945B6898476E
:106AC00003B030BD0300F0B51C6883B0A400665865
:106AD000089DF417EF0FAE427C410094002401940E
:106AE0005B680830984703B0F0BDC0460300F0B5BE
:106AF0001C6883B0A400665800242700089D0194F8
:106B0000AE42674100975B680830984703B0F0BD1C
:106B10000300F0B51C6883B0A4006558089EEC0F14
:106B2000F717AE427C410094002401945B68083062
:106B3000984703B0F0BDC0460300F0B51C6883B0B1
:106B4000A400655800242700089E0194AE426741C6
:106B500000975B680830984703B0F0BDF0B5C646B3
:106B600000B582B0089B0400984608239C46036841
:106B700084449B00CB18099D586801260027A84231
:106B800002DC0AD000260027009601976046636861
:106B9000984702B080BCB846F0BD1B684345F3D8A7
:106BA000F0E7C046F0B5C64600B582B0089B0400C9
:106BB000984608239C46036884449B00CB18099D93
:106BC000586801260027A84202DB0AD000260027C9
:106BD0000096019760466368984702B080BCB8464B
:106BE000F0BD1B684345F3D3F0E7C046F0B5C64699
:106BF00000B582B0089B0400984608239C460368B1
:106C000084449B00CB18099D586801260027A842A0
:106C10000CDB08D00096019760466368984702B085
:106C200080BCB846F0BD1B684345F3D20026002760
:106C3000F0E7C046F0B5C64600B582B0089B040038
:106C4000984608239C46036884449B00CB18099D02
:106C5000586801260027A8420CDC08D0009601974E
:106C600060466368984702B080BCB846F0BD1B68B8
:106C70004345F3D900260027F0E7C046F0B5C646E5
:106C800000B582B0089B0400984608239C46036820
:106C900084449B00CB18099D586801260027A84210
:106CA00002D80AD000260027009601976046636844
:106CB000984702B080BCB846F0BD1B684345F3D886
:106CC000F0E7C046F0B5C64600B582B0089B0400A8
:106CD000984608239C46036884449B00CB18099D72
:106CE000586801260027A84202D30AD000260027B0
:106CF0000096019760466368984702B080BCB8462A
:106D0000F0BD1B684345F3D3F0E7C046F0B5C64677
:106D100000B582B0089B0400984608239C4603688F
:106D200084449B00CB18099D586801260027A8427F
:106D30000CD308D00096019760466368984702B06C
:106D400080BCB846F0BD1B684345F3D2002600273F
:106D5000F0E7C046F0B5C64600B582B0089B040017
:106D6000984608239C46036884449B00CB18099DE1
:106D7000586801260027A8420CD808D00096019731
:106D800060466368984702B080BCB846F0BD1B6897
:106D90004345F3D900260027F0E7C046F0B50027A9
:106DA000002583B0089E04680300A4197D410126D4
:106DB000002736196F419068002F0DD186420BD8FD
:106DC00018001419247B083064B20094E41701946D
:106DD0005B68984703B0F0BD014B1868FAE7C046FE
:106DE00050570410F0B50027002583B0089E0468B2
:106DF0000300A4197D410126002736196F419068D0
:106E0000002F0CD186420AD81419247B1800009454
:106E1000002401945B680830984703B0F0BD014B33
:106E20001868FAE75057041030B583B0069C030089
:106E3000079D002C06D0009401955B6808309847A8
:106E400003B030BD00680094019508C89847F7E783
:106E5000F0B50F00016803008900CE594168012494
:106E600008008C460025002124184D4130000021E7
:106E70000019694183B0946800290FD1A0420DD850
:106E80000C2118009619664471560C300091C917F0
:106E900001919B683900984703B0F0BD014B186819
:106EA000FAE7C04650570410F0B50F000168030020
:106EB0008900CE594168012408008C460025002134
:106EC00024184D41300000210019694183B09468B5
:106ED00000290ED1A0420CD896196644317B1800C7
:106EE0000091002101919B6839000C30984703B054
:106EF000F0BD014B1868FAE750570410F0B547464B
:106F0000CE4680B50F0083B00A99030088460B99DE
:106F100001248946016800258900CE59416808008E
:106F20008C46002124184D41300000210019694190
:106F30009468002912D1A04210D84146961966449F
:106F4000317300914946180001919B6839000C305B
:106F5000984703B0C0BCB946B046F0BD014B1868B5
:106F6000F7E7C04650570410F0B5C6460023002589
:106F700000B586B0160004680C9A0700A4185D419D
:106F80008846022229000023200012184B41029457
:106F90000395B168002B1BD18A4219D802AB9C46DD
:106FA0000E25029C65440C340222311928000CF095
:106FB0009BFC38000022AB5E4146DA170192009339
:106FC00032007B680830984706B080BCB846F0BDF8
:106FD000014B1868F8E7C04650570410F0B5C64694
:106FE0000023002500B586B0160004680C9A07003F
:106FF000A4185D41884602222900002320001218AF
:107000004B4102940395B168002B1AD18A4218D8DB
:1070100002AB9C460E25029C65440C3402223119B9
:1070200028000CF061FC2B883800009300230193AA
:10703000320041467B680830984706B080BCB846AD
:10704000F0BD014B1868F8E750570410F0B5C6467C
:107050000023002500B584B0160004680A9A88460B
:10706000A4185D410422002312196B410700B16886
:10707000002B15D18A4213D80C340422311903A8ED
:107080000CF032FC3800039B4146DA170192009362
:1070900032007B680830984704B080BCB846F0BD29
:1070A000014B1868F8E7C04650570410030030B58C
:1070B000006883B080004058002809D0069C079DD6
:1070C0001800009401950C309B68984703B030BDC0
:1070D0005868069B079C0093019408C89847F5E7F9
:1070E000F0B54F464646D646036891469B005A582F
:1070F0004368C0B51C0000250226002736196F41E1
:10710000140000258A46A4197D41494680468968B5
:1071100084B0002D1CD18C421AD80E240C3399183F
:107120006C440222494420000CF0DEFB0022A35EE6
:107130004046DA1700934346019251464A469B68FF
:107140000C30984704B0E0BCBA46B146A846F0BD42
:10715000014B1868F6E7C04650570410F0B54F468B
:107160004646D646036891469B005A584368C0B5C8
:107170001C0000250226002736196F411400002547
:107180008A46A4197D4149468046896884B0002D0D
:107190001BD18C4219D80E240C3399186C4402224E
:1071A000494420000CF0A0FB2388404600930023B4
:1071B000019343464A4651469B680C30984704B0B9
:1071C000E0BCBA46B146A846F0BD014B1868F6E7E8
:1071D00050570410F0B54F464646D64603689146D0
:1071E0009B005A584368C0B51C00002504260027A0
:1071F00036196F41140000258A46A4197D4149467D
:107200008046896884B0002D19D18C4217D80C3380
:1072100099184944042203A80CF066FB039B4046DE
:10722000DA1700934346019251464A469B680C3058
:10723000984704B0E0BCBA46B146A846F0BD014B41
:107240001868F6E750570410F0B557464E464546C5
:10725000DE468046E0B587B0109B00259B46119B1B
:1072600002260393036800279B00585843465B6837
:107270008A461C0036196F4104000025A4197D417F
:1072800091469168002D1FD18C421DD802AA9446C8
:107290000E215A460C33614418180A8048440222D1
:1072A0000CF022FB039B5A46019340464346009252
:1072B00051464A469B680C30984707B0F0BCBB4625
:1072C000B246A946A046F0BD014B1868F5E7C04696
:1072D00050570410F0B557464E464546DE468046A8
:1072E000E0B587B0109B00259B46119B04260393B5
:1072F000036800279B00585843465B688A461C0079
:1073000036196F4104000025A4197D41914691680A
:10731000002D1CD18C421AD85A460C3318180592ED
:1073200005A9042248440CF0DFFA039B5A46019356
:1073300040464346009251464A469B680C30984767
:1073400007B0F0BCBB46B246A946A046F0BD014B13
:107350001868F5E750570410F0B5DE464E4645462E
:107360005746E0B55A4B89B099461B680500806ABC
:10737000059305F015FB8346002800D1A5E0012305
:107380005B425B44984604AB9C460E27514B00265B
:107390009A46514B00216744049346E00123FA22A8
:1073A0005B423B8092004333EB5A39000092280045
:1073B0002200FEF723FC00286BD1E31EDBB2012B79
:1073C00000D870E04B463A88186803926B8F591CBE
:1073D0008AB202926A87FA225200934260D2E03A5D
:1073E00094469C446246039952005153C222D200F3
:1073F0009446EB1863441C70AD238C465B016344D8
:10740000364C9BB2A3420AD8354B63445A4253418F
:10741000344A94466344029A5B00EB18DA800028F1
:1074200037D10136B1B259454DD2A86A05F0BEFA3E
:107430000400B045B2D1F9F70DFE0028AED020000F
:10744000F9F708FE002831D100230293E31EDBB2D6
:107450002548012B31D9FA226B8F5200591C89B271
:10746000698793422CD2E03A94469C44624652008B
:107470005053C222D2009446EB1863441C70194B3F
:10748000029A9C46624452000598AA18D1800028AE
:10749000C7D009B0F0BCBB46B246A946A046F0BD75
:1074A00053461868BBE7049B1868B8E701230293AA
:1074B000E31EDBB20D48012BCDD8074B1868AEE7B1
:1074C000044B1868ABE70020E3E70598E1E7C04606
:1074D000C85704107C570410845704109E150000F0
:1074E0009E15FFFFF405000060EA000062EA00005C
:1074F00030B583B00C006B4601000500C26808314E
:10750000D81DF9F7FBFD00281CD16B462102DC7960
:107510000C4321B2A4B2230A16D0FC2B1CD1FF22AB
:107520000A400B2A18DC53009B180E4ADB009B18FC
:107530005B69002B13D0210028009847002801D157
:10754000094BEC5203B030BDFC2C05D84B00074A68
:107550005B18DB009B18EBE7054B1868F2E7054B5F
:107560001868EFE7E8570410F20B00000859041000
:107570008457041088570410F0B5CE46474680B5AE
:10758000012383B06E462E225B420093B380438F6B
:107590000400805C012B00D882E09A1E218F92B2F9
:1075A00091426ED8C225ED00AC46A218624415780F
:1075B00000280BD15A1E92B28A4200D3B4E0022BAB
:1075C00004D0033B9BB2994200D8BCE02800F9F7F5
:1075D00041FD00285DD12800F9F744FD002866D060
:1075E000628F531E19B2180419D4481E914209DA49
:1075F00008001530FF304000075B7648874216D8F8
:10760000481E0CD3904200DACBE0881E904206DA86
:107610001530FF304000005B6E49884207D82900D2
:107620002000FEF7B3FF002835D1628F531E0321DF
:10763000B0468946002799B218B21B041DD4904267
:1076400000DB93E01530FF304000025B614B9A4253
:1076500000D88BE0B9462000FDF738FA00281AD18F
:107660000137032F00D186E002239C46628FE0445D
:10767000531E99B218B21B04E1D5574B42461380F2
:10768000E9E700250028A1D15A1E92B28A4296D37A
:107690004AE0524B186803B0C0BCB946B046F0BDD2
:1076A000002802D1002B00D088E000258EE72E2391
:1076B000E35C0021002B56D02000FDF7EFF9FA2300
:1076C00031889B00994268D3FA2371889B009942C4
:1076D0005FD3FA23B1889B00994256D32800F9F76B
:1076E000B9FC00282CD100223D4FEB1E012BD0D934
:1076F000FA263C4B76001868638F591C89B2618763
:10770000B3423FD21E001536FF3676003753C226ED
:10771000F600B446E31863441D70334B9C46624444
:107720005200A218D180B6E7C220C0008446A21839
:1077300062441278012A00D841E72C4B1868AAE766
:1077400001222B4FD1E7002D00D13FE7C222D2000A
:107750009446E31863441B78002B00D136E79D4222
:1077600000D133E7E9E7234B186894E71531FF317F
:1077700049000B5B82E76B1E9B001F4A4B449B003A
:10778000995899E71D4B186885E7606BFEF796FBE3
:10779000A4E7606BFEF792FB9BE7606BFEF78EFB46
:1077A00092E71530FF304000075B0A48874200D956
:1077B0003DE7881E012900D028E730E7258F002DFE
:1077C00000D072E7C223DB00E35C012B00D8FDE6AA
:1077D000B3E7C0465FEA0000FFFF000084570410D3
:1077E00060EA0000C8570410F40500006C5704104C
:1077F00062EA000078570410C07004107C5704102F
:10780000F8B504000B0A00D180E0FC2B00D0ADE0FD
:10781000FF230B400B2B00D9A8E05D00ED18584B5F
:10782000ED00ED186878F9F715FC564B9C4660445E
:1078300040002018C688608F33005A1E9341421EB4
:10784000DBB211B2120400D58CE00122814207DACA
:1078500000221531FF314900095B4B4888425241F3
:107860005B009B189B00EB1820005968FDF716F988
:1078700000281CD1608F431E9AB219B21B0400D598
:1078800072E0814214DA1531FF314900095B3E4B49
:1078900099420DD92000FDF719F9002807D16D781C
:1078A000002E0DD0012229002000FEF7DBFEF8BDDE
:1078B0001532FF325200115B606BFEF7FFFAE9E709
:1078C0002800F9F7C7FB002853D100212F4FEB1EEA
:1078D000012B4BD9FA262E4B76001868638F5A1C61
:1078E00092B26287B34247D21E001536FF36760049
:1078F0003753C226F600B446E31863441D70214B8B
:107900009C46614449006418E280D0E7FC292DD8E8
:107910004D00204B6D18ED00ED182E23C35C002B9D
:1079200000D07FE7A73989B2182900D97AE7438FB9
:10793000002B00D176E7013B028F9BB29A4200D91F
:1079400070E7C222D2009446C31863441B78002B10
:1079500000D167E7104A525C9A4200D162E70F4BB0
:107960001868A4E701227BE70D49A5E70D4B1868CD
:107970009DE701210C4FAAE70C4B186897E7C0461A
:10798000E8570410F40500005FEA000060EA000018
:10799000C857041008590410CC5704106C57041031
:1079A000FFFF00008457041062EA00007C570410B7
:1079B000F0B5D6464F4646463D4B04001868C0B564
:1079C00000282ED120003B49FDF768F8002828D177
:1079D0002E230122E254384BE18C9846374F384E23
:1079E000638F99421CD2013B9BB21A001532FF32C1
:1079F00052006387155BAD225201AA1892B2BA42B7
:107A000014D8304BEB185A4253412F4A9446002267
:107A100063445B00E318DA80E18C638F9942E2D320
:107A20000020E0BCBA46B146A846F0BD4246A25A84
:107A3000AA4222D94222A25AAA42D1D8C222D200B4
:107A40009446E31863441B789A46052B20D018000F
:107A5000F9F710FB002399464B461C4AEB18944655
:107A60001BB2E31863441A785046013A1A70F9F7CA
:107A700001FB002805D1E18CB2E730680028AFD0C7
:107A8000CFE74B4601339BB29946012BE4D0F2E796
:107A900000220E4953198C461BB2E318634419782F
:107AA0000132013992B21970042AF2D1E3E7C046DB
:107AB000C85704102D3F0110EC0B00009E1500006C
:107AC000785704109E15FFFFF4050000040800001D
:107AD000F0B50B0A04000F0085B0002B00D1B2E016
:107AE000FC2B00D0EDE0FF230B400B2B00D9E8E08E
:107AF0005E00F618A14BF600F618438F0020002B0D
:107B000000D0D0E0F9F7A6FA002800D0BDE00021AF
:107B1000628F7156531E98B21BB2002962D1002B9E
:107B200002DB934200DACFE020007178FEF72EFDF1
:107B3000051E4CD1B168002900D1F7E02000FCF708
:107B4000ADFF051E43D1608F431E9AB219B21B04CC
:107B500000D5C8E081423DDA1531FF314900095BAB
:107B6000874B994236D92000FCF7B0FF051E2ED175
:107B700033787F2B00D9B8E07678002E27D03000FC
:107B8000F9F768FA002800D1A8E001227D4FF31E22
:107B9000012B00D895E0FA207B4B40001D68638FD5
:107BA000591C89B26187834200D3BCE018001530AC
:107BB000FF3040000753C220C0008446E3186344EE
:107BC0001E70724B9C4662445200A218D18028005D
:107BD00005B0F0BD1532FF325200115B606BFEF74D
:107BE0006DF9C0E7002B26DB5D1E934214DA8A2371
:107BF00040009B002018C15A614B99420AD9716814
:107C0000013500D197E7624A825A9A4200D892E73A
:107C1000316990E76B1C0ED095420CDA1535FF35B3
:107C20006D002A5B564B9A4205D9B168002900D0F5
:107C300084E771687FE720007178FEF7A7FC051ED6
:107C4000C5D1F16877E7FC293BD82E224E00514B75
:107C50007618825CF600F618438F002A00D04DE7B4
:107C60000A00283A0D2A6FD8002B3AD0013B028F28
:107C70009BB29A4235D8C222C318D2009A18127801
:107C8000012A18D9444B1D68A1E77078F9F7EAF981
:107C9000002800D13BE720007178FEF777FC051E35
:107CA00000D134E793E7013B228F9BB2002093423F
:107CB00000D227E7E318C222D20094466344187822
:107CC00020E7364B1D6882E71533FF335B001A5BF4
:107CD0002B4B9A4200D827E771682CE70022304FDF
:107CE00055E700200EE72F4978E7608F431E9AB2D0
:107CF00019B21B0440D4814206DA1531FF31490024
:107D0000095B1F4B994206D81532FF325200115BB6
:107D1000606BFEF7D3F82000FCF7D8FE002800D1F6
:107D20002AE7050053E7204B1D6850E71F4B06CCA0
:107D300002931F4B1F4801931F4B0397009300238F
:107D4000FAF7B4FA050042E70A00363A082A00D9E1
:107D5000D4E6012B00D8D1E6991E028F89B2914258
:107D600007D34118C220C000844661440978012924
:107D700088D8013B9BB299E70A49C9E7E857041044
:107D80005FEA000062EA0000C8570410F405000032
:107D900026020000085904106C5704108457041080
:107DA00060EA0000FFFF00007C570410D4B402100A
:107DB0001D090000B4B4021068B40210F0B5070049
:107DC00083B00837C26805000E0068463900F9F72D
:107DD0002DFA041E28D13900EA6801A8F9F726FA1D
:107DE000041E21D1330A22D0FC2B28D1FF2232409D
:107DF0000B2A24D853009B18124ADB009B18587892
:107E0000F9F728F9002805D004212800FEF7BEFB69
:107E1000041E09D131002800FFF75AFE041E03D1C9
:107E20000199686BFEF754FD200003B0F0BDFC2EF5
:107E300005D87300044A9B19DB009B18DFE7034B4E
:107E40001C68F1E7E857041008590410845704101F
:107E5000F0B54546DE4657464E469846C04BE0B51F
:107E60001B68C04D9B4642230E009246C15A425B9E
:107E7000040085B08A4200D8A3E0BB4F531EBC4625
:107E800098B26044201805E0625301388A4200D15C
:107E900097E0531E17009AB20378002BF4D002200B
:107EA000F9F7E8F83B1C002F00D10123C3188343E6
:107EB0009FB243463780002B00D184E02000FCF7BE
:107EC00005FE8046002841D1504604F057FD0600CB
:107ED000504604F065FD2E23351801909946404622
:107EE000D046BA466D007D19ADB2002E00D16CE0CF
:107EF000628F023DADB2013A2900200092B2FEF736
:107F00004BF8002821D1638FE28C9A4226D2013BA4
:107F10009BB21A001532FF3252006387175BAD2205
:107F20005201BA18914992B28A421ED8904BFB185E
:107F30005A4253418F4A944663445B00E318D88009
:107F40005846013EB6B20028CFD08046404605B024
:107F5000F0BCBB46B246A946A046F0BD4B46E35C2A
:107F6000002BEDD1844B1868EBE77E4AA25ABA4247
:107F7000F8D94222A25ABA42E2D8C222D20094468A
:107F8000E31863441B780293052B00D1D7E0180057
:107F9000F9F770F8002303971F00734A039B944678
:107FA000DB191BB2E31863441A780298013A1A707D
:107FB000F9F760F80028C3D00137BFB2012FECD029
:107FC000BEE717006BE7D8467EE7019B5746C246DF
:107FD0008046002BBAD0694D5246AA46684B0292A1
:107FE00003933100029804F0E1FCC31E0136DBB2BA
:107FF000B6B2012B00D891E0FA21638F49005A1CD8
:1080000092B262878B422ED219001531FF3149009E
:108010000F53C221C9008C46E31863441870AD2386
:108020005B01FB1851499BB28B427DD8504BFB182A
:1080300059424B414F498C4663445B00E318DA8058
:108040005B46002B00D089E0052801D0F9F712F833
:1080500053461B68002B04D1019A0237BFB2B242CB
:10806000BFD1984672E753461B68002BF9D105280B
:108070005CD0F8F7FFFF0100431C9BB2FA22FB180B
:1080800092009342E4DC384D364BAC46E05A012571
:108090004423E2196244E35A15707A1C904200DAD4
:1080A0001000934200DA1300002942D02E4DA2188E
:1080B000AC46012562441570BA1C9446824200DA2F
:1080C000844610009A4200DA1800012933D026496C
:1080D00092B288460121A31843448846224D197064
:1080E000A9464546531CFA1C92B2A11849440D708A
:1080F00001321900634500DA6146914200DA11004D
:1081000089B2834200DA0300934200DA13009BB283
:10811000144AA1524422A3525B469BE7039B1B686F
:10812000002BA6D0984611E75B469EE70321043357
:10813000A4E781B2EBE7634699B283B2E8E7002295
:108140000949BB188C461BB2E31863441978013205
:10815000013992B21970042AF2D1F1E6D846F5E657
:10816000C8570410EC0B0000040800009E15000026
:108170009E15FFFFF4050000785704107C5704108B
:1081800084570410F0B5060085B00836C2680500B3
:10819000310002A8F9F74AF8041E3AD13100EA6822
:1081A00003A8F9F743F8041E33D16E68029B726985
:1081B0009A4247D96C8F621E91B210B212043FD41A
:1081C000A04229DB1531FF3149004F5B6946B26996
:1081D0009B009E582800012332000631FFF738FE2D
:1081E000041E16D128001849FCF758FC041E10D1B3
:1081F0003900686BFDF762FE69682800FBF7CAFE6C
:1082000031002800FBF7C6FE6B46686BD988FDF786
:1082100055FE200005B0F0BD1530FF304000405B3A
:108220000A4A9042CED901212800FEF7AFF9041E78
:10823000EFD16A8F6E68013A029B91B21204C1D5E8
:10824000034FC3E7034CE4E74DA901105FEA0000C8
:10825000FFFF0000D8B40210F0B5C646010000B51B
:1082600088B0C2680500083107A8F8F7DFFF041ED0
:1082700023D10799686804F04DFB061E25D00368DA
:10828000002B25D01A21826A002328006944FFF7B9
:10829000DFFD041E11D1F76A002F13D01A49280000
:1082A000FCF7FCFB041E08D139002800FBF772FE26
:1082B0006B46686B598BFDF701FE200008B080BC4F
:1082C000B846F0BD37001149E9E7114B1C68F4E7E7
:1082D000104B1F682B686D68984604F0C1FB0400C2
:1082E000300004F0ADFB0C4B049002930B4B039455
:1082F00001930B4B2A000093414600233800F9F705
:10830000D5FF0400D9E7C04659690110D9A801106A
:10831000945704109057041000B502102107000074
:1083200068B40210F0B5C64600B5314BC28C1E6869
:10833000438F04009A421DD2013B9BB21A001532B2
:10834000FF3252004387155AAD225201AA1829491B
:1083500092B28A4215D8284BEB185A425341274A09
:108360009446002263445B00C318DA80300080BC6E
:10837000B846F0BD2E23C35C002BF7D1204B1E68FE
:10838000F4E7204A825AAA42F8D94222825AAA42E3
:10839000ECD8C222D2009446C31863441B78984696
:1083A000052B16D01800F8F765FE0027164AEB19C2
:1083B00094461BB2E31863441A784046013A1A7097
:1083C000F8F758FE0028D1D00137BFB2012FEDD009
:1083D000CCE700220C49AB188C461BB2E31863446F
:1083E00019780132013992B21970042AF2D1BDE72D
:1083F000C85704109E1500009E15FFFFF4050000ED
:1084000078570410EC0B000004080000F0B5D646C5
:108410004F464646464B040018682E23C0B5E35C21
:10842000002B09D12100236A1431002B09D00968DF
:10843000013B0029F9D13F48E0BCBA46B146A84605
:10844000F0BD0028F8D101222000FDF7C3FF00286D
:10845000F2D120003849FCF721FB0028ECD12E2373
:108460000122E254354BE18C9946354B354D984607
:10847000638F99421CD2013B9BB21A001532FF3226
:1084800052006387165BAD225201B21892B24A4580
:1084900010D82D4BF3185A4253412C4A94460022CF
:1084A00063445B00E318DA80E18C638F9942E2D386
:1084B0000020C1E74246A25AB24220D94222A25A23
:1084C000B242D5D8C222D2009446E31863441B7846
:1084D0009A46052B1CD01800F8F7CCFD00271C4A43
:1084E000F31994461BB2E31863441A785046013AD4
:1084F0001A70F8F7BFFD002805D1E18CB8E72868AD
:108500000028B5D098E70137BFB2012FE7D0F4E7D4
:1085100000220F4993198C461BB2E3186344197863
:108520000132013992B21970042AF2D1E5E7C0464E
:10853000C857041008B50210C93E01109E1500006E
:10854000EC0B0000785704109E15FFFFF4050000A7
:1085500004080000F0B5C6460100C26804000D2002
:1085600000B584B008316844F8F7CAFE051E36D15C
:108570004A4B01201D68F8F76DFD494A400020185C
:10858000835A002B30D12B00002B00D07FE020003D
:108590004449FCF783FA002800D076E00130F8F770
:1085A00059FD00284ED001223F4EFA20638F400033
:1085B000591C89B26187834241D218001530FF30BF
:1085C00040000653C220C00084460120E3186344E3
:1085D0001870364B9C4662445200A218D180280085
:1085E00004B080BCB846F0BD013B9EB2002383526C
:1085F000628F4233E35AB24227D9C221C9008C4666
:10860000A219624412786946904601225242CA81F8
:10861000FA220E2192000092200042466944FDF7A2
:10862000EDFA002831D16B46DF8943461536FF3617
:1086300076003753042B2CD91D4B1B68A4E71C4B29
:108640001D68CCE700221B4EAFE70122694652426B
:10865000CA81FA220E219200009220000022694471
:10866000FDF7CCFA002810D16B4600211536DF89C2
:10867000FF36760037532000FCF710FA002804D1AB
:108680003900606BFDF71AFC81E70500A7E71D00C4
:10869000A5E7094A9B009958EDE7C046C857041062
:1086A000EE0B0000093B011062EA0000F405000037
:1086B0007C57041060EA000008710410F0B5CE4643
:1086C000474680B54C4B418F1D684B1E040085B05A
:1086D00098B21AB21B0463D48A4259DB238F002656
:1086E000834205D8C223DB009C46201860440678EC
:1086F0003000F8F7AFFC414A40002018835A002BA5
:108700002AD0013B9FB200238352628F4233E35A47
:10871000BA4249D9C221C9008C46E2196244127892
:108720006946914601225242CA81FA220E219200E4
:10873000009220004A466944FDF760FA051E21D1E7
:108740006B461537DB89FF377F0098463B534B4616
:10875000042B4CD92A4B1D68002D13D1294BB60090
:108760002000F158FCF79AF9051E0BD1638F013BED
:108770009AB21B0439D41532FF325200115B606B80
:10878000FDF79CFB280005B0C0BCB946B046F0BD63
:108790001532FF325200125B1B4B9A42F2D89DE712
:1087A00000260029A4D099E7012269465242CA81D5
:1087B000FA220E2192000092200000226944FDF767
:1087C0001DFA051EDED16B46DB8900219846153760
:1087D000FF377F003B532000FCF760F9051ED1D125
:1087E0004146606BFDF76AFBB8E70849C7E7084AEE
:1087F0009B009958EFE7C046C8570410EE0B0000E5
:108800007C570410E07004105FEA0000FFFF0000D6
:1088100008710410F0B54746CE4680B53A4B0600C5
:108820001B680D0098460B8B1700486983B0032B1B
:108830003DD004F0A3F88146686904F0B1F82B8AB2
:10884000758F4B449BB29946F38C0400EB1A9BB294
:10885000002F3FD19C423FD1002C22D00020002D80
:108860000AD06B1E328F9BB29A4205D8C222D20028
:108870009446F31863441878F8F7ECFB00282FD1DE
:1088800044230220F75AF8F7F5FB3F1887432A1BC9
:10889000BFB22B004946300092B20097FDF7CAFBE9
:1088A0008046404603B0C0BCB946B046F0BD04F0B7
:1088B00065F80400686904F073F82B8A9946002F64
:1088C00019D0758FF38CEB1A9BB29C4204D8002C04
:1088D000D6D1E6E7A342BFD20C4B1B689846E0E72F
:1088E0003000FFF7EBFE80460028DAD1013D013C65
:1088F000ADB2A4B2C4E74C44A3B29946758FF38CD1
:108900000400EB1A9BB2A5E7C8570410685704107F
:10891000F0B5DE4657464E464546E0B507008BB0FB
:108920000837C2680400390007A8F8F77FFC061E64
:108930004DD12E23E35C002B02D1638F002B4ED14F
:1089400002212000FDF722FE061E40D1638F013B6D
:108950009AB21B0400D573E01532FF325200155B4A
:108960002000FCF7B3F8061E31D10799200004312E
:10897000FCF766F8061E2AD12000BD49FCF78EF8E8
:108980008346002800D091E02900606BFDF796FA3D
:108990000799606BFDF79CFFA36808930023984636
:1089A0009A460193143399464646A144E26808A9C1
:1089B00009A8F8F73BFC002800D075E04B46099D5C
:1089C000002D1CD01B68013D002BF9D1A94E3000B1
:1089D0000BB0F0BCBB46B246A946A046F0BD013B79
:1089E000228F9BB29A42ABD8C222D2009446E3189F
:1089F00063441B78012BA3D99F4B1E68E7E79F4A6E
:108A00001068002850D1079AB2421BD00136964216
:108A1000CCD9A8462500A36804970893EA6808A95A
:108A200009A8F8F703FC029000286DD14E46099F73
:108A3000002F44D03668013F002EF9D18D4EC6E795
:108A40008F4D8DE75A691B8B93461000032B2FD057
:108A500003F0A6FF00238246079A0193D6E7059B01
:108A600055469A4601239C46079BE0444345D5D290
:108A7000029E2C00B346B8466344049F0793079BAD
:108A8000434500D8E4E03900E26809A8F8F7CEFBD6
:108A9000002809D14D46099B002B00D18BE02D68A1
:108AA000013B002DF8D17348060090E706008EE7E1
:108AB00003F064FF01238246079A0193A6E7338BF4
:108AC0007069032B22D003F06BFF0390504555D102
:108AD0005346002BC6D0019B0024002B38D15346AF
:108AE000AA46059304E00134039BA4B29C42B6D08D
:108AF0002100706903F05AFF21000500584603F079
:108B000055FFA842EFD077E7060060E703F036FF95
:108B10000390824532D15346002BA3D0019B002401
:108B2000002B2ED12B0055469A4604E00134039BBE
:108B3000A4B29C423BD02100706903F025FF2100C4
:108B40000590584603F032FF059B9842EED053E75C
:108B50005346AA46059305E00134039BA4B2A34201
:108B600000D17CE72100706903F020FF210005009F
:108B7000584603F009FF8542EED03DE7414B1E68A1
:108B800025E72B0055469A4604E00134039BA4B226
:108B9000A3420CD02100706903F0F6FE210005907D
:108BA000584603F0F1FE059B8342EED024E753467E
:108BB000AA461D0056E72068F9F714FB061E41D0AF
:108BC000300003F0A9FD636B666301932B8B824633
:108BD000032B23D02E23E35C002B11D1EB68012261
:108BE00029002000002B55D1FDF7F4FB002800D010
:108BF0005AE720002449FBF751FF002800D053E733
:108C0000616B2068F9F736FB019B514663632000D6
:108C1000FBF7C0F901239C46E04430E7012229001C
:108C20002000FFF7F7FD002800D03DE7200017499E
:108C3000FBF734FF002800D036E720006968FBF717
:108C4000A9F9DDE7124B18680028B9D00600BEE686
:108C50002E2301225E46E254628FE38C9A4200D8B2
:108C6000B5E62000FBF732FF0028F5D00600AEE69F
:108C7000893B011008B502106C570410C857041046
:108C8000FFFF000068570410C93E0110D53E0110D7
:108C900074570410FFF7BEFD002800D004E7200041
:108CA0000549FBF7FBFE002800D0FDE62000A9687F
:108CB000FBF770F9A860A3E7713B011070B5434B57
:108CC000040082B0994200D16DE00500404E0835A5
:108CD0002900E26801A8F8F7A9FA002843D120008A
:108CE000FFF7ECFC00283ED131002000FBF7D6FE58
:108CF000002838D1658F002D37D12E23E35C002B5F
:108D00005ED02000FBF7E2FE00282CD1658F6B1EA1
:108D10009AB219B21B0457D4A9423CDA1531FF317B
:108D20004900095B2B4B994235D92000FBF7CEFE59
:108D3000002818D1608F431E9AB219B21B043DD48B
:108D4000814206DA1531FF314900095B214B994216
:108D500006D81532FF325200115B606BFDF7AEF89A
:108D60002000FBF7B3FE02B070BD6B1E218F9AB2DC
:108D7000914207D8C221C9008C46A21862441278D9
:108D8000012ABED02E22A25C002ABAD1124A106853
:108D90000028BDD0E7E71532FF325200115B606B4F
:108DA000FDF78CF8C1E705000835C2682900684660
:108DB000F8F73CFA0028D6D1084E89E70849CCE7F5
:108DC000054B18680028CED10549E8E70AFC0000E9
:108DD000355A01105FEA00006C570410115B011056
:108DE000FFFF000070B582B001006B460400C2684E
:108DF0000831D81DF8F784FA002842D12000FFF787
:108E00005DFC00283DD1638F002B3CD0013B228FBD
:108E10009BB29A4237D8C222D2009446E3186344E8
:108E20001B78012B2FD12000FBF750FE002828D102
:108E300020001C49FBF732FE002822D10120F8F760
:108E400009F9002828D10021174EFA25174B6D008B
:108E50001868638F5A1C92B26287AB421FD21D0002
:108E60001535FF356D002E53C225ED00AC460125AA
:108E7000E31863441D700E4B9C466144490064181E
:108E8000E28002B070BD2E23E35C002BCBD1094BF6
:108E900018680028CCD0F4E70121074ED5E7074B2E
:108EA0001868EEE7E958011060EA0000C85704109E
:108EB000F40500006C57041062EA00007C570410AF
:108EC000F0B5DE4657464E46454601000023E0B564
:108ED00089B0C2680400083103A80393F8F7FEF8CC
:108EE000071E3ED1039B059099460493636B002BAC
:108EF0006BD00320F8F7BEF882460320F8F7BAF8E3
:108F0000E38FA58F5A1B92B29046002831D1AB4215
:108F100000D19EE05346002B00D07DE048339B46B5
:108F20000026A34407E004239C460136B6B2E3447E
:108F3000B04500D88DE0794A731994469BB2E31886
:108F400063441B78002BEED00422594606A80AF091
:108F5000CBFC069B9945E6D1714B1B68002B00D0DA
:108F6000A9E0380009B0F0BCBB46B246A946A0460D
:108F7000F0BD02239B46012A6ED801236A465B425C
:108F8000538142212B00605A78331A1C9BB28342D2
:108F900000D9021C0A2192B200922B000322200069
:108FA0006944FCF72BFE002800D186E05346002BD5
:108FB0000ED020005B49FBF771FD002879D14A46AD
:108FC0000023606B03F096FB0CE0574B1F68C8E76B
:108FD00020005649FBF762FD00286AD14946606BC4
:108FE00003F078FB01236A465B421383FA22433382
:108FF0009200E35A2000009206A90322FCF7FEFD2E
:10900000002856D16B46198B454B1B68002B52D15B
:10901000606BFCF753FFA4E748239B460026A3445C
:109020003E4A731994469BB2E31863441B78002BA5
:1090300008D00822594606A80AF056FC069B079A53
:10904000994567D004239C460136B6B2E344B04547
:10905000E6D801239B4690E70220F8F70BF8E68F4D
:1090600045198543ADB2013EB54204DB50E00235FF
:10907000ADB2B5423EDA294A6319944663441B787F
:10908000002BF4D06B1C9BB2E31863441B78002BBD
:10909000EDD0A18F0822691A12318900611806A843
:1090A0000AF022FC069B4B45E1D1079B002BDED149
:1090B00052E7070055E71F0053E76B465D891C4BDD
:1090C0009D4200D172E75346A08F281A80B2123019
:1090D00080002018002B11D0082204A90AF004FCFB
:1090E0000F4B1B68002BE6D1E38F5D44AB420CDBDA
:1090F000E38736E70223A58F9B463EE74B460422D3
:1091000006A906930AF0F0FBEAE72B00E38728E7BD
:10911000A58F32E70023934294D11DE70408000095
:1091200084570410FD3E0110C8570410D93E0110A9
:10913000FFFF0000F0B5DE4657464E46454600228A
:1091400000230100E0B58DB0069207930400C268C9
:10915000083106A8F7F7B0FF071E46D1069B9946CF
:10916000079B9A464B46089353460993636B002B23
:1091700000D170E00420F7F77DFF03900420F7F79B
:1091800079FFE38FA58F5A1B92B29046002834D105
:10919000AB4200D1A3E0039B002B00D082E0483318
:1091A0009B460026A34407E004239C460136B6B242
:1091B000E344B04500D892E07B4AAB1994469BB299
:1091C000E31863441B78002BEED0042259460AA80A
:1091D0000AF08AFB0A9B9945E6D15346002BE3D15E
:1091E000724B1B68002B00D0ABE038000DB0F0BC18
:1091F000BB46B246A946A046F0BD02239B46012AC3
:1092000070D8012302AA5B42D38142212B00605A0D
:1092100078331A1C9BB2834200D9021C02A88446F0
:109220000E2192B200922B00042220006144FCF730
:10923000E5FC002800D186E0039B002B0ED0200027
:109240005B49FBF72BFC002879D14A465346606BFB
:1092500003F050FA0CE0574B1F68C6E72000564950
:10926000FBF71CFC00286AD14946606B03F032FA18
:1092700001236A465B421385FA2243339200E35A84
:10928000200000920AA90422FCF7B8FC002856D15D
:109290006B46198D454B1B68002B52D1606BFCF758
:1092A0000DFEA2E748239B460026A3443E4A7319BD
:1092B00094469BB2E31863441B78002B08D0082225
:1092C00059460AA80AF010FB0A9B0B9A994567D0E9
:1092D00004239C460136B6B2E344B045E6D80123E8
:1092E0009B468EE70220F7F7C5FEE68F45198543BA
:1092F000ADB2013EB54204DB50E00235ADB2B5423D
:109300003EDA294A6319944663441B78002BF4D053
:109310006B1C9BB2E31863441B78002BEDD0A18F2C
:109320000822691A1231890061180AA80AF0DCFAC9
:109330000A9B4B45E1D10B9B5345DED150E707001B
:1093400053E71F0051E702ABDD891C4B9D4200D162
:1093500072E7A08F039B281A80B212308000201879
:10936000002B11D0082208A90AF0BEFA0F4B1B6887
:10937000002BE6D1E38F5D44AB420CDBE38734E79F
:109380000223A58F9B463CE74B4604220AA90A9379
:109390000AF0AAFAEAE72B00E38726E7A58F30E771
:1093A000924595D11CE7C04604080000845704107C
:1093B000FD3E0110C8570410D93E0110FFFF000008
:1093C000F0B5DE4657464E4645460100E0B58BB047
:1093D0000400C268083105A8F7F7B6FF002800D0DE
:1093E00092E0059B99464A46DB1703930793B54BDA
:1093F00006921F68636B002B00D186E00130F7F7FF
:1094000039FE02900120F7F735FEE38FA58F5A1B36
:1094100092B2924600284ED1AB4200D1F2E0029BBC
:10942000002B00D0C8E048339B460023A344A0464D
:109430001E005C46BB462F0005E00136B6B2043480
:10944000564500D3DBE0A04A43469446F519ADB239
:109450005B1963441B78002BEFD00422210008A87D
:109460000AF042FA089B9945E7D1039B002BE4D10F
:109470002E005F464446FA21638F49005A1C92B27F
:1094800062878B4200D381E119001531FF31490019
:109490000E53C221C9008C460121E31863441970A0
:1094A000AD235B01F31889499BB28B4200D900E1DF
:1094B000874BF318F5E002239846012A00D9A4E06F
:1094C000012302AA5B42538142212B00605A783368
:1094D0001A1C9BB2834200D9021C02A884460A21AE
:1094E00092B200922B00012220006144FCF786FB1F
:1094F000002800D1F6E0029B002B0ED02000754919
:10950000FBF7CCFA002851D0070038000BB0F0BCB4
:10951000BB46B246A946A046F0BD20006E49FBF707
:10952000BDFA0028F0D14946606B03F0D3F801235F
:109530006A465B421384FA2243339200E35A2000C6
:10954000009208A90122FCF759FB0028DCD16B46E8
:10955000198C638FF5305A1C92B2FF3062878342B8
:1095600000D3ABE018001530FF3040000153C2209B
:10957000C00084460120E31863441870AD235B01EA
:10958000CB1852489BB2834209D8514BCB18584252
:1095900043415248844663445B00E318DA80002F5D
:1095A000B3D1606BFCF78AFC0027AEE74A46606BDC
:1095B000039B03F09FF8BAE748239B4600231E0055
:1095C0003B00A3442F00A0465D469B463E4A4346CF
:1095D0009446F419A4B21B1963441B78002B09D0DC
:1095E0000822290008A80AF07FF9089B099A9945E2
:1095F00000D1D0E00136B6B204355645E6D33D0081
:1096000044465F46012398465AE70220F7F732FDA9
:10961000E68F45198543ADB2013EAE4205DCB8E0A8
:109620000235ADB2B54200DB94E0274A6319944697
:1096300063441B78002BF3D06B1C9BB2E31863448C
:109640001B78002BECD0A18F0822691A12318900F7
:10965000611808A80AF048F9089B4B45E0D1099B1E
:10966000039A9342DCD1FA21638F49005A1C92B2CB
:1096700062878B4200D389E019001531FF31490020
:109680000D53C221C9008C460121E31863441970AF
:10969000AD235B01EB180D499BB28B4209D80C4BF3
:1096A000EB1859424B410D498C4663445B00E3186B
:1096B000DA80002F00D028E7002726E7084B1F6834
:1096C0006DE7C046C8570410040800009E1500004E
:1096D0009E15FFFFFD3E0110D93E0110F40500006C
:1096E0007C57041002AB5D892F4B9D4200D102E7ED
:1096F000A08F029B281A80B2123080002018002B05
:109700002FD0082206A90AF0EFF8FA21638F49004A
:109710005A1C92B262878B4220D219001531FF3158
:1097200049000D53C221C9008C460121E31863444E
:109730001970AD235B01EB181C499BB28B421AD9FF
:10974000002F00D0E1E6E38F4544AB4210DBE38716
:109750000027DAE60223A58F9846B1E6144B1F686E
:10976000EEE74B46042208A908930AF0BDF8CCE7BF
:109770002B00E387ECE70F4BEB1859424B410E49A6
:109780008C4663445B00E318DA80D9E7084B1F6816
:109790008FE7A58F94E6039B934200D02AE726002B
:1097A0005F46444667E6C046FFFF00009E15000086
:1097B0007C5704109E15FFFFF4050000F0B5DE464F
:1097C00057464E4645460100E0B58DB00400C268DC
:1097D000083106A8F7F72AFE002800D092E0069B81
:1097E00099464A46079B089203930993B44B1F6816
:1097F000636B002B00D186E00230F7F73BFC029050
:109800000220F7F737FCE38FA58F5A1B92B29246DE
:1098100000284ED1AB4200D1F2E0029B002B00D0D9
:10982000C8E048339B460023A344A0461E005C4684
:10983000BB462F0005E00136B6B20434564500D3CE
:10984000DBE0A04A43469446F519ADB25B19634488
:109850001B78002BEFD0042221000AA80AF044F85C
:109860000A9B9945E7D1039B002BE4D12E005F466C
:109870004446FA21638F49005A1C92B262878B4298
:1098800000D381E119001531FF3149000E53C22187
:10989000C9008C460221E31863441970AD235B01B3
:1098A000F31889499BB28B4200D900E1874BF3182A
:1098B000F5E002239846012A00D9A4E0012302AA78
:1098C0005B42D38142212B00605A78331A1C9BB231
:1098D000834200D9021C02A884460E2192B2009253
:1098E0002B00022220006144FCF788F9002800D1F7
:1098F000F6E0029B002B0ED020007549FBF7CEF856
:10990000002851D0070038000DB0F0BCBB46B2466D
:10991000A946A046F0BD20006E49FBF7BFF800281D
:10992000F0D14946606B02F0D5FE01236A465B42E6
:109930001385FA2243339200E35A200000920AA9C9
:109940000222FCF75BF90028DCD16B46198D638F8E
:10995000F5305A1C92B2FF306287834200D3ABE0ED
:1099600018001530FF3040000153C220C00084466B
:109970000220E31863441870AD235B01CB185248F2
:109980009BB2834209D8514BCB18584243415248AD
:10999000844663445B00E318DA80002FB3D1606B28
:1099A000FCF78CFA0027AEE74A46606B039B02F097
:1099B000A1FEBAE748239B4600231E003B00A344B8
:1099C0002F00A0465D469B463E4A43469446F41906
:1099D000A4B21B1963441B78002B09D0082229006C
:1099E0000AA809F081FF0A9B0B9A994500D1D0E0A3
:1099F0000136B6B204355645E6D33D0044465F46CF
:109A0000012398465AE70220F7F734FBE68F451901
:109A10008543ADB2013EAE4205DCB8E00235ADB2E1
:109A2000B54200DB94E0274A6319944663441B78EF
:109A3000002BF3D06B1C9BB2E31863441B78002B04
:109A4000ECD0A18F0822691A1231890061180AA886
:109A500009F04AFF0A9B4B45E0D10B9B039A9342C6
:109A6000DCD1FA21638F49005A1C92B262878B4283
:109A700000D389E019001531FF3149000D53C2218F
:109A8000C9008C460221E31863441970AD235B01C1
:109A9000EB180D499BB28B4209D80C4BEB1859427D
:109AA0004B410D498C4663445B00E318DA80002F7C
:109AB00000D028E7002726E7084B1F686DE7C0465F
:109AC000C8570410040800009E1500009E15FFFFF3
:109AD000FD3E0110D93E0110F40500007C57041032
:109AE00002ABDD892F4B9D4200D102E7A08F029B84
:109AF000281A80B2123080002018002B2FD00822A4
:109B000008A909F0F1FEFA21638F49005A1C92B2AC
:109B100062878B4220D219001531FF3149000D5365
:109B2000C221C9008C460221E31863441970AD2399
:109B30005B01EB181C499BB28B421AD9002F00D055
:109B4000E1E6E38F4544AB4210DBE3870027DAE62A
:109B50000223A58F9846B1E6144B1F68EEE74B46EB
:109B600004220AA90A9309F0BFFECCE72B00E38781
:109B7000ECE70F4BEB1859424B410E498C466344BE
:109B80005B00E318DA80D9E7084B1F688FE7A58FE1
:109B900094E6039B934200D02AE726005F464446A2
:109BA00067E6C046FFFF00009E1500007C570410CA
:109BB0009E15FFFFF4050000F0B5DE4657464E4601
:109BC0004546E0B50F00010083B0C26805000831CA
:109BD00001A8F7F72BFB061E0BD10D2F28D02C0068
:109BE000019B1434002B0CD02468013B002CF9D1CC
:109BF000B44E300003B0F0BCBB46B246A946A04606
:109C0000F0BDB14B1E68002EF3D1238B032B26D160
:109C10000D2F5BD02800AD49FAF740FF061EE8D1B2
:109C200028006168FAF7B6F92E230122EA54E0E72A
:109C30002E23EB5C002BD2D16B8F002BCFD0013BBE
:109C40002A8F9BB29A42CAD8C222D2009446EB18FD
:109C500063441B78012BC2D99D4B1E68C9E7E3689A
:109C60006069984602F09CFE0D2F00D1B9E02E23CA
:109C7000EB5C002B19D199464346012221002800B4
:109C8000002B00D009E1FCF7A5FB00281CD128001F
:109C90009049FAF703FF002816D14B46002B04D059
:109CA000686B02F039FD4B4618600C2FA1D12E23B2
:109CB0000122EA546A8FEB8C9A4200D879E128009D
:109CC000FAF704FF0028F5D0060092E7606902F079
:109CD00055FE071E6AD0698F4B1E1AB21B0400D5B1
:109CE000EDE08A4200DBEAE01532FF325200525BBF
:109CF000794B9A4200D8E2E078492800FAF7CEFE84
:109D0000061E00D075E76B8F5A1E91B210B2120476
:109D100000D576E1984206DA1530FF304000405B0E
:109D20006D4A904207D81531FF314900495B686B95
:109D3000FCF7C4F86B8FEA8C9A4200D340E1013BF8
:109D40009BB21A001532FF3252006B87565BAD2270
:109D50005201B218624992B28A4200D953E1614B72
:109D6000F3185A425341604A9446002263445B0010
:109D7000EB18DA802800FAF71DF90122070021000C
:109D80002800FEF747FD061E00D032E728004F49A5
:109D9000FAF784FE061E00D02BE761682800FAF768
:109DA000F9F8686B02F0B8FC386022E72800FEF78B
:109DB00085FC061E00D01CE76A8F002A00D04DE10A
:109DC0002E23EB5C002B00D1E3E128004749FAF792
:109DD00065FE061E00D00CE728006168FAF7DAF885
:109DE00007E741466A8F531E1BB2002900D185E068
:109DF000002800D082E0002B00DADFE09A4200DC8D
:109E0000DCE01533FF335B005A5B334B9A4200D8DA
:109E1000D4E037492800FAF741FE002800D053E784
:109E20006B8F5A1E91B210B2120400D54FE19842C6
:109E300006DA1530FF304000405B274A904207D8D1
:109E40001531FF314900495B686BFCF737F86B8FC0
:109E5000EA8C9A4200D3BEE0013B9BB21A00153255
:109E6000FF3252006B87575BAD225201BA181C4972
:109E700092B28A4200D92CE11A4BFB185A42534144
:109E8000194A9446002263445B00EB18DA802800EC
:109E9000A168FAF77FF8A060ABE6FEF7BBFC0028EC
:109EA00000D011E728001349FAF7F8FD002800D088
:109EB0000AE72800A168FAF76DF8A060EDE60E4900
:109EC0001BE7C04608B50210C8570410D53E011064
:109ED0006C570410C93E01105FEA0000296E0110A2
:109EE0009E1500009E15FFFFF4050000DD680110BF
:109EF000A15B0110713B0110AD700110002B5BDB09
:109F00009A4259DD1533FF335B005A5BCB4B9A42C3
:109F100052D9CB492800FAF7C1FD002800D0D3E67A
:109F20006B8F5A1E91B210B2120400D5CDE0984248
:109F300006DA1530FF304000405BC04A904207D837
:109F40001531FF314900495B686BFBF7B7FF6B8F39
:109F5000EA8C9A424BD2013B9BB21A001532FF3277
:109F60006B875200525BB7499146AD2252014A4479
:109F700092B28A4200D9DCE0B34B4B445A4253417F
:109F8000B24A9446002263445B00EB18DA80280052
:109F9000FAF710F82E23EB5C8146002B00D16BE61C
:109FA000002800D125E6686B02F0B6FB4B4618602E
:109FB0001FE6002006001CE6A549ABE7A54929E7F6
:109FC0002E23EB5C002B00D0D4E6A34B1E68002EA2
:109FD00000D00EE6CEE62E23EB5C002B00D056E739
:109FE0009D4B1B68002B00D151E71E0001E62E237C
:109FF000EB5C002BCBD1984B1B68002BC7D01E000D
:10A00000F7E5964993E6964AAA5AB242DDD942222A
:10A01000AA5AB24200D9ADE6C222D2009446EB1849
:10A0200063441B789846052B00D1F8E01800F7F739
:10A0300021F800278B4ABB1994461BB2EB186344E6
:10A040001A784046013A1A70F7F714F8002800D140
:10A0500090E60137BFB2012FECD08BE6531E298F5B
:10A060009BB2994209D8C220C0008446E9186144D5
:10A0700009788846012900D1C2E02E21695C0029B7
:10A0800000D186E0E98C914200D39EE6C221C9004E
:10A090008C46EA186244127890466B871533FF337A
:10A0A0005B005E5BAD235B01F318664A9BB2934293
:10A0B00075D8654BF3185A425341644A94460022BE
:10A0C00063445B00EB18DA807FE664493CE7634950
:10A0D000BAE6634AAA5ABA4200D881E74222AA5A8B
:10A0E000BA4200D9D3E6C222D2009446EB186344A8
:10A0F0001B789946052B00D1B8E01800F6F7BAFF97
:10A10000002398464346574AFB1894461BB2EB1867
:10A1100063441A784846013A1A70F6F7ABFF0028F4
:10A1200000D1B4E6434601339BB29846012BE9D0F7
:10A13000ADE64B4AAA5A4A4500D85CE74222AA5AE1
:10A140004A4500D923E7C222D2009446EB18634463
:10A150001B789B46052B00D197E01800F6F78AFF85
:10A1600000239A4653463F4A4B4494461BB2EB1891
:10A1700063441A785846013A1A70F6F77BFF0028B4
:10A1800000D104E7534601339BB29A46012BE9D034
:10A19000FDE6354B1E68002E00D116E629E5304B52
:10A1A000EB5AB34235D94223EB5AB34200D90CE6FD
:10A1B0004346052B16D04046F6F75CFF294AF319B3
:10A1C00094461BB2EB1863441A784046013A1A7061
:10A1D000F6F750FF002800D1F7E50137BFB2012F95
:10A1E000ECD0F2E51F4ABB1994461BB2EB1863444E
:10A1F0001A780137013ABFB21A70042FF2D1E4E5A0
:10A20000E98C914200D248E72E23EB5C002B00D072
:10A21000DBE5114B1E68002E00D0EAE4D5E50022F4
:10A22000104993198C461BB2EB186344197801321C
:10A23000013992B21970042AF2D19BE55FEA00005D
:10A24000296E01109E1500009E15FFFFF405000009
:10A25000AD700110C95B011078570410FFFF0000BA
:10A26000EC0B0000040800006C57041000220F499A
:10A27000D3198C461BB2EB186344197801320139AB
:10A2800092B21970042AF2D101E600224B46074926
:10A29000D3188C461BB2EB1863441978013201398C
:10A2A00092B21970042AF1D171E6C0460408000088
:10A2B000F0B5C64605000E0000B5042100689046C2
:10A2C0001F00F7F7D7FC041E1CD002F025FA0F4937
:10A2D000F0623560200002F0F5F94146200002F0FE
:10A2E000F1F93100200002F0EDF93900200002F010
:10A2F000E9F928682100F7F7BDFF054B186880BC15
:10A30000B846F0BD034B1868F9E7C046D13A0110D2
:10A31000C857041074570410F0B5D6464F46464649
:10A32000C0B58368C268040086B09A4249D93949E9
:10A3300007008A46FF21884637491626894608378E
:10A340006E44390030002361F6F7E6FE051E17D192
:10A35000236B3188002B37D00B0A4FD0FC2B16D043
:10A360002E4B626818682E4B246802932D4B039184
:10A3700001932D4B210000930023F7F797FF050071
:10A38000280006B0E0BCBA46B146A846F0BD424639
:10A390000A400B2AE4D853009B18DB004B445B694E
:10A3A0002000002B1FD09847002820D133881F4A57
:10A3B000A352052B29D00B2BE2D0A368E26893426D
:10A3C000BFD31B4B1D68DBE7232904D011D90B0039
:10A3D000413B032B0FD84B005B18DB0053445B69F8
:10A3E0002000002BDFD1FDF773FB0028DED0050035
:10A3F000C6E70B29EFD00F4B1D68C1E7FC29AFD88A
:10A400004B005B18DB005344E9E7A38D042BB7D066
:10A41000D7E7C04608590410E857041084570410C1
:10A420001CB50210F80A000068B40210F20B00001C
:10A43000BC57041080570410F0B5DE465746454619
:10A440004E46E0B507000368856A1C688FB000219E
:10A45000BE4A200009F042FA3B683A696360FB6833
:10A460002460A36008239C46A4446346A5621900A7
:10A470002763E2600BA80493F6F7D8FE051E206858
:10A4800000D0FFE1B24B1D680295F7F7ABFE011E4D
:10A4900000D1F4E16163002D00D0CDE1080002F0AD
:10A4A0003BF90590206B02F0FDFA4500ADB2002D9E
:10A4B0001BD0A84BA848E15A44232618E25AA446C8
:10A4C000002301203400E0540133994200DA1900DE
:10A4D00089B29A4200DA1A009EB292B2B542F2D81C
:10A4E00064469C4BE1524423E2524226206BA55322
:10A4F000458602F0BDFA8346002800D1CDE1002355
:10A500009846013B9946954B0DAE9A46944B3500C3
:10A5100003933B00474698463900206B02F0B2FA9D
:10A520004B46FA222B80422392000600E35A290070
:10A53000009202002000FBF761FB002800D082E1BE
:10A54000F31EDBB2012B00D88AE1FA20638F2A8840
:10A55000591C89B261874000834200D36EE1180024
:10A560001530FF3040000253C220C0008446E3187B
:10A5700063441E70AD235B01D3187A489BB28342BB
:10A5800009D8794BD3185A425341784A94466344C8
:10A590005B00E318D9800298002800D053E14222E2
:10A5A000A35A013702339BB2A352BAB29345B3D830
:10A5B00047464022A352226B04999386654A0CA811
:10A5C000A352E268F6F732FE051E00D051E10C9B63
:10A5D0000393002B00D187E0002308AA9446079339
:10A5E0000393093363449A4642230DAE9B46B1461A
:10A5F0000997049D48462900E268F6F717FE0028EF
:10A6000000D035E12900E2680AA8F6F779FE0028B3
:10A6100000D02DE1082108AB50465956F6F70AFD47
:10A62000002800D024E10D9A0A26531E0D9308AB92
:10A630009C466644002A4AD00125484B6D42984604
:10A64000474B089206935346FA221F785B463580A3
:10A650009200E35A3100009220003A00FBF7CEFA54
:10A66000002800D004E1FB1E012B00D804E1FA20F1
:10A67000638F3288591C89B261874000834200D3BE
:10A68000F1E018001530FF3040000253C220C00036
:10A690008446E31863441F70AD235B01D31831482F
:10A6A0009BB2834209D8304BD3185A4253412F4AA8
:10A6B000944663445B00E318D9800298002800D0D8
:10A6C000D6E00D9B5A1E0D92002BBCD1089A039B1D
:10A6D0009C46944463460393079B01331A000793F7
:10A6E0000C9B9A4285D3099F236B9C46002B01D07B
:10A6F000039ADA864222174EA05AA35B834200D8FF
:10A70000D7E0154D591EA8468AB24244A21800E06F
:10A71000591E1D008BB21178002900D0BBE0A35355
:10A72000013A8342F4D140236246E35AA668C31A31
:10A730009B0000041387030C0343E363E368B34205
:10A7400000D8B4E002230025984622E0F80B000070
:10A75000C8570410EC0B0000040800007C570410DC
:10A76000845704109E1500009E15FFFFF40500009D
:10A77000423B8B43DBB2002B00D185E0002300205D
:10A78000EB18772B10DCE3682D180136ADB2B3421D
:10A790000AD9337841461A008A43412AE8D1012375
:10A7A000EB180120772BEEDD013DADB20220F6F76C
:10A7B00061FC0135A28F431983439B1842229BB24F
:10A7C000A352FA229200934202D33B4A12680292A9
:10A7D000029A002A63D14426384A2000A352A35388
:10A7E000638F37492387E384FAF758F9051E40D170
:10A7F00039002000F9F7CEFB2000FFF78DFD051E84
:10A8000037D1304BE35A0B2B4DD1059BFB62A35B39
:10A810003B86E38FA28F9B1A9BB2990089B2B987BE
:10A82000002B26D020004830F6F7F4FB38640028CF
:10A830001FD1254B616B1D68206807E053461868DF
:10A84000002800D1ABE60500616B2068F7F712FD28
:10A8500028000FB0F0BCBB46B246A946A046F0BDEA
:10A86000039B186898E643461868002800D128E73B
:10A870000500616B2068E9E7069B18681EE7134B2B
:10A880001D6807E6616BE1E70220F6F7F3FB013094
:10A8900080B2030074E7280045E7A35B89E6150052
:10A8A000616B2068D2E70A4B616B1D68E2E7094DD6
:10A8B0007CE7180037E7C0467C570410EC0B00001B
:10A8C000AD5A0110F20B0000C45704107457041065
:10A8D000BC570410FFFF0000031FF0B5C6469846A2
:10A8E0001600424600B5164B82B013600768154B40
:10A8F00004001868FB6A0D00002B12D0002803D05A
:10A9000002B080BCB846F0BDFB6A29002360089AFB
:10A91000099B009201934346320020001B68984730
:10A92000EEE7FB68002B08D0380002F01FFC00287F
:10A93000E6D13800FFF780FDE0E70348E0E7C046D6
:10A9400059690110C857041038B50210F0B54646D1
:10A95000D6464F460368C0B5160042689B000D00FE
:10A960005B58116D040082B0994238D9D26C9B00BB
:10A970009F58002F36D0BA6A83689A4235D1C3688F
:10A98000984633689A46FB6A002B31D01F4B1868F3
:10A9900000281ED1FB6A9946F6F71AFB002818D149
:10A9A000434600229900002348460092019369180B
:10A9B000320008C898475246154BD258002808D193
:10A9C0000A9E0B9F200000960197290023691430EE
:10A9D000984702B0E0BCBA46B146A846F0BD0D4B60
:10A9E0001868F6E70C4B1868F3E70C4B1868F0E7AB
:10A9F000FB68002B08D0380002F0B8FB0028E8D133
:10AA00003800FFF719FDC3E70548E2E7C85704100F
:10AA1000280C0000405704103C5704104457041001
:10AA200038B5021014239C46F0B5DE4645464E4626
:10AA3000574684446346E0B591B0069217001A0069
:10AA4000059309AE0400894623CA23C6330023CAEE
:10AA500023C312681A6009AB6361606B01F05CFE8E
:10AA60000023E3614B46A362236AA06101332362A2
:10AA7000638F4846A785984601F080FF8346052FDF
:10AA800039D0002800D108E2914B451E2E269A4667
:10AA90004F46ADB20AE02000FAF718F8002821D19D
:10AAA000013D8C4BADB29D4200D1C7E12900380079
:10AAB00001F06AFF638F0022002B0AD0013B218F37
:10AAC0009BB2994205D8C222D2009446E31863444F
:10AAD0001A789042DFD0A35D002BDCD15346186872
:10AAE0000028DDD00700380011B0F0BCBB46B246EC
:10AAF000A946A046F0BD2E22A25C638F002A00D09A
:10AB0000B2E15A469B1A9EB2434620006387A68450
:10AB1000FCF722FC638F4846984601F041FF451E32
:10AB2000ADB2002807D06B4F013D2000ADB2F9F760
:10AB3000CDFFBD42F8D143466387E3845B46002BDB
:10AB400072D0654B00259A46644B07935346019398
:10AB500046E001990968884631001531FF31490006
:10AB60000F5B012A00D82FE1FA215A1C92B26287AA
:10AB700049008B4200D3B9E019001531FF3149007B
:10AB80000F53C221C9008C46E31863441870AD23EB
:10AB90005B01FB1852499BB28B4200D9A6E04223CD
:10ABA000E35A98464F4BFB1819004B424B414E4914
:10ABB0008C4663445B00E318DA8047450AD30528D6
:10ABC00001D0F6F757FA079B1B6898464346002BBF
:10ABD00000D0F7E001350136ADB2B6B2AB4523D0B7
:10ABE0002900484601F0D0FE638FC21ED2B2B342A4
:10ABF000AFD8012AEED95A1C6287FA22520093423A
:10AC0000E8D21A0001211532FF3252004942115395
:10AC1000C222D2009446E318013563440136ADB236
:10AC20001870B6B2AB45DBD12000FFF775FB071EED
:10AC300000D058E7284BA06A1F6801F0B1FE2E2211
:10AC4000A15C638F3A00002929D1E28C9A1A92B252
:10AC5000904200D036E10125B8468146461CB6B286
:10AC6000B54200D114E14B46591B89B2A06A01F0EC
:10AC70009DFE638F00219D420AD85A1B278F92B2F6
:10AC8000974205D8C221C9008C46A21862441178A7
:10AC90000135ADB28842E3D047460D4A1268002A1A
:10ACA00000D0F8E0226B002A00D1ACE02E22A25C9A
:10ACB0003800002A01D1E1E0638FE28C9A4200D390
:10ACC0008FE02000F9F702FF0028F5D00AE7C04620
:10ACD0006C570410FFFF0000C85704107C57041085
:10ACE0009E1500009E15FFFFF40500004223E35A65
:10ACF000BB4200D96EE7754B9F4200D16AE7052839
:10AD000000D1B7E0F6F7B6F90300844601339BB2F1
:10AD1000FA22FB189200934200DD54E76C486D4B19
:10AD20008246E25A01204423E1195144E35A087053
:10AD3000791C8A4200DA0A0002938B4200DA0291FF
:10AD40006046002849D0B81C83B20493604B611858
:10AD50009A46012351440B700390904200DA03920B
:10AD6000029B984200DA18006346012B62D0584AD1
:10AD7000049994460122631803376344BFB21A70E2
:10AD80000B00E1198C46524901338A46D44461468E
:10AD90000A7003991A0001378B4200DA0A00BA429E
:10ADA00000DA3A0092B2834200DA0300BB4200DAD2
:10ADB0003B009BB2474962524422A3524346002BB8
:10ADC00000D107E747468EE64223E35ABB4200D94B
:10ADD00000E73E4B9F4295D1FCE66B4692B21B8941
:10ADE000E8E7071E00D07EE6069B042B0BD03A4B0B
:10ADF000E35A052B07D0A38C20006387FCF7ACFA3D
:10AE0000071E00D06FE6606B01F086FC0022E3694C
:10AE1000E261002B04D01A001B681060002BFAD1ED
:10AE2000059B09AA13CA13C313CA13C312680027C8
:10AE30001A6058E66B469A8983B2BBE74346668F31
:10AE400020006387A684FCF787FA638F3800984652
:10AE500001F0A6FD451EB946ADB2002800D062E65D
:10AE600043466387E3846CE6E68C32189A4200DD41
:10AE70004AE646E603239C46013349E7200005994C
:10AE8000FDF7C8FC002800D02CE63800638F14E7DB
:10AE900047463A0003E7170025E64346668F200041
:10AEA0006387A684FCF758FA638F4846984601F0FA
:10AEB00077FD451EADB2002800D034E643466387D7
:10AEC000E384B1E6054A1268E9E6C046FFFF0000E8
:10AED00004080000EC0B0000F20B0000685704109F
:10AEE000F8B5CE4647461B4B80B50400476B00685B
:10AEF000884691461D68F7F775F9061E27D0002D84
:10AF000019D1300001F008FC43460522186049467B
:10AF100020006663FFF786FD051E0CD120000E4958
:10AF2000F9F7BCFD051E06D1380001F0F5FB010064
:10AF30002000F9F72FF8616BB94202D02068F7F7CB
:10AF400099F928006763C0BCB946B046F8BD034B09
:10AF50001D68D4E7C8570410713B011074570410E2
:10AF6000F0B54746CE462E2380B5C35C05000E00E3
:10AF7000478F85B0002B00D0A0E0002F00D073E0F9
:10AF80006D4B1C68002C69D12800FAF79DFF041E48
:10AF900064D1698F4B1E1AB21B0409D48A4207DAA6
:10AFA0001532FF325200525B644B9A4200D993E053
:10AFB00063492800F9F772FD041E4FD1688F431EC4
:10AFC0009AB219B21B0400D598E0814200DB6DE013
:10AFD0001531FF314900495B584B994200D865E073
:10AFE0002800F9F773FD041E38D12800F8F7E2FFB6
:10AFF0002A0007002121EB68083202A8F6F79AF828
:10B00000041E2BD1039B0299002B00DA78E06A68BA
:10B0100050699C4200DC88E093698900CB589846CF
:10B020006B8F3200414628009946FFF7FBFC041E57
:10B0300014D1444BEB5A052B08D0404601F0B0FC2C
:10B04000002800D16CE0AB68013BAB604B46424648
:10B05000390028006B87FFF743FF0400200005B08C
:10B06000C0BCB946B046F0BD7B1E028F9BB29A426F
:10B0700027D9314A1BB21468002B00DA82E7324B21
:10B08000EB5A002B01D09F4228D1BF231B01EB5A62
:10B09000002B00D176E79F4200D173E704212800FE
:10B0A000FBF774FA041E00D16EE7D7E71532FF32C2
:10B0B0005200515B686BFAF701FF91E77B1E9BB270
:10B0C000D7E7C221C9008C46C21862441278012A0F
:10B0D000CFD91E4B1C68C1E71D496AE70221280031
:10B0E000FBF754FA041EB9D1BF231B01EB5A002B06
:10B0F00000D149E7BB4200D146E7CFE71549D9E780
:10B100006B4649B2D81DF5F795FF041EA6D16A46D5
:10B110006B68D2795B6892009B185B6898467FE702
:10B12000686B01F0F9FA386098E79C4202D18842D6
:10B1300000D971E7084C91E7C85704105FEA000096
:10B1400025690110F20B0000EE0B00006C57041093
:10B15000FD680110FFFF000054B50210F0B54E4627
:10B16000DE4657464546E0B50E0089B0042104008E
:10B17000FBF70CFA002828D102212000FBF706FA81
:10B18000002822D12000FAF79FFE00281DD12200BE
:10B190002121E368083206A8F5F7CCFF002814D176
:10B1A000079B0699002B00DA76E0626855699842A1
:10B1B00000DC6AE093698900CB589846032E0BD0D7
:10B1C000320041462000FFF72DFC09B0F0BCBB4621
:10B1D000B246A946A046F0BD404601F0CFFB00288C
:10B1E0004CD0638F9B465A46E38CD31A9BB298424D
:10B1F00044D8101A85B25D4540D2C22362429146BE
:10B200004246DB00EF18B2465B464E46E719039212
:10B2100000E0638F9D4229D2294A7B009446634413
:10B220009A1990469B5BA28F9A421FD8E28F9A424E
:10B230001CD901216B4649421983FA214223890016
:10B240003A78E35A2000009106A9FAF7D7FC0028C3
:10B25000BBD16B461B8B2A00190020009946FAF7D8
:10B260009BFE0028B1D143464A461A800135ADB253
:10B270000137AB45CDD1039B564698462000114976
:10B28000F9F70CFC00289BD09FE7984202D18D4231
:10B2900000D98FE70C4898E702AA0F23944663442D
:10B2A000180049B2F5F7C6FE002800D08DE76368A4
:10B2B00002AAD27B5B6892009B185B6898467DE788
:10B2C00008F6FFFF293B011054B50210C36810B502
:10B2D0000400002B08D001F049FF002800D010BD69
:10B2E0002000FFF7A9F8FAE70048F8E738B50210A0
:10B2F00030B585B00500019103A801A91400F5F748
:10B3000095FF002812D1039B2A6A9A4210D91A018C
:10B31000A96AD21892008A18926A002A02D052684A
:10B32000002A09D1EB62019BA34205D105B030BDD3
:10B33000019B0348A342F9D0024B1868F6E7C046C8
:10B340006CB50210BC570410F0B5D64646464F46C1
:10B35000C0B586B00191060001A903A81400F5F755
:10B3600065FF051E07D1039B012B0BD8002B0CD1C9
:10B37000019BA34206D1280006B0E0BCBA46B14604
:10B38000A846F0BD264B1D68F5E75823F35C002B5B
:10B39000F8D198460A270B336B44994601236F4432
:10B3A0002200380001A99A46F5F7A8FE002825D109
:10B3B0003B78702BE6D12200484601A9F5F786FFBD
:10B3C00000281BD1220001A904A8F5F72FFF0028AF
:10B3D00014D14B4652461B781A4211D1582352467B
:10B3E000F254573B9C46039BE0444345C0D922009E
:10B3F000380001A9F5F782FE0028D9D00500BAE788
:10B40000220001A905A8F5F711FF0028F6D1059A39
:10B41000049B9A42E2D2024B18680500ABE7C04693
:10B42000BC570410F0B5DE4657464E464546E0B5DB
:10B4300091B000AF002379620821040018203B631B
:10B440001C335B18D919103B1B1810383818181802
:10B450001500F5F7EBFE061E17D1786B9A4B984254
:10B4600000D910E100281BD17B6AAB4208D1300023
:10B47000BD4611B0F0BCBB46B246A946A046F0BDE1
:10B48000924B18680028F2D006000025386BF5F7BB
:10B49000A7FDA0693D63F5F7A3FDA5616561E6E73A
:10B4A0008000F5F797FDA061002800D1F7E07B6BE5
:10B4B0006361002BD8D00023A146A846BB617E6003
:10B4C00008211C2318205B18D919173B1B181038AA
:10B4D000381842461818EB46F5F712FF002800D03E
:10B4E000D9E0252308229B18DB191B785BB2203397
:10B4F00000D0CAE008211C2318205B18D9190C3B86
:10B500001B181038381842461818F5F78FFE002817
:10B5100000D0C0E0FA23BA6B9B009A4200D9C1E088
:10B52000130069460833DB08DB00CB1A9D463B62FB
:10B53000002A00D1BCE018220F2308219B1879189B
:10B540005C180B3B9B185E187B6800259A46082107
:10B550001C235B1842462000D919F5F7D1FE0028BC
:10B5600000D08CE0002130006156FE61F5F762FDED
:10B57000002800D083E033783A6A5355BB6B01351D
:10B58000AB42E4D853467B6008211C235B1842463B
:10B59000F869D919F5F74AFE00287CD10023F96B28
:10B5A000B86BFB6039617B61B860BC68FD683A6963
:10B5B0007B6912196B411400002B73D1FA239B0095
:10B5C0009C426FD81023182508225B19BA18091855
:10B5D000981801F0ABF900285DD13B6BBA6BF86BA2
:10B5E000DA809880002827D00E2308212A005B19D2
:10B5F00079185D18173B9B185E187B6800249A46E3
:10B6000008211C235B1842462800D919F5F778FE5B
:10B61000002834D1002130006956F5F70BFD0028D1
:10B620002DD13B6B31781A191172F86B0134A0429D
:10B63000E6D852467A60BA6B0833396A181808F0AF
:10B6400053F94B461822586810239B18103ABA1821
:10B650009918F6F719F94B46B869396B9B6982005E
:10B66000D15000233B63431C1A00DD46BB617B6B5A
:10B67000934200D924E74C4645467E68F4E64C46A2
:10B680000600DD4601E7124EFFE6104B7E681868A3
:10B690004C46DD46F6E67E684C46DD46F2E60D4B4E
:10B6A0001868EFE60C4B7E6818684C46DD46E9E604
:10B6B0001C23043B9A46103B9C46BC44E244143392
:10B6C00053443B60FB615FE740420F00BC570410EE
:10B6D00090B50210C4570410A057041070B584B080
:10B6E0000400019102A801A91500F5F79FFD0028AB
:10B6F00024D10299154B994222D8236A2000C918F7
:10B7000001F096F8002819D1029B0026002B11D0D9
:10B710002A0001A903A8F5F789FD00280ED100220F
:10B720002000039901F0A2F8002807D1029B0136FE
:10B73000B342EDD8019BAB4204D1002004B070BDF0
:10B740000348FBE7034B1868F8E7C04640420F0088
:10B75000A0B50210BC570410F0B5DE46574645466A
:10B760004E460023E0B589B00191824601A905A8A3
:10B7700090460493F5F75AFD041E00D0DAE00598D0
:10B780007B4B984200D9D9E000239946012800D983
:10B7900094E0002800D1E9E04B4600260093002306
:10B7A0000693019B424607A906A80793F5F73EFDBD
:10B7B000002800D0D2E0079B424601A904A89B467E
:10B7C000F5F714FF002800D07EE00F236B444246BB
:10B7D000180001A9F5F792FC002800D074E0424659
:10B7E00001A907A8F5F722FD00286DD14B46002BD3
:10B7F00030D16B46DB7B002B58D15246049B079916
:10B80000126A18008A4200D89DE00A015218514677
:10B81000896A920089188A8C022A08D8501C9200E2
:10B820008A18888453610B62002300200493F5F783
:10B83000D7FB00230493009B013608330093059B3C
:10B84000B342ACD80020019B002443451FD0494B94
:10B850001C681CE0069F002E39D04C46002503E0F2
:10B8600001350834AE4232D0A3889F42F8D13A0065
:10B87000594620680BF05EFE0028F1D14846F5F7E6
:10B88000AFFB002291463B4B1C68049B1800F5F768
:10B89000A7FB002348460493F5F7A2FB200009B05C
:10B8A000F0BCBB46B246A946A046F0BD032B13D060
:10B8B000022B2FD0012B1ED00498B8E7C000F5F75B
:10B8C00089FB8146059864E70400049BDEE75A463D
:10B8D000009B1A609F808CE75246079B926B9A42AE
:10B8E00038D95246D46B5B01E4182069F5F778FB30
:10B8F000049B236198E7079B002B2BD158235246CA
:10B90000D35C002B26D0506DF5F76AFB5246049BA2
:10B91000536589E7079B002B1CD170235246D35CEB
:10B92000002B13D05346586FF5F75AFB5246049B31
:10B93000536779E7002304989946A8E70023049801
:10B9400099460D4CA3E70B4A14689FE77133D35C0B
:10B95000002BE7D1074B1C68049B97E7040048467F
:10B96000F5F73EFB00239946049B8FE704986AE7AE
:10B97000A0860100BC570410B4B50210F0B585B024
:10B980000500019102A801A91600F5F74FFC002857
:10B9900027D12B6AE969029A5B1A934223D1002BC3
:10B9A0002ED00024019B14E0039A019B002A0CD0A6
:10B9B0009B180193B34218D8E9692800611800F078
:10B9C000A9FF019B0560C7600361029A0134A2428E
:10B9D0000FD9320001A903A81F00F5F727FC0028A2
:10B9E000E2D005B0F0BD0748FBE7074A1068002821
:10B9F000F7D1B34202D0054B1868F2E70020F0E718
:10BA0000019BF6E7C8B50210A8570410AC57041004
:10BA1000F0B54746CE46032380B583B06B4405009E
:10BA200018000E0017009846F5F750FC041E1BD1B5
:10BA30003A0031002800F5F7F9FB041E14D1434603
:10BA40001B786860DA0715D40022AA600832914694
:10BA50001A4222D180222968520291422ED8DB0755
:10BA600002D56B68934229D8200003B0C0BCB94608
:10BA7000B046F0BD3A003100281DF5F7D7FB00288D
:10BA80001FD16A682B689A4218D3434600221B785C
:10BA9000AA60083291461A42DCD03A00310001A86F
:10BAA000F5F7C4FB00280CD10123019A9340AB6049
:10BAB00043464A461B781A42D6D1CBE7024B1C6854
:10BAC000D2E70400D0E7C046BC570410F0B5D64614
:10BAD00046464F46150000230022C0B58AB00892A2
:10BAE0000993039106002A0003A905A8F5F79EFB18
:10BAF000041E00D0AAE00599714B994200D9D3E009
:10BB0000300000F095FE002800D09EE00022059B4A
:10BB1000914611326A44904608AF002B00D18FE065
:10BB20002A00380003A9F5F761FD041E41D12A005F
:10BB300003A909A8F5F75AFD041E3AD12A00404688
:10BB400003A9F5F7DBFA041E33D143461B78022B19
:10BB500000D193E029D8002B00D179E012236B4467
:10BB60002A00180003A9F5F7C9FA041E21D16B4673
:10BB70009B7C702B1BD113236B442A00180003A954
:10BB80009A46F5F7A3FB041E13D12A0003A906A8C1
:10BB9000F5F74CFB041E0CD153461B78DB0700D590
:10BBA00085E058230122F25440E0032B0BD0454B93
:10BBB0001C68380000F004FF20000AB0E0BCBA4660
:10BBC000B146A846F0BD12236B442A00180003A911
:10BBD000F5F796FB041EECD16B4612215956132340
:10BBE0006B4418009A46F5F725FA041EE1D12A00A5
:10BBF00003A906A8F5F76AFB041EDAD16B461B7E83
:10BC0000012BD4D8012152460B401278300000910C
:10BC100007A900F0D9FD041ECBD1082239000798EE
:10BC200007F062FE0022002308920993380000F01A
:10BC3000C7FE01239C46059BE1444B4500D96FE7B5
:10BC4000039BAB42B3D10024B3E7040008AFB0E7D5
:10BC50002A0003A907A8F5F7E9FA041EA9D13A00BA
:10BC60003000079900F002FE041EA2D1002300223A
:10BC700008920993F3690133F361D7E730002A0092
:10BC800003A95C30FFF7C4FE041E00D091E77023C7
:10BC90000122F25433003A00683303CA03C300227E
:10BCA000002308920993C1E7074C08AF81E72A00F7
:10BCB00003A907A8F5F7BAFA041E00D171E778E7DF
:10BCC000A0860100BC570410F4B5021070B584B012
:10BCD0000191060001A903A81500F5F7A7FA041EB3
:10BCE00007D1039B012B13D8002B05D1019BAB423D
:10BCF00011D1200004B070BD30002A0001A95C30D1
:10BD0000FFF786FE002809D171230122F254EDE7E6
:10BD1000034B1C68EDE7034B1C68EAE70400E8E707
:10BD2000A4570410BC570410F0B5C6460B6800B504
:10BD300098460E4C0700A5440D00160000216846E9
:10BD40000B4A07F0CBFD434601226C460293094B98
:10BD50006846E25401970396FEF7DEFA029B2B60D9
:10BD6000034B9D4480BCB846F0BDC04608F4FFFFBD
:10BD7000F80B0000F40B0000F0B589B0050001914C
:10BD800003A801A91400F5F751FA00280ED1039B6E
:10BD9000234A93420CD8002B0CD1019AAC646A64FC
:10BDA0002B640020A24201D01E4B186809B0F0BDE0
:10BDB0001D48FBE75822AA5C002AF5D00026019A0C
:10BDC000AC646A642B640492220004A905A8F5F708
:10BDD0002DFA0028EAD12200280004A9FFF7A4FFC9
:10BDE0000028E3D1220004A906A8F5F71FFA0028CD
:10BDF000DCD1069B0027002B04D10BE0069B01370A
:10BE0000BB4207D9220004A907A8F5F70FFA0028BA
:10BE1000F4D0CBE7039B0136B342D5D8049AC0E7F0
:10BE200080969800BC57041008B60210F0B5C646BC
:10BE300000B584B00600019103A801A91500F5F72B
:10BE4000F5F900284FD1039B304A934252D898000D
:10BE5000C0188000F5F7BEF8706300284ED0039B31
:10BE60003363002B4DD0702300279846BB00DB19AD
:10BE70009B00C41820002A000C3001A9F5F7D6F960
:10BE8000002830D1E368002B2BD14346F35C002B14
:10BE900023D0019B2A003000236001A9FFF744FF53
:10BEA000002820D1019B22689B1AA360012B1ED978
:10BEB00020002A0001A91030F5F7B8F9002812D1A6
:10BEC000019B226963609B180193AB4214D8039ACB
:10BED0000137BA4216D9706BC8E77133F35C002B97
:10BEE000D7D10B4B186804B080BCB846F0BD094BE5
:10BEF0001868F8E70848F6E70848F4E7084B1868B8
:10BF0000F1E7019B0020AB42EDD0EAE7A0860100FB
:10BF1000BC570410B057041024B602103CB60210EF
:10BF2000C4570410F0B5D6464F464646C0B588B053
:10BF30000500039106A803A91400F5F777F9002876
:10BF40004DD1069B2E4A934252D800221526914687
:10BF50006E44002B51D017236B44984601231627BB
:10BF60009A466F442200300003A9F5F7C9F900286A
:10BF700035D1002138007156F5F75CF800282ED134
:10BF80002200404603A9F5F7A1F9002827D143462E
:10BF90001B78012B29D8524607A913403A78009004
:10BFA000280000F011FC002819D1039A079B2800F3
:10BFB0005A6103A92200FFF7B7FE00280FD1079AA4
:10BFC00003995369CB1A9361012B13D901239C4622
:10BFD000069BE1444B45C5D80020A14205D108B0DD
:10BFE000E0BCBA46B146A846F0BD064B1868F6E775
:10BFF0000548F4E7054B1868F1E70399ECE7C046FC
:10C0000040420F00BC57041054B60210B057041041
:10C01000F0B546464F46D646C0B50F2788B0804695
:10C02000160001916F448A425ED93200380001A99E
:10C03000F5F74CF9041E0FD1320001A905A8F5F758
:10C04000F5F8041E08D13B78019D012B0BD0059B10
:10C05000EB180193B342E8D3200008B0E0BCBA4625
:10C06000B146A846F0BD320001A906A8F5F7DEF8F2
:10C07000002835D1069B1E4A934233D800229146B0
:10C080009246002BE3D0320001A907A8F5F7CEF8BD
:10C09000002825D1320001A904A8F5F7A7FA002845
:10C0A0001ED14346079A1B6A049893420DD9130187
:10C0B0009B184246926A9B00D3189A8C002A04D19E
:10C0C00001215861002099840492F4F789FF5346B6
:10C0D000049301239C46069BE1444B45D3D8B6E725
:10C0E0000400B9E7034CB7E7034B1C68B4E7C0464C
:10C0F00040420F0068B60210C8570410F0B5C6469B
:10C1000000B584B00191070001A903A81500F5F757
:10C110006DFA041E16D1039E114930000BF004FE87
:10C12000002814D07B681B6A9846002B07D02B0090
:10C1300031003800019AC04700280FD1039E30001B
:10C14000F4F74EFF200004B080BCB846F0BD2A00D2
:10C1500038000199FFF75CFF0028EFD00400F1E7F9
:10C1600078B60210F0B54646D6464F46C0B5804672
:10C1700086B07C200F0014001E00F4F72BFF051E74
:10C1800000D1E8E07A4BA619036101235B42C36248
:10C19000434684604360C660320002A903A802944B
:10C1A000F4F77AFF041E00D0C6E0320002A904A80A
:10C1B000F4F772FF041E00D0BEE06E4B039A9A4261
:10C1C00000D0C5E0049B012B00D0C9E00022029BF7
:10C1D000904607326A449146B34232D2664B9A4641
:10C1E0003200484602A9F5F771F8041E00D0A3E01A
:10C1F0004B461B78002B33D1320002A905A8F5F776
:10C2000015F8041E00D097E00299059A8A18B242E8
:10C2100000D99DE04B4650461B7804680C2B07D88C
:10C2200056489B001B58002B02D02800984704005A
:10C23000002C00D080E0029B059A9B180293B34229
:10C24000CED3EA692B6A934208D91301A96A9B18D5
:10C250009B00CB18DB68002B00D179E000246FE055
:10C2600042464046511C464AC9B2105C984200D131
:10C2700074E00B295CD84046515C0230C0B2994250
:10C2800000D170E00C2853D04146105C0331C9B294
:10C29000984263D00C294BD04046515C0430C0B268
:10C2A000994260D00C2843D04146105C0531C9B298
:10C2B000984253D00C293BD04046515C0630C0B266
:10C2C000994250D00C2833D04146105C0731C9B296
:10C2D000984243D00C292BD04046515C0830C0B264
:10C2E000994240D00C2823D04146105C0931C9B294
:10C2F000984233D00C291BD04046515C0A30C0B262
:10C30000994230D00C2813D04146105C0B31C9B291
:10C31000984223D00C290BD04046525C0C30C0B25E
:10C3200080469A4200D167E70C2801D00B2B1CD025
:10C33000144B1C68002C91D0280000F0FBF900255C
:10C3400020003D6006B0E0BCBA46B146A846F0BD4C
:10C350000D4B1C68EEE70D4B1C68EBE788464BE77E
:10C360000B4B1C68E6E7804646E70133984643E7F7
:10C3700080B602100061736DC8570410407104103C
:10C3800030710410B8570410BC570410C45704107F
:10C39000C0570410F0B54746CE46002380B583B0A1
:10C3A00007000C000193002862D0002963D0080028
:10C3B0000BF0FEFC0500012860D9FA23023D9B002A
:10C3C0009D4261D8290001A800F0B0FA061E01982C
:10C3D00030D1020023780832002B2ED00121013405
:10C3E0008C46282B1ED0202B16D0292B25D0662B2F
:10C3F00038D01AD8462B39D0492B35D02A2B18D112
:10C4000001216346002B1FD08388AB4241D2013308
:10C4100083801170019801322378002B0DD00134F4
:10C42000282BE0D100239C46F6E7692BE8D0762B39
:10C43000F2D0194EF4F7D4FD00203860300003B07C
:10C44000C0BCB946B046F0BDC388994683889846BB
:10C45000C844A8451BD24B460133C38011700198D4
:10C460000132D9E70321CCE70221CAE70421C8E75A
:10C4700000200A4EDEE70020094EDBE7094B1E686C
:10C480000020002ED6D1D8E7074B1E68F8E7074EEC
:10C49000D0E7074ECEE7C046E0B6021014B7021050
:10C4A000FCB602108C570410A05704108CB6021072
:10C4B000B4B60210F0B557464E46DE464546E0B5E6
:10C4C00085B001930368060092460091002B00D1CD
:10C4D000ABE00B780A002A2149428B469B442A2B69
:10C4E00051D0544B1B689946336A9846002B30D084
:10C4F000019B0024002B49D02301B56A1B199B0026
:10C50000ED186F68002F3AD0A868002837D0514640
:10C510000BF00AFC002832D15B46002B05D0380016
:10C5200000990BF001FC002829D1019903A8FFF71D
:10C5300031FF039F8146002800D072E03800A96ACD
:10C5400000F008FA00280CD13800F4F749FD3A4B06
:10C550009946484605B0F0BCBB46B246A946A0463F
:10C56000F0BD3800F4F73CFD290030000F9B0E9A17
:10C57000FDF79EFE81460028EBD1336A98460134D0
:10C580004445B9D3E5E753789B46AAE75B46002BC1
:10C590002DD100242301B56A1B199B00ED186B688F
:10C5A000002B12D0A86800280FD051460BF0BCFB1E
:10C5B00000280AD1290030000F9B0E9AFDF778FE63
:10C5C00081460028C5D1336A98460134A045E1D898
:10C5D000BFE7290030000F9B0E9AFDF769FE8146E8
:10C5E0000028B6D1336A98460134A045B1D9230159
:10C5F000B56A1B199B00ED186F68002FF4D0A8686E
:10C600000028F1D051460BF08FFB0028ECD1380008
:10C6100000990BF089FB0028DBD00134A045E6D857
:10C6200097E73800F4F7DCFC93E7044B1B68994666
:10C630008FE7C0469457041028B702109C57041087
:10C6400010B5002482B00194049C0094FFF732FFDF
:10C6500002B010BD802370B5DB050400994218D2EA
:10C6600005318900132914D90B4B9C466144090BF1
:10C670000D0300290DD02800F4F7ACFC002809D0E8
:10C68000064AAD08A358053D0133A350C360856039
:10C6900000E0002070BDC046FF0F0000580D0000F4
:10C6A00070B504680500002C05D020002468F4F75C
:10C6B00097FC002CF9D100232B6070BD8368406883
:10C6C000181A704743685A1C9B004260C0184161A9
:10C6D0007047C04600B5436883B05A1C05339B00C1
:10C6E0000191426001A90422C01807F0FDF803B0CF
:10C6F00000BDC04610B582B00092019343680400AB
:10C7000005339B0008226946C01807F0EDF86368FE
:10C710000233636002B010BD002804D043680533C3
:10C720009B00C01870470020FCE7C04603680B6000
:10C7300001607047F8B5041E45D0036A002B0AD08B
:10C7400000260025A06A0135801900F045F9236A0A
:10C7500044369D42F6D30025A06AF4F741FCA06957
:10C76000A562F4F73DFC606BA561F4F739FCE06C61
:10C770006563F4F735FCA36BE564002B0FD000274D
:10C78000E36B6E019B191869F4F72AFCE06B013525
:10C790008019076100F014F9A36BAB42F0D80025B3
:10C7A000E06BF4F71DFC606FE563F4F719FC606D56
:10C7B0006567F4F715FC20006565683000F000F946
:10C7C0002000F4F70DFCF8BDF0B5D6464F464646BE
:10C7D000C0B51E0008AB1B780D009946124B816B4B
:10C7E0001B680131984620235B429A4681634901C8
:10C7F0008A4404001700C06B5246F4F7F5FBE0636F
:10C8000000280DD04B465044077743778677002D9C
:10C8100000D028604046E0BCBA46B146A846F0BD0C
:10C82000024B1B689846F5E7C8570410C45704101C
:10C830000C4B70B51E68436A04000D008B4201D397
:10C84000300070BD1A010901D2184919806A92009E
:10C850008900F4F7C9FB6562A0620028F0D1024BA1
:10C860001E68EDE7C8570410C4570410F8B54746D2
:10C87000CE46036A80B598465F1C234B04001B68B4
:10C880000D009946436A160007629F4224D84B4622
:10C89000002B1CD16369AB422FD9A369AD00E958C5
:10C8A000236A98452CD243461A014244A36A920057
:10C8B0009B189962002E0AD09A8C002A07D1310069
:10C8C0001A1D11C911C272685A6101229A84484620
:10C8D000C0BCB946B046F8BD1A013901D218C91911
:10C8E000806A92008900F4F77FFB6762A0620028EB
:10C8F000CDD1064B1B689946C9E7054B9946E6E73B
:10C900004B469962FFDEC046C8570410C457041056
:10C9100044B70210036A8B4205D90B01806A5B1889
:10C920009B00C01870470020FCE7C046083110B5D6
:10C9300004000800F4F74EFB2060002802D0034BEF
:10C94000186810BD024B1868FBE7C046C8570410B2
:10C95000C457041010B54A6844680300002094428C
:10C9600000D010BDD8889A880833121808311800F2
:10C970000AF0E0FD43425841C0B2F2E7002801D07E
:10C98000C08870470020FCE7002807D0C3888B428E
:10C9900004D983884018C018007A70470620FCE745
:10C9A000002801D0808870470020FCE7002805D0CF
:10C9B00083888B4202D94018007A70470620FCE732
:10C9C00070B5040000250068F4F70AFB2560606874
:10C9D000F4F706FB656070BDF8B50400006CF4F771
:10C9E000FFFA00232364A38C002B16D02600002519
:10C9F0000027A2681436306890420AD0F4F7F0FAA3
:10CA000080C6A38C01359D4207DAA2683068904247
:10CA1000F4D101350436AB42EDDC00256068F4F753
:10CA2000DFFAA0686560F4F7DBFA3A23A560E35CFF
:10CA3000002B00D1F8BDE068F4F7D2FAE560F9E721
:10CA4000031E08D08068002800D070479A8C002A06
:10CA500001D05869F9E70148F7E7C04664B702100A
:10CA60004068002800D070470048FCE70C8802109E
:10CA7000002804D0836A002B01D0D88800E0002071
:10CA80007047C04600280BD0836A002B08D0DA8894
:10CA900000208A4205D99A885B189B18187A00E012
:10CAA00000207047002804D0836A002B01D09888AA
:10CAB00000E000207047C046002807D0826AC38E7D
:10CAC000002A01D0D2889B18180070470020FCE78C
:10CAD0007047C046F0B5DE4657464E4645460023F1
:10CAE000E0B583B000930B880200032B00D182E0F5
:10CAF000674C684824680068A146BD24E400A2464B
:10CB00008124A400A446CB88002820D0624C019444
:10CB1000002B4DD08C68013B9BB2002C68D0E418F0
:10CB2000247AA04654465D4F6646BB46155B965B2D
:10CB30006C1E240114195C442488B44242D063461C
:10CB4000013ED65234E0544C2468002C4ED1002BC8
:10CB50002ED08C68013B9BB2002C30D0E418247A94
:10CB6000A04654464D4F6546BB46165B555B741E4A
:10CB7000240114195C442488AC420FD06446013D62
:10CB8000ADB2155355192C7C00944446FF2CDED0D1
:10CB9000009CFF2CDBD0A045D9D0D4E7203636014D
:10CBA00096193479002CD2D14C46002CEDD0484651
:10CBB00003B0F0BCBB46B246A946A046F0BD002477
:10CBC000A046CEE720352D0155192C79002CEFD148
:10CBD0004C46002CEBD14446FF2CE9D0009C444548
:10CBE000E6D0019C2468002C00D191E72000DFE70B
:10CBF0000024A04696E7274B81251B688C889C461D
:10CC0000234BAD001B689946BD23DB009846002CE2
:10CC10002CD08B68013CA4B2002B35D098881B190E
:10CC20001B181E7A43461D4FD35ABB469A46013BFA
:10CC30001B01D3185B44505B1B88834218D001381A
:10CC400080B250531018037C604600930028AFD187
:10CC50006046FF2E06D0009BFF2B03D09E4201D0E2
:10CC60000D4B18680028A3D1002CD2D160469FE755
:10CC7000534620331B01D3181B79002B06D0634683
:10CC8000002BC4D0604693E70026CBE74846DDE79B
:10CC900078570410C85704106C5704100A0200009B
:10CCA000F0B55746DE464E464546BD23E0B585B055
:10CCB0000291DB00C15A02000027002900D1BBE02D
:10CCC0004B1E09019A4643189846802340469B0014
:10CCD000C45853466F481B019B46D3181818068842
:10CCE000002C66D06C48844663441B88002B60D0BF
:10CCF0006A48006881466A480068844648460028B9
:10CD00000AD08125D81D205CAD000190505BB04257
:10CD10005FD00138505354E0DD1DA9464546A1447B
:10CD200081200395A0464D468946800029780191CF
:10CD3000145AB44200D198E0671EBFB21752D719F7
:10CD40003F7C0199FF2908D0FF2F06D0B94204D0BB
:10CD500054490968002900D093E0013B9BB2002BA5
:10CD600027D0013DB442E1D14446494681208000AC
:10CD70008046511841440878D91D611804E0013BF0
:10CD80009BB20139002B14D00028F8D1604600284E
:10CD900050D10878FF2807D0FF2F05D0874203D055
:10CDA0004048006800286ED1013B9BB20139002B3E
:10CDB000EFD181239B00D35AB34241D03A4B1B6839
:10CDC0009946484605B0F0BCBB46B246A946A046C7
:10CDD000F0BD4046405D0028F3D16046002829D1CF
:10CDE0000198FF28EDD00028EBD02E480568002DD3
:10CDF0004DD1013B9BB2002BDBD08125AD00AC4671
:10CE00005118614409780029DBD1DD1D6119645D89
:10CE1000FF2CD6D0A742D4D00468002C35D1013BDA
:10CE20009BB20139002BC4D00C78F1E76146002990
:10CE300000D186E7E146C4E71C4B1B689946C0E772
:10CE40000299002909D082205B4680008446D318CD
:10CE5000634431CB31C11B680B60BD235146DB00FD
:10CE6000D1520E4B1B689946ABE70399095C002928
:10CE7000DCD0013B9BB244464946002B00D075E70D
:10CE800097E789469DE781469BE7A14699E7A94632
:10CE900097E7C0460A0200000E020000C8570410BF
:10CEA000785704106C57041068570410BC570410CE
:10CEB000F0B5C6460300BD209046234A812794461C
:10CEC00000B5C0001D5ABF00681E0001181860445C
:10CED000DC5B00880026A04222D0013CA4B21B48A3
:10CEE000DC531C19267C0068002802D080BCB846A0
:10CEF000F0BDFF2E01D0B14220D1144908680028AE
:10CF0000F4D18120FA248000195A6400A14218D279
:10CF100042464C1C1C525B181A740C4B1868E5E70F
:10CF200020352D015D192879002804D007490868AB
:10CF30000028DBD1E5E706480068D5E70549086821
:10CF4000DDE7054B1868D1E70A020000C857041056
:10CF5000785704106C5704107C5704100022F0B569
:10CF60004746CE4694469146BD2280B58127384E2D
:10CF70000300B046D200845ABF00651EC25B280180
:10CF8000181840440088804682423CD0013A92B250
:10CF9000DA539A18127C94462E4A1068002803D05F
:10CFA000C0BCB946B046F0BD6246FF2A01D061451B
:10CFB00041D1284A10680028F2D1812080001A5AF5
:10CFC00090452AD0013A92B21A529A18127C914690
:10CFD000204A10680028E3D14A46FF2A01D049457B
:10CFE0002FD11C4A10680028DAD18120FA24800051
:10CFF0001A5A6400A24227D2541C1C529B1819745E
:10D00000144B1868CCE7203424011C192279002A1B
:10D010000ED0104A10680028C2D121352D015D19AB
:10D020002A79002A0AD00B4A10680028B8D1DCE718
:10D03000094A1068B2E7094A1068BCE7064A106856
:10D04000C8E7064A1068CEE7054B1868A8E7C0464F
:10D050000A020000C8570410785704106C570410D7
:10D060007C5704100022F0B54746CE469446BD22B8
:10D0700080B581278946384903008846D200845A02
:10D08000BF00651EC25B28011818404401880026B5
:10D0900088468A423BD0013A92B2DA539A18127CFF
:10D0A00094462E4A1068002803D0C0BCB946B0464A
:10D0B000F0BD6246FF2A01D0E14540D1274A106801
:10D0C0000028F2D1812080001A5A904529D0013AD7
:10D0D00092B21A529A18167C204A10680028E4D19D
:10D0E000FF2E01D0B14530D11C4A10680028DCD198
:10D0F0008121FA2089005A5A4000824228D2501CCD
:10D1000058529B1801221A74144B1868CDE720342A
:10D1100024011C192279002A0ED0104A1068002818
:10D12000C3D121352D015D192A79002A0AD00B4A75
:10D1300010680028B9D1DBE7094A1068B3E7094A4B
:10D140001068BDE7064A1068C8E7064A1068CDE7D0
:10D15000054B1868A9E7C0460A020000C85704102A
:10D16000785704106C5704107C570410F0B54546EE
:10D17000DE4657464E460023E0B5C74CC568A54479
:10D18000984604009A469B460093019302930393AA
:10D190000493059306930793089309930A930B93BB
:10D1A0000C930D930E930F93109311931293002DE4
:10D1B00000D1CAE0FC2226AF836A06680021D200B3
:10D1C0003800149306F08AFB226939001EA8BE605D
:10D1D000FC6026957A60F4F729F8002807D0AF4B59
:10D1E0009D44F0BCBB46B246A946A046F0BD3900FE
:10D1F0007A681FA8F4F71AF80028F0D1149B002BC6
:10D200001DD0DC88FA235B009C4200D9A0E0002CF2
:10D2100015D0149AA24B9446FB5A9188E418083111
:10D220006144A4B29F4D0878AC46FA1801336244B9
:10D230009BB2107001319C42F4D1994BFC521F9B60
:10D24000002B39D022AB159321AB00249946944E84
:10D2500039007A681598F3F7E9FF0028BFD1390043
:10D260007A6820A8F4F74CF80028B8D110211CAB3C
:10D2700048465956F3F7DEFE0028B0D1FA23B95BD1
:10D2800022985B005B1A834262D3002810D04B4681
:10D2900000221D781394834C8B18A4469BB2FB1874
:10D2A000634401321D709042F5D10918139CB953A3
:10D2B0001F9B0134A342CBD8BD22D200BB5A3D2BC9
:10D2C00000D953E28220800084460020591CB952C4
:10D2D0001A01B91861440880213314981901785053
:10D2E000011E00D145E2C08889888324BA18A400B1
:10D2F000141920806C481B01101801806B49FB1821
:10D300008C460639795A6244118000221A71684BA2
:10D310001868002800D062E77A68269B9A4225D9CF
:10D32000644B179E1493534616931CAB3900981DFB
:10D33000F3F7F2FE002800D051E71CABDB88FC2B92
:10D3400010D8149A9B00D3589F46594B186846E74B
:10D35000594B186843E702213800FFF7FFFD00280A
:10D3600000D03CE77A683B689A42DED8534B186895
:10D37000002800D033E7BD23DB00FB5A002BE4D0AC
:10D380004E4B18682BE701213800FFF7E7FDE6E771
:10D3900039007A6821A8F3F749FF002800D01EE77A
:10D3A00022AC390020007A68F3F740FF002800D053
:10D3B00015E71CABDA881300293B9BB2142B01D96B
:10D3C00001F040FA01210C009C4023003C4C234218
:10D3D00008D13C4C0800234204D13B490B40591E64
:10D3E0008B41981C219B8342C0D8BB68002BBDD0C9
:10D3F00070215B5A002BB9D0BD232C4DDB00AC460D
:10D40000F85A9531441E24013C19FF3164447B5A7B
:10D4100024889C4201D101F0E1F9013B9BB27B528F
:10D42000FB181B7C0993224B1868002800D0D6E615
:10D43000099BFF2B01D101F0CDF9099B012B01D1F3
:10D4400001F0C8F9214B1868002800D0C7E6282A47
:10D4500001D101F0BCF9292A01D101F0B5F92A2A3C
:10D4600001D101F0D0F92B2A01D101F0C9F92F2304
:10D4700093429B415B4201338121FA2089007A5A11
:10D480004000824200D3C7E1501CBA181374084B05
:10D490007852186863E7C04684F7FFFF7C080000F5
:10D4A000DE070000EA0500000E0200000A0200008C
:10D4B000C8570410747104107C570410BC57041032
:10D4C00098010A0060061400054001006C57041022
:10D4D00039007A6821A8F3F7A9FE002800D07EE67B
:10D4E00022AC390020007A68F3F7A0FE002800D0B3
:10D4F00075E61CABD9880B00293B9BB2142B01D9D4
:10D5000001F0A9FA012214009C402300C64C2342DA
:10D5100008D1C64C1000234204D1C54A13405A1EFC
:10D520009341981C219B834200D91FE7BB68002BC5
:10D5300000D11BE770229B5A002B00D116E7362939
:10D5400001D101F039FB372901D101F032FB382933
:10D5500001D101F02BFB392901D101F024FB3B2241
:10D560008A42924152420132BD23DB00F85A8125A2
:10D57000411E0C01A146AF4CB944A4464C46AD0037
:10D5800064447B5B2488A34201D101F0F6FA013B9D
:10D590009BB27B53FB181B7C0A93A74B186800288F
:10D5A00000D01CE60A9BFF2B01D101F0E2FA0A9B96
:10D5B0009A4201D101F0DDFAA04B1868002800D092
:10D5C0000DE681229200BB5A9C4201D101F0C2FAC1
:10D5D000013B9BB2BB52FB181B7C0B93964B18680C
:10D5E000002800D0FBE50B9BFF2B04D00B9B012BED
:10D5F00001D000F085FD904B1868B0E6022138009C
:10D60000FFF730FDABE601213800FFF72BFDA6E662
:10D61000012201213800FFF74BFCA0E6022238006E
:10D620001100FFF745FC9AE6012203213800FFF7BD
:10D630003FFC94E6042202213800FFF739FC8EE615
:10D64000032201213800FFF733FC88E6022204217F
:10D650003800FFF72DFC82E67B683A689A4201D2D7
:10D6600001F059FB764B1868002800D0B7E51CABD9
:10D67000DB889A46BD23DB00FA5A5346042B01D1BE
:10D6800001F023FB002E01D101F009FBF488002CEE
:10D6900001D101F0F0FA674881218146B388890001
:10D6A0009C46531E1B01FB184B441B88795A654D41
:10D6B0001793614B2D681868A946002862D065460B
:10D6C000651907357519139515009C4620352D01F0
:10D6D0007D191895594D15941992179B8B4200D0BE
:10D6E00046E6189B1B79002B00D041E64B46002BE9
:10D6F0007ED1139B1B78FF2B00D139E6019AFF2ABC
:10D7000000D135E6934200D132E62B68002B00D0E1
:10D71000BEE0159A139B013A92B2013B1592139306
:10D72000002ADAD16346199A00F0C4FE04213800B9
:10D73000FFF798FC13E603213800FFF793FC0EE691
:10D7400003213800FFF70AFC09E603223800110024
:10D75000FFF7AEFB03E604213800FFF7FFFBFEE511
:10D76000042238001100FFF7A3FBF8E5364B1868D8
:10D77000CFE500200021B8E5012202213800FFF7A3
:10D7800097FBECE51390100020300001381815903D
:10D790004046A4442500B444189019931EE0013972
:10D7A00089B27818037C0193012313936346D879D7
:10D7B000FF2809D0019BFF2B06D0984204D01F48B8
:10D7C0000068002800D00AE501235B429846013D2D
:10D7D000ADB2C444002D01D100F063FE179B8B4213
:10D7E000DDD1159B18790028EED14B46002BDDD0FA
:10D7F0004846BDE522AC390020007A68F3F7A4FD65
:10D80000002800D0EBE48122FA219200BB5A4900A3
:10D810008B4201D200F0E8FC0B4B18689FE5120127
:10D82000BA184D4691462AE098010A006006140095
:10D83000054001000A020000C85704106C5704108C
:10D84000B4570410785704107C570410013DADB252
:10D850007819027C1692C879FF2809D0169AFF2AF7
:10D8600006D0824204D0DA480068002800D0B6E42E
:10D87000013CA4B20139002C01D100F08FFE139AB3
:10D880009542E3D14A4610790028F1D1002BE2D02D
:10D8900018006DE5022203213800FFF709FB5EE561
:10D8A000022201213800FFF703FB58E5002322ACD8
:10D8B00021003800E380FFF7F3F9002800D08EE460
:10D8C0002499002901D000F074FEBD23DB00FB5A2F
:10D8D000002B00D046E5BF4B186849E522AC21007B
:10D8E0003800FFF7DDF9002800D078E42388042B06
:10D8F00000D03BE5BD22D200BB5AA1683D2B01D927
:10D9000000F096FE8224A400A4460524581CB852B8
:10D910001A01B818604421330480180139500029D5
:10D9200001D100F081FECC8888888325BA18AD002B
:10D9300055192C80A84C1B0114192080A748FB18EE
:10D9400084460638385A6244108000221A71A14B6E
:10D950001868002800D042E4002900D102E5CB88F5
:10D960009946002B00D1FDE481239B00FA5A994B84
:10D9700005001B6804001393994B1B689A468B881B
:10D980000833CB18FA2149008C461878624500D339
:10D990006EE1BD1828740125511C139889B2002826
:10D9A00001D0FFF71CFC0134A4B24C4501D100F0BA
:10D9B00043FE0133624501D300F0F4FD0A00E4E7C1
:10D9C000FB68864A996ABD23DB00FB5A91469A465A
:10D9D000012352465B4253449C461B01FB184B44B7
:10D9E0001B8820321393002900D090E281231399E1
:10D9F0009B00F95201231201BA181371B2E422AC50
:10DA0000390020007A68F3F711FC002801D0FFF7F5
:10DA1000E6FBB868229A836B934200D8A6E4812182
:10DA2000FA2489007B5A6400A34200D3F4E6C06B59
:10DA300052018218127F581CFB1878521A74654BD9
:10DA400018688CE422AC390020007A68F3F7EEFB0A
:10DA5000002801D0FFF7C3FBBD23DB00FC5A229A4C
:10DA6000944200D882E45D4D8120AC46611E0901DC
:10DA70007918800061443B5A0988994201D101F02C
:10DA80008FF9013B9BB23B52FB181B7C0293514B1D
:10DA90001868002801D0FFF7A2FB029BFF2B01D1E1
:10DAA00001F07AF9029B012B01D101F075F9484B85
:10DAB0001868002801D0FFF792FB8223A41A013CCA
:10DAC00025019B00E91838007918FFF703F80028B2
:10DAD00001D0FFF784FB82227B1992009A181088EC
:10DAE000032801D101F06EF93B4A9446634419883A
:10DAF000384B1A68002900D17FE0213424013B59BA
:10DB0000374C994681234D469B00FB5A2468002DD3
:10DB100001D101F086F9032801D101F060F9082054
:10DB200048448446287AFA2582466D00AB4201D3E8
:10DB300001F052F9581C80B281465046FB18187407
:10DB4000002A5ED14B461000924613910130139A81
:10DB500080B2824200D1D5E1AB4243D0012291464E
:10DB6000CC44624611785A1CFB18197493B2EDE745
:10DB700022AC390020007A68F3F758FB002801D066
:10DB8000FFF72DFBBD23DB00FC5A22998C4201D804
:10DB9000FFF7ECFB611A0901F931FF313800791800
:10DBA000FEF798FF002801D0FFF719FB0B4A631E10
:10DBB00094461B01FB1863441A8881239B00FA5288
:10DBC0002300012220331B01FB181A71FFF7CAFB47
:10DBD0006C570410C85704100E0200000A0200001F
:10DBE0007C57041052460125002C01D001F0F1F8B9
:10DBF000002D02D0812189007B52002A01D1FFF73C
:10DC0000B1FB1000FFF7B4FB39007A6821A8F3F7E5
:10DC10000DFB002801D0FFF7E2FA3B6822AC13931A
:10DC20002300050004009946390048467A68F3F756
:10DC3000FDFA002801D0FFF7D2FABD23DB00FB5A22
:10DC40001A001793229B9A4201D8FFF78FFB219964
:10DC5000A14206D00134A142E6D24C46AA4600F0C9
:10DC6000F6FC013401D000F0F0FC1D000024DBE7DD
:10DC70001100504693E6BD23C34D8121AC46DB0025
:10DC8000FB5A89005A1E14013C1964442488785AAE
:10DC9000A146A04201D101F0F7F9431E9BB27B528D
:10DCA000FB181B7C0593B94B1868002801D0FFF7BF
:10DCB00096FA059BFF2B01D101F0D8F9059B012BAA
:10DCC00001D101F0D3F9B24B1868002801D0FFF759
:10DCD00086FA8125AD00795B494501D100F063FDED
:10DCE0004B1E9BB27B539C46FB181C7CA74B1868B1
:10DCF000002801D0FFF773FACC4501D100F042FDB6
:10DD0000023989B2795379180A7CFF2C01D101F0CC
:10DD100085F9FF2A01D101F073F9A24201D100F087
:10DD200029FD9B4B1868002801D0FFF758FA812283
:10DD3000FA219200BB5A49008B4200D36CE5591C72
:10DD4000FB181C74914BB9521868FFF708FBBD23F0
:10DD50008D4C8120A446DB00FB5A80005A1E120124
:10DD6000BA186244395A12888A4201D100F05EFD25
:10DD70000139395263E639007A6821A8F3F756FA77
:10DD8000002801D0FFF72BFA22AC390020007A6876
:10DD9000F3F74CFA002801D0FFF721FABA68219B6B
:10DDA0005169994201D8FFF7E1FA2299002901D07F
:10DDB000FFF7DCFA5821515C1391002901D1FFF7DC
:10DDC000D5FA92699B009C58BD236F48DB00F95A35
:10DDD000844681234A1E15017D199B00654499469E
:10DDE0002D88FB5A1595AB4201D100F01DFF494625
:10DDF000013B9BB27B52FB181B7C0493634B18685E
:10DE0000002801D0FFF7EBF9049BFF2B01D100F0B4
:10DE100007FF049B012B01D100F002FF5C4B186847
:10DE2000002801D0FFF7DBF9002C01D1FFF79AFAA7
:10DE3000A388E1889946554B186881239B00FB5ABB
:10DE400000293FD0534D2D68AC464D466D18AA466B
:10DE5000A244002801D100F0B2FE18934B462132B3
:10DE60001201BA184A4D17921993159A189B9A42A3
:10DE700001D0FFF77DFA179A1279002A01D0FFF737
:10DE800077FA6246002A7BD15246D279FF2A01D125
:10DE9000FFF76EFA4346FF2B01D1FFF769FA4245BF
:10DEA00001D1FFF765FA2A68002A01D000F0D4FEFC
:10DEB00001235B429946013989B2CA440029D4D171
:10DEC000199B9946344A81231168FA229B0052001B
:10DED00000259246FB5AA1440EE00A00534506D2A3
:10DEE000257A5A1CFB181D7493B20200139D01344D
:10DEF000002A01D000F0B0FEA145EED1002D01D1E5
:10DF0000FFF730FA81229200BB52FFF72BFA8C8880
:10DF1000002C00D16AE581239B00FB5A1D4D9946D8
:10DF20001A4B091918682B68002800D177E42022C1
:10DF30009446E24452461201BA18159284461A00D9
:10DF4000134D1AE053461793159B1B79002B17D1DD
:10DF5000002A00D01FE3CB79FF2B11D01698FF28A1
:10DF60000ED083420CD02B68002B00D010E3013C74
:10DF7000A4B20139002C00D107E3139B9945E1D0ED
:10DF80006046FFF7F5F9C0460A020000C8570410C2
:10DF90006C570410785704107C57041022AC3900D9
:10DFA00020007A68F3F742F9002801D0FFF717F94B
:10DFB000BB6822991A6A8A4201D8FFF7D7F944222E
:10DFC0004A439B6A9B18996A002901D1FFF7CAF955
:10DFD0008B88CA889A46E84B186881239B00FC5AB4
:10DFE000002A01D100F081FFBD23DB00FB5A5D1E3A
:10DFF0002D01A946E14DB944AC464D4665442D88F6
:10E000001395DF4D2D68A9465546AD18AC468C4496
:10E01000002801D100F030FF20331B01FB181593BD
:10E020004346D84D17911893139BA34201D0FFF795
:10E030009FF9159B1B79002B01D0FFF799F94B46EF
:10E04000002B01D0FFF7D4FB6346DB79FF2B01D116
:10E05000FFF78EF95946FF2901D1FFF789F95B4592
:10E0600001D1FFF785F92B68002B01D0FFF710FCD9
:10E07000013B9846013A92B2C444002AD4D1189B7D
:10E080001799984600F031FF22AC390020007A68D9
:10E09000F3F7CCF8002801D0FFF7A1F8BA4A229B89
:10E0A000BA5A9A4201D8FFF761F9B84AFB18944668
:10E0B00063441A78BD23B14D8121AC46DB00F85A88
:10E0C0008900441E24013C1964447B5A24889C42E4
:10E0D00000D14BE2013B9BB27B52FB181B7C0693A9
:10E0E000A54B1868002801D0FFF779F8FF2A00D166
:10E0F000A5E4069BFF2B00D1A1E49A4200D19EE447
:10E10000A04B1868FFF72BF922AC390020007A6881
:10E11000F3F78CF8002801D0FFF761F89A4A229BA8
:10E12000BA5A9A4201D8FFF721F9984AFB18944647
:10E1300063441A78BD23914D8121AC46DB00F85A27
:10E140008900441E24013C1964447B5A24889C4263
:10E1500000D15EE3013B9BB27B52FB181B7C079313
:10E16000854B1868002801D0FFF739F8FF2A00D145
:10E170004CE3079BFF2B00D148E39A4200D145E3D3
:10E18000804B1868002801D0FFF729F88121890009
:10E19000F5307B5AFF30834200D24CE47C4BFFF7D2
:10E1A0003CFB22AC390020007A68F3F73FF80028E6
:10E1B00001D0FFF714F8229B002B01D0FFF7D6F80F
:10E1C000BB68002B01D1FFF7D1F870229B5A002BBE
:10E1D00001D1FFF7CBF8FA219532FF32BB5A490043
:10E1E0008B4201D3FFF718FB591CB9520122FB18CF
:10E1F0001A74614B1868FFF7B2F839007A6820A8E2
:10E20000F3F714F8002801D0FEF7E9FF209B0B2B51
:10E2100001D9FFF7A7F85F4A9B00D3589F46042215
:10E2200003213800FEF744FEFFF799F8012204218C
:10E230003800FEF73DFEFFF792F804220121380076
:10E24000FEF736FEFFF78BF8032204213800FEF7B5
:10E250002FFEFFF784F8032202213800FEF728FE84
:10E26000FFF77DF822AC390020007A68F2F7DEFF74
:10E27000002801D0FEF7B3FF434A229BBA5A9A42C4
:10E2800001D8FFF773F88121FA2089007A5A4000FB
:10E29000824201D3FFF7C0FA3C48FB18844663442E
:10E2A0001878531C7B52344BBA1810741868FFF757
:10E2B00056F8BD233149DB008C46FB5A5A1E120129
:10E2C000BA186244118881229200B95279E43B68FD
:10E2D0007A680833934200D9B7E28122FA213B6081
:10E2E0009200BB5A49008B4201D3FFF795FA591CA3
:10E2F000B9520422FB181A741F4B1868FFF72FF845
:10E3000022AC390020007A68F2F790FF002801D093
:10E31000FEF765FFBA68229B916B994201D8FFF71F
:10E3200025F8D26B5B01D3181A7FBD23134D8121D1
:10E33000AC46DB00F85A8900441E24013C196444B1
:10E340007B5A24889C4200D19DE0013B9BB27B52CA
:10E35000FB181B7C0893084B1868002801D0FEF7B7
:10E360003EFFFF2A01D1FFF76AFB089BFF2B00D07D
:10E37000C3E6FFF764FBC046C85704100A0200005A
:10E38000785704106C570410DE070000EA050000FF
:10E390007C570410687504103B687A680433934214
:10E3A00000D952E28122FA213B609200BB5A490017
:10E3B0008B4201D3FFF730FA591CB9520322FB18E4
:10E3C0001A74E44B1868FEF7CAFF22AC390020002B
:10E3D0007A68F2F72BFF002801D0FEF700FF229B9E
:10E3E000002B01D0FEF7C2FFBB68002B01D1FEF766
:10E3F000BDFF70229B5A002B01D1FEF7B7FFBD2352
:10E40000D54C8121A446DB00FA5A8900501E000138
:10E41000381860447B5A0088984200D11DE2013BC5
:10E420009BB27B52FB181B7C0C93CA4B18680028CC
:10E4300001D0FEF7D4FE0C9BFF2B00D109E20C9B10
:10E44000012B00D105E2C54B1868FFF7D9F922ACC2
:10E45000390020007A68F2F7E9FF002801D0FEF7C2
:10E46000BEFE8122FA219200BB5A49008B4201D3A1
:10E47000FFF7D2F9591CB9520222FB181A74B54B96
:10E480001868FEF76CFF030020331B01FB181B7993
:10E49000002B01D100F050FDAE4B1868FF2308930C
:10E4A0005BE7189B13989846199B002802D081209F
:10E4B000800039523D2A00D9CBE38225BD21AD0031
:10E4C000AC465546501CC90078521101781860447A
:10E4D0002132058010013E50B08883257918AD00A7
:10E4E0004D192C809E4C12010C1920809A48BA18A4
:10E4F00084460638385A6144088000211868117132
:10E50000002801D0FEF76BFE002E01D1FEF72AFF96
:10E51000F3889946002B01D1FEF724FFFA218123CD
:10E520004900050004008C469B00FA5A894B1B6881
:10E5300013938C4B1B689A46B3880833F3181878EA
:10E54000624500D382E3BD1828740125511C13983D
:10E5500089B2002801D0FEF742FE0134A4B24C4536
:10E560006AD0013362451DD20A00E8E70300203378
:10E570001B01FB181B79002B04D0764B1868FF2376
:10E580000693AFE5784D2868ACE55246FFF72EFAC2
:10E590001800FEF7EDFE1000FEF7EAFE624621329B
:10E5A000FFF724FA5346002B46D054462000FEF7CE
:10E5B000DFFEE3889946002B01D1FFF786F981231E
:10E5C0009B00FA5A634B05001B6804001393654BCC
:10E5D0001B689A460B00FA2149008C4608331878CC
:10E5E000624512D2BD1828740125511C139889B2B6
:10E5F000002801D0FEF7F3FD0134A4B24C450AD047
:10E600000133624504D20A00E9E711005046EFE702
:10E610005346002BC9D1002D01D1FFF756F98123B4
:10E620009B00F952FFF751F90C000800FFF77DF944
:10E630004C4B1868FFF78DF9002D01D1FEF792FEC3
:10E6400081239B00F952FEF78DFE9A464C46179B9C
:10E6500082205A1E5346D21A130119938000FB18C8
:10E6600018180088032801D100F080FD3C4884463A
:10E6700063441B8815930025139B21323B601301D3
:10E680001B938D4201D900F02EFD390020007A68DD
:10E69000F2F7CCFD002801D0FEF7A1FDBD238221B9
:10E6A000DB00229AFB5A89009B1A013B1A01BA1817
:10E6B00051180988032901D100F000FD284884463B
:10E6C0006244128813921598139A904201D000F078
:10E6D000F1FC002801D100F0E5FC21331B01F858C2
:10E6E0001B9BFB58002801D100F065FC032901D1D8
:10E6F00000F032FC002B01D100F022FC08218946F9
:10E70000017A814450461CAA944618911799091A17
:10E71000164809010918164861448446614409886D
:10E72000032901D100F085FC083300219C46139A8F
:10E73000189807E001318BB2934201D300F0B2FC8C
:10E740004B46585C63465B5C8342F3D0034B1868CE
:10E75000FEF70EFEC85704100A0200006C570410A2
:10E760000E0200007C5704107857041008080000BF
:10E7700018FAFFFFDD4B1868002801D1FFF7D7FA20
:10E78000FEF72DFD21321201BA181279D84D002A58
:10E7900001D100F076FC1868002801D0FEF71FFDBB
:10E7A000FF22FFF7B2FA130021331B01FB181B797C
:10E7B000002B01D100F05EFCCC4B1868002801D082
:10E7C000FEF70DFDFF24E6E70223FEF755FE0123C9
:10E7D000FEF752FEC54B1868FEF736FE03002033E5
:10E7E0001B01FB181B79002B06D0C04B18680028B2
:10E7F00001D0FEF7F4FCEEE7BD4D2868FEF715FEEC
:10E800000423FEF739FE0323FEF736FEB74B1868E4
:10E81000B8E4030020331B01FB181B79002B00D147
:10E820002EE1B24B1868FF2307939BE420331B01B2
:10E83000FB181B79002B01D0FFF701F9AC4D2868BC
:10E84000FEF78DFD0220FEF7CDFDAA4B1868FEF7FE
:10E850008FFDA64B1868FEF7D3FF130020331B0172
:10E86000FB181B79002B06D0A04B1868002801D09C
:10E87000FEF7B5FCEEE79E4D2868D8E522AC3900DE
:10E8800020007A68F2F7D2FC002801D0FEF770FD74
:10E89000BD23994D8120AC46DB00FC5A8000621EEE
:10E8A0001101791861443B5A09888B4200D1D5E0A7
:10E8B000013B9BB23B52FB181B7C10938B4B18689F
:10E8C000002801D0FEF754FD109BFF2B00D1BFE0C4
:10E8D000109B012B00D1BBE0884B1868002801D0A9
:10E8E000FEF746FD812080003B5A994200D1CEE0E0
:10E8F000013B9BB23B52FB181B7C11937B4B18686E
:10E90000002801D0FEF734FD119BFF2B00D1BBE0A6
:10E91000119B012B00D1B7E0784B1868002801D07B
:10E92000FEF726FD812080003B5A994200D1C0E0CD
:10E93000013B9BB23B52FB181B7C12936B4B18683C
:10E94000002801D0FEF714FD129BFF2B00D17CE0C4
:10E95000129B012B79D0694B1868002801D1FEF772
:10E9600001FDFEF705FD39007A6821A8F2F75EFC8B
:10E97000002801D0FEF7FCFC22AC390020007A68A8
:10E98000F2F754FC002801D0FEF7F2FCBD235A4DEB
:10E990008120AC46DB00FC5A8000621E1101791810
:10E9A00061443B5A09888B4200D1C1E0013B9BB2D4
:10E9B0003B52FB181B7C0D934C4B1868002801D070
:10E9C000FEF7D6FC0D9BFF2B00D1AEE00D9B012B7B
:10E9D00000D1AAE0494B1868002801D0FEF7C8FC16
:10E9E000812080003B5A994200D18CE0013B9BB2D0
:10E9F0003B52FB181B7C0E933C4B1868002801D03F
:10EA0000FEF7B6FC0E9BFF2B7AD00E9B012B77D026
:10EA10003A4B1868002801D0FEF7AAFC812080003C
:10EA20003B5A99424FD0013B9BB23B52FB181B7C97
:10EA30000F932E4B1868002801D0FEF799FC0F9B0E
:10EA4000FF2B02D00F9B012B85D1284B186884E740
:10EA5000264B186842E70220FEF764FD23002033AE
:10EA60001B01FB181B79002B07D0204B18680028CE
:10EA700001D0FEF77DFC186830E71D4D28681FE7C0
:10EA80001B4D2868FFF76EFB184B186846E713000C
:10EA900021331B01FB181B79002B07D0134B18687F
:10EAA000002801D0FEF764FC186837E7104D28688D
:10EAB00026E7130021331B01FB181B79002B0CD117
:10EAC0000B4D28683CE7130021331B01FB181B7911
:10EAD000002B02D1064D2868ADE7044B18680028CA
:10EAE00001D0FEF745FC186837E7C046C857041048
:10EAF00078570410B45704100A0200006C57041031
:10EB0000D74B186886E7130021331B01FB181B79CC
:10EB1000002B07D0D24B1868002801D0FEF728FC44
:10EB2000186877E7CF4D286868E7CD4B186853E73A
:10EB3000230020331B01FB181B79002B07D0C84B87
:10EB40001868002801D0FEF713FC186844E7C54D8B
:10EB5000286833E70B0021331B01FB181B79002BBE
:10EB600019D0BF4B1868002801D0FEF738FBFEF71C
:10EB700043FDBB4B1868FEF721FD030020331B014A
:10EB8000FB181B79002B0AD0B54B1868002801D060
:10EB9000FEF725FBEEE7B34D2868FEF721FDB14DEA
:10EBA0002868FEF7FCFC0422FEF7DEFC0322FEF7D9
:10EBB000DBFC0222FEF7D8FC0122FEF7D5FC213255
:10EBC0001201BA1817924A460500189219901AE0D5
:10EBD000013B9BB2FA18127C139D90465246D279A3
:10EBE000FF2A08D04046FF2805D0904503D09E4A12
:10EBF0001268002A30D1012252429146013989B26D
:10EC0000CA4400292BD0159A9A42E1D1179A127959
:10EC1000002AF0D16246002AE0D06046FEF7A8FB49
:10EC20008F4B1868FFF7FCF80B0020331B01FB1813
:10EC30001B79002B06D08A4B1868002801D0FEF7FC
:10EC4000CEFAEEE7874D2868FFF7DAF81100504654
:10EC50007FE4864B186853E41000FEF789FB189A8E
:10EC600019989146002D01D1FFF72CF981229200CD
:10EC7000BB52FFF727F93D2AEBD88220BD23800045
:10EC800084465046511CDB00F95211017B18634445
:10EC9000213218801301FE50714BFFF71DFC3D2AF5
:10ECA000D7D88220BD23800084465046511CDB000B
:10ECB000F95211017B186344213218801301FE5070
:10ECC00034003000664BFFF708FC694C8120A446F5
:10ECD000511E09017918800061443B5A0988994204
:10ECE00035D0013B9BB23B52FB181B7C00935C4B25
:10ECF0001868002801D0FEF772FA009BFF2B23D082
:10ED0000009B012B20D0584B1868002801D1FEF73A
:10ED1000B9FCFEF764FA22AC3A0021212000F2F798
:10ED200009FA002801D0FEF75AFA239B2299002BFA
:10ED300022DBBB685A6991421AD29B698900CE587E
:10ED4000474B1868FEF790FC454B1868DDE7130049
:10ED500020331B01FB181B79002B06D0404B186891
:10ED6000002801D0FEF73BFAEFE73E4D2868C0E7E8
:10ED7000404B1868FEF778FC21AC200049B2F2F74E
:10ED800059F9002801D0FEF72AFABB6822785B689F
:10ED900092009B185E68D3E7314B1868FEF789FE36
:10EDA000230020331B01FB181B79002B06D02C4BB2
:10EDB0001868002801D0FEF712FAEEE7294D2868FE
:10EDC000FEF767FE83229200944663441988FEF79B
:10EDD0008FFE2000FEF7CCFA0025FEF705FFA8887D
:10EDE00094461390002015910500020004E00132C2
:10EDF000159990B281422FD9FA21200049008B4207
:10EE00000BD24946881813995D1C8A465044007AF3
:10EE1000FB181874ABB2604601250028E7D0FEF756
:10EE2000DEF9FA2040008246CC4607E04846013031
:10EE300080B28146884201D1FEF7DAFE20005345B8
:10EE400006D26546581CFB181D7483B201251000BC
:10EE50000028EBD0FEF7C3F96246FEF7C9FEC046B4
:10EE6000C8570410785704106C5704107C570410CE
:10EE70000A020000BC57041020331B01FB18159335
:10EE800043460500179118931AE0013CA4B23B19C0
:10EE90001B7C01259B466346DB79FF2B08D0594636
:10EEA000FF2905D09B4503D0BE4B1B68002B40D1EA
:10EEB00001235B429846013A92B2C444002A0CD026
:10EEC000139BA342E1D1159B1B79002BF0D14B463C
:10EED000002BE0D04846FEF74BFA189B179998464E
:10EEE000002D02D081239B00FC528123FA24AE4ADC
:10EEF0009B00126864009446A14600220125FB5A3B
:10EF00008A440EE064464B4506D20C7A5A1CFB1824
:10EF10001C7493B204002A000131002C01D0FFF7C9
:10EF200045FB8A45EED1002A01D0FEF7EBFFFEF744
:10EF300019FA1800FEF71CFA9C4D2868FFF70DFA25
:10EF4000159BC31803E00130984200D1AAE0027A71
:10EF5000002AF8D0FFF7FAFB82889446002B00D1F4
:10EF6000B4E0199A8444B918822292009146494427
:10EF70000A88002118920822914699444A461A921A
:10EF8000139A91460BE01A9A525C1398824201D070
:10EF9000FFF7DCFB01318AB2914500D882E062467E
:10EFA0005218127A1392189A032AECD19A88581898
:10EFB0008018027AE9E7199A0100B81882229200B3
:10EFC00094460822604494469C4462461892139AE0
:10EFD00094461A0009E0189B5B5C002B01D0FFF7F8
:10EFE000B5FB01318BB29C455CD9002AF9D003886E
:10EFF000032BF0D19388994653184B441B7AECE7C6
:10F0000022006B4B1868002801D0FEF7E8F8FF2CAF
:10F0100001D0FEF78CFE1400FEF789FEFF2AF0D027
:10F02000634B1868002801D0FEF7D9F81400FEF7EA
:10F030007EFE00219A8808001A92189A1893944626
:10F04000424608E00130139B81B28B4229D94B46DE
:10F050001B5C01009C46189B98461A9B41449846AD
:10F060004144097A6145EDD0FFF770FB504B1868B9
:10F07000FEF72BFE4D4D2868002801D0FEF7AFF8B3
:10F08000FF242868FFF788FB20331B01FB181B793E
:10F09000002B0BD0464B1868002801D0FEF79FF8D4
:10F0A000E5E7904621990135FFF7EBFA3F4D2868D7
:10F0B000FEF7FBFD3F4B1868FEF75AF983208000EE
:10F0C0008446624412881392FFF7FDFA139A03E014
:10F0D000013399B28A42E5D9C1186144097A0029FD
:10F0E000F6D0FFF733FBBD23334D8121AC46DB0067
:10F0F000FB5A89005C1E20013818604400887A5A47
:10F10000814682423DD0531E9BB27B52FB181B7C32
:10F110000393274B1868002801D0FEF760F8039B83
:10F12000FF2B2BD0039B012B28D01E4B18680028E7
:10F1300001D0FEF754F85346E11A82239B009C4607
:10F140000901614438007918FDF7C4FC002801D09A
:10F15000FEF745F881234A469B00FA52230001221C
:10F1600021331B01FB181A71FEF7FCF88320800085
:10F17000844663441B881593FFF77DFA0C4B18688F
:10F18000D5E720331B01FB181B79002B06D0084B59
:10F190001868002801D0FEF722F8F0E7034D286830
:10F1A000B9E7C0466C5704107C5704107857041018
:10F1B000C8570410685704100A020000094A10B525
:10F1C00094464024830063441A68C000624080343F
:10F1D00014408022520113431C60034B9C46604440
:10F1E000416010BD04C0014000400140074B800059
:10F1F0009C4660440368C90092000A435A400C23AD
:10F200001A4080235B0103431A60704704C0014029
:10F210000123D0228340120693629361094A402160
:10F220009446830063441A68C0004A40803111400C
:10F230008022520113431960034B9C46052360440E
:10F240004360704704C0014000400140024B186811
:10F250008007C00F7047C04600C00640EFF3108023
:10F2600072B6034A1368002BFCD0BFF35F8F704760
:10F270002C0100D0BFF35F8F0022024B1A6080F395
:10F28000108870472C0100D070B5EFF3108C72B667
:10F290000D4D2B68002BFCD0BFF35F8F0724CB08EC
:10F2A000C618C05C01230C40A3401C00044003426C
:10F2B00007D118433070BFF35F8F2C608CF3108838
:10F2C00070BD100001F0BCFE2C0100D0F8B547461F
:10F2D000CE46884680B5EFF3108C72B61C4D2C6874
:10F2E000002CFCD0BFF35F8F9A4222D80721012661
:10F2F000894602E00132934218D34D46370015404B
:10F30000AF40D4080119045D2742F3D110003C43FB
:10F310000C70BFF35F8F00220D4B1A608CF31088C6
:10F3200000280EDBC0BCB946B046F8BD0120404203
:10F33000EFE7BFF35F8F00232B608CF31088012071
:10F3400040424346002BEDD0089801F079FEC046BC
:10F350002C0100D00021044B044ABFF35F8F02C38D
:10F360009342FAD17047C046000100D0800100D01E
:10F37000044A1078431CDBB2172B00D910231370FA
:10F380007047C046291A002010B5064B064C82B0C3
:10F390000100009318221F232000FFF797FF02B0FF
:10F3A00010BDC04670B70210802B0020012383409F
:10F3B000002904D0034A1360034A13607047034ACC
:10F3C0001360FBE780E200E000E100E080E100E0A4
:10F3D00001228240034B1B6813405A1E9341D8B24E
:10F3E0007047C04600E100E001238340014A1360FA
:10F3F0007047C04600E200E0084B10309B68800078
:10F40000C358002B07D0064A00209B1A2F229A428D
:10F410004041C0B270470020FCE7C04600ED00E06C
:10F420002C1A0020024B10309B688000C058704797
:10F4300000ED00E070B50D00EFF3108672B60F4AD4
:10F440001368002BFCD0BFF35F8F0D4B10309B680F
:10F4500084001B590B4A934203D09D4201D001F016
:10F4600007FE074B9B681D51BFF35F8FBFF35F8F94
:10F470000022024B1A6086F3108870BD240100D070
:10F4800000ED00E0CD010010F0B557464E46DE46D7
:10F490004546E0B585B0060000911700EFF3108BEC
:10F4A00072B66A4A1368002BFCD0BFF35F8F002549
:10F4B000674B5D579A46002D00DAA9E06B00654C5A
:10F4C00001935B199B009846A146C1444B465246A6
:10F4D0009B7910361370604BB6009B6899590B1BD3
:10F4E0002F2B33D95D4B994200D0ACE0019B4246B3
:10F4F0009C465B4B6544AD0063535A4B0232A218E5
:10F50000043B9B1A1B05584A5B0D651913436B801E
:10F51000564B0121AB80FF23AB71009BEF71AB60B9
:10F520004B460B4319004C4B9B689951BFF35F8FBF
:10F53000BFF35F8F0022454B1A608BF3108805B034
:10F54000F0BCBB46B246A946A046F0BD01200A0069
:10F550008243D3798C46BB4231D845461300444997
:10F560001B1B5B415943090D3D4B63533D4B02351A
:10F570006519043B5B1B1B053B4D5B0D2B43AA46EA
:10F580004D466B800425AC465546E044131F444469
:10F590001B1B1B055B0D1D434B46997100999D80FC
:10F5A00099604946DF71334B01431360BBE7580054
:10F5B000C01880002018C179B9422FD90200062353
:10F5C000D356002BF3DA02932B4B61460393131DA2
:10F5D0009A4604235B429C46E14450464B461B1A24
:10F5E0001B055B0D9C46204B957198466346404633
:10F5F00003439380019B5A199200039BA418A38094
:10F60000029B1C4AA371009B2260E771A3608AE7FA
:10F6100001F02EFD002553465D574FE79088029379
:10F620004005131D9A46031561469C464046D44446
:10F63000634604302018181AE0230005400D1B0211
:10F6400018430390C5E701F013FD4FE7240100D0F4
:10F650002B9D01202C1A002000ED00E0CD010010B0
:10F6600000A1FFFF5C1A002000E0FFFF01BDFFFFCB
:10F67000AAAA00000148804701BD0000F8B5DE4697
:10F6800057464E4645460C00E0B5EFF3108872B67B
:10F690005B4A1368002BFCD0BFF35F8F594B5A496C
:10F6A0009A68030010339F00D5599C468D4238D08C
:10F6B000A54248D0554EAA1B2F2A32D8012213004A
:10F6C000834099465248006803409A464B46514849
:10F6D0000360BFF35F8FEFF305839B46002B34D0AD
:10F6E0009C4501D001F0C4FC01232A009A43906894
:10F6F000844208D172E04B005B189B00F3189868B5
:10F70000A04232D01A00062151560029F3DA844271
:10F7100050D05346002B24D04A463F4B1A603C4BF6
:10F720001A60384B9B68DD51BFF35F8FBFF35F8F6B
:10F730000022334B1A6088F31088F0BCBB46B246F7
:10F74000A946A046F8BD0D00EBE72B00934398684F
:10F750001A008442D7D106201856002809DA0D0075
:10F7600030E04A462B4B1A60DBE70620185600288B
:10F7700021DB42001118890074188B46A16899603A
:10F78000E179D971062161569971002924DBA48899
:10F79000F11A640524155C44091909051F4C490D2B
:10F7A0002143998013181E4A9B001178F318997110
:10F7B0001070AEE713005946002914D1FF31917142
:10F7C0001849918016490A789A71174A9B1B5B4128
:10F7D0005A43120D0A709CE71249E2E706201056C0
:10F7E00013000028C5DA114A1149D21A083A50020A
:10F7F000400D014399800F4952080A43DA8088E797
:10F80000240100D000ED00E0CD0100102C1A0020F2
:10F8100000E100E080E100E080E200E000E0FFFFC6
:10F820002B9D012001BDFFFFAAAA0000661A00203F
:10F8300000F0FFFF00F8FFFF70B5EFF30581012432
:10F840000443EFF3108C72B6214A1368002BFCD0EE
:10F85000BFF35F8F1F4B05001F4AED1A6D416A43CE
:10F86000120D1E4D8900AE6852B27658A6421CD0C9
:10F870000621595691421CD012215956914222D04C
:10F880001E215956914220D02A21595603249142D3
:10F8900010D0134B19781A708171BFF35F8F00225B
:10F8A0000B4B1A608CF3108870BDAB680D4C5C502C
:10F8B000EFE700246100091989005B18FF219971A5
:10F8C00009499980E5E70124F4E70224F2E7C046FC
:10F8D000240100D02C1A0020AAAA000000ED00E0AC
:10F8E0002B9D0120CD01001001BDFFFF054B064AF5
:10F8F0001360064A136053609360D36013615361D1
:10F90000936170478080808000E400E004E400E0C0
:10F9100010B5084B084C82B001000093002205236B
:10F920002000FFF7D3FC002801DB1F23181A02B0C8
:10F9300010BDC0468CB702103D9D0120024B9C4675
:10F9400061448900016070474000003410B5040034
:10F95000FFF70EFD01002000FFF7F0FFFF232371EA
:10F96000BFF35F8F10BDC04610B50400FFF700FD68
:10F9700001002000FFF7E2FFFF23A380BFF35F8FAA
:10F9800010BDC04610B504000120FFF7FDFC034B7D
:10F99000C3189B002360BFF35F8F10BD400000348D
:10F9A000034B9C46614489000160BFF35F8F704741
:10F9B0004000003483680B4810B5844661446244BB
:10F9C0001201090159189B185C684A680120944289
:10F9D00001D802D00020C0B210BD1A680B689A424C
:10F9E000F9D8F7E7FFFFFF0F0A4B1968EFF3108014
:10F9F00072B60A68002AFCD0BFF35F8F1B68BFF3A2
:10FA00005F8F00221A6080F3108840BF0020002121
:10FA10007047C046D4940020F8B557464E46454638
:10FA2000DE46E0B598460CAB1C780DAB1B780700A2
:10FA300091469A460668002C57D1B47B002C3AD0E8
:10FA4000650031682D19033D49194B78B373002BBC
:10FA500000D1F37300238B704B700B702D4BE218A9
:10FA6000BB6812019B184A461A6042465A600A9ABD
:10FA70009A600B9ADA6000238B704B700B70737B6B
:10FA80009B46002B24D0220073685946B0689847E3
:10FA90005B465B0032685B44033B5519D218002873
:10FAA0000FD05B46AB701378002B24D15B461470EB
:10FAB00073735C450DD0F0BCBB46B246A946A04668
:10FAC000F8BD94702B78002B00D053705B462B70E0
:10FAD00074734A464346387D00F03AFC051E11D146
:10FAE0000E9B002BE7D01D70E5E7650031682D19EE
:10FAF000033D4919B2E76B705B46147073735C4544
:10FB0000D9D1E6E75346002BEAD12100386800F04E
:10FB100055FEE5E7FFFFFF0F664B8200F0B5D458B6
:10FB20000023DE4657464E4645469B46E0B58DB01F
:10FB3000099000F079FB626806000F00EFF310886F
:10FB400072B61368002BFCD0BFF35F8F23689C460E
:10FB50005B7B9946002B0DD16368BFF35F8F4A46EC
:10FB60001A6088F310880DB0F0BCBB46B246A946B7
:10FB7000A046F0BD504BA5684B441B01ED1828680A
:10FB8000696802000B00921BBB41002B0EDD0200D6
:10FB90000B00099800F0DCFB6368BFF35F8F5A46E7
:10FBA0001A6088F310880028C3D1DCE7002B01D14C
:10FBB000002AECD10021604600F06CFDAB68020029
:10FBC000286869689A46EB680A900B9108934B463F
:10FBD0005D1EE368585D6368000202432261BFF363
:10FBE0005F8F5A461A6088F310885346002BBAD0AC
:10FBF0004B4608991843D047626806900791EFF387
:10FC0000108872B61368002BFCD0BFF35F8F079B80
:10FC1000002B27DB069A079B1100194302D02369AA
:10FC2000002B3BD12368D97B002906D01A684800F5
:10FC3000411852184946033A51709A7B002A01D163
:10FC40004A469A734A46DA73E268535D0133535564
:10FC50005B4623616368BFF35F8F5A461A6088F37F
:10FC6000108866E72369002BDCD00A9A0B9B069864
:10FC70000799121A8B41002B02DA01220F4B5242D4
:10FC80000021049101310391494602910899200015
:10FC9000019151460091FFF7BFFED9E700F0C4FA89
:10FCA000069A079B12184B41002BE9DA0122034BFD
:10FCB0005242E5E714910020FFFFFF0FFFFFFF7F97
:10FCC00010B5144C6368002B04D00A211248FFF7CA
:10FCD00035FE10BD2300114A1021206800F0E6FB1C
:10FCE000032000F095FA032000F09AFB03200C4952
:10FCF00000F0E8FAFFF73CFB0A4B9C460323237510
:10FD0000D0231B061B6860446375074B800060604E
:10FD1000DC60DAE7741A0020D4940020B5F90110F1
:10FD200019FB011040000034149100200048704776
:10FD3000741A0020F0B54E465746DE464546E0B5FB
:10FD400087B0019312AB1B780600059300239A46F7
:10FD5000994600927268EFF3108B72B61368002B0D
:10FD6000FCD0BFF35F8F3568AC7B002C00D170E016
:10FD700067002B683F19033FDB195A78AA73002AE2
:10FD800000D1EA73464AA118B268090152180098D6
:10FD9000019910605160109991601199D1604A46A3
:10FDA0009A705A701A706B7B9846002B61D02200B3
:10FDB0006B684146A868984743465B002A684344FD
:10FDC000033BD719D21800284CD04346BB70137898
:10FDD000002B00D07B70434614706B73444549D0B0
:10FDE000F3681B19013B18787368BFF35F8F4A46AD
:10FDF0001A608BF310885346002B08D10002204371
:10FE000007B0F0BCBB46B246A946A046F0BD059B74
:10FE1000002B43D0109B00201199984703000B43FF
:10FE20003CD002900391002931DA009B019C029999
:10FE3000039A5B1A94418022009301941206944223
:10FE400004D30123174C5B4200930194059B9A460F
:10FE500080E77368BFF35F8F1C608BF3108801200D
:10FE60004042CDE794703B78002B00D0537043465E
:10FE70003B706C73307D009A019B00F069FA8246FA
:10FE80000028ADD02100306800F098FCA8E700F011
:10FE9000CBF9029B039C1B184C41CCE70020AFE739
:10FEA000FFFFFF0FFFFFFF7F407D7047F0B5C646A5
:10FEB00000B584B004000D0000F0B6F924184D41DF
:10FEC000002D02DA01242B4D644206267642F717F4
:10FED00036196F41AF4214D811D000F0A5F93200A5
:10FEE0003B00121A8B41002B15DC002B3ED020006A
:10FEF000290000F0D7F904B080BCB846F0BDA64296
:10FF0000EBD90026002700F08FF932003B00121ACF
:10FF10008B41002BE9DD002302930193164B320045
:10FF2000009316483B00FFF705FF0130DFD00023A8
:10FF300039009846124A1348536A994204D8976A7E
:10FF4000BE42D4D99942D2D10768EFF3108C72B671
:10FF50003B68002BFCD0BFF35F8F0368BFF35F8F5C
:10FF600047461F608CF3108820BFE5E7002ABED00B
:10FF7000D1E7C046FFFFFF7FE9F90110741A0020A6
:10FF800000400540D4940020F0B5C64600B584B0CA
:10FF9000040000F049F9FA2206000F0020000023B7
:10FFA0000021920003F0C2FB8019794104000D1E6C
:10FFB00002DA01242A4D644206267642F7173619E2
:10FFC0006F41AF4214D811D000F02EF932003B003F
:10FFD000121A8B41002B15DC002B3ED0200029008B
:10FFE00000F060F904B080BCB846F0BDA642EBD981
:10FFF0000026002700F018F932003B00121A8B414E
:020000041002E8
:10000000002BE9DD002302930193164B320000938D
:1000100015483B00FFF78EFE0130DFD0002339008A
:100020009846124A1248536A994204D8976ABE42C7
:10003000D4D99942D2D10768EFF3108C72B63B68DD
:10004000002BFCD0BFF35F8F0368BFF35F8F474681
:100050001F608CF3108820BFE5E7002ABED0D1E7EF
:10006000FFFFFF7FE9F90110741A002000400540EE
:10007000D4940020F0B5EFF30583C64600B5050023
:100080000C0084B0002B0FD02F4A0020536AA342EB
:1000900006D3926A1B1B591E8B41AA42404118434A
:1000A00004B080BCB846F0BD284E02930193284BA3
:1000B0000200009330000B00FFF73CFE00280CDC30
:1000C000214A0020536AA342EAD3926A1B1BAA4228
:1000D00040415A1E93411843E2E720BF7268EFF394
:1000E000108772B61368002BFCD0BFF35F8FC3B2CA
:1000F0009846FF22336802409C465B7B43450DD007
:10010000634651001B6889185B18033B9B78002BE2
:1001100004D13269904209D1336107E0F168030AE2
:100120008A18013A1278DBB29A4207D07368BFF39B
:100130005F8F00221A6087F31088A5E7414660466A
:1001400000F03CFBF2E7C04600400540741A002076
:10015000E9F90110F0B5EFF30582D6464F46464661
:100160001000C0B51038EFF3108872B6214C236828
:10017000002BFCD0BFF35F8F0123190081401E4D7F
:100180001F006963AA461D4D29601D4D2E78AC469F
:100190003500C5402F402B4215D053465F6A194B9E
:1001A0008500EB589F4218D36246174B8E43EB589D
:1001B0001670BFF35F8F0022226088F31088002B37
:1001C00006D0984704E0BFF35F8F276088F310885C
:1001D000E0BCBA46B146A846F0BD0C4B92009C4626
:1001E000624413681360BFF35F8F0023236088F3BA
:1001F0001088EDE7280100D0004005403C70054024
:10020000399D0120E09C0020582A0020D03F054065
:1002100010B5034B01001800024AFFF735F810BD76
:100220001E9D0120A8B70210034B596A0A00986A64
:10023000596A8A42FAD170470040054070B50400FF
:100240000D00174A536A1900966A536A8B42FAD115
:100250003000190024184D41AB4216D813D0104B72
:100260002A005B6A9D4203D90D494B6A9342FCD335
:10027000934207D10A4A02E0516A994202D1916A37
:10028000A142F9D370BDA642E9D9054B5B6A1C00B7
:100290005A1CEFD0012201246442E5175242E3E7E1
:1002A00000400540064A536A9942FCD807D1044BE6
:1002B00002E05A6A914202D19A6A8242F9D37047A7
:1002C0000040054070B504000D00EFF3108672B6D3
:1002D0001A4A1368002BFCD0BFF35F8F002D1BD090
:1002E0002000FFF79FF8164981420AD02000FFF74F
:1002F000A1F801212000FFF759F80123A340114A7A
:100300001360114BA400E550BFF35F8F00220B4B2D
:100310001A6086F3108870BD0121A1400A4BA2002B
:10032000D5500A4B20001A788A4305491A70FFF706
:10033000A5F900212000FFF739F8E5E7280100D0F2
:100340005501021038600540582A0020399D0120CF
:10035000F0B54F46D6464646C0B507002B4C616AFD
:100360000D00A66A616AA942FAD18B4208D805D06D
:100370000120E0BCBA46B146A846F0BDB242F7D96A
:10038000EFF3108A72B6224801680029FCD0BFF34F
:100390005F8F0125BD401F491C4C8846097889465E
:1003A0002943C9B28C46414660460870391D890010
:1003B00065630A511849B8004350216A0020294258
:1003C00019D0616A0800A66A616A8142FAD18B423B
:1003D00019D801D1B24216D8CC450BD00B4B1F22F5
:1003E0001D625D6301233A4093400C4A136043460B
:1003F0004A461A700120BFF35F8F0022044B1A6037
:100400008AF31088B5E70020F5E7C04600400540B4
:10041000280100D0399D0120E09C002080E200E00E
:10042000EFF3108C72B60A490B68002BFCD0BFF3B7
:100430005F8F01238340074A0748136202789A437B
:100440000270BFF35F8F00230B608CF3108870473E
:10045000280100D000400540399D012070B50600FC
:100460000D00140000291CD0002A12D07368806887
:10047000984763006A0031681B195219033B033A1D
:10048000CB188918002806D09D700A78002A0AD156
:100490000C70280070BD8C701A78002A00D04A7049
:1004A0001D702000F6E75A700C70F2E710B58360FB
:1004B0000023CCB243730133426004738373C4736B
:1004C0000068421C012C05D90133DBB213700332E2
:1004D0009C42F9D1FF230B405A00D318C0180023C7
:1004E0000338437010BDC046F8B5CE4647460500F8
:1004F0000C0080B5002907D04E0003687618033E33
:100500009A195778002F04D12000C0BCB946B046D4
:10051000F8BD7900C919033988464344597889469A
:100520000021597051706B683A002100806898472B
:1005300043462A68D3189219002811D09C7011786C
:10054000002900D059701770270049462800FFF78E
:10055000CBFF390002002800FFF780FF0400D3E73B
:1005600097701978002900D051701C70EDE7C046D3
:10057000F8B557464E464546DE464C00E0B5641891
:1005800017000268033C0500105D13190E009C461D
:10059000002854D0430098461B18033BD3185978C1
:1005A0008A46002920D1002F13D0EC7B002C51D09B
:1005B00063001B19D318033B5E70AB7B002B3CD050
:1005C000EE73002807D043009846434619180339B4
:1005D000531800229A70002362465370F0BCBB4649
:1005E000B246A946A046F8BD490051440339521805
:1005F0005178884600215170894659705246010051
:100600002800FFF72BFF43468246002B07D05B00F4
:1006100029684344033BCB185A78002A1FD142462D
:1006200051462800FFF71AFFA4462A689444002F79
:10063000C7D0EC7B002CC0D0BAE7AE73C0E7002F68
:10064000C9D0EC7B002CB3D1AB7B002B20D1A9739C
:10065000E973C0E7AB7B002BEFD0EE73B5E750003A
:1006600080180338091848788346484648705870FF
:1006700041462800FFF7F2FE594680462800FFF762
:1006800033FF414602002800FFF7E8FE8046C6E738
:10069000E973A0E7F8B557464E464546DE46E0B555
:1006A000467B02687500AD19033D0F00515D53197B
:1006B00004009C46002956D04B0098465B18033B2B
:1006C000D31858788246002822D1002F13D0E57B1A
:1006D000002D53D06B005B19D318033B5E70A37BD6
:1006E000002B3ED0E673002907D04B0098464346C6
:1006F00058180338131800229A70002362463000FD
:1007000053706173F0BCBB46B246A946A046F8BD23
:100710004000504403381218507880460020507032
:100720008146587052462000FFF798FE43468246A5
:10073000002B07D05B0021684344033BCB185A7859
:10074000002A20D1424651462000FFF787FEAC46E2
:10075000226801009444002FC5D0E57B002DBED057
:10076000B8E7A673BEE7002FC7D0C57B002DB1D177
:10077000837B002B20D18673C673BEE7A37B002B3F
:10078000EFD0E673B3E750008018033809184878B3
:10079000834648464870587041462000FFF75EFE89
:1007A000594680462000FFF79FFE41460200200088
:1007B000FFF754FE8046C5E7C6739EE770B5040098
:1007C00000292CD0437B8B422ED00568480040186E
:1007D000033828188278002A21D053009B18033B45
:1007E000EA5CEE188A4202D11BE0002A08D05300CE
:1007F0009B18033BEB185A788A42F6D142785A701C
:1008000000230122837043702000FFF7B1FE617B5B
:1008100002002000FFF722FE6073012000E00020AC
:1008200070BD43783370EBE701221900FFF7A0FE9B
:10083000F2E7C046F8B5CE464746040080B506202C
:100840000E0000F0A3FA051E75D0534B80229C4287
:1008500000D192E0514BD2031A60514B51491A60BA
:1008600010008B689843FBD14F4B504AE318594214
:100870004B4180215B0049000620995200F086FA26
:100880003100C00002F032F9C30926D0484A934231
:1008900000D876E000234749474A6162A362256B8E
:1008A0009046EB0721D52200C02330329B01134331
:1008B000424A06201A60666AA36AB601F61800F07A
:1008C00065FA3F4902F012F9B6020100300002F069
:1008D0000DF90021FFF7B2FC07E04022012190460C
:1008E0006162A362256BEB07DDD427008026E36AF3
:1008F00000232C3776013E4333600620256300F049
:1009000045FA4146800002F0F1F8236B0500984655
:10091000DB0715D46023E26A5A400E33134033607C
:1009200043462363802310229B013B431A60234BE1
:1009300023630323A3642800C0BCB946B046F8BDB6
:100940002200C02330329B0113431C4A06201A6048
:10095000636AA26A9B019946914400F017FA4B46DC
:1009600017499B02994602F0C1F80100484602F07F
:10097000BDF80021FFF762FCCCE7084B12041A60B7
:100980006BE77F2299018846024001325208190024
:1009900090441300A4E7C0460080034000E00040FC
:1009A00000F0004000C000400080FCBFF09C002030
:1009B000FEFF0000FFFF0000C0FF3F00010300003A
:1009C0004E0E0000064BC3185A1E9341802212049B
:1009D00094465B429B0D034A9B056344136070473A
:1009E0000080FCBF00E000400539013AF8B5D200B4
:1009F0004C0105001443002B06D0013B5A425341E1
:100A00009B00234302241C432E6BF3070BD46E225E
:100A1000EB6A290063401A4080232C315B010B43B1
:100A20001A602E63F8BD2A00C02330329B011343A5
:100A30000A4A06201A606F6AAB6ABF01FF1800F00D
:100A4000A5F9074902F052F8BF020100380002F090
:100A50004DF80021FFF7F2FBD9E7C0460103000083
:100A60004E0E0000F8B5066B04000D01F3070BD421
:100A7000E36A22005D4010231D4080232C325B017D
:100A800013431D602663F8BD0200C02330329B0172
:100A900013430A4A1A60476A836ABF010620FF1897
:100AA00000F074F9064902F021F8BF020100380095
:100AB00002F01CF80021FFF7C1FBD9E70103000099
:100AC0004E0E000010B50C2082B000F0B7F9FEF712
:100AD000BDFB002810D08B4B8B488B498B4A18608C
:100AE00059609860D960186159619861D96118623C
:100AF00059625A6202B010BD854CA06700F0F4F94B
:100B00000122844B1A60636C012BFCD10322824BBF
:100B10001A607F4A936B012BFCD1013301217F4A7C
:100B20007F480093043300F037F905237D4A009392
:100B300001217D4800F030F97C4B5A68FF2A02D829
:100B4000802252005A608022734B6E4C12011A6050
:100B50002169002907D0606901F0C8FF0130430016
:100B60001B18033BFDD2E023704A714811680B400B
:100B7000036002231168594001330B4004210360D4
:100B800093681942FCD080216A4B090119608021C9
:100B9000694B490051602361684B5A68FF2A00D8AD
:100BA0005960032201215B4B1A60644A9368194221
:100BB000FCD0E023106803406148036012680323FF
:100BC0004A40022113405D4A036093681942FCD0F9
:100BD00080215C4B0901196080215B4B4900516009
:100BE00063615A4B5A68FF2A00D859608022584BDB
:100BF00012011A60E169002907D0606901F076FFEF
:100C0000013043001B18033BFDD2E0234F4A11681B
:100C10000B4050490B6080214F4B09011960802126
:100C2000394B49005160E3614C4B5A68FF2A00D8A8
:100C3000596080224A4B12011A60216A002907D0AC
:100C4000606901F053FF013043001B18033BFDD2E4
:100C5000E023424A11680B4042490B608021424B1D
:100C60000901196080235B0053608022264BD20269
:100C700023623E4B5968914200D25A6080223C4B1D
:100C800012011A60616A002907D0606901F02EFF25
:100C9000013043001B18033BFDD2E023334A1168A7
:100CA0000B4034490B608021334B090119608023CC
:100CB000DB025360154B6362304B5A68FF2A02D83F
:100CC000802252005A6080222D4B12011A60A169C5
:100CD000002907D0606901F009FF013043001B18AB
:100CE000033BFDD2E023254A11680B4025490B60E8
:100CF0008021254B0901196080235B005360124B52
:100D0000A361F7E658210020006CDC021BB700004D
:100D1000008000403CB0004030B00040002F6859D7
:100D200000800240008C864700C0024030800040B6
:100D30003090004030A00040001BB7003C800040D5
:100D40003C9000403CA00040405973075480004054
:100D500054B000405490004054A0004060800040D7
:100D600060B000406090004060A000406C80004097
:100D70006CB000406C9000406CA000404880004087
:100D800048B000404890004048A00040014B80001F
:100D9000C058704758210020F8B5040022481E00B2
:100DA00017000D0001F0A2FE0100380001F09EFEC8
:100DB000069B36041B031E432368002B22DB1B4BC0
:100DC0001B49E3185A1E93418022920194465B42CC
:100DD0001B0B184A1B0363441360174A13601F0060
:100DE0008A689743FBD1C022231D92011A43212315
:100DF0002560A06013602368002BFCDA0823E660FE
:100E00001360F8BD3F2322681340AB42D7D1A368DB
:100E10001B051B0D8342D2D1EE22E368D2021340A0
:100E2000B342CCD1EDE7C046001BB7000040FDBF88
:100E300000C0004000E0004000F000408023024A73
:100E40009B000343D36270470080054010B58024A7
:100E50001C4BE4051C6000281AD001231A4C1843CF
:100E60001A4BDC611A4C44401C6259629862802122
:100E7000144BC9051960174817490860E021C904D7
:100E80001960002A07D18022144B12061A6010BD87
:100E90000E4BD861EBE753019B1A9B009A188023F5
:100EA00012015B049A4209D213000D490B60074BF3
:100EB0005A608022094BD2051A60E8E7094B1A00F4
:100EC000F3E7C04600B00540D3C007B0008005403E
:100ED0002D3FF84FFCFF01000820014000A0054015
:100EE000AC780020FFFFFF00AA23064A1B01136015
:100EF0002F230549D360054B19605368002BFCDA9A
:100F00007047C0460040024000B0FA000060024056
:100F10002C4B2D4A70B51A602C4A2D4B2D491A6066
:100F200014008B689C43FBD12B4D2C4EB54208D24C
:100F3000013E761BB60808CD984723000134B34222
:100F4000F9D1FFF7BFFD264A214B1A60214A936869
:100F5000DB43DB01DD09002BF9D14022214B224C80
:100F6000224E9A675A671A67DA66B44208D2236833
:100F70002000002B20D00834FEF7F6FCB442F6D354
:100F80001B4C1C4EC022B168200002F0ADFCB460C6
:100F9000FEF7E0F9FEF7AAFCFEF792FE164C174E9C
:100FA000B44208D2013E361BB60808CC98472B0045
:100FB00001359E42F9D170BD0834FEF7C7FCB4423A
:100FC000D5D3DDE700E00040BFCDFBFEFE7F3C0057
:100FD00000F0004000C000404021002050210020CF
:100FE000FFFFFF0100F001403021002040210020E0
:100FF0000000002000ED00E05021002058210020DA
:1010000000BEFDE7094A03001068002805D0084922
:10101000C3188B4207D81360704706480449C318A9
:1010200010608B42F7D901204042F5E7083C0020D0
:1010300000000420409D012010B5FFF7E1FFC046ED
:101040000FB400B5084883B002F030FD049B002BBC
:1010500007D005A91800019101F098FC034802F09F
:1010600025FD0120FFF7CCFFCCB70210009902103C
:1010700010B50148FFF7E4FFDCB702109A4200D236
:10108000885470477047C046F8B55746DE464E460E
:101090004546E0B599460A9B07009A460D9B88464F
:1010A00093460B9C9B073BD10C9B9C423DD21E1B45
:1010B0000B9415000C005E442A004B4601352100BC
:1010C0002020B847B542F7D1A0460B9C002C20D079
:1010D000454636195346321B013C185D29004B46E4
:1010E000B847002CF6D12B00350098460D9B9B0786
:1010F0000FD55B46EC1A0C9BA3420AD9464698468C
:101100002A004B46310020200134B84701354445C0
:10111000F6D32800F0BCBB46B246A946A046F8BDAF
:1011200016001500002CD3D1E0E716001500002CA6
:10113000CED1EEE7F0B54546DE4657464E46E0B521
:1011400085B09C4610AB1B78149F934698460F9C25
:10115000129E139DBB074CD4002D42D1B44248D2FD
:1011600001233B4099460E9B013B9A46302304E005
:10117000524601341355A64201D9202CF8D14B46D2
:10118000002B00D183E00E9B013B99463023A54202
:1011900005D82EE04A4601341355AC4229D0202C04
:1011A000F8D1FB060CD57B0554D4A64263D0A542EA
:1011B00061D0119B102B50D0022B57D0202C32D154
:1011C000202301930E9B5A46009303976346029592
:1011D000FFF75AFF05B0F0BCBB46B246A946A04691
:1011E000F0BD01233B40994601233B422AD1B44242
:1011F000B9D3FB061CD57B05DBD4002CD5D1119BC4
:10120000102B5BD0119B022B6BD0302301240E9A44
:1012100013704346002B10D17B073ED52B260E9A28
:10122000631C1655CDE72300013430260E9AD654A0
:10123000202CC5D04346002BEED02D260E9A631CE1
:101240001655BEE74346002B2FD0013DB44200D2D5
:1012500089E798E7119B102BB2D1BB0637D5202C1C
:10126000AED058230E9A13550134A7E7202CA7D0EF
:101270002300013407E0631E012CC0D0119A102A0C
:1012800031D0022AD1D162260E9AD65496E7FB06B7
:10129000CED57B0500D488E78BE723003E0790D5A9
:1012A00020260E9A013316558BE70C233B405A1E1D
:1012B0009341ED1AB44200D255E764E7BB060ED461
:1012C00078230E9A0224137030235370A1E7202C48
:1012D00000D175E778230E9A135501346EE7582331
:1012E000EFE76033EDE70E9AA61E91464E44BA062C
:1012F00002D55822327098E77822327095E7C046BE
:1013000010B5002800D110BD02F086FBFBE7C046F7
:101310000B0010B5002802D049681B68984710BD23
:10132000F0B55746DE464E464546E0B595B0834695
:101330000F00924698461E9A1F9B10001900209E8F
:1013400001F09DFE002800D0EAE11E981F990122BD
:10135000C54B524201F078FE002800D014E11E98DF
:101360001F990122C14B524201F084FE002800D097
:10137000E9E01E981F990022BD4B01F07BFE00287A
:1013800000D0C8E01E981F990022BA4B01F05CFE05
:10139000002800D0BFE01E981F990022002301F012
:1013A00053FE002800D0E4E000230B93229B5B0552
:1013B00000D406260024302307E0172106AA0134B2
:1013C00052181355013E202C01D0092EF5D81E9835
:1013D0001F9901F07FFEA84BF2009B181A685B680A
:1013E00005000892099301F05DFE02000B001E98B3
:1013F0001F9901F0B6FD089A099B01F0E2FD0690E5
:10140000079101F08BFE814601F048FE02000B00BF
:101410000698079901F0A5FD0022984B06900791C8
:1014200001F028FE002800D10DE101239C46E14493
:10143000484601F033FE02000B000898099901F0BC
:1014400009FE002802D0002399460135002E00D164
:10145000D9E006954D46B94614E006AA94461723EE
:101460000A216344280001341F1901F03FFB303189
:10147000397028000A21013E01F038FB092D00D8FF
:1014800017E10500202CE8D14F46069D20240CAE24
:1014900006AA17239446634499465B46B3460693CF
:1014A0000FE04B4628000A210134E61801F0F6FA55
:1014B0003031280031700A2101F0F0FA051E00D108
:1014C000E4E0202CEDD1069B5E469B460323229A46
:1014D0001340012B18D1219B002B15D00B9B002B07
:1014E00000D1FDE0219B013B2193202B0CD930231F
:1014F000219A07E0172006A9013409180B559442D8
:1015000000D3CCE0202CF5D1229B01940393219BA6
:101510000096029322E0229B52460493219B3900BD
:10152000039358461E9B1F9C0296009301944346CA
:1015300000F04AF90400200015B0F0BCBB46B246EA
:10154000A946A046F0BD229B5B070FD403224C4B5B
:1015500022990192039121990093029143465246A8
:1015600039005846FFF790FD0400E4E70422454B9C
:10157000EEE71E9A1F9B0020002101F0F2FC0123E0
:101580001E901F910B9311E7229B54469B0711D18C
:10159000219B042B0ED9219B55469C465E46043C5C
:1015A00064442A004346013539002020B047A54253
:1015B000F7D1B346344D26002B1F99465B46A34610
:1015C0001C003200E87843463900013DA04701364F
:1015D0004D45F6D123005C469B46229B04349B0775
:1015E000A9D55346219AE31A9A42A4D95E4615001A
:1015F0002200434639002020B04753460134E31A05
:101600009D42F5D897E7280001F04CFD02000B0041
:101610001E981F9901F0A5FC0022184B0690079117
:1016200001F012FD0CAE002800D031E706980799B2
:101630000022124B01F01EFD002800D028E70123F4
:1016400001359D4324E70022069807990B4B01F0D2
:10165000FBFC002800D0F9E64B46002B5CD10123AF
:101660009C46E144F2E6C046FFFFEFFFFFFFEF7F3D
:1016700065CDCD4165CDCDC1407704100000E03F80
:10168000F0B70210E8B70210F8B70210069B5E46EA
:101690009B460323229A1340012B00D181E0202C8A
:1016A00000D131E70B9B002B27D02D23335501347C
:1016B0002AE74F46069D202C00D1E7E63022331959
:1016C00007E0172006A9013409180A55202C00D17B
:1016D000DCE6A342F5D12E220CAE0134F254D7E65B
:1016E0000C23229A134257D0219B013B2193A34202
:1016F00000D9FCE6202C00D106E7229B5B0703D52E
:101700002B2333550134FFE6229B1B0700D4FBE655
:10171000202333550134F7E6DB0700D496E69EE735
:10172000229B55469B0711D1219B032B0ED9219B50
:1017300054469C465E46033D6544220043460134C0
:1017400039002020B047AC42F7D1B346B9465F46D6
:101750001C4EEC1C2A00B078434649460135B84778
:10176000013EA542F6D1229BBB464F469B0700D4C3
:10177000E1E65346219AE31A9A4200D8DBE65E4638
:1017800015002200434639002020B047534601345B
:10179000E31A9D42F5D8CEE6219BA34200D9A6E6E6
:1017A000B2E6219B002B00D179E70B9B002B97D051
:1017B000219B013B21939C4200D298E6202C00D033
:1017C00073E7A1E6F4B70210F0B5DE4657464E4681
:1017D0004546E0B599B081468B4692469846229A96
:1017E000239B1000190001F04AFC002800D0CAE039
:1017F000229823990122824B524201F03BFC00289F
:1018000000D0C0E02298239901227E4B524201F081
:101810001BFC002800D0B6E0229823990022002368
:1018200001F012FC002800D0C9E1229B239C089300
:101830000994089809998023269ADB001A400D9292
:101840008022269C1201144022000B94269C070043
:101850000E001C4200D0ADE00B00034300D0D5E0E9
:10186000002A00D00AE22200063324930223134008
:101870000C930223134200D002E2259B042B00D2DA
:101880000FE2043B0B93002304250A9300222298C5
:101890002399002301F0D8FB002800D003E25A4B23
:1018A000269A134004930B9B0393249B0293089B5B
:1018B000099C009301945946434652464846FFF717
:1018C0002FFD02002020269B1F27034059424B4139
:1018D0005B421840531C0893594643464530C8475D
:1018E0000A9AD317D4185C40D30F0A936B1E0B933C
:1018F00008AB9C460025674401E0202D0FD0200056
:101900000A2101F0F3F801357E19303131702000E1
:101910000A2101F0EBF826000400092EEDD805237A
:1019200006930B9B59460593002304930A330393B4
:101930000A9B4846029310AB0093089A43460195D0
:10194000FFF7F8FB0C9B002B2DD05346C41A259BA8
:10195000A34228D94D465F4681461E0053463900B2
:101960001A19202043460134A847A642F6D8534608
:1019700048462599C21A01320023914200D386E1DC
:10198000013018180FE0269B0493259B0393249B9A
:101990000293229B239C009301944346524659464E
:1019A0004846FFF7BDFC19B0F0BCBB46B246A9469D
:1019B000A046F0BD01432BD10B9B2200002B00D190
:1019C00054E700230A93249B0A9A0024934200DDE3
:1019D00085E1229823990022002301F035FB00289D
:1019E00000D035E1269B084A02941A408023DB0090
:1019F00013430493259B0393089B099CCBE7C046A4
:101A0000FFFFEF7FFFFFEFFFFFF7FFFF06232493AA
:101A1000B44B70009C46400D604401F043FBB24A59
:101A2000B24B01F0CEFAB24AB24B01F0A3FA360340
:101A3000B14B360B334304000D003800190000226F
:101A4000AE4B01F08EFAAE4AAE4B01F0BAFA02008C
:101A50000B002000290001F08DFA01F03BFB0A90F9
:101A600001F020FBA84AA94B04000D0001F0A9FADF
:101A70000022A74B01F07EFA01F02CFBA54A0600DC
:101A8000A54B2000290001F09CFA040030000D0055
:101A90000C9601F007FBA14AA14B01F092FA02005B
:101AA0000B002000290001F05CFA02000B00060088
:101AB0000F0001F086FA320004000D003B003000F8
:101AC000390001F057FA00220E900F91954B20003B
:101AD000290001F058FA0022934B01F04BFA020062
:101AE0000B002000290001F04EFA00228F4B01F07C
:101AF00041FA02000B002000290001F044FA0D0019
:101B00008021040032003B000020C90501F029FAC1
:101B100002000B002000290001F02CFA02000B004B
:101B20000E980F9901F02FFA0022734B01F022FA60
:101B30007F4B0C9C9C4664440022230501F041FA33
:101B400006000F0002000B000898099901F07CFACA
:101B500000280AD00A9B3000013B39000A9300227A
:101B6000714B01F010FA06000F000A9A330063323D
:101B70003900C62A12D802222698042510400B9A52
:101B80000C90002A25D1259B042B05D9002800D0D4
:101B9000A1E0259B043B0B93042541E002222698FB
:101BA00010400B9A0C90002A12D1259B052B76D958
:101BB000002872D1259B0525053B0B9334E080223C
:101BC00012069446229B0893239B6344099330E6B4
:101BD00005250B4300D1F6E608980999554A564B5E
:101BE00001F040FA002808D0089809990022534BC8
:101BF00001F02AFA002800D0E5E6249B002B1CD037
:101C00000D9B002B19D0249B013B2493259BAB42B9
:101C100004D90C9B002B5AD002230C9300230B9366
:101C20000A9B002B00D131E60898099932003B004D
:101C300001F0A9F90890099128E6259BAB42EDD95E
:101C40000C9B002B43D000230B9302330C93E7E74C
:101C50008020269B3A4A00061A408023844602943C
:101C6000089C099D2900DB0013430493259B6144D4
:101C7000220003930B00009201938EE60524A8E650
:101C800000230B930A93023304250C93FEE553467D
:101C90008C46013B63441B1A72E602230C93052514
:101CA000C2E70423EDE58020089E099F0006390065
:101CB0008446269A224B6144134004930B9B3200C6
:101CC0000393249B02930B0000920193F3E5259B61
:101CD0005B1B0B93A4E7022304250C93A0E79C1A3B
:101CE000013C76E601FCFFFFFB799F501344D33F94
:101CF000B3C8608B288AC63F0000F03F0000F83F61
:101D000061436F63A787D23F71A379094F930A405C
:101D10000000E03F1655B5BBB16B0240EF39FAFE4B
:101D2000422EE63F00002C400000244000001840F6
:101D3000FF0300002D431CEBE2361A3F80842E4146
:101D4000FFF7FFFFF0B5DE4657464E464546E0B585
:101D5000A5B01E002E9B92460C93CD4ACD4B8046DB
:101D60008B461A60002900D1EAE1002330789946B9
:101D7000002800D1ECE1C84B4C460B93C74B4546BD
:101D800057460E930AE0631C984622003B005946D2
:101D9000A84744463078002800D187E0013625283E
:101DA000F1D108239A46043B9946023B9846013BF1
:101DB00000229C460D943078711C0300203BDBB25E
:101DC000102B03D80B9C9B00E3589F460300303B2D
:101DD00089460D9C092B3AD9002398462A2800D120
:101DE000C1E000239A462E284BD00300683BDBB2AB
:101DF000122B1ED80E999B00CB589F4663460E00AF
:101E00001A43D8E743460E001A43D4E74B460E0068
:101E10001A43D0E710230E001A43CCE753460E00B6
:101E20001A43C8E780235B001A43FF3B9C46707847
:101E3000E1444E4667284FD82428A4D90300253B07
:101E4000DBB2422B9FD896499B00CB589F4600237C
:101E500094461E0000E00131B3009B195B001E1880
:101E60000878303E0300303B092BF4D90123624649
:101E700089469C460023B0469A460E00E1442E282F
:101E8000B3D13021802049428C46C0000243707893
:101E90004B4684446146092900D86CE12A2800D1C8
:101EA0007AE101239C464E46E1449EE7A146A846BE
:101EB000BA46CA4503D801235B4253449946534668
:101EC0004A4659460020C047200025B0F0BCBB461A
:101ED000B246A946A046F0BD0300693BDBB20D93B4
:101EE0000F2B00D94FE7012199408C466D49894657
:101EF00061464B4619400F91634649460B4200D05C
:101F000028E10D9B0A2B3AD0072B00D03BE70C9B16
:101F1000190008C98846002B00D14BE1212002435B
:101F2000914614A98C461F220F2162448C465146CB
:101F30000D950C91A24615000F9902E020290CD0B6
:101F4000130064461C4020003730092C00D80738A5
:101F5000013168541A090F2BF0D80C9B54460D9D83
:101F60009A460F9133E10C9B02CB8846002947DB50
:101F70000C9301239C4670784E46E14431E70C9B5C
:101F800002CB14935346002B00D138E19C460878CD
:101F90000B000C908C44002801D100F098FC89467D
:101FA0006146944603E05A780133002A01D08B42FF
:101FB000F9D1494662465B1A0C900F93530500D540
:101FC00020E10223180010400D90134200D1CBE312
:101FD0000D930B1BB1469A465E460C9822003B00BF
:101FE0003100A84753460134185D0028F6D1B346A6
:101FF0004E460D9B002B00D0C7E1149B0C93C9E605
:102000000C9301239C462838494202438846707845
:102010004E46E144E5E670786C2800D17FE18023EC
:102020005B001A43FF3B9C46E14402E780239B0090
:102030001A4301239C467078E144FAE670786828D8
:1020400000D173E180231A437F3B9C46E144F0E6D4
:10205000672800D103E1472800D15AE1452800D183
:102060005AE10492072142460C9B039207335246E1
:102070008B43190002920CC92800009201930C9125
:1020800022003B005946FFF79FFB040082E6C04652
:10209000451D021088700020A0750410E47504101E
:1020A0003076041041900000462800D1DBE0049215
:1020B000072142460C9B0392073352468B4319007B
:1020C00002920CC92800009201930C9122003B005F
:1020D0005946FFF725F904005CE6631C9846220088
:1020E0003B0059462520A847444653E60C9B043341
:1020F0000D93631C9946920700D422E10C9B2200A9
:10210000187859463B00A84743464444012B00D861
:1021100085E23300B8462E005F4625004C469946BE
:1021200022004346013439002020B047AC42F7D1A9
:102130002C00BB46350047464E460D9B0C9329E6C6
:10214000DB4B3078984600239946002800D012E6F1
:102150000024AEE66F2800D188E000D80BE31023FE
:10216000782800D1CFE09A430A239C4600230F939E
:102170000A330D9380E05646B100891949000133B6
:102180000E181878303E010030390929F4D9B246CA
:102190001E000133994628E60C9B023602CB8A4684
:1021A000C9435046C917084082460C933078731CC7
:1021B00099461AE6102310009843113318438146BC
:1021C00080201300C0000340024200D1A9E64B4624
:1021D0000693082305935346049310230393002387
:1021E00002930F9B220001931CAB009359463B00C6
:1021F0002800FEF79FFF434604000C93CAE5012325
:102200005B42C3E60F9B534501D953460F9302230C
:10221000180010400D90134200D1B7E10D93D14644
:102220000B1B9A463300A1442E0022004D460C9809
:10223000B9465F469B4608E04B463900541CB04700
:102240005346185D002877D022009542F4D15B46B2
:10225000BB464F46A94635004C461E00C9E68023C2
:102260001B011A43FDE620231A4320E708239C465E
:1022700000230F9308330D9380231100DB001940D6
:102280001A4200D116E10D239A4310008023020068
:102290009B001A401492184200D0C2E18023020031
:1022A0005B001A4091460C9A04320F92184200D0FB
:1022B000B7E2430600D59FE1030600D419E30C9B67
:1022C0001B880993002B00D0FCE1103398430029B0
:1022D00000D1F7E100239946434605935346049302
:1022E0000D9B069003930023D2E0582808D0622863
:1022F00067D102239C4600230F9302330D93BBE763
:1023000020231A43103B9C4600230F9310330D9358
:10231000B2E780231B011A4320231A43A1E6C023FE
:102320009B001A43F31C9946B07882E5C0231A43F8
:10233000F31C9946B0787CE535005E46BB464F46B7
:1023400057E64346012B00D863E1631E43449A4697
:102350003300B9462E005F4655469B46A2462200F2
:102360004B46013439002020B047AC42F7D135004C
:102370005E46BB464F46A14654460C9B4A461878DB
:1023800059463B004444A847D7E6A1460F9B9845D1
:1023900000D832E64444E41A3300B8462E005F46C3
:1023A00025004C469946220043460134390020203E
:1023B000B047AC42F7D12C00BB46350047464E46ED
:1023C0001BE680231000DB0018401A4200D10FE109
:1023D000112118008A430D920D9A802311009B0051
:1023E00019408C461A4269D1802311005B001940C4
:1023F00089460C9904310F911A4200D0CAE11300AA
:102400005B0600D5F0E013001B0600D459E20C9BDC
:1024100000229B5ED9175A184A4092B2D90F0C91EC
:10242000002B00D1F9E1100014AA944642461F2364
:10243000149252466344A84616944D460400B94689
:10244000B2461F00159201E0202D0FD020000A2176
:1024500000F04CFB01357E193031317020000A212B
:1024600000F044FB26000400092EEDD8149B4F46D3
:10247000A94645469846159B56469A46169C0D9B7E
:10248000069343460593534604930A2303930C9BF8
:1024900002934B4601931CAB2200009359463B002C
:1024A0002800FEF747FE0F9B04000C9372E4C04621
:1024B000851002100C239A431000E7E607220C9BBC
:1024C00007339343013294469C4462460C920CCBF2
:1024D000D90F0F911100194300D191E0D917139131
:1024E00012915140109113995940119110981199DE
:1024F000129A139B801A99411090119114AA0023EB
:10250000944642469946149252461F336344A84665
:10251000B24616944E46109C119DB94615921F0066
:1025200001E0202E10D0200029000A22002300F014
:102530001BFB013630322B00BA550D00220004007F
:10254000002BEED1092AECD8149B10941195454626
:102550009846159B4F46B14656469A46169C0D9B8B
:10256000069343460593534604930A2303930F9B14
:1025700002934B4601931CAB2200009359463B004B
:102580002800FEF7D7FD0400FFF704FC0F9B9845D9
:1025900000D8C1E18023DB000D9343460F9A1B193D
:1025A0009B1A994633002E004D46B9465F469B461E
:1025B0000C9122004B46013439002020B047AC4238
:1025C000F7D143460C9901330F930B7835000C93E8
:1025D0005E46BB464F46002B00D10EE50D9B002BFF
:1025E00000D1F6E4002319E60C9B1B781A0015E7CE
:1025F00010239A430D92EFE60C9B1B78099361E63A
:10260000002399460028AAD100220023109211939A
:1026100074E70C9B2200187859463B00A8474C46AB
:102620008BE50C9AFA3BFF3B07329A4301339946FC
:1026300091444B460C931368526815921A4306D185
:102640001032904300220992002900D081E06122DB
:10265000810600D54122D2B20A9214AA91460A9A62
:1026600000210A3A149242461792524618925A464C
:102670000991B3461F311E000F9B4944BA46199475
:102680001A950024674698468946159D16901B9218
:102690000AE03032D2B24B4601341A55A8454AD02E
:1026A000202C4AD006000D003A00002330002900FB
:1026B00000F05AFAD2B2092AEBD9149B9C46624424
:1026C000D2B2E8E76123820600D54123DBB20A3BA0
:1026D0000C93434614A91F228C461593534662441B
:1026E000A046B2464C461797A9461700099D0D9E75
:1026F0001490169308E03033DBB201343B55B542F9
:102700000ED3202C0CD005003100280000F0EEF98B
:10271000CBB20929EFD90C9A94466344DBB2ECE7BB
:10272000159B4D46A14644469846169B564614981E
:102730009A46179FD0E5B742B2D9179B574698469D
:10274000189B5E469A461B9B09949B461698199CBB
:102750001A9D43460593534604930D9B069003939D
:1027600000230293099B05E70F9B984500D914E7C6
:1027700001330F932DE41023110099430D91692823
:1027800000D0BAE080231000DB0018401A4200D1CC
:1027900022E61DE60C9B1B68DA0F1100002B00D10E
:1027A0008CE0DA179818504014AA914642461F232D
:1027B000149252464B44A046A9461697040065461B
:1027C000B2461F000C91159201E0202D0FD0200081
:1027D0000A2100F08BF901357E193031317020006B
:1027E0000A2100F083F926000400092EEDD8149B7D
:1027F000444698460C9BAC461900159B56464D46E0
:102800009A46169F0D9B02910693434605935346A5
:1028100004930A23039363463CE6002800D02EE687
:1028200002E60C9B1B689946002B03D1103398439A
:10283000002938D16123820600D54123DBB20A3B4F
:102840000C9343461693534614A91F228C461793A4
:102850002B006244A0464D46B24618979946170091
:10286000149C0D9E159008E03033DBB201343B55CB
:10287000B5420ED3202C0CD005003100280000F00A
:1028800035F9CBB20929EFD90C9A94466344DBB2EF
:10289000ECE7169B149444469846179B56464D46C3
:1028A0009A461598189F43460593534604930D9BEB
:1028B0000690039300230293149BEBE50028A1D11B
:1028C00072E70C9B1B68D9175A184A40A6E580236B
:1028D0001000DB0018409C460F901A420FD00220D7
:1028E000030013400F93104219D00023A1460F9309
:1028F0004CE50C9B1B680993E4E40A0034E40223D2
:10290000180010400D90134200D03EE54346002BC6
:1029100000D042E6FFF771FB01330F937FE463467B
:102920000D93F3E70CB430B585B008AC08CC064D78
:102930000A000094010028000394FFF703FA05B091
:1029400030BC08BC02B018477D10021010B5054C11
:1029500082B0009313000A0001002000FFF7F2F993
:1029600002B010BD7D10021010B50C0084B00394AD
:10297000012402A902900093034813006242FFF76A
:10298000E1F904B010BDC0461113021010B5094A98
:102990000300146884B0002C08D00122009106487E
:1029A000524203A9A047012004B010BD01F07EF8F7
:1029B0000020F9E78870002001130210014804216B
:1029C000014B1847A01A0020592A0210014B5B68DE
:1029D00018470000A01A0020014B9B681847000010
:1029E000A01A0020014B1B6818470000A01A002005
:1029F000044B5B68002903D100B59847203000BD27
:102A000008461847A01A0020044B9B68002800D0F5
:102A1000184700B508469847203000BDA01A00208E
:102A2000044B1B680AB59847844609BC9847614621
:102A3000084400BDA01A0020002310B50100988AA8
:102A40001B8B984710BDC046162310B5010018888F
:102A500002331B88984710BDF8B54746CE4680B56F
:102A60000F1E18D0142399460433040000250126B4
:102A700098464B461888434621681B88984701C4EE
:102A8000431E984101350640AF42F2D13000C0BC30
:102A9000B946B046F8BD0126F8E7C046124A936F22
:102AA0009B0815D29066D166002905D0FFE7FFE7A5
:102AB000FFE7516F106F704704B580210906C217F8
:102AC0005140002800D0C84305F036FB002104BD6A
:102AD000F0B5146E556E576F166FFFF7E3FF14666F
:102AE000556657671667F0BD000000D0114A936F16
:102AF0009B0813D210665166002905D0FFE7FFE757
:102B0000FFE7516F106F704704B5002801D0002017
:102B1000C04305F011FB002104BDC046F0B5146EA2
:102B2000556E576F166FFFF7E5FF146655665767CA
:102B30001667F0BD000000D094464A4A926F920892
:102B4000624601D228E0C046F0B5464E346E756E3E
:102B5000776F366F00F020F89446424A1466556647
:102B6000576716676246F0BD94463E4A926F9208D8
:102B7000624601D254E0C046F0B53A4E346E756EEE
:102B8000776F366F00F04CF89446364A14665566F7
:102B9000576716676246F0BD002B24DB11D0002971
:102BA0003EDA00B5C943404200D1013100F038F8A7
:102BB000C943404200D10131DB43524200D10133CD
:102BC00000BD002AEBD1002801D1002905D000204A
:102BD000C90FC90701D1C043410800B505F09CFAEF
:102BE0000022002300BD00B500290ADBDB4352426E
:102BF00000D1013300F014F8C943404200D1013143
:102C000000BDC943404200D10131DB43524200D1F3
:102C1000013300F005F8DB43524200D1013300BD1F
:102C2000002923D1002B18D1002A0CD0BC460D4F0F
:102C300038667A6600210023FFE7FFE7FFE77A6F37
:102C4000386F67467047002801D00748010000B57B
:102C500005F062FA0022002300BD02000B000020F4
:102C600000217047000000D0FFFFFFFF002B00D0C5
:102C7000BFE0130C28D1002AE7D080B4114F396689
:102C80007A66FFE7FFE730B4040C7B6F396F1B04F3
:102C900023433B667A66FFE7FFE7FFE7C04684B25F
:102CA0007B6F3D6F1B0423433B667A66FFE7FFE7BC
:102CB000C04600232C042D0C7A6F386F001969412F
:102CC000B0BC7047000000D0F0B594460025140E4B
:102CD00001D112020835140F01D112010435940FED
:102CE00001D192000235D40F01D152000135D40B2D
:102CF0000134254F7C66254C3C660E0C93B2FFE7F1
:102D0000FFE7FFE73C6F6643360C7703BE4673432D
:102D1000DF0B5B04C01AB941130C7343DB18C91AEB
:102D2000CE086643360CB64493B273431F0F1B01A3
:102D3000C01AB941130C73431F0B1B05C01AB941CC
:102D4000860D8F023E436643360C092D24DB520A62
:102D50007243801A7703460A6643360C16235B1BC0
:102D6000DE40DF40BF1964466643821B704604356F
:102D700006330100D940A840C01900D30131A24256
:102D800006D20023F0BD0000000000D0FFFFFFFFCF
:102D9000121B0130F3D3F1E709277F1BFE40644685
:102DA000A2B27243801A00D20139220C7243130C72
:102DB0001204821A99410B00704604351337010042
:102DC000F940A840801900D30131002B02D1A24262
:102DD0000AD2F0BD013000D30131121BFAD2013BFF
:102DE000F8D1A24200D2F0BD013000D30131121B54
:102DF000F7E7F0B51C0C00D080E00CB400251C0AED
:102E000004D11B02160E3343120208351C0B04D1E9
:102E10001B01160F3343120104359C0B04D19B0098
:102E2000960F334392000235DC0B02D192185B41BE
:102E300001351C00971864410134464F7C66464CAE
:102E40003C660E0CFFE7FFE7FFE7C0463C6F6643BA
:102E5000360C7703BE4697B27743C01B00D20139C8
:102E6000C01B00D201399FB27743C91BC91B170C85
:102E700077437E04FF0B801BB941CE086643360CB6
:102E80000C2D33DBB644120B1F053A431B0B97B2D4
:102E90007743C01B00D201399FB27743C91B170C7F
:102EA00077433E043F0C801BB941860D8F023E43A1
:102EB000664329277F1BFE400C3D7746AF40BF1974
:102EC00030BCA2B2ABB272437343801A9941220C58
:102ED0007243130C1204801A994102000B0001374F
:102EE000001BA941F9D2781E0021F0BD0C277F1BE1
:102EF000FE4077467F0BAF40FF19E0E700245D1CE2
:102F000007D0144F7D663966FFE7FFE7FFE7FFE76D
:102F10003C6F95B29EB265436643401BB141150CB0
:102F20001E0C6543664336042F0C3E432D04401BA4
:102F3000B141994204D202000B0020000021F0BDF3
:102F400001D19042F7D3801A994101349942F2D3CA
:102F5000F6E70000000000D0FFFFFFFF48404140BF
:102F6000484018B41B4B5B68FC46019308BD04DF66
:102F7000FF31021018B4174B1B68FC46019308BDC3
:102F800000DF093202109446134A926F920809D268
:102F9000624618B40F4BDB68FC46019308BD0CDF9A
:102FA000C13402100C4AF0B5146E556E576F166F8F
:102FB0006246FFF7EEFF084A1466556657671667C4
:102FC000F0BD18B4034B9B68FC46019308BD08DFB5
:102FD0006533021088220020000000D0FFB5504069
:102FE0004240504059404B40594000E0FFB5154F1A
:102FF0004C00640D03D0BC4204D10C0314D8002053
:10300000090D09055C00640D03D0BC4204D11C030A
:103010000AD800221B0D1B0501264B4009D44B404A
:1030200003D58B4200D18242FFBD9942FCD1904230
:10303000FFBD0B43DB1803431343F5D0C9434918C5
:10304000FFBD0000FF07000000B5FFF7CFFF804184
:1030500000BDC04600B5FFF7C9FF01D9002000BD83
:10306000012000BD00B5FFF7B9FF01D9002000BD68
:10307000012000BD00B5FFF7B1FF804100BD012078
:1030800040054A00121804D85A00121801D800202E
:103090007047012070470020704700000021002881
:1030A00005D17047C1174840401AFAD0C90713B577
:1030B000064B1B6898470CBC441CA2401005120B21
:1030C0000349091B09051943114310BDD094002081
:1030D0001F04000010B54C00620D8023D218DB00E5
:1030E000D21A5B057E2A10DD9E3A13DACC1709034B
:1030F000490819435242D140640001341532202A54
:1031000005DAD0400843604310BD002010BD0846DA
:10311000604310BDC80FC018013810BD18B4044B6F
:103120005B6AFC46019308BD24DF71360210000083
:1031300088220020132370B51D78012D15D010DDD5
:103140001D48FFF781FC1D4C01008022200000F08B
:10315000CBFB022D2DD01A48FFF76EFC194B1860DF
:1031600070BD194B154CA364F5E7174B134C236046
:103170006360A360E36023616361A361E361236231
:103180006362A362E36223636363A363E363236411
:103190006364A364E36423656365A365E3652366F1
:1031A0006366A366E36623676367A367E367A36455
:1031B000D1E7054BA364CEE75344000088220020EA
:1031C0004C330000D0940020CD31021007B560468A
:1031D00001880A0A0230DF2AFAD1C9B2820804D370
:1031E000028840880004104300E00068014A505003
:1031F000039007BD882200200FB403BC0CBCF0B5BF
:103200000124E407634000E0F0B50C0DCF0F661E0B
:103210003605891B640503D3C943404200D30131FD
:10322000640D03D0661CF60A07D0E41B00207F0063
:10323000791C89078912803C24031D0DDF0F6E1E47
:1032400036059B1B6D0503D3DB43524200D301338C
:103250006D0D03D06E1CF60A07D0ED1B00227F0017
:103260007B1C9B079B12803D2D032F1B661B58D494
:10327000A446202E46DA20371400BC401D00BD4075
:10328000F24033412A4380185941CB0F05D0C9433E
:10329000C043002264425041514162464D0D28D145
:1032A0000D0D07D100281FD0241940414941013A92
:1032B0000D0DF9D0640006D3013000D30131002C8C
:1032C00001D140084000013A0BD4941CE40A04D117
:1032D00012051144DB071944F0BDD907204B1943EF
:1032E00000E0D9070020F0BD0029DDD1002CDBD1A2
:1032F000F0BD0132C6074008CD0728434908002E1B
:10330000E1D0D9E73C2E29DA203E40371400BC40FA
:1033100000D00124F24014431A00BB401C43D317D1
:10332000ACE7AC46202F08DA20360400B4400D008C
:10333000B540F84039412843A5E73C2F0CDA203F3F
:1033400040360400B44000D00124F8400443080093
:10335000B1400C43C117EAE710001900002494E7BC
:103360000000F07FF0B50C0D661E3605891BE60ADD
:103370006405640D02D0651CED0A04D00020012113
:103380000905803C2403A4461C0D671E3F05DB1B7A
:10339000E70A6405640D02D0651CED0A04D0002222
:1033A00001231B05803C24037740644497B484B216
:1033B00096B27443070C7E43150C6F4380B268438A
:1033C000361802D3012000043F183004350C0019D0
:1033D0007D41844688B29AB250430C0C62431F0C64
:1033E0007C438EB27E43921902D301263604A4197F
:1033F0001604170C3618674101BC81B29AB25143CA
:10340000040C62431B0C5C4380B25843121802D375
:103410000120000424181004130C401863412D18D7
:103420005E410020474106BC88B293B258430C0C61
:103430006343120C544389B251435B1802D30121F8
:103440000904641819041A0C091862416D185641D0
:103450000020474118BCF902720D1143F0026A0DB9
:103460001043ED020A0D03D16D1940414941013B62
:10347000124E9B1B7600B3420ED26D0007D3013073
:10348000002671416646354301D1400840001B05C6
:10349000C918E4072144F0BD0BDA013306D101302D
:1034A00004D101314F0D01D04908F2E7E1070020B6
:1034B000F0BD013631050020EBE70000FF030000FE
:1034C000F0B51C0D671E3F05DB1BE70A6405640DA4
:1034D00002D0661CF60A04D0002201231B05803CA2
:1034E0002403D0252D060026F6432E661E096E669F
:1034F000CE0FF619B44649004F0D02D07E1CF60AD5
:1035000003D000200021403F3F033E1BB600B444DF
:10351000013F7F05C91B49082E6F013676089C02C2
:10352000950D25437543ED137543AD1301356D10AE
:10353000F603761B0CB4CC02450D2C43A2B2B3B2F9
:103540005A43270C7B43350C6F43A4B26C431B19C1
:1035500002D3012424043F191C041D0CA4187D412E
:1035600024196D41009A91B2ACB26143170C7C43AF
:103570002B0C5F4392B25A43A41802D301221204C7
:10358000BF182204230C52187B41019C6C431B1969
:10359000520ED9010A434401A01A81B2B2B251437A
:1035A00003145A43360C734387B27743D617D219A4
:1035B00000277E4136049B191704160C7F185E41C4
:1035C0007316ED18F301002680337541A90F06D15B
:1035D0006400690AE8055B0A184309D22FE0042257
:1035E000944480337541A90AA8059B0A184326D341
:1035F000404149412404009A019B0D005543641B3E
:103600004343E41A95B286B27543170C7E43030C0C
:103610005F4392B25A43B61802D301221204BF1874
:103620003204330C52197B4152429C41002C02D48B
:103630000022013051414008CA071043490802B036
:103640006246D7079210084BD218084B9A4203D211
:1036500012058918C919F0BD0020002A01DC3900C3
:10366000F0BD01331905F5E7FD030000FE0700007A
:10367000002200B5203200F004F8080000BD000070
:1036800000220B150AD410B5944600F031F814143A
:10369000013400DA0021CB17144C20470020002110
:1036A00070476244343A0CD40C2A07DA0400914083
:1036B000904052422032D440214310BDD843D943D8
:1036C00010BD203207D40C469440524220321141A2
:1036D000D040204310BD0800C917203203D4524205
:1036E0002032104110BD1800190010BDA336021081
:1036F0000A0DCC0F531E1B05C91A520503D3C9432B
:10370000404200D30131520D03D0531CDB0A07D0D5
:10371000121B00206400611C89078912803A120381
:10372000014BD21A70470000FF030000514343438E
:10373000C9188C46110C83B24B4310B4040C61437E
:1037400092B280B2504362431C041B0C001910BC9F
:1037500059411304120CC0185141614470470000D4
:10376000132310B512481C78FFF76EF90100012CE5
:103770000AD003DD80220F4800F0B6F80E48FFF7AC
:103780005BF90E4B186010BD0A4C5422200000F06B
:10379000ABF80B4B6365A365E36523666366A366BD
:1037A000E36623676367A367E3672362E361E5E793
:1037B00053460000882300204C330000D0940020A2
:1037C000C537021007B5604601880A0A0230DF2AB1
:1037D000FAD1C9B2820804D3028840880004104399
:1037E00000E00068014A5050039007BD8823002084
:1037F00070B504000A4E300004F006FD200003F00E
:1038000023F90500300004F07FFC002D05D0054BA6
:103810002C199C4201D8280070BD0348FDF710FC0C
:10382000302100200000042000B8021070B505000F
:103830000C000B4E300004F0E7FC2800210003F0E0
:10384000A3F80500300004F05FFC002D05D0054B07
:103850002C199C4201D8280070BD0348FDF7F0FBED
:10386000302100200000042000B8021070B50500CF
:103870000C000B4E300004F0C7FC2800210003F0C0
:10388000EDFB0500300004F03FFC002D05D0054B9A
:103890002C199C4201D8280070BD0348FDF7D0FBCD
:1038A000302100200000042000B8021070B5040090
:1038B000054D280004F0A8FC200003F0CFF82800F4
:1038C00004F022FC70BDC0463021002001480421D4
:1038D000014B1847B01A0020592A0210014B1B68EF
:1038E00018470000B01A0020014B5B681847000021
:1038F000B01A0020030010B5080011001B6898479B
:1039000010BDC046F0B5C64600B5437D07000C00AB
:103910001600002B46D0002A17DD0B780A2B24D086
:1039200000239846012E13D001252900635C013540
:103930000A2B26D0B542F8D1464509DCA419013C32
:1039400023780D3B5A4253413B7580BCB846F0BDCD
:103950004346E018A419F11A013C3B6898472378C4
:103960000D3B5A4253413B75EFE7037D002BD7D106
:1039700002210F483B689847012EDFD0012398466B
:10398000D2E7631E5B5C0D2BD4D0884504DA434636
:10399000C91AE0183B689847022105483B68A846C9
:1039A0009847C7E70368110020009847CDE7C04655
:1039B000B4770410F0B5C6460B6806000C0000B5DD
:1039C000802B06D05A1C2260E418267180BCB846B1
:1039D000F0BD0F4B1D68002D16D00B1D98460D4FE6
:1039E00002E02D69002D0FD02B68002BF9D03B6829
:1039F000002B01D0AB42F4D1280041462268FFF7EA
:103A000081FF2D69002DEFD101220023DBE7C046A5
:103A1000EC2B0020F82B0020F0B5CE46474680B5B1
:103A200083B06B460600DD1D2870FCF7FDFB00230C
:103A3000194A12184B41002B02DA0122174B52424D
:103A400017490800884604F0BFFB164B81461C68E6
:103A5000002C14D0144F02E02469002C0FD02368EE
:103A6000002BF9D03B68002B01D09C42F4D1200000
:103A700001222900FFF746FF2469002CEFD14B46B5
:103A8000002B05D1300003B0C0BCB946B046F0BD34
:103A9000404604F039FBF5E740420F00FFFFFF7F8F
:103AA00038210020EC2B0020F82B0020F0B5DE465A
:103AB0004E4645465746E0B583B0060004F078F917
:103AC0000500FCF7B1FB0023284A12184B41002BDC
:103AD00002DA0122264B5242264908008B4604F0A6
:103AE00073FB254B81461C689A46002C38D00A236C
:103AF000224F984602E02469002C17D02368002B3F
:103B0000F9D03B68002B01D09C42F4D120002A0060
:103B10003100FFF7F7FE6B4642462000DA71D91DEF
:103B20000122FFF7EFFE2469002CE7D14B46002B62
:103B300018D153461C68002C06D06368002B0BD0AC
:103B400098472469002CF8D1280003B0F0BCBB468C
:103B5000B246A946A046F0BD2469002CEDD1F3E79A
:103B60000028F1D0584604F0CFFAE2E740420F00B7
:103B7000FFFFFF7F38210020EC2B0020F82B0020D6
:103B8000F0B5CE46474680B583B06B460600DD1DD6
:103B90002870FCF749FB0023194A12184B41002BEF
:103BA00002DA0122174B524217490800884604F0F6
:103BB0000BFB164B81461C68002C14D0144F02E0FE
:103BC0002469002C0FD02368002BF9D03B68002B10
:103BD00001D09C42F4D1200001222900FFF78AFE87
:103BE0002469002CEFD14B46002B05D1300003B0E7
:103BF000C0BCB946B046F0BD404604F085FAF5E7D2
:103C000040420F00FFFFFF7F38210020EC2B0020F7
:103C1000F82B00200A4A1368002B05D10CE01A008B
:103C20001B691032002B07D08342F8D1002902D142
:103C300018691060196170470029FCD01060FAE71C
:103C4000EC2B0020084B10B51C68002C06D06368D4
:103C5000002B04D098472469002CF8D110BD2469AA
:103C6000002CF4D1FAE7C046EC2B0020F0B5CE468C
:103C7000474680B5A3B004000D00FCF7D5FA002339
:103C8000274A12184B41002B02DA0122254B5242DF
:103C9000254E300004F098FA00232200019307001B
:103CA0002B00224801A9FEF75FFE214B8046994672
:103CB0001C68019B002B1AD0002C2FD01D4D02E058
:103CC0002469002C0FD02368002BF9D02B68002B1F
:103CD00001D0A342F4D12000019A02A9FFF712FEFD
:103CE0002469002CEFD14B461C6800230193002C63
:103CF00006D06368002B0BD098472469002CF8D1BC
:103D0000002F07D1404623B0C0BCB946B046F0BD35
:103D10002469ECE7300004F0F7F9F3E70194EFE7EA
:103D200040420F00FFFFFF7F38210020B53902100D
:103D3000EC2B0020F82B00200FB400B583B004A9B1
:103D400001C90191FFF792FF03B008BC04B0184706
:103D5000F0B5CE464746040080B583B0FCF764FA60
:103D60002600002736184F41002F02DA01261A4F8D
:103D700076421A4B1A4D994601AB98464B461C6841
:103D8000002C03D116E02469002C13D02B68002BE3
:103D900001D09C42F7D1A368002BF4D0012140460A
:103DA00098470028EFDD4346187803B0C0BCB946F9
:103DB000B046F0BD0B4B5A6A974207D89B6AB34294
:103DC00002D301204042F0E79742FAD101200021BE
:103DD000FCF734FAD2E7C046FFFFFF7FEC2B002050
:103DE000F82B0020004005407047C0460022014BE0
:103DF0001A7070472C9D01204B790020FF2B0BD1AE
:103E00008B79002B08D1CB79012B05D1082A03D956
:103E1000024B8A7809301A707047C0462C9D0120E9
:103E20000120704770B5012913D1144953791079D5
:103E300009781B0203430020994200D070BD5378DB
:103E4000012B08D0022BF9D1642200210020FCF7BD
:103E5000FDFF0120F2E79478D278050012021443A6
:103E6000D20502D5620A93401D000548FEF7E4FD25
:103E70007F210300214028009847C0462C9D012047
:103E8000554200000123037000487047B8770410C2
:103E90004B780A781B0213438A7810B512041A4330
:103EA000CB781B0613439622D200934200D010BD5C
:103EB0000348FEF7C1FD0021030008009847C046F3
:103EC00055420000024B1860024B19607047C04613
:103ED000782B00207C2B002010B5024B1878FBF7C4
:103EE00083FA10BD2F9D0120114B70B51A68002A6E
:103EF0001AD0EFF3108172B610680028FCD0BFF31F
:103F00005F8F00200B4A596010701B68BFF35F8FF2
:103F1000186081F3108800240025074B1878FBF700
:103F200063FA2900200070BDFA240025A400F4E7FC
:103F3000D8780020319D01202F9D012070B504000C
:103F400000200E0001F0E6FA002834D0002001F035
:103F5000F9FA00282FD0FCF767F90023174A121846
:103F60004B41002B16DB164D280004F02DF90028DC
:103F700021D0002001F0CEFA00280FD1012000212D
:103F8000404200F0C3FC03246442280004F0BCF863
:103F9000200070BD01220B4B5242E4E7002001F0EB
:103FA000D1FA0028EAD021003200002001F0D6FA30
:103FB000041EEAD1E7E703246442E9E740420F0028
:103FC000D89C0020FFFFFF7FF8B5DE46574680B53E
:103FD00005000C00FCF728F90023364A12184B4163
:103FE000002B02DA0122344B5242344908008A463F
:103FF00004F0EAF8002803D1C0BCBB46B246F8BDC5
:10400000002001F087FA00284AD00026002C43DD6A
:104010002B4B9B4614E0A919002001F011FB07006F
:1040200001200021404200F071FC002001F0CCFA98
:10403000FCF7FAF8224BF61918605960B4422BDDF0
:10404000002001F017FBA71B0200B84200DD3A0078
:10405000002AE0D101200021404200F057FC00205E
:1040600001F0B2FA002001F055FA002814D0002027
:1040700001F000FB0028E1D1FCF7D6F85B460F0009
:104080001A685B68002184460E4812184B419F4213
:1040900002D8D3D19445D1D9504604F035F8ABE7D6
:1040A00000200021064B18605960504604F02CF89F
:1040B000A2E7C04640420F00FFFFFF7FD89C0020D0
:1040C0008022002020A1070010B5234C84B00021DD
:1040D000200004F039F800281CD1204B1A68002A6F
:1040E00016D0EFF3108172B610680028FCD0BFF331
:1040F0005F8F01241A48596002781B68D2B204709D
:10410000BFF35F8F0020186081F31088002A0AD067
:1041100004B010BD01200021404200F0F7FB200058
:1041200003F0F2FFF4E7FBF701FE0400FCF77CF874
:10413000FA220023920012184B41002B02DA0122CE
:10414000084B5242012102910021019106492000B1
:104150000091FBF7EFFDDBE7D89C0020D87800202A
:10416000319D0120FFFFFF7FE93E0210054B10B596
:104170001868002804D0044B0022196801F03CF8AC
:1041800010BDC046782B00207C2B0020D02310B51A
:104190001B0684B01C68FBF7C9FDFBF785FEA04237
:1041A00002D0002004B010BD264B1B7801F044FC67
:1041B0002548FBF7CBFB0120FBF7AAFBFF23234C91
:1041C000234920701840FBF735F920780121FBF7CF
:1041D000EDF80520FBF710F9002825D1FBF7A6FD27
:1041E0000400FCF721F8FA220023920012184B4138
:1041F000002B02DA0122174B5242012102910021C9
:104200000191154920000091FBF794FD082204005C
:1042100000211248FFF762FB002CC2DB104801218D
:10422000FFF7F8FC0120BDE700220E490520FBF74F
:104230002BF9FBF79DF8094B01001800FBF7B0FBC9
:10424000ECE7C046207A0410D89C00202F9D012066
:10425000C9400210FFFFFF7FE93E0210D87800201E
:10426000C01A0020D93E0210004870474878041058
:1042700000487047F477041010B50400174803781D
:10428000002B20D0002C06D1154B16484380063B4E
:10429000FF3B038010BD052C1DD8134BA400E05834
:1042A00012490123013804E001330A800231142B42
:1042B0000DD0C25C002AF7D1C022DBB25B009200B5
:1042C00008481343E5E7112100F022F8DAE7CA2392
:1042D00004489B00DDE70020DCE7C046F41C012019
:1042E00009040000C42B0020DC770410C62B00203A
:1042F00010B5024800F0E0F810BDC04668910020FB
:1043000010B508220149FFF7EFFA10BD68910020AF
:1043100030B54B1E012900D1A7E0664A11780D097E
:104320002C0030349F2900D9A2E00470012B00D169
:10433000BEE00F21147821400C003034092900D947
:1043400098E04470022B00D1B2E05478250929008E
:1043500030319F2C00D990E08170032B00D1A7E071
:104360000F2121400C003034092900D987E0C470A6
:10437000042B00D19CE094782509290030319F2C32
:1043800000D97FE00171052B00D191E00F21214080
:104390000C003034092900D976E04471062B00D195
:1043A00086E0D4782509290030319F2C00D96EE0B1
:1043B0008171072B00D17BE00F2121400C003034AC
:1043C000092966D8C471082B00D171E01479250938
:1043D000290030319F2C5FD80172092B68D00F2142
:1043E00021400C003034092958D844720A2B5FD080
:1043F00054792509290030319F2C52D881720B2B1A
:1044000056D00F2121400C00303409294BD8C472FA
:104410000C2B4DD094792509290030319F2C00D9DF
:10442000073101730D2B43D00F2121400C00303494
:10443000092901D937310C0044730E2B38D0D179BA
:104440000C09220030329F2900D9073282730F2BCA
:104450002ED00F220A4011003731092A01D83032FC
:104460001100C173102B23D010300023037030BD16
:1044700007345AE737310C0063E707316CE737310F
:104480000C0074E707317DE737310C0085E7073111
:104490008EE737310C0095E707319DE737310C0087
:1044A000A3E70731AAE737310C00C4720C2BB1D156
:1044B000C018DAE76891002010B588B004000D221A
:1044C00000216846FFF70AFA0D22002104A8FFF731
:1044D00005FA4B236A466846137004A90D2203F0BF
:1044E00003FE1521082220006944FFF7FDF908B0FA
:1044F00010BDC04610B501210520FAF757FF10BDC9
:1045000010B500220021024800F05CF910BDC04641
:104510002C3C00208022024B5202DA647047C046D5
:1045200000201150F0B5C64600B5060000F024F991
:104530000C231B4DFF22AB6705201A49FAF7A4FF95
:1045400040239846184C402200212000FFF7C6F96E
:1045500043460127238321210023144A6770A26068
:10456000136063545F316184414621870539635488
:104570000F4A10496360E260A1620B606362E2620D
:1045800003F0AAFD80239B052F64EB6490230A4A65
:104590003000EA50FFF7BEFF80BCB846F0BDC04611
:1045A00000001150AD0E00200C3C00208400105083
:1045B000000110508000105010D001000B785B06F5
:1045C00002D14B78052B00D070478A78014B1A60D6
:1045D000FAE7C04600001150F0B5C64600B5CC78E9
:1045E00088780A794B797F21A40701401B02C5090D
:1045F00013434F00A20F1400324E7A195201B21821
:10460000907001206840507000205B055B0DD070F9
:104610001383D4768046CA00012D33D02A488446BD
:10462000880162448446B44460468260404610601B
:10463000002933D0254AC900904662464144516062
:104640003F223F339343022C00D15B0020487A196C
:1046500001685201B218D1601E4ACB180360514064
:104660005A40802388465B019A4228D84346A406D4
:104670001C4380237F197F01F61972681B062343B0
:10468000136011E014488446880162448446B444AF
:104690006046826240461060002909D100236D0106
:1046A00075196B600D4BEB60012080BCB846F0BD06
:1046B000084AC9009046624641445162C0E7FCF78F
:1046C000D7FCD3E70C3C00208400105004001050AD
:1046D000BC780020000010508000105000011050E5
:1046E00010B503F0F9FC10BD10B57F200C00204080
:1046F0004000E409110000191A00034B4001C018E2
:1047000000F060F8012010BD0C3C00207F23180051
:1047100000B5084083B00B4204D14B424B41084ADC
:10472000013393668022C9094000064B40184001BE
:104730000021C018120103F05FFD03B000BDC046A8
:10474000002011500C3C00207F22130010B50B40BC
:104750000A4200D110BDC9095B005B1804485B0127
:10476000C018002300220349C37003F045FDF1E7A0
:104770000C3C0020FFF7FFFF80220D4B520410B5C8
:104780001A600C4B0C491A6010008B689843FBD1DF
:104790009C2200210948FFF7A1F880220021520144
:1047A0000748FFF79BF80923044A536710BDC0462A
:1047B00000E0004000F0004000C000400000115048
:1047C00000001050002310B5C3820133828283762B
:1047D0000161040003F008FD002804D0802190232B
:1047E000074A8902D150200003F0CEFC002802D0F5
:1047F0000123237710BD200003F0EEFCFAE7C0464A
:1048000000201150024B5878431E9841C0B27047A7
:1048100020290020024B18784007C00F7047C0467F
:1048200020290020034B1878FF38431E9841C0B25E
:104830007047C046FC1A0020F8B5CE46474680B502
:10484000284E05003378FF2B04D00120C0BCB946A8
:10485000B046F8BD532200212348FFF73FF8234C10
:104860002000FBF773F8224B1C60224C2000143C04
:10487000FBF788F8200001F0BDFB1F4B1F4F1C60A9
:104880001F4B9846002F04D01800FFF7FBFA1D4B72
:10489000186043461C4A002491461B78002F11D013
:1048A0004A46A34212D89047434601341B78E4B2EB
:1048B000A342F3D228003570FFF734FE2800FFF73B
:1048C00019FEC2E7002C0BD00020BFE70D4A6300A1
:1048D00012681B19DB00D318002BF5D01A68E2E729
:1048E000094AE0E7FC1A002020290020D8280020EF
:1048F00074290020F41A002078290020853E021037
:10490000129D0120F82500208D560210F0B5DE46DC
:1049100057464E464546E0B591B001F093F8002861
:1049200000D1FCE0C34BC44E9946C44B0DAC02937E
:10493000C34B9B464B46019335686A69EFF3108180
:1049400072B61368002BFCD0BFF35F8FA9612800FB
:10495000210001F081F96A69AB69BFF35F8F002123
:10496000116083F31088002800D1D8E06378082B09
:10497000E2D8019A9B00D3589F466368002BDBD096
:10498000A0689847D8E77F202179AC4D08404300C4
:10499000CA09EB189B181D0001273035EA78BA4385
:1049A000EA70EA780337BA43EA70002800D1F2E0EF
:1049B000A44FDB7C002F06D0A34A1278934200D28A
:1049C000F1E09B1ADBB2002B00D0A8E09F4DA3685A
:1049D00062792078A847AFE70122984D01202B7813
:1049E000042113432B703323EA5C8243EA54EA5CCC
:1049F0008A43EA540133EA5C8243EA54EA5C0020C9
:104A00008A43EA5423789A4600F0F6FC6022237920
:104A10001A40602A00D1B5E0402A00D1AFE0DB06A1
:104A2000DB0E012B00D1D3E0022B00D120E1002BC3
:104A300000D0A7E0202A00D153E1002A00D0A1E055
:104A40006379092B00D99DE0814A9B00D3589F468A
:104A5000029B1B78DB0700D46EE77E4B002B00D156
:104A60006AE700E000BF67E7744D2B78DB0700D4EE
:104A700062E7794B002B00D15EE728780007C00F72
:104A800000E000BF58E7002523786E4F9A466E4B32
:104A900098461B78002F49D05A46AB4263D85046FF
:104AA0009047434601351B78EDB2AB42F2D2634DDD
:104AB000532200212800FEF711FF1022FF21E81CDD
:104AC000FEF70CFF28002022FF211330FEF706FF1F
:104AD0002EE0002523785B4F9A465B4B98461B7867
:104AE000002F2ED05A469D4233D35046904743461E
:104AF00001351B78EDB2AB42F2D2504D532200216A
:104B00002800FEF7EBFE1022FF21E81CFEF7E6FE70
:104B100028002022FF211330FEF7E0FE14E011B040
:104B2000F0BCBB46B246A946A046F0BD002D38D029
:104B300000F058FC494B002B00D1FDE600E000BF1F
:104B4000FAE6002D19D03D4D00F04CFC2379AB70F6
:104B5000F2E6434A6B0012685B19DB00D318002BA6
:104B6000F1D05A68C1E73E4A6B0012685B19DB005E
:104B7000D318002BDCD05A6891E7314AB5E73948A1
:104B800000281AD120780021FFF7C0FD802120786D
:104B9000FFF7BCFDD0E6A3686279207800F040FC06
:104BA000CAE6274A7BE72E4A58001268C318DB0082
:104BB000D318002BB3D01D6909E700F01DFC0121BB
:104BC00050460EAA00E000BF002800D0B4E6D9E7A6
:104BD000237A0F2BD6D81B4FEB18DB78002F06D08B
:104BE000194A1278934200D29CE09B1ADBB2002B48
:104BF000C8D11D481D4D00F0FFFB01215046EB6858
:104C00000EAA9847002800D096E660221500237966
:104C10001D401A42B6D163790A3B012BB2D800F08D
:104C2000EBFB63790A2B00D17DE150460EA900F021
:104C30006FFB81E65C780410782900202029002091
:104C400009570210853E0210129D0120FD580210E6
:104C50008078041000000000000000000000000048
:104C6000F82500200000000019580210E878041010
:104C70007023217A0B4285D1C80984460F330B403B
:104C80005B00E8186044C07CB14F8046002F07D01D
:104C9000B0480078804550D34746381AC0B28046A5
:104CA000404600283AD1002A00D0F5E0AA4A9046B2
:104CB000677902203A008243012A00D1F0E0002FF8
:104CC00000D05FE7EB1863443033DB780CAA9B0716
:104CD000DB0F02321380504602230EA900F02EFB98
:104CE0002AE6237A0F2B00D94CE7994FEB18DB7893
:104CF000002F06D0974A1278934200D2F3E09B1A15
:104D0000DBB2002B00D03DE79448934D00F074FBDC
:104D100001215046EB680EAA984755E79046002AB5
:104D2000C6D02FE78E4A59001568CB18DB00ED1866
:104D3000002D00D126E7E8685DE7474688487F00F8
:104D4000006847448046FF00B844002AB0D043467C
:104D5000002B00D116E7D86800F04EFB4346012136
:104D60005046DB680EAA98472EE7A37903931A00F2
:104D70006B789A4207D06B78002B00D058E1039BE8
:104D8000002B00D0F8E0039B50460EA96B7000F09A
:104D9000BFFAD1E56B780CAA02321370504601239A
:104DA0000EA900F0CBFAC7E5E3881A0AD8B20F2A99
:104DB00000D9E7E66B499300CB589F460EA800F058
:104DC00021FB5046A179FFF79BFB02222B7813436E
:104DD0002B70B1E5E388012B00D0D3E608222B78B5
:104DE000504693430EA92B7000F092FAA4E50220DE
:104DF00029780CAB9A1C8B068908DB0F01400B430A
:104E000068E7E388012B00D0BCE608222B785046E7
:104E100013430EA92B7000F07BFA8DE5524B002B4B
:104E200000D1AFE600E000BF021E00D1AAE6D378B1
:104E300091781B020B4350460EA900F07FFAC3E69F
:104E40004A4B002B00D19DE600E000BF021E00D1BE
:104E500098E6504613780EA900F070FAB4E621895E
:104E6000FFF70AFA021EF4D18CE6022A00D12DE1E6
:104E70003F4B002B00D185E600E000BF0200002A76
:104E800000D17FE6D3E7FFF7EFF9122302000EA966
:104E9000504600F053FA97E62F4B304898465BE7B0
:104EA000E288002A09D1334A1078012F26D0EF1862
:104EB00067443037FB789B073ED54346002B00D133
:104EC0003AE5D86800F098FA43460121DB680EAA5B
:104ED00050469847002000F08FFA3423EB5CDB0744
:104EE00000D529E5A1E61E4A59001568CB18DB005C
:104EF000ED18002D00D145E6E86807E7302291461D
:104F0000EB18634499444B46DB789B07D5D5FFF7F4
:104F10001BFC4B460222DB7893434A46D370D3787E
:104F2000BB43D370C9E70CAB9A1C504601230EA9B2
:104F3000157000F003FAFFE4FFF7E8FB0222FB78AC
:104F400013430122FB70FB781343FB70B5E7C046A7
:104F5000853E0210129D0120E878041019580210B5
:104F6000F8250020A87804100000000000000000D0
:104F700000000000FC1A0020581EC0B2FFF778F9AC
:104F8000002800D1FEE543780793022B00D0F9E515
:104F90000121C279B146931152110B400A4012010E
:104FA0005B0113432A782F318A4313432B70092363
:104FB000984680444746A846C37882781B0213432C
:104FC000C31804935C4B0993049BBB4200D881E057
:104FD0007B7801220B2B02D13B78FA78FF187B7883
:104FE000042B23D10025049B0B92DB1B9BB2059362
:104FF000524B19780693524B0A93524B08930A9BD3
:10500000002B52D0099B089E8D4245D33900504653
:10501000059A98478446082802D9059A824262D2A6
:10502000069B01351978EDB2A942E8D24E46A9E5B2
:105030005046FFF755FB00229146434AAB78059254
:105040002A004D46914604933C4B3D4F98461B78B1
:10505000002F1BD0059A9D422CD3504690474346C3
:1050600001351B78EDB2AB42F2D24D4653220021FE
:105070002800FEF733FC1022FF213448FEF72EFCF7
:105080002022FF213248FEF729FC02E0002D1BD030
:105090004D46049BAB7072E618232E4A6B4316688C
:1050A000F618002EC2D0B368B0E7002DBED1224B57
:1050B000244EABE7274A6B0012685B19DB00D3185C
:1050C000002BE5D05A68C8E71F4AC6E7FFF7D0F8BB
:1050D0000200D4E6204B45464E46002B00D152E656
:1050E00000E000BF4FE60B9A012A1FD00021464680
:1050F00009E0BB78CB18DBB2F318D878FF2895D13C
:105100000131DD70C9B29142F3D1B04666462B0041
:10511000390032000E4800F01BFDB446069B674480
:105120001B78AB4200D34FE74E462BE5024BB168EC
:105130009942DBD1079AD9E735570210129D012019
:10514000853E0210E8780410095702102329002038
:1051500033290020F825002000000000F8B557464C
:105160004E46DE4645460C00E0B516001F00002AFC
:105170003CD0702398461E4B00259B461D4B9A46FB
:105180001AE05B461B78200099465346997800F058
:10519000A1FC00281CD021004846FFF71DFA00287A
:1051A00016D0A378DA09012A19D00A9A01351370AA
:1051B0002378E418B54219DA6378052B08D1E3782F
:1051C0009B079B0FBB4203D14246A3781A42D8D01B
:1051D0000020F0BCBB46B246A946A046F8BD0B9ADB
:1051E000013513702378E418B542E5DB0120F0E7C0
:1051F000FC1A002020290020802310B50F4A84B01B
:105200001B0114680193039101AB58606169EFF3CE
:10521000108272B608680028FCD0BFF35F8F1900B7
:10522000A261200000F0DAFD6269A369BFF35F8F1D
:105230000021116083F3108804B010BD782900208C
:10524000702270B58B780C001A4201D0002070BD1E
:10525000064B20001D78064B997800F03BFC002897
:10526000F4D021002800FFF7B7F9F0E7FC1A00207E
:10527000202900200B007F2010B51840DB093333B4
:105280004000044AC018044B1168C01800F0DEFB4F
:1052900010BDC04674290020202900200B007F206B
:1052A00010B51840DB0933334000044AC018044BE2
:1052B0001168C01800F0F2FB10BDC0467429002030
:1052C0002029002070B57F240F480C406400041989
:1052D000CD0964193034E078C00701D5002070BDD5
:1052E0000126E578094835430078E570FFF7FCF9B9
:1052F0000028F4D10122E3789343E370E37803328A
:105300009343E370EAE7C04620290020FC1A0020FE
:1053100070B5094C0600082220000D00FEF7E4FAE3
:1053200000238021E360A3602B78300099430022A2
:105330000023FFF7C7FF70BDC4280020F8B5CE4694
:1053400047469046254E80B58146082230000D0024
:105350001F00FEF7C9FA4346B3600023F381EC79DE
:10536000AB7924021C43231CBC4200D93B1C9FB2D6
:10537000B381002C0DD0002F17D04246002A2BD02D
:10538000402F1BD89FB233787F2B1CD80021144AA2
:105390000FE080212B780022994348460023FFF735
:1053A00091FFC0BCB946B046F8BD7F2300223178DA
:1053B00099433B004846FFF785FFF2E740239FB241
:1053C00033787F2BE2D9064C3A0041462000FEF7A5
:1053D0008BFA80212200ECE70020E2E7C4280020BD
:1053E000E028002010B5142200210248FEF776FACA
:1053F00010BDC046C4280020014B18617047C0464C
:10540000C428002010B5054C010008222000FEF73A
:105410006BFA0023A360E36010BDC046C4280020DF
:1054200070B5394C1D0023780600DA09C9098A4293
:1054300013D00020002D00D070BD344B002B03D0C2
:1054400021003000FFF7BAF82369002B03D02200B7
:105450000321300098470120EEE77F2B06D8A06893
:10546000002834D02A002A49FEF73EFAE289A168D2
:105470005219E38892B24919E281A160934214D093
:105480003F2D12D9A389981A051C80B240282AD82A
:105490002078ADB27F2828D800219A4232D01C4A09
:1054A0002B003000FFF70EFFC6E72369002B05D065
:1054B000220002213000984700280AD0802123785A
:1054C0000022994330000023FFF7FCFEB4E70020E0
:1054D000B2E700213000FFF719F930008021FFF713
:1054E00015F90120A8E74025D2E79A4207D0084CD9
:1054F0002A002000FEF7F8F980212200D0E7802161
:105500000022CDE70022CBE7C4280020BD450210D1
:10551000E028002010B50400FFF774F9002801D13D
:10552000002010BDFFF776F90028F9D1B2229200D1
:105530006243034B01309B181B791840F1E7C046CA
:10554000FC250020B2239B00434310B502481818E5
:1055500000F04EFB10BDC0460C260020F0B5B22571
:10556000AD0045432C00C646164F1034E41900B573
:10557000200092B200F0BEFB0600200000F056FBB7
:105580003F2803D8300080BCB846F0BD7B1900200E
:10559000D9789846FFF76EFE0028F3D0200000F07F
:1055A00045FB4346D9783F2808D992239B00EA1847
:1055B000D21940230020FFF785FEE3E70020FFF724
:1055C0006DFEDFE7FC250020F8B50400FFF71AF9AF
:1055D000002801D10020F8BDFFF71CF90028F9D1FF
:1055E000B2239B005C432600144D2436761930000C
:1055F00000F0FEFA0028EDD02F190020B978FFF74F
:1056000039FE0028E6D0A2239B009C46644465191D
:1056100029004022300000F06DFBB978041E08D04C
:1056200003002A000020FFF74DFE0028D2D0200002
:10563000D1E70020FFF732FECCE7C046FC25002072
:1056400070B5B224A4004443094B0500E4182000BF
:1056500092B200F015FC0600200000F0C9FA3F28C5
:1056600001D8300070BD2800FFF7AEFFF9E7C04653
:1056700020260020B2239B00434310B5024818188F
:1056800000F0D4FA10BDC04620260020B22270B52A
:105690001B4C82B0002120009200FEF71FF9FF236F
:1056A0006371184B0025E3800126082321002000A8
:1056B00080222681237338310095073B5200103039
:1056C00000F060FA2100200080223931FF315200C1
:1056D00000960123243000F055FA8E239B00E61833
:1056E0003000FAF733F990239B002662E618300069
:1056F000E561FAF72BF92663656302B070BDC04619
:10570000FC25002000C2FFFF10B5094C0522002136
:105710002000FEF7E3F820002434103000F06AFC8B
:10572000200000F067FC0121200000F083FC10BD88
:10573000FC250020F0B54B79060083B0022B35D153
:105740008B79022B32D1314FBB78002B2ED18B7845
:1057500009253B700C780C196378242B07D029E0BD
:105760002378E4185D196378ADB2242B22D1AA42C4
:10577000F6D2274C200000F059FA3F2817D926000E
:10578000103E0020F178FFF775FD00280FD02000B3
:1057900000F04CFAF1783F2833D98E239B00E218B1
:1057A000F93BFF3B0020FFF78DFD00E000252800BE
:1057B00003B0F0BD1A00052B15D0042AD9D16379A6
:1057C0000A2BD6D1134B2778019301330093300075
:1057D0000223E119023AFFF7C1FC0028E6D00E359A
:1057E000ED19ADB2C5E721003000FFF729FD002813
:1057F000DCD0A3787B7023785D19E4186278ADB2B1
:10580000DBE70020FFF74AFDD1E7C046FC2500207A
:105810000C260020FE250020F8B560231400127825
:10582000050013400020202B12D12F4A63792779DD
:1058300016781B023B439E420AD16378222B1AD072
:1058400007D8202B3CD0212B02D1012930D00120B8
:10585000F8BD232BFCD101293FD00329F7D1234BDD
:10586000002BF4D0E178A37809020020194300E06E
:1058700000BF0120ECE701292FD00329E7D1012542
:105880002E00A378E478023924021C4314712640C8
:1058900024321000714000F0CDFB154B002BD6D008
:1058A0006208002031002A4000E000BF0120CFE75D
:1058B0000723210028000F4AFFF740FD0120C7E71A
:1058C0000129F5D00329C2D10B4B002BBFD00020FA
:1058D000911DFEF7DDFA0120BAE721002800FFF74D
:1058E00017FD0120B4E7C046FC25002000000000A1
:1058F0000000000002260020913E0210F8B5454647
:105900005746DE464E46E0B5464D8046EA780C00E6
:105910001F008A4247D0AB788B421BD00020F0BCDE
:10592000BB46B246A946A046F8BD3F4B002B04D06B
:10593000484600F073F900286CD0484600F076F92C
:105940003F2807D94E46103E0020F178FFF792FC21
:10595000002851D1AB78A34201D00120DFE7334BBF
:10596000002B02D0002000E000BF0020FFF72CFE3B
:105970000028F2D12E4C200000F03AF90028ECD19A
:10598000002FEAD0BF06E8D1243C4046A178FFF7BB
:1059900071FC0028E1D0002300224046A178FFF7E7
:1059A00091FC0120BBE79AB292239B00EE181023D2
:1059B0009B46AB443100584600F062FA1D4BD94675
:1059C000002BB2D06B79FF2BAFD0002FADD0F219E6
:1059D000924603E00136B245A7D06B7932789A42FD
:1059E000F8D1484600F01AF90028F3D14B46103B95
:1059F000597900E000BFEDE7484600F017F9F1786B
:105A00003F280AD98E22920040234A440020FFF703
:105A100059FC9FE7FEF7AAFB8FE70020FFF73EFC4B
:105A200098E7C046FC2500206D41021000000000F0
:105A3000202600200000000010B50020FEF7FCFE2C
:105A400010BDC04610B5FEF7EDFE10BD037870B571
:105A5000DB0704000E00DD0F002B17D103785B0776
:105A600001D5280070BD01213000494202F07CFBC5
:105A70002378DB07DD0F002B0AD123785B0708D4DE
:105A80000422237801251343237002E00025E8E770
:105A90000025300002F038FBE3E7C04670B50C008B
:105AA000012106004942200002F05EFB33785B07CB
:105AB000DD0F002B04DB200002F026FB280070BD68
:105AC0003378DB0704D40422337893433370F2E74E
:105AD0000025F0E7437902791B021343C2785B0586
:105AE00092075B0D920F022A1DD0032A0CD00020D2
:105AF000012A08D102394A425141124A944661446E
:105B000099424041C0B2704702394A1E91410E4A43
:105B1000494211408022D2009446002061449942BB
:105B20004041C0B2EFE7022905D0002040229A424E
:105B30004041C0B2E7E7054A981843425841C0B215
:105B4000E1E7C046FF03000040FCFFFF00FEFFFF4F
:105B50008A1870B5914207D27F264C78052C04D064
:105B60000C7809198A42F8D870BD34008D782C4021
:105B700064000419ED0963550C7809198A42ECD8C0
:105B8000F2E7C046F0B5C64600B504006846057E9B
:105B90008020884617001E000002824226D8E06856
:105BA000002803D00121494202F0DEFA20690028D2
:105BB00003D00121494202F0D7FA4346236073041F
:105BC0005B0CED031D430023E0686381A780E58043
:105BD0002381002801D002F097FA2069002801D023
:105BE00002F092FA012080BCB846F0BD0020FAE72E
:105BF00010B5048941898288A3B288B28C4207D348
:105C00001B1A9BB2101C9A4200D9181C80B210BDFE
:105C10005100091A5B189BB2F4E7C046038940891A
:105C2000181A43425841C0B27047C04610B50489A3
:105C300041898288A3B288B28C4207D31B1A9BB2D7
:105C400000209A4201D9D21A90B210BD5100091A0F
:105C50005B189BB2F4E7C04670B5040000690E0003
:105C6000002803D00121494202F07EFA258960898B
:105C7000A288A9B283B2854232D3CD1AADB2002D2B
:105C800028D0AA4208D291422FD3891A8BB26381BD
:105C90009A4203D89B1A9BB29A42FBD9E2882168A8
:105CA0005204520C53433000C918FDF71DFE63899E
:105CB0000125591C89B2A2888B420DD900215200BE
:105CC000891A89B220696181002801D002F01CFA8A
:105CD000280070BD618989B252009142F2DBEFE782
:105CE0005500ED1A4D19ADB2C9E789188BB2638121
:105CF000CEE7C046F0B546464F46D646C0B506008C
:105D0000006989469046002803D00121494202F0EB
:105D10002BFA31897289B5888BB294B2914254D3EF
:105D20001F1BBFB2002F4AD0BD4205D2AB4251D299
:105D30005B199CB22F0074814346B8453DD89FB291
:105D4000A54203D8641BA4B2A542FBD9F2883168EE
:105D50005204520C904662432B1B9BB28918424658
:105D60009F4225D953439BB21A0048469A46FDF7F5
:105D7000BBFD434648467D1B64195C433168504473
:105D8000A2B2FDF7B1FD7189B588CB199BB26A004B
:105D9000994216D99B1A9BB230697381002801D0B1
:105DA00002F0B2F93800E0BCBA46B146A846F0BDF0
:105DB00048467A43FDF798FDE5E73B1CBFE773894A
:105DC0009BB26A009342E7DBE4E76F003F1BDF19F9
:105DD000BFB2A7E75B1B9CB2ACE7C046F8B50400B6
:105DE000C0680E00002803D00121494202F0BCF92E
:105DF000258920896189A288ADB283B28FB2884299
:105E000029D3DB1B9BB29A4209D8E779FF0906D157
:105E1000E068002801D002F077F93800F8BD2B00C7
:105E200095421DD39B1A9BB29342FBD2E288206815
:105E30005204520C53433100C018FDF755FD6B1C42
:105E40009BB2A2889D4217D9002352009B1A9BB295
:105E500001272381DCE75100C91B5B189BB2D2E705
:105E6000E28820685204520C53433100C018FDF7F9
:105E70003BFD0135A288ABB252009342E8DBE5E777
:105E8000F0B545464E46DE465746E0B58846050025
:105E9000160083B0002A63D0C068002803D0012117
:105EA000494202F061F92F89EA79BBB29B466B89BE
:105EB000AF889BB2D2093FD19B455AD27A00D31A00
:105EC0005B449BB2BB4259D2FB1A1A1C9BB2B34231
:105ED00000D9321C5B4696B29B199BB29946F31BC4
:105EE0009BB29A46EA885C46BB4503D3E41BA4B246
:105EF000BC42FBD252043B1B570C3A006243286859
:105F00009BB28018B3424BD33A0041467243FDF72F
:105F1000EBFCAB885B00D94501D3994503DB4A46CE
:105F2000D31A9BB299464B4637002B81E86800286C
:105F300017D002F0E9F814E0BE4221D29B4551D3BC
:105F40005A46D21A92B27900F01B80B29219824658
:105F50008A4236DA5B46F3189BB29946EA88C2E772
:105F60000027380003B0F0BCBB46B246A946A046A5
:105F7000F0BD5A46D31A9BB2BB42A5D30027D5E742
:105F8000002FD3D0EA88F61B5104490C71439B467D
:105F90008844D919002389B289463E009A46A2E76F
:105FA0007B4399B20A00019154444146FDF79CFCA1
:105FB00022007A430199286892B24144FDF794FC8B
:105FC000A7E7DA1992B29146921B92B29346934296
:105FD0000DD95B46591A8BB29B46F3189BB2994672
:105FE000EA8880E77900CA1A5A4492B2ACE7914233
:105FF000EFDDF5E710B50400C068002803D00121EB
:10600000494202F0B1F82069002803D00121494239
:1060100002F0AAF80023E06863812381002801D000
:1060200002F072F82069002801D002F06DF801201A
:1060300010BDC04670B50400C0680D00002803D034
:106040000121494202F090F82069002803D0012183
:10605000494202F089F87F21E379ED011940E068B7
:106060002943E171002801D002F04EF82069002890
:1060700001D002F049F8012070BDC04603BDC04602
:1060800010B50400F9F732FCA04710BDF0B5DE46AC
:1060900057464646C0B582B000920F220193D023E6
:1060A00093461B061B6880469B445846F9F790F9B7
:1060B0008246002861D1D0263606FAF7B5F8009C52
:1060C000019D241A8D41002D34DBFAF7ADF800193B
:1060D0006941002902DA01202A49404202250C00C8
:1060E000294A336D1D4244D1536A9C42F9D8976ABC
:1060F000874239D3FAF798F8009C019D241A8D4104
:10610000002D17DBFAF790F800196941002902DA2F
:1061100001201C494042336DDB0719D40C000125D6
:10612000194A20BF536A9C420FD8976A874201D20E
:106130009C420AD053460024002B10D1200002B00C
:10614000E0BCBB46B246A846F0BD336D1D42E8D068
:10615000B36D9845B1D153460124002BEED00121F7
:106160005846F9F723F9E9E79C42C3D1336D1D4244
:10617000BAD04346736540BFBCE700215846F9F7E3
:1061800015F998E7FFFFFF7F00400540D02202216C
:106190001206136D1942FCD0506540BF7047C046CF
:1061A000D0221206136DDB0704D4012120BF136D2A
:1061B0001942FBD0D0231B06986D7047F0B5C64638
:1061C00000B5040086B00F200E009046F9F700F9E4
:1061D000002105000F20F9F7E9F8002300220092C2
:1061E00001930123029343460393D023049605941D
:1061F0006F4600240026012102201B06002C13D02C
:106200001A6D1042FCD05C6540BF1A6D114203D17B
:1062100020BF1A6D1142FBD09A6DA24209D0002610
:10622000B200BC58EAE79A6D1A6D1142FBD140BF2B
:10623000E6E70136062EF3D129000F20F9F7B6F86C
:1062400006B080BCB846F0BD0D4B0E4A10B5934267
:1062500010D30D4A99181A000B4C1051FF20C000A2
:1062600013500A4B0A4813500A4B0B489A68FFF721
:10627000A5FF10BD01235B421A000849ECE7C046A8
:106280000008042000000420F407000081600210D0
:10629000FC07000000ED00E07D600210F307000045
:1062A00070B5F8F7DBFF04000D480368002B13D02E
:1062B0002000F8F7DFFFD0231B061C6809492500E2
:1062C0000F352800F9F7B6F828000121F9F76EF824
:1062D0000122054B1A5570BDF9F738FBE8E7C046B7
:1062E000B078002081170020B8780020F0B5C646AD
:1062F00000B506000F00F9F797FF36184F41002F41
:1063000002DA0126164F7642F8F7A8FF154D040071
:106310002B68002B20D02000F8F7ACFF32003B00A8
:10632000280001F041FF041E0FD00F4B98461B7848
:10633000002B0ED13B0032000C48FFF7A7FE43466E
:1063400004001870280001F0DFFE200080BCB84671
:10635000F0BDFAF78DFEEDE72800F9F7F7FADAE776
:10636000FFFFFF7FB07800202E9D01201E83A873C1
:10637000F8B504000D00F9F757FF24184D41002D22
:1063800002DA01240C4D64420C4F22002B0038002D
:1063900001F00AFF061E01D13000F8BD22002B00DB
:1063A0000748FFF773FE061E02D00022054B1A7045
:1063B000380001F0A9FEEFE7FFFFFF7FB078002073
:1063C000E17C578C2E9D0120014B185C7047C04624
:1063D000B8780020F0B54E46DE4657464546E0B553
:1063E0004A4B81460C00802285B0984200D180E063
:1063F000474B92021A60474B47491A6010008B685E
:106400009843FBD180460620FAF7C0FC4B465A68F9
:1064100002231A4001924A46043211000292C0221D
:10642000920111430B608B4680210090A44602200C
:10643000E70D6602A30DA202490006E0009C94420B
:1064400007D392197B4188425CD005000230002BB3
:10645000F4D06446434680260393009B2F02AA464D
:1064600098467F1B760003E05346FF1A012E44D066
:10647000390040463500013EFCF738FB8442F3D238
:106480002B0055469A4650463302984668434B4681
:1064900042461D611B6880215340FF2212021340B7
:1064A0004A46490111438022029C0B609201019BE4
:1064B0001443236002265D464B465B682E604D46C2
:1064C0002F6807257D40CF2733402F400F60236082
:1064D0004B4624331A4303230100136000982660BF
:1064E000FCF704FB05B0F0BCBB46B246A946A0468B
:1064F000F0BD074B52021A607DE75546039B28000A
:106500009846C4E764460500A4E7C04600C00340BF
:1065100000E0004000F0004000C00040C023022125
:10652000021D9B011A43116002002432134303220F
:106530001A60064B9C466044431E984180235B02D0
:106540009C460004024B6044186070470040FCBF4A
:1065500000E00040F0B557464E464546DE468146CF
:10656000E0B5062083B00D00FAF710FC4B4602227E
:106570005B6880461340019304234B449A46C02332
:10658000514680209B010B431A600221EF0D6E02E1
:10659000AB0DAA02400005E0904507D392197B415C
:1065A000814232D00C000231002BF5D08026270228
:1065B0003F1B760002E03F1B012E28D039004046E9
:1065C000B346013EFCF792FAA842F4D9594661431A
:1065D00036024B46FF221C611B68120273401340B7
:1065E00080224846520102431360802352469B0199
:1065F0001343019A40461A60FCF778FA03B0F0BCE6
:10660000BB46B246A946A046F0BD0C00CEE721002D
:106610000026DEE7F8B5DE4657464E464546834639
:10662000E0B505200C00FAF7B1FB06006008210078
:106630008019FCF75BFA4300984680440700052167
:106640004046FCF753FA3B1A9A46204B81467000AD
:1066500080199C4234D81E49FCF748FA451C5B4619
:106660001C6800230422E3662368012053400232A1
:106670001A4080235B0123431A605346E3614B4673
:10668000236243464F2B03D950214046FCF72EFA94
:10669000A023E050E36F22005D4080237C322D0474
:1066A0005B0113432D0C1D60012339003000E366AC
:1066B000FCF71CFAF0BCBB46B246A946A046F8BDA2
:1066C0000449FCF713FA451CC9E7C0463F420F00D6
:1066D0008096980040787D010F4A70B5821A531E4B
:1066E0009A410E4BD20008321A600D4B0D4C1A60C5
:1066F0001500A3689D432B1EFAD166240268FF345F
:106700000571D5661460633C8833FF3CD56395639F
:10671000D450FFF77FFF70BD001B002000E0004059
:1067200000F0004000C00040F0B5DE4657464E463F
:10673000454690460022E0B583B01E000CAB1B78A6
:1067400007009B460368DA6601325960DA66002E5C
:106750005BDD027959469202924601224A4052027A
:106760009446019161468022BB46B446751E0020C6
:1067700047460E0091468132FF32411B0C006142B8
:1067800061413C5C4942A04631400091544641463B
:106790000C432100009C0C431C611024596B0C42DB
:1067A000FBD0494659588A4600290AD1A84227D029
:1067B000002101308A468445DFD1019B5F469B461C
:1067C00015E0596D01218846596B1142FCD0196EB4
:1067D00041460029ECD0019B5F469B465346002B67
:1067E00015D05346DB0712D453461B070FD55B4623
:1067F0003B7103B0F0BCBB46B246A946A046F0BD13
:1068000001990029D4D18846DEE70020EFE7022075
:106810004042ECE7F0B5DE464E4645465746E0B509
:10682000060009A80078346880460020E0666160B0
:1068300001219346E166002B32DD8022591E520071
:106840008C4692468025616F1029FCD000210028DB
:1068500001D13179890284451CD05246114321610E
:1068600002E0A16F00290DD16159616D0029F8D0B6
:106870000220404243463371F0BCBB46B246A946B3
:10688000A046F0BD5A462169115401308342F1D02F
:106890003468D8E74246012757407A021143DCE7C3
:1068A0000020E7E7D02212061268084B920010B5CC
:1068B000D35883F31088FA22002392000021FCF7BA
:1068C00035FFFFF755FD013810BDC0467C70002034
:1068D00070B5D025040001202D062B685840FFF725
:1068E00073FD002813D0FA2200239200200000211B
:1068F000FCF71CFFFFF7FAFC00280BD02A68EFF327
:10690000108172B60020054B9200D15070BD04205A
:106910004042FBE701204042F8E7C0467C7000207F
:1069200010B5041E01D0FFF7BBFC200010BDC0460F
:1069300000487047081B002010B5FFF7F9FF00283A
:1069400003D003680120984710BD0020FCE7C04633
:10695000F8B506000F001500FFF7EAFF041E0AD085
:10696000436828009847002804D13800B047280021
:10697000A3689847F8BD04204042FBE710B50A22FF
:10698000002100F0CBFD10BD030010B50A00034943
:106990000868190000F004F810BDC046281F002048
:1069A00070B50B0C0024150C002B28D1002D3CD108
:1069B0008BB291B2594300F05BF8051E33D003004F
:1069C000083B5A6803239A43043A242A12D8030046
:1069D000132A0AD90460446008331B2A05D984604D
:1069E000C460242A2AD00300103300221A605A609F
:1069F0009A6002E00021FCF771FF280070BD002DB5
:106A000016D1151C89B292B24A43ADB29BB26B4308
:106A1000110C5B18190C0BD1190492B2114300F040
:106A200027F8051ECBD10025E7E72B1C0D1CE9E755
:106A300001F062F90C2300250360DEE70300046126
:106A400018334461D1E7C04610B5034B0100186804
:106A500000F00EF810BDC046281F002010B5034BF3
:106A60000100186801F02CFA10BDC046281F002054
:106A7000F0B54E464546DE465746E0B50D000B35AF
:106A8000060085B0162D21D8102900D9D4E000F0D9
:106A9000D5FA102518230221CA4FFB181A005C688A
:106AA000083A944200D186E103226368A1689343C7
:106AB000E268CA6091600121E3185A6830000A4315
:106AC0005A6000F0C3FA20000830B8E007239D4365
:106AD00000D5B1E0A94200D9AEE000F0AFFAFC2346
:106AE0005B009D4200D2E0E1690A00D1AEE00429DA
:106AF00000D9A1E138239846A90988443931CB004F
:106B0000082252429446AF4FFB189C446346DC680F
:106B1000A44514D0032399460B0061469C4607E028
:106B2000E068002A00DB40E1814200D141E104003D
:106B30004A46636893435A1B0F2AF1DD41463A00E7
:106B40003C690832944200D11EE10320636883430C
:106B5000581B0F2800DDACE13A617A610028AADAFF
:106B60007A68904680229200934200D336E1DA0898
:106B7000580901238340404618438046D300DB195F
:106B80009A687860E360A2609C60D46001208B10FA
:106B90009840404562D8434603420AD103239943B3
:106BA000434640000431034203D140000431034214
:106BB000FBD00323B3469C460E00B8460190F0007C
:106BC00040440100B246CB680BE064465A681F009F
:106BD000A243DB68541B0F2C00DD39E1002C00DBE5
:106BE00053E19942F1D101239946CA4453460831F1
:106BF0009B07E8D1032205E003680838013E834281
:106C000000D013E23242F7D14346019A5B689343C6
:106C100042465360019A520001929A421CD8002ABF
:106C200006D119E004229146019ACA445200019209
:106C30001342F7D05646C2E70C233360002005B05C
:106C4000F0BCBB46B246A946A046F0BD80233F2219
:106C5000402190469B0053E75E4647460322BC68AE
:106C6000636893439846AB4203D35B1B0F2B00DD55
:106C70008DE0230043440293534B08201B681033DC
:106C80005B19019301F042F8504903900B688A4662
:106C9000013306D08446019B4242013B63441340CA
:106CA00001933000019901F015F80300814601338A
:106CB00000D11CE1029B834200D916E1444B0298AB
:106CC0009B461A68019B59469C4662440A60039998
:106CD0000139484500D157E153461B68013300D1C3
:106CE0005EE14B4602981B1A9B185A461360072315
:106CF0004A4648461A400292184200D115E10398CC
:106D0000013384469B1A019A99444A440192634490
:106D10000A409B1A194030008A4600F0DBFF431CF2
:106D200000D158E14B46C01A0300534401935B461F
:106D30001A68012052441A604B464946BB60019BC9
:106D400003434B60BC4213D043460F2B00D82BE1CA
:106D500007210C3B8B4361680140052019436160AA
:106D6000E118486088600F2B00D93FE14B465B6813
:106D700018490868904200D20A6017490868904292
:106D800000D20A604C46B4E07B689846FEE60122D9
:106D9000290013431143651961603000BD606B60C9
:106DA00000F054F92000083049E7A268D060826002
:106DB00081E66146C3E6DC680231A34200D1BEE64B
:106DC00072E6C046201B0020BC240020141B0020BB
:106DD0008C240020B4240020B82400205A0A042A5D
:106DE0007CD9142A00D9B0E010005B3082465C32B6
:106DF000D200082040428446BA1894446246926801
:106E00000B308146944500D186E00800A2466146D9
:106E1000844602E09268914204D04C465068A043F8
:106E20009842F7D8D368614654469C466346A260B0
:106E3000E3609C60D460A9E6142967D9542900D97D
:106E40008CE06E239846290B88446F31CB0057E6BF
:106E5000BA460120514684464919054350464560CB
:106E6000856847466046EB605E469D6053463961E3
:106E70007961204308374860CF6030008F609C50B4
:106E800000F0E4F850460830D9E6BA4601205E46E4
:106E90005244516801435160BA683000D3609A602F
:106EA00000F0D4F838000830C9E62B00E9080833B0
:106EB000F2E56119884601218C460D434146656023
:106EC00039617961CA608A60624602434A60E05073
:106ED000300000F0BBF820000830B0E69A0910003E
:106EE000393238308246D20083E7BC4241D0BC6898
:106EF0006368032293431A005B1BAA4202D30F2B41
:106F000000DD44E7300000F0A1F897E65B239846E7
:106F100088445C31CB00F3E553469810012383404D
:106F2000404618438046786080E7019B039A4B44B3
:106F30000B40D31A194030008A4600F0CBFE431CA8
:106F400000D0EFE600239A46F1E6542A2ED81A0B19
:106F500010006F326E308246D2004AE7AA235B00EF
:106F600099422ED8DD3B9846E90B88447831CB0016
:106F7000C6E5304B9B461A68019B9C465B466244C3
:106F80001A60039B591EA7E64846084200D0A3E6B4
:106F9000B9684344894601210B4349464B60E7E603
:106FA00053464A461A60A2E64860ABE7AA20400072
:106FB000824226D8DA0B1000783277308246D2002F
:106FC00017E71D4B994226D87C239846A90C884484
:106FD0007D31CB0094E5019A029B94464A46083BDA
:106FE00063449B1A019300239A46A0E621003000D7
:106FF000083100F065FF5B461A68BB6899465B681C
:10700000B6E60D4882420CD89A0C10007D327C30D6
:107010008246D200EDE6FE237E227F2190469B0031
:107020006EE5FE227E2092008246E2E643465B68E1
:10703000F0E5C0468C2400205405000010B502483D
:1070400000F060FE10BDC0468824002010B5024844
:1070500000F05AFE10BDC04688240020030010B581
:107060000A0003490868190000F004F810BDC04682
:10707000281F0020F0B557464E46DE464546E0B58F
:107080000C000600170083B0002900D1ACE0FFF728
:10709000D5FF08235B429946A1444B465B68032217
:1070A00019003D0091430B35CA468846162D67D816
:1070B0001025AF4267D8A8456EDA4946C04841441A
:1070C0004A68009080689346884200D1A0E0012081
:1070D000844610006246904308184068104200D071
:1070E00077E05A46032082439346C3445D454EDD14
:1070F0006046184212D14B4648461B68C31A03200B
:107100009B465B688343D21842440092954200DC60
:10711000CCE0434400939D4200DCCBE039003000DA
:10712000FFF7A6FC071E00D11EE14B4601225B685B
:10713000934302004B44083A934200D1E3E04246B5
:10714000043A242A00D9E3E003002100132A09D9D4
:1071500023680360636843601B2A00D9DCE00300F6
:10716000083108330A681A604A685A608A689A6067
:107170003000210000F0A4FE3000FFF767FF20E0A0
:107180000432954395D50C230027336019E0D84687
:10719000CB688A68D3609A6043465F1B53460122DE
:1071A00050465B68404413400F2F22D841460B43A2
:1071B00051464B604368134343603000FFF746FF7E
:1071C0002700380003B0F0BCBB46B246A946A04633
:1071D000F0BD1A42A2D14B464A461B68D31A03227D
:1071E0009B465B68934394E71100FFF741FC07005F
:1071F000E7E751462B434919554617436B604F60EB
:107200004368083113434360300000F059FED4E76F
:1072100003218A4394462900C44410318C4500DB85
:1072200084E0DB0700D579E74B4648461B68C31A64
:1072300003209B465B688343D218424401929142EB
:1072400000DD66E75B465A46DB6892685F46D360BE
:107250009A604246043A0837242A00D999E03B0054
:10726000132A0AD9594623688B606368CB601B2AAE
:1072700000D993E05B460834103322681A606268D4
:107280005A60A2689A605B4601225919009B30003F
:107290009960019B5B1B13434B605B465B6813402B
:1072A0005A462B435360FFF7D1FE8AE7CB688A68C2
:1072B000D3609A605B465A46DB6892685F46D3604B
:1072C0009A604246043A0837242A17D83B00132A0A
:1072D00009D9594623688B606368CB601B2A39D86B
:1072E0005B460834103322681A6062685A60A268EC
:1072F0009A60009B3C009846DA464DE72100380032
:1073000000F03CF9F5E703225B689343984443E7B8
:10731000210000F033F92BE7A3688360E368C360C2
:10732000242A26D00300103110331BE74B4659198D
:10733000009B0122996063465B1B13434B604B46E5
:107340005B68300013404A462B435360FFF77EFED4
:10735000270036E7A3680B61E3684B61242A10D04D
:107360005B4610341833BEE73000FFF76FFE00278E
:1073700027E723691831036103006269183342610A
:10738000F0E623698B615B4662692033CA61183479
:10739000A9E72100380000F0F1F874E7A3680B6159
:1073A000E3684B61242A03D05B461034183364E74A
:1073B00023698B615B4662692033CA6118345CE7DC
:1073C000201B0020F0B557464E464546DE46E0B548
:1073D00082460F0090461E00994683B0242B43D866
:1073E000012B41D00B0008204A4D1A0014780133BC
:1073F000295D0842F9D11D002D2C00D176E02B2CFF
:107400003ED0454B9B4600230193002E53D1302C98
:1074100000D173E00A230A26994649465846FBF7ED
:1074200065FB2B008C463D000200270000214C46E6
:107430000020E146AC463D00303D092D07D9113D05
:10744000192D03D93D00613D192D20D80A35AE42D2
:107450001DDD4F1C05D082422AD327D00121604375
:1074600028181F780133E6E700F046FC1623036076
:10747000002003B0F0BCBB46B246A946A046F0BD12
:107480001C78254B951C9B4600230193BDE767465E
:107490004A1C21D0019A002A00D040424246002ACC
:1074A000E7D0002933D143461F60E2E7A945D5DA8A
:1074B00001214942D5E7102EAFD110239946302C37
:1074C000ABD120222B789343582BA6D110236C7874
:1074D000994610260235A0E7222251460A6042460C
:1074E0005846002AC5D058465F1EDCE71C7880232A
:1074F0001B069B460123951C019386E720222B78CF
:107500009343582BE2D008230836994685E78346F3
:10751000E9E7C04601790410FFFFFF7F10B50400C2
:107520001300034A10680A002100FFF74BFF10BD4B
:10753000281F002030B5032A0CD90B0003439B07FA
:1075400019D104680B689C4215D1043A0430043107
:10755000032AF6D8551E002A0BD0002303E05A1C3C
:107560009D4206D01300C25CCC5CA242F7D0101B37
:1075700000E0002030BD551EEFE7C046F0B5C6461E
:1075800000B5884212D98C1884420FD98518032A75
:1075900058D8531E002A06D0DA43A418AD18E25C6E
:1075A000EA54013BFBD280BCB846F0BD032A0BD89D
:1075B0000500561E002AF6D00023CC5C1A00EC54BD
:1075C00001339642F9D1EEE703250C002E00044367
:1075D00003002640254232D10F2A4BD9102715002F
:1075E000BC460C00103D2D092D01A8464519AC44A0
:1075F00027681F6067685F60A7689F60E76810344E
:10760000DF601F001033BD42F2D10F230C24103174
:107610001340144065461A004144002CC9D08A59D1
:10762000AA5104369A1B032AF9D803221A409B0850
:10763000013B9B0004310435C918ED18B9E705007A
:10764000561EB9E72B0023439B0701D0531EA3E727
:1076500013000439071FCE58FE50043B032BFAD801
:107660000321131F9B089B00E41AED1A0A40043CF7
:10767000043D8EE713000500D1E7C0460323CAB2DC
:10768000F0B50340002A35D00324002B2DD1FF2371
:107690000B401D02ED182B04ED182C000168264E3E
:1076A0004C408B198B43A119A143244E0B43334209
:1076B00011D14168204F0C00CB196C408B43E1196C
:1076C000A1430B4304303342F3D00378002B05D0A1
:1076D0009A4204D001300378002BF9D10020F0BD8C
:1076E0009342FCD001302042D1D00378002BF7D157
:1076F0000020F4E7002B08D0032202E00130104202
:1077000003D00378002BF9D1E9E702680A4B0B4953
:10771000D31893430B4206D14268074B0430D31869
:1077200093430B42F8D00378002BD8D04378013034
:10773000002BFBD1D3E7C046FFFEFEFE8080808099
:1077400070B50478002C18D00E780500002E0FD0EC
:107750000A00330003E053780132002B03D09C422F
:10776000F9D1281A70BD6C780135002CF0D1F8E7FA
:107770006C780135002CFBD1F3E70020F2E7C0461E
:1077800030B5002A27D003000B439B0713D1032AEF
:1077900011D9134D0BE0043A002A1CD0114C1C19CE
:1077A0009C432C4217D104300431032A03D90368C7
:1077B0000C68A342EFD00D78047801230139AC4264
:1077C00007D00AE0002C06D0C45C0133CD5CAC428B
:1077D00003D19A42F6D1002030BD601BFCE7C046C1
:1077E00080808080FFFEFEFE0B00034370B5060024
:1077F0009B070DD1032A0BD9104D0C68104BE318D1
:10780000A3432B4204D1043A043110C6032AF4D80E
:107810003300002406E00D5D013A35550133013493
:10782000002D02D0002AF6D170BD00219C18002A3C
:10783000FAD0197001339C42FBD1F5E7808080803B
:10784000FFFEFEFE70B50478002C12D00E78050005
:10785000002E0ED00A00330003E053780132002BD3
:1078600005D09C42F9D16C780135002CF2D1281A50
:1078700070BD0020FCE7C046F0B5CE464746030089
:10788000944680B5012959D901220120904601254D
:1078900000260124404206E0221A904626000125D7
:1078A0007419A1420DD91F181A5D7F5DBA42F3D336
:1078B00036D0012501223000013674199046A142CC
:1078C000F1D844466246146001229146023A0125ED
:1078D00000269046012407E04246A21A914626005F
:1078E00001257419A1420ED94746DF191A5D7F5D43
:1078F000BA42F1D818D001250122B04601367419D8
:107900009146A142F0D8434601300133834203D36C
:107910006246494618001160C0BCB946B046F0BD89
:10792000454505D00135BBE74D4504D00135D8E7C5
:1079300076190125B4E776190125D2E70123994686
:107940000023E5E7F0B5DE4657464E464546E0B52E
:107950007D4C8246A544140089462000190005AAE2
:107960001D00FFF789FF06AB9B460190FFAA20C3CD
:107970001C329342FAD1002D0BD02300681E6619E9
:1079800020185F461A78C11A92000133B950B342E9
:10799000F7D1059B2000019AE1180293FFF7CAFD79
:1079A000002800D072E0002398464B46591B8023E4
:1079B0001B012B4303932B006F1E00264546080036
:1079C000984608E0002D04D0029A9A4201D9434615
:1079D0009B1A0025F618B04220D353465A469919EF
:1079E000CB5D9B00D358002BECD1019A2B00954224
:1079F00000D213009F4227D98446080002E00133D9
:107A00009F421FD0E15CC25C9142F8D00100604609
:107A10009F4219D9019AB61A0136DAE750460399FE
:107A2000484400F045FB81444B464246981AB04218
:107A3000D3D20020454B9D44F0BCBB46B246A9467C
:107A4000A046F0BD01006046019A531E954279D2CE
:107A50008446080003E05A1E9D4210D01300E15CEA
:107A6000C25C9142F7D001006046013301359D426E
:107A70000AD8029B42469C46D51A6644ABE70135BC
:107A8000010060469D42F4D90800D3E7019AAB1A81
:107A9000934255D30133029305934B46591B8023E0
:107AA0001B012B430026984608006F1EB0420AD3E4
:107AB00053465A469919CB5D9B00D358002B14D0DE
:107AC000F618B042F4D250464146484400F0F0FA6D
:107AD00081444B46581BB042ABD353465A46991982
:107AE000CB5D9B00D358002BEAD1019A1300BA4218
:107AF00014D28446080002E00133BB420CD0E15CA2
:107B0000C25C9142F8D0010060469F4206D9019ABA
:107B1000B61A0136F618D4E701006046019B013B16
:107B2000B2D38446080002E0013B00D282E7E15C68
:107B3000C25C9142F8D0029B60469C466644B5E721
:107B40001300A7E7130091E7E4FBFFFF1C0400000C
:107B5000F0B54646D6464F46C0B50E00097805003A
:107B6000040090B0002953D07078002800D176E04E
:107B7000B778002F53D0F378002B00D18AE0327908
:107B8000002A00D170E0300000F012F98021890055
:107B900007000143280000F08BFA87424FD8FE2FE0
:107BA00000D98FE0C01B804640226846791CE94618
:107BB000A844FBF793FE002F10D03F22F8B2824674
:107BC00033009446BC19B24461461A7848460A40CC
:107BD0005146C91A013381549C42F5D12C003F25EE
:107BE0004A46013CE35D2B40D35CE418A04503D238
:107BF00027E05444A04524D34A46E35D31002B409E
:107C0000D35C20003A009A46FFF794FC0028F0D19C
:107C1000200010B0E0BCBA46B146A846F0BD002333
:107C200009042A780143002A07D01B0401351343B5
:107C30002A789942F7D1AC1EEAE79942FBD000249A
:107C4000E6E74346D819DB5D002BF8D08021090117
:107C500000F02EFA8044A045C2D20024D8E72800C4
:107C6000FFF70CFD0400D3E72A78002AE7D00002D2
:107C700008433F0407431B063B4319BA00232C006B
:107C80001B02013513432A78002A13D09942F6D1FA
:107C9000033CBDE70906000401433F022A7839434B
:107CA000002A0BD0134301351B022A789942F7D1E1
:107CB000EC1EADE79942EBD00024A9E79942F7D03A
:107CC0000024A5E701003B0032002800FFF73AFE40
:107CD00004009DE7002370B5064C050008002360F2
:107CE000F9F790F9431C00D070BD2368002BFBD03E
:107CF0002B60F9E7F42B0020014B18687047C04651
:107D0000281F00207047C0467047C046802310B52A
:107D10005B01082801D1180010BDFFF7EDFF162305
:107D20000360173BF7E7C046024670B50A43920767
:107D30002AD11E4DEE0104C808C9541B9443344097
:107D400017D0D0B2D9B2401A2106014310D190B257
:107D500099B2401A210401430AD110021902000A03
:107D6000090A401A2102014302D1100E190E401ACD
:107D700070BD9A42DFD010BA19BA884201D90120E9
:107D800070BD0020C04370BD02780B780130013116
:107D9000002A09D09A4207D102780B7801300131CC
:107DA000002A01D09A42EFD0D01A70BD0101010122
:107DB00010B583070AD00300032102E001330B4210
:107DC00005D01A78002AF9D1181A10BD03001968D5
:107DD0000C4A0D4C8A188A4322420FD15968094A2D
:107DE00004338A188A43224208D15968054A043369
:107DF0008A188A432242F1D000E001331A78002A1F
:107E0000FBD1E1E7FFFEFEFE80808080F0B5C64634
:107E1000060000B508200D00FFF778FF04003000D1
:107E2000FFF70CF9234B210098469B685F680323FA
:107E30009F4338001138401B0019FAF757FE451EC2
:107E40006543AC4208DC00213000FFF743FF4346A6
:107E50009B68DB19984206D03000FFF7F7F8002046
:107E600080BCB846F0BD30006942FFF733FF0130F7
:107E70000ED0012243467F1B9B6817430E4A5F606A
:107E8000136830005B1B1360FFF7E0F80120E7E7A1
:107E900000213000FFF71EFF43469A68831A0F2B1C
:107EA000DADD064C04492468001B086001210B43FD
:107EB0005360D1E7201B00208C240020141B0020DD
:107EC000F0B5D6464F46464605000C00C0B5002921
:107ED00048D0FFF7B3F82100012708394B68032089
:107EE0009C46BB43CE187268824360463840804649
:107EF0006A4891468468B44200D17CE07260B4184C
:107F000064683C40A2464446002C30D10C68A4462C
:107F1000091B8C686344A4460824A0468044C445D9
:107F20005CD0CC68A04664464246E260946052460B
:107F3000002A1FD01F434F6033608022920093427B
:107F400030D2DA085C090123A3404468234343602C
:107F5000D3001B189A68CB608A609960D1602800B2
:107F6000FFF774F8E0BCBA46B146A846F0BD5246E9
:107F7000002A0FD101224B44CF18BC46B468484FA9
:107F80001A43BC425BD0F668E660B4604A60624661
:107F90001360D2E762463A434A608022336092001F
:107FA0009342CED35C0A042C3FD89C092600393476
:107FB0003836E40004192268083C0327944203D1B0
:107FC0004EE09268944203D05068B8439842F8D883
:107FD000D468CC608A60A160D160C0E75246002AB4
:107FE00035D14B441A00B068F3681743C3609860FA
:107FF0004F608A50B3E74B441A004346002B06D12A
:108000000B68C91A8C68D218CB68E3609C600123A6
:1080100013434B60234B81601B6893429FD8224BD4
:1080200028001968FFF7F2FE99E7142C13D9542C95
:108030001DD81C0B26006F346E36E400BAE7E160F1
:10804000A1604A606246CC608C60136087E71F4382
:108050004F60336083E726005C345B36E400A9E7B9
:108060000123B610B340466833434360B1E7AA2208
:108070005200944205D8DC0B260078347736E400B1
:1080800098E70A4A944205D89C0C26007D347C3639
:10809000E4008FE7FE247E26A4008BE7201B00204F
:1080A000281B0020181B0020BC24002054050000C1
:1080B00010B503004418002903D107E00133A3429F
:1080C00002D01A78002AF9D1181A10BD0020FCE756
:1080D000F8B5C0460000000001B40248844601BC67
:1080E000604700BF8D0D002001B40248844601BCEA
:1080F000604700BF5D0C002001B40248844601BC0B
:10810000604700BFED18002001B40248844601BC5E
:10811000604700BFC10A002001B40248844601BC88
:10812000604700BF9519002001B40248844601BC95
:10813000604700BFDD0B002001B40248844601BC4B
:10814000604700BF9519002001B40248844601BC75
:10815000604700BFED08002001B40248844601BC1E
:10816000604700BF5D0B002001B40248844601BC9B
:10817000604700BFC509002001B40248844601BC25
:10818000604700BFA118002001B40248844601BC2A
:10819000604700BFE913002001B40248844601BCD7
:1081A000604700BFF117002001B40248844601BCBB
:1081B000604700BF510A002001B40248844601BC58
:1081C000604700BF9104002001B40248844601BC0E
:1081D000604700BF2D09002001B40248844601BC5D
:1081E000604700BF5D15002001B40248844601BC11
:1081F000604700BFC113002001B40248844601BC9F
:10820000604700BF0515002001B40248844601BC48
:08821000604700BFA90800202F
:10821800FE0000202E01002080010020DC0000204C
:10822800CE010020DC000020DC000020D600002069
:108238001C020020DE00002000C201000000000037
:10824800EC8B021000100E0000000000FC8B0210E6
:1082580000100E00010000000C8C02101C8C021093
:10826800248C02102C8C0210348C02103C8C0210CE
:1082780041505020257320256C750A0056455249F7
:1082880046494544000000004D49534D4154434878
:10829800000000005B465047415D20696F5F6469DC
:1082A800723A20736B6970706564202846504741A4
:1082B800206E6F7420636F6E6669677572656429D6
:1082C800000000005B465047415D20696F5F6469AC
:1082D800723A2077616E743D253032582530325815
:1082E80020676F743D253032582530325820E28699
:1082F800922025730A00000020205B25735D20541E
:10830800582070696E672E2E2E0000002052583DAE
:1083180025640000205B0000253032582000000052
:1083280074696D656F757400504F4E4721000000E9
:10833800434F4E4649475552454400004641494C33
:10834800454400004F4B00004E4F5420464F554EB9
:10835800440000004E4F542052454144590000004B
:10836800434F4E4E45435445440000004E4F542061
:1083780050524553454E540053414645204D4F44B5
:10838800450000004E4F524D414C00004E4F2052C8
:108398004553504F4E5345004641494C000000009C
:1083A800204348415247494E470000002056425555
:1083B800535F474400000000486F6D6500000000EF
:1083C8004E2F4100286E6F6E65290000434F4E4EB8
:1083D80045435445442100006E6F7420666F756EE6
:1083E80064000000484947482F64656173736572EB
:1083F800746564004C4F572F6173736572746564BC
:10840800000000005B465047415D20426974737468
:108418007265616D206C6F6164656420E2809420F0
:1084280043444F4E45206869676800005B465047E3
:10843800415D20485720535049206661696C656446
:10844800202843444F4E453D30292C2074727969C9
:108458006E672047503132206269742D62616E6701
:108468002E2E2E005B465047415D2047503132206A
:108478006269742D62616E673A2043444F4E453DF0
:10848800256420E286922025730A00002020576187
:108498006974696E6720666F72204F72636120622B
:1084A8006F6F742E2E2E00003D3D3D3D3D3D3D3D00
:1084B8003D3D3D3D3D3D3D3D3D3D3D3D3D3D3D3DE4
:1084C8003D3D3D3D3D3D3D3D3D0000002020416B93
:1084D800686C7574204346572076302E312E300054
:1084E8002020526164696F20313A20257300000012
:1084F8002028706172743D307825303258207665B6
:10850800723D307825303258290000002020526111
:1085180064696F20323A20257300000020204650FD
:1085280047413A2020202025730A000020204F725E
:1085380063613A2020202025730A000020204D6F17
:1085480064653A2020202025730A00002020446911
:1085580073706C61793A2025730A00002020546FEB
:108568006F6C733A202020256420726567697374E4
:10857800657265640A0000005B427574746F6E5D15
:108588002025730A3E200000486172647761726595
:10859800206E6F7420617661696C61626C650000A1
:1085A800436F6D696E6720736F6F6E005B546F6FFA
:1085B8006C5D204C61756E636865643A2025730AAA
:1085C8003E2000005B494F6578705D207265673D0D
:1085D8003078253032582076616C3D30782530323D
:1085E800582025730A3E20005B42617474657279D5
:1085F8005D2025756D5620766275733D25756D561F
:1086080020696368673D25756D41207063743D2559
:1086180075252520666C6167733D307825303258A2
:10862800257325730A0000000A5B5265626F6F7438
:10863800696E6720446973706C617920746F205586
:10864800463220626F6F746C6F616465722E2E2ED5
:108658005D0000000A5B485720726573657420440A
:108668006973706C617920E2809420686F6C642073
:10867800626C756520627574746F6E204E4F572159
:108688005D0000005B50756C73696E672052554E33
:108698002070696E2E2E2E5D000000005B446F6E08
:1086A8006520E2809420636865636B20666F7220A2
:1086B8005250492D5250322064726976655D0A3EE7
:1086C800200000000A2D2D2D20537461747573202D
:1086D8002D2D2D002020465047413A2020202025CE
:1086E80073202843444F4E453D2564290A00000065
:1086F8002020526164696F20313A2025730A0000F6
:108708002020526164696F20323A2025730A0000E4
:108718002020546F6F6C3A2020202025730A000017
:108728002020426174746572793A2025756D56204F
:10873800257525250A000000202047503828545860
:10874800293D256420475039285258293D25642061
:108758004750313028435453293D25642047503130
:108768003128525453293D25640A00002D2D2D2D02
:108778002D2D2D2D2D2D2D2D2D2D0A3E20000000C7
:108788000A5B494F6578705D2053657474696E673C
:1087980020706F72742030206F7574707574203D6E
:1087A800203078253032580A3E2000000A5B4F728C
:1087B80063615D2052652D70726F62696E672E2E3F
:1087C8002E0000005B4F7263615D2025730A3E2016
:1087D800000000000A5B415420746573745D2053E7
:1087E800656E64696E6720415420636F6D6D616EBC
:1087F8006473206F6E2055415254312E2E2E000086
:1088080041540D0A000000002020256C752062618B
:1088180075643A2000000000282564206279746598
:1088280073290A000A5B5258206D6F6E69746F7263
:108838005D205761746368696E6720475039206608
:108848006F722032207365632E2E2E00202025643F
:10885800207472616E736974696F6E7320696E201B
:1088680025642073616D706C6573202866696E617C
:108878006C3D2564290A00000A5B494F6578705DE4
:1088880020506F72742031206F7574707574203D9C
:10889800203078253032580A3E2000000A5B494FC4
:1088A8006578705D2053657474696E6720706F72A7
:1088B80074203120636F6E66696720E286922061BA
:1088C8006C6C206F7574707574730A3E200000001C
:1088D8000A5B494F6578705D2052656164696E670F
:1088E80020616C6C207265676973746572732E2ED3
:1088F8002E0000000A5B465047415D2052652D77E7
:10890800726974696E6720696F5F64697220616E4D
:10891800642072656164696E67206261636B2E2EE4
:108928002E0000000A5B506173737468726F75677C
:10893800685D205541525431203C2D3E205553420C
:108948002062696E617279204020313135323030D1
:108958002E000000547269706C652D455343202821
:10896800337820696E203530306D732920746F207C
:10897800657869742E0000000A5B5061737374682F
:10898800726F7567685D20656E6465642E0A3E20A7
:10899800000000000A5B44756D705D204C697374BB
:1089A800656E696E67206F6E2055415254312040C4
:1089B8002031313532303020666F722033207365B4
:1089C800632E2E2E000000000A2825642062797488
:1089D8006573290A3E2000000A5B4D756C74692D89
:1089E800626175642064756D705D204C697374658F
:1089F8006E696E6720617420766172696F75732085
:108A080072617465732E2E2E000000002020256CE4
:108A1800753A202564206279746573205B00000034
:108A28005D2000002825642525207072696E740079
:108A380020463178256421000A5B4950502070692E
:108A48006E675D2053656E64696E672049505020DB
:108A580050494E472040203131353230302E2E2EAD
:108A680000000000202053656E742E205761697441
:108A7800696E672031732E2E2E0A20200000000018
:108A88005B253032585D00000A20202825642062CA
:108A980079746573290A3E20000000000A5B55417D
:108AA80052543120646961675D00000020204354FE
:108AB8005328475031302920726177203D202564A2
:108AC80020282573290A00002020525820284750C2
:108AD80039292020726177203D2025640A00000092
:108AE8002020545820342062797465732040203146
:108AF80031353230302E2E2E000000002052583AE8
:108B080020000000282564206279746573290A3ED4
:108B1800200000000A4C4953540000002F61707077
:108B280073000000454E442025640A3E20000000E2
:108B38000A44454C524541445900000045525220D0
:108B480074696D656F75740A3E2000004F4B2025CF
:108B5800730A3E20000000004552522064656C658F
:108B680074652025640A3E20000000000A52454131
:108B78004459000045525220746F6F206C6172672F
:108B88006520256C750A3E20000000004F4B20250B
:108B98006C750A3E200000004552522077726974B5
:108BA800652025640A3E20004552522074696D658F
:108BB8006F757420646174610A3E2000455252202A
:108BC80074696D656F75742073697A650A3E200053
:108BD8004552522074696D656F75742070617468B0
:108BE8000A3E2000313135323030206E6F2D666CF0
:108BF8006F770000393231363030206E6F2D666C59
:108C08006F7700003932313630302068772D666C46
:108C18006F770000475241590000000059454C4CFD
:108C28004F570000475245454E000000424C5545FD
:108C380000000000524544005B46535D204D6F75AF
:108C48006E74206661696C656420282564292C206F
:108C5800666F726D617474696E672E2E2E0A00003D
:108C68005B46535D20466F726D6174206661696C66
:108C780065643A2025640A005B46535D204D6F7594
:108C88006E7420616674657220666F726D617420FF
:108C98006661696C65643A2025640A002F63617017
:108CA80074757265730000002F6361707475726566
:108CB800732F73756267687A000000002F63617014
:108CC80074757265732F6972000000005B46535D0E
:108CD80020466F726D617474656420616E642063F0
:108CE800726561746564206469726563746F726922
:108CF800657300005B46535D204D6F756E74656447
:108D08003A20257520626C6F636B732C20257520C3
:108D180062797465732F626C6F636B0A00000000E0
:108D28005B46535D204D6F756E7465643A202575FA
:108D380020626C6F636B730A000000007628696913
:108D480069696969290000006170705F6472617700
:108D58005F72656374000000656E76007628696945
:108D680069696929000000006170705F6472617749
:108D78005F6C696E65000000762829006170705F7D
:108D880066625F666C697000762869696929000007
:108D98006170705F746F6173740000006170705F60
:108DA800647261775F746578745F736D616C6C0071
:108DB8006170705F7365745F706978656C0000003E
:108DC8006170705F647261775F636972636C65007C
:108DD80076286929000000006170705F7365745F10
:108DE8006261636B6C696768740000006170705F32
:108DF80070726F677265737300000000692829003C
:108E08006170705F6765745F627574746F6E00007F
:108E18006170705F776169745F627574746F6E00FA
:108E28006170705F726164696F5F7365745F6672A9
:108E3800657100006170705F726164696F5F67657A
:108E4800745F7273736900007628696929000000ED
:108E58006170705F726164696F5F74780000000010
:108E680069286969290000006170705F726164692E
:108E78006F5F7278000000006170705F72616469F2
:108E88006F5F7365745F636F6E66696700000000EB
:108E98006170705F726164696F325F7365745F6679
:108EA800726571006170705F726164696F325F67CB
:108EB80065745F72737369006170705F7261646971
:108EC8006F325F747800000069286929000000008B
:108ED8006170705F6770696F5F7265616400000040
:108EE8006170705F6770696F5F77726974650000A1
:108EF80069286969696929006170705F66735F77BD
:108F080072697465000000006170705F66735F725B
:108F1800656164006170705F66735F64656C657439
:108F2800650000006170705F66735F6C6973740040
:108F380076286969696929006170705F7365745F73
:108F48006C6564006170705F6765745F6163636519
:108F58006C0000006170705F6765745F74696D65AF
:108F6800000000006170705F6765745F626174740F
:108F78006572795F6D7600006170705F6765745F18
:108F88006368617267696E67000000006170705FF6
:108F9800696F6578705F7772697465006170705F7A
:108FA800696F6578705F7265616400006170705FF9
:108FB80069725F73656E64006170705F69725F7279
:108FC8006563760069286969696969290000000094
:108FD8006170705F6578745F6932635F7866657227
:108FE8000000000069286969692900006170705FE4
:108FF8006578745F7370695F786665720000000059
:109008006170705F6578745F756172745F7772699B
:10901800746500006170705F6578745F7561727463
:109028005F726561640000006170705F77696669EE
:109038005F7363616E5F7374617274006170705FF7
:10904800776966695F7363616E5F676574000000C6
:109058006170705F626C655F7363616E5F7374618A
:10906800727400006170705F626C655F7363616E3B
:109078005F676574000000006170705F6175646906
:109088006F5F746F6E6500006170705F6D69635F1C
:1090980072656164000000006170705F736C6565E3
:1090A800705F6D73000000006170705F65786974AF
:1090B800000000006170705F6765745F62617474BE
:1090C8006572795F706374006170705F6765745F63
:1090D8007469636B730000006170705F636C656135
:1090E800725F73637265656E000000006170705F87
:1090F800647261775F746578740000005B57415350
:109108004D5D2072656164206661696C65643A2012
:1091180025640A005B5741534D5D20656E762061DA
:109128006C6C6F63206661696C6564005B574153C2
:109138004D5D2072756E74696D6520616C6C6F632E
:10914800206661696C6564005B5741534D5D207012
:10915800617273653A2025730A0000005B5741531A
:109168004D5D206C6F61643A2025730A0000000091
:109178005B5741534D5D206C696E6B3A2025730A2D
:10918800000000005B5741534D5D206C6F616465C2
:10919800642025752062797465732066726F6D206E
:1091A80025730A006D61696E000000005B5741532A
:1091B8004D5D206E6F205F7374617274206F722032
:1091C8006D61696E3A2025730A0000005B574153B0
:1091D8004D5D20747261703A202573002028257334
:1091E8002900000020205355422D47485A20534358
:1091F800414E4E4552000000202042616E643A20E4
:1092080025732049534D0000202052616E67653A4E
:109218002025752E25303275202D2025752E2530D8
:109228003275204D487A00002020537465703A202A
:10923800202575206B487A0020205363616E6E6983
:109248006E672E2E2E2070617373202575202025C1
:1092580075732F257573000020205065616B3A20C7
:1092680025642064426D20402025752E25303375F5
:10927800204D487A0000000020205065616B3A209C
:109288002D2D000020205341564544205349474E78
:10929800414C000020205349474E414C2043415047
:1092A800545552454400000020205B475245454E26
:1092B8005D205265706C617920205B5245445D20C9
:1092C8004261636B0000000020205B475245454E19
:1092D8005D205361766520205B424C55455D2052E8
:1092E80065706C61790000002020467265713A2033
:1092F8002020202025752E25303375204D487A00F2
:10930800202053697A653A20202020202575206284
:1093180079746573000000002020447572617469D7
:109328006F6E3A202575206D7300000020205B4782
:109338005241595D205265636170747572652020D1
:109348005B5245445D204261636B000020205B470F
:109358005245454E5D2043617074757265205B47C8
:109368005241595D2052657363616E205B524544DA
:109378005D204261636B000020205B475245454EEB
:109388005D2052657363616E20205B5245445D2009
:109398004261636B0000000020205343414E20527D
:1093A8004553554C5453202D2025730020204E6FD3
:1093B800207369676E616C73206465746563746596
:1093C800640000002020287468726573686F6C64FC
:1093D8003A2025642064426D29000000202025756C
:1093E800207369676E616C257320646574656374A6
:1093F80065643A0020256325752E25303375204D88
:10940800487A20202534642064426D2025730000AA
:1094180020202E2E2E202575206D6F7265000000ED
:1094280020205B475245454E5D204C6F61642020EB
:109438005B475241595D2044656C20205B5245448E
:109448005D204261636B0000202053415645442053
:109458005349474E414C530020204E6F207361768C
:109468006564207369676E616C7300002020257540
:109478002066696C6525733A000000002025632585
:109488002D32307320253475420000005B5355425D
:1094980047485A5D205458202575206279746573B1
:1094A8002061742025752E25303375204D487A0AA1
:1094B800000000005B53554247485A5D205458202D
:1094C800636F6D706C6574650000000043617074B3
:1094D80075726564000000005B53554247485A5D49
:1094E80020636170747572656420257520627974D3
:1094F80065732061742025752E25303375204D48FD
:109508007A0A00004E6F207369676E616C2064658B
:1095180074656374656400005375622D47487A204A
:10952800526573756C7473005B5343414E5D20251F
:10953800752E25303375204D487A20206D61726371
:109548003D3078253032582020727373695F72611C
:10955800773D3078253032582020727373693D2565
:10956800642064426D0A00005B53554247485A5DC7
:10957800207061737320257520646F6E652028251F
:1095880075206D7320656C6170736564292C206388
:109598006F6E74696E75696E672E2E2E0A00000054
:1095A8005B53554247485A5D207363616E20636F71
:1095B8006D706C6574653A202575207061737365EC
:1095C800732C202575206D730A000000202043416C
:1095D80050545552450000002020467265713A20CB
:1095E80025752E25303375204D487A0020204C698A
:1095F8007374656E696E672E2E2E000020205072DF
:109608006573732072656D6F7465206E6F770000E7
:1096180020205B5245445D2043616E63656C000009
:1096280043617074757265005B53554247485A5DD3
:10963800207363616E2073746172742063733D25B7
:10964800752062616E643D25730A00005B535542C4
:1096580047485A5D204D444D434647323D307825B2
:10966800303258204D444D434647343D30782530FC
:109678003258204D43534D303D3078253032580A0A
:10968800000000005B53554247485A5D204652454A
:1096980051323D3078253032582046524551313DBF
:1096A8003078253032582046524551303D307825A3
:1096B80030325820287072652D7363616E290A0054
:1096C8005B53554247485A5D206166746572205362
:1096D80052583A204D41524353544154453D3078F5
:1096E80025303258202877616E7420307830443D18
:1096F80052582920525353493D25642064426D0A2B
:10970800000000005B53554247485A5D20465245C9
:1097180051323D3078253032582046524551313D3E
:109728003078253032582046524551303D30782522
:109738003032582028706F73742D736574290A00AD
:109748005375622D47487A205363616E000000000C
:109758005B53554247485A5D20656E7465723A20DE
:1097680072313D25642072323D25640A00000000F4
:109778005B53554247485A5D207573696E6720638D
:10978800733D25750A0000005375622D47487A001D
:10979800333135204D487A00343333204D487A0030
:1097A800383638204D487A00393135204D487A000E
:1097B8005361766564205369676E616C73000000BD
:1097C8005472616E736D697474696E672E2E2E0003
:1097D8005472616E736D69747465642100000000D1
:1097E8002F63617074757265732F73756267687A19
:1097F8002F25755F253033755F253033752E7261DF
:10980800770000005B53554247485A5D20736176E4
:10981800656420746F2025730A0000005361766523
:10982800642100005B53554247485A5D20736176B6
:1098380065206661696C65643A2025640A00000049
:1098480053617665206661696C65642100000000DB
:109858002F63617074757265732F73756267687AA8
:109868002F25730052656164206661696C65642107
:10987800000000005361766564205369676E616C6F
:109888000000000044656C6574656400030D0A00FF
:1098980073746F707363616E0D0A000073746F7078
:1098A8006465617574680D0A00000000626C657378
:1098B80070616D202D730D0A00000000626C6573E5
:1098C80063616E202D730D0A0000000073746F70C1
:1098D8007370616D0D0A000073746F707361656653
:1098E8006C6F6F640D0A0000646863707374617252
:1098F80076652073746F700D0A00000077647374C6
:109908007265616D2073746F700D0A003F0000006E
:109918002025752041507320205B47524E5D20530F
:10992800656C65637400000020204E6F20616363DE
:1099380065737320706F696E747320666F756E64DB
:109948002E000000256325326420252D31322E316A
:1099580032732025326420253364202573000000EB
:10996800354700002020202E2E2E202564206D6FE4
:1099780072650000535349443A200000284869643E
:1099880064656E2900000000525353493A200000D4
:109998004368616E6E656C3A20000000536563751C
:1099A800726974793A200000466F756E6420000071
:1099B80061636365737320706F696E7400000000E3
:1099C80067686F73743E000047686F73744553503F
:1099D80000000000205B5245445D2053746F700006
:1099E800205B5245445D204261636B005363616EA6
:1099F80020526573756C74730000000020202020CD
:109A08002057694669204150205363616E00000069
:109A180020205363616E6E696E672E2E2E20257589
:109A280073202025752041507300000020205B52D0
:109A380045445D2053746F7020262073686F77202B
:109A4800726573756C7473004D6973630000000070
:109A58005769466900000000426561636F6E000047
:109A680061747461636B0000446561757468207289
:109A78006571756972657320322E342047487A0003
:109A88007363616E617000005769466920536361B2
:109A98006E000000546172676574696E672E2E2E21
:109AA800000000007363616E6170203500000000E3
:109AB80073656C656374202D6120256400000000C7
:109AC800626C657370616D00626C657363616E00D2
:109AD80061747461636B202D7300000062656163BB
:109AE8006F6E7370616D0000626561636F6E000078
:109AF8007363616E00000000646863707374617260
:109B080076650000776473747265616D000000000B
:109B18005461726765743A2025730000424C450011
:109B280041747461636B730048656C7000000000D9
:109B380068656C7020616C6C00000000537461747F
:109B48007573000073746174757300004C697374E5
:109B58002053746174696F6E730000006C697374CC
:109B6800202D73004C6973742041697254616773C6
:109B7800000000006C697374202D6169727461675C
:109B8800730000004C4544205261696E626F770093
:109B98007267626D6F6465207261696E626F7700CB
:109BA8004C454420506F6C69636500007267626DB4
:109BB8006F646520706F6C69636500004C454420D4
:109BC8005374726F626500007267626D6F6465201E
:109BD8007374726F626500004C4544204F666600DE
:109BE8007267626D6F6465206F66660057617264A4
:109BF8007269766500000000776473747265616D40
:109C0800207374617274202D77696669202D626CE7
:109C180065000000456E762053776565700000008A
:109C2800737765657000000053414520466C6F6F7F
:109C38006400000044484350205374617276650004
:109C4800646863707374617276652073746172748A
:109C58000000000044484350205374617475730039
:109C68006468637073746172766520646973706C7C
:109C7800617900004170706C65205370616D00005F
:109C8800626C657370616D202D6170706C65000089
:109C9800476F6F676C65205370616D00626C657308
:109CA80070616D202D676F6F676C650053616D7310
:109CB800756E67205370616D00000000626C6573FB
:109CC80070616D202D73616D73756E670000000003
:109CD8004D6963726F736F6674205370616D000015
:109CE800626C657370616D202D6D730052616E64D6
:109CF8006F6D205370616D00626C657370616D20CB
:109D08002D72616E646F6D00424C45205363616E25
:109D18000000000046696E6420466C6970706572C8
:109D280073000000626C657363616E202D6600002D
:109D3800416972546167205363616E6E65720000F9
:109D4800626C657363616E202D6100005370616DF4
:109D5800204465746563746F72000000626C6573FB
:109D680063616E202D64730047415454205363612E
:109D78006E000000626C657363616E202D670000E1
:109D8800626561636F6E7370616D202D72000000F3
:109D98005269636B726F6C6C205370616D000000C8
:109DA800626561636F6E7370616D202D7272000061
:109DB8004150204C697374205370616D000000009D
:109DC800626561636F6E7370616D6C6973740000B6
:109DD80053686F77204C6973740000006265616393
:109DE8006F6E73686F770000436C656172204C6911
:109DF80073740000626561636F6E636C6561720005
:109E08005363616E20415073000000004465617522
:109E18007468000061747461636B202D6400000035
:109E2800436170747572652048616E647368616B14
:109E38006500000061747461636B202D68736400B1
:109E48004368616E6E656C205377697463680000BF
:109E580061747461636B202D630000004541504FAD
:109E68004C204C6F676F6666000000006174746177
:109E7800636B202D650000005363616E205374618D
:109E880074696F6E730000007363616E73746100B0
:109E98005363616E20416C6C000000007363616E57
:109EA800616C6C005750413320436865636B000058
:109EB80077706133636865636B000000436F6E679A
:109EC800657374696F6E0000636F6E67657374699C
:109ED8006F6E000050434139353535004C495333D6
:109EE800444800004D435037393430004251323530
:109EF80038393200202049324320494E5445524EC9
:109F0800414C20524553554C5453000020204932AF
:109F180043205343414E20524553554C545300005F
:109F280020204E6F206465766963657320666F75BF
:109F38006E640000202025752064657669636525B8
:109F48007320666F756E643A000000002020307838
:109F5800253032582020257300000000202030785A
:109F68002530325820202825752900005B4275735A
:109F7800496E745D20257520646576696365732074
:109F8800666F756E643A00002030782530325800CC
:109F980049324320496E7465726E616C000000009E
:109FA800202049324320425553205343414E00005C
:109FB80020205363616E6E696E67203078253032D9
:109FC80058202F2030783746202825752525290048
:109FD8002020257520646576696365257320666F82
:109FE800756E640020205B5245445D2041626F72AB
:109FF80074000000202055415254205041535354BE
:10A0080048524F55474800002020426175643A2065
:10A01800256C7500202054583A20256C75206279EB
:10A02800746573202052583A20256C752062797423
:10A03800657300002020434F4D3132203C2D3E20D7
:10A04800554152543120284F7263612900000000A5
:10A0580020204E6F20666C6F7720636F6E74726F6E
:10A068006C00000020205B475241595D2043796312
:10A078006C65206261756420205B5245445D204513
:10A088007869740049324320526573756C747300A3
:10A098000D0A2D2D2D20506173737468726F7567CA
:10A0A8006820656E646564202D2D2D0D0A3E200004
:10A0B80042757320416E616C79736973000000000A
:10A0C800493243205363616E0000000055415254E9
:10A0D8002050617373746872750000000D0A2D2D8D
:10A0E8002D205541525420506173737468726F75F6
:10A0F8006768204020256C752062617564202D2DCD
:10A108002D0D0A000D0A2D2D2D2042617564206346
:10A1180068616E67656420746F20256C75202D2D2D
:10A128002D0D0A00493243205363616E202848658B
:10A138006164657229000000493243205363616EEF
:10A148002028496E7465726E616C2900554152541D
:10A1580020506173737468726F756768000000003F
:10A16800535049204D6F6E69746F72002020493238
:10A178004320494E5445524E414C205343414E00D2
:10A1880020205363616E6E696E6720446973706C3A
:10A19800617920493243206275732E2E2E0000000B
:10A1A8004F555400494E20004849474800000000D8
:10A1B8004C4F57200000000020204750494F204DA9
:10A1C8004F4E49544F5200002573252D31347320CA
:10A1D80025732020257300002020000020205B47E5
:10A1E8005245454E5D20546F67676C65206F7574E6
:10A1F8007075740020205B5245445D204578697471
:10A2080000000000496E7075742070696E20287215
:10A218006561642D6F6E6C79290000004750494FC5
:10A228000000000047503237202848647220332944
:10A23800000000004750323520284864722031372A
:10A2480029000000475032362028486472203134F3
:10A2580029000000526177002020495220524543CE
:10A2680045495645520000002020506F696E742001
:10A2780072656D6F746520617420646576696365C5
:10A288002E2E2E00202057616974696E6720666F34
:10A2980072204952207369676E616C002020257511
:10A2A80020636F64652573206361707475726564DB
:10A2B8003A00000020202573202030782530386CA3
:10A2C8005820202575206269747300005B49525D2F
:10A2D8002052656365697665643A2070726F746FA1
:10A2E8003D257520636F64653D30782530386C589E
:10A2F80020626974733D25750A00000020204952C8
:10A30800205245504C41590020204E6F20636F6405
:10A318006573206361707475726564207965740073
:10A3280020205573652052656365697665206669E6
:10A3380072737400257325732030782530386C5873
:10A34800202575620000000020205B475245454EDD
:10A358005D2053656E64000049522052656D6F742C
:10A368006500000049522052656365697665000002
:10A378004952205265706C6179000000495220737F
:10A38800656E74004E454300536F6E7900000000FF
:10A39800524335005243360053616D73756E670042
:10A3A80052656365697665005265706C6179000075
:10A3B80037352500323525003130302500000000C2
:10A3C800353025004F6E0000202053455454494E27
:10A3D8004753000025734261636B6C696768743A80
:10A3E800202020202573000025734C4544733A2013
:10A3F800202020202020202025730000257341756F
:10A40800746F2D736C6565703A2020204E657665F3
:10A418007200000025734175746F2D736C6565704B
:10A428003A2020202575206D696E000020205B47AA
:10A438005245454E5D204368616E67652076616CC4
:10A44800756500005B53657474696E67735D204CB5
:10A458006F61643A20626164206D616769632030CE
:10A4680078253038580A00005B53657474696E6744
:10A47800735D204C6F61643A206261642076657276
:10A4880073696F6E2025640A000000005B536574D1
:10A4980074696E67735D204C6F61643A2043524360
:10A4A800206D69736D61746368000000536574748E
:10A4B800696E6773000000005B53657474696E67AA
:10A4C800735D20536176696E673A206272696768C6
:10A4D800743D2564206C6564733D256420736C6548
:10A4E80065703D25640A00005B53657474696E6786
:10A4F800735D20466C617368207772697465204FBC
:10A508004B0000005B53657474696E67735D204689
:10A518006C617368207772697465204641494C45BF
:10A52800443A2025640A00005B53657474696E67B9
:10A53800735D204C6F616465643A20627269676874
:10A54800743D2564206C6564733D256420736C65D7
:10A5580065703D25640A00005B53657474696E6715
:10A56800735D204E6F207361766564207365747423
:10A57800696E67732C207573696E67206465666100
:10A58800756C7473000000002020414B484C5554F2
:10A59800204346570000000020204669726D77610D
:10A5A80072653A2076302E312E30000041756720D2
:10A5B800323020323032360020204275696C643ADD
:10A5C80020202020257300002020546172676574C4
:10A5D8003A2020204672656557696C692031204F02
:10A5E800470000002020484152445741524520531B
:10A5F80054415455530000002020526164696F2073
:10A60800313A2020257300002020526164696F20B0
:10A61800323A2020257300002020465047413A2036
:10A62800202020202573000020204F7263613A20EB
:10A638002020202025730000202049443A2025307E
:10A648003258253032582530325825303258253086
:10A6580032582530325825303258253032580000CB
:10A6680041626F75740000002E7761736D00000001
:10A6780020205B475245454E5D2052756E20205B79
:10A68800475241595D205265667265736820205BA8
:10A698005245445D204261636B00000020205B4707
:10A6A8005241595D205265667265736820205B527D
:10A6B80045445D204261636B000000002020574143
:10A6C800534D20415050530020204E6F202E77616B
:10A6D800736D2066696C657320666F756E64000023
:10A6E8002020506C6163652066696C657320696E13
:10A6F800202F617070732F002020257520617070E5
:10A7080025733A002025632025730000417070737B
:10A71800000000002F617070732F25730000000087
:10A728004C6F6164696E672E2E2E00005B4150509D
:10A73800535D206C6F6164206661696C65643A20C2
:10A7480025640A004572726F720000002020415093
:10A7580050204552524F52004661696C656420741E
:10A768006F206C6F61642061707000005B41505015
:10A77800535D2072756E20646F6E653A2072657342
:10A78800756C743D256420657869743D2564206680
:10A798006F7263653D25640A0000000041707020F7
:10A7A80063726173686564004170702073746F70C0
:10A7B80070656400526566726573686564000000C0
:10A7C8002F000000433A2F55736572732F63683466
:10A7D8007A692F4465736B746F702F667265652094
:10A7E80077696C692F616B686C75742F6D61696E20
:10A7F8002F6C69622F6C6974746C6566732F6C6654
:10A80800732E630025733A25643A6572726F723A43
:10A8180020436F7272757074656420646972207069
:10A82800616972206174207B3078256C782C203027
:10A8380078256C787D25730A0000000025733A2579
:10A84800643A7761726E3A204379636C6520646577
:10A8580074656374656420696E207461696C206C2A
:10A8680069737425730A000025733A25643A657282
:10A87800726F723A204E6F206D6F72652066726536
:10A8880065207370616365203078256C7825730ABC
:10A898000000000025733A25643A64656275673ADA
:10A8A8002042616420626C6F636B20617420307891
:10A8B800256C7825730A000025733A25643A776178
:10A8C800726E3A205375706572626C6F636B2030DC
:10A8D80078256C7820686173206265636F6D6520E8
:10A8E800756E7772697461626C6525730A00000081
:10A8F80025733A25643A7761726E3A20556E616223
:10A908006C6520746F2073706C6974207B307825B7
:10A918006C782C203078256C787D25730A0000002F
:10A9280025733A25643A64656275673A20457870FC
:10A93800616E64696E67207375706572626C6F63AF
:10A948006B2061742072657620256C7525730A006A
:10A9580025733A25643A7761726E3A20556E6162C2
:10A968006C6520746F20657870616E6420737570F3
:10A978006572626C6F636B25730A000025733A2554
:10A98800643A64656275673A2052656C6F636174F6
:10A99800696E67207B3078256C782C203078256CA0
:10A9A800787D202D3E207B3078256C782C203078DF
:10A9B800256C787D25730A0025733A25643A646509
:10A9C8006275673A20466978696E67206D6F7665AB
:10A9D800207768696C652072656C6F636174696E55
:10A9E80067207B3078256C782C203078256C787D32
:10A9F8002030782568780A25730A000025733A25DF
:10AA0800643A64656275673A20466978696E6720BA
:10AA18006F727068616E207B3078256C782C2030DE
:10AA280078256C787D25730A0000000025733A2587
:10AA3800643A64656275673A20466978696E67208A
:10AA480068616C662D6F727068616E207B30782546
:10AA58006C782C203078256C787D202D3E207B303A
:10AA680078256C782C203078256C787D25730A0041
:10AA780025733A25643A64656275673A20466978B1
:10AA8800696E67206D6F7665207768696C652066EA
:10AA98006978696E67206F727068616E73207B30A9
:10AAA80078256C782C203078256C787D20307825B6
:10AAB80068780A25730A000025733A25643A6465A4
:10AAC8006275673A20526577726974696E67207398
:10AAD80075706572626C6F636B207B3078256C785B
:10AAE8002C203078256C787D25730A0025733A254B
:10AAF800643A64656275673A20466978696E6720CA
:10AB08006D6F7665207B3078256C782C2030782521
:10AB18006C787D20307825687825730A000000005D
:10AB28006C6974746C6566730000000025733A25BF
:10AB3800643A6572726F723A20496E76616C696424
:10AB48002076657273696F6E20762568752E256884
:10AB58007520213D20762568752E25687525730A90
:10AB68000000000025733A25643A64656275673A07
:10AB780020466F756E64206F6C646572206D696E17
:10AB88006F722076657273696F6E20762568752EF0
:10AB9800256875203C20762568752E2568752573EF
:10ABA8000A00000025733A25643A6572726F723A9A
:10ABB80020556E737570706F72746564206E616D68
:10ABC800655F6D61782028256C75203E20256C75A1
:10ABD8002925730A0000000025733A25643A657236
:10ABE800726F723A20556E737570706F7274656407
:10ABF8002066696C655F6D61782028256C75203E3C
:10AC080020256C752925730A0000000025733A2554
:10AC1800643A6572726F723A20556E737570706F10
:10AC28007274656420617474725F6D617820282580
:10AC38006C75203E20256C752925730A00000000DC
:10AC480025733A25643A6572726F723A20496E76B6
:10AC5800616C696420626C6F636B20636F756E74DE
:10AC68002028256C7520213D20256C752925730A1F
:10AC78000000000025733A25643A6572726F723AD3
:10AC880020496E76616C696420626C6F636B207317
:10AC9800697A652028256C7520213D20256C752949
:10ACA80025730A0025733A25643A64656275673A24
:10ACB80020466F756E642070656E64696E672067E4
:10ACC80073746174652030782530386C7825303895
:10ACD8006C782530386C7825730A0000756E6B6EB9
:10ACE8006F776E2076616C75655F747970650000AA
:10ACF8004C454220656E636F6465642076616C75AF
:10AD080065206F766572666C6F7700006D616C66A2
:10AD18006F726D6564205761736D2062696E617230
:10AD280079000000696E76616C6964206C656E67F5
:10AD38007468205554462D3820737472696E670004
:10AD48005B747261705D20737461636B206F7665EC
:10AD580072666C6F770000005B747261705D2075BD
:10AD68006E726561636861626C652065786563759C
:10AD7800746564005B747261705D2070726F6772D5
:10AD8800616D2063616C6C65642061626F72740030
:10AD98005B747261705D2070726F6772616D2063A1
:10ADA800616C6C6564206578697400005B7472611D
:10ADB800705D206E756C6C207461626C6520656CCA
:10ADC800656D656E740000005B747261705D20755E
:10ADD8006E646566696E656420656C656D656E7424
:10ADE800000000005B747261705D20696E646972B6
:10ADF8006563742063616C6C2074797065206D697B
:10AE0800736D6174636800005B747261705D2069C2
:10AE18006E76616C696420636F6E76657273696FB4
:10AE28006E20746F20696E7465676572000000009B
:10AE38005B747261705D20696E7465676572206FFE
:10AE4800766572666C6F77005B747261705D2069FD
:10AE58006E746567657220646976696465206279D5
:10AE6800207A65726F0000005B747261705D206FFC
:10AE78007574206F6620626F756E6473206D656DE2
:10AE88006F7279206163636573730000676C6F622A
:10AE9800616C206973206E6F74206D757461626CCB
:10AEA80065000000676C6F62616C207479706520C2
:10AEB8006D69736D6174636800000000676C6F6290
:10AEC800616C206C6F6F6B7570206661696C65646E
:10AED80000000000617267756D656E74207479708A
:10AEE80065206D69736D61746368000061726775D0
:10AEF8006D656E7420636F756E74206D69736D6116
:10AF080074636800676C6F62616C20696E64657851
:10AF180020697320746F6F206C6172676500000090
:10AF2800676C6F62616C206D656D6F7279206973F3
:10AF3800206D697373696E672066726F6D2061207A
:10AF48006D6F64756C65000072756E74696D65204F
:10AF580072616E206F7574206F66206D656D6F72FB
:10AF68007900000066756E6374696F6E20697320DE
:10AF78006D697373696E6720636F6D70696C656462
:10AF8800206D3320636F646500000000696E636F95
:10AF980072726563742076616C756520636F756E77
:10AFA80074206F6E20737461636B0000696E636F49
:10AFB80072726563742074797065206F6E20737483
:10AFC80061636B00617474656D7074696E67207479
:10AFD8006F2073657420616E20696D6D7574616290
:10AFE8006C6520676C6F62616C0000006D656D6F49
:10AFF800727920616C6C6F636174696F6E20666131
:10B00800696C6564207768656E2061637175697223
:10B01800696E672061206E6577204D3320636F6409
:10B028006520706167650000636F6D70696C696E9B
:10B03800672066756E6374696F6E20756E646572DD
:10B0480072616E2074686520737461636B00000020
:10B05800636F6D70696C696E672066756E6374697D
:10B068006F6E206F76657272616E206974732073DB
:10B078007461636B20686569676874206C696D69C1
:10B088007400000072657374726963746564206F7C
:10B0980070636F6465000000756E6B6E6F776E206D
:10B0A8006F70636F646500006E6F20636F6D706909
:10B0B8006C657220666F756E6420666F72206F70A3
:10B0C800636F6465000000006D616C666F726D658A
:10B0D800642066756E6374696F6E207369676E614C
:10B0E80074757265000000006D697373696E67207E
:10B0F800696D706F727465642066756E6374696FCC
:10B108006E00000066756E6374696F6E206C6F6FF9
:10B118006B7570206661696C6564000061747465A4
:10B128006D7074696E6720746F2062696E64206D3B
:10B138006F64756C6520746F206D756C7469706CC4
:10B14800652072756E74696D65730000617474654D
:10B158006D7074696E6720746F20757365206D6FEC
:10B1680064756C652074686174206973206E6F74EF
:10B17800206C6F6164656400746F6F206D616E7917
:10B1880020617267756D656E7473206F72207265C9
:10B198007475726E2076616C756573006F6E6C796C
:10B1A800206F6E65206D656D6F72792070657220F5
:10B1B8006D6F64756C6520697320737570706F723C
:10B1C8007465640073656374696F6E206F76657269
:10B1D80072756E207768696C652070617273696E2C
:10B1E80067205761736D2062696E61727900000093
:10B1F80073656374696F6E20756E64657272756EBF
:10B20800207768696C652070617273696E67205772
:10B2180061736D2062696E61727900006D69737384
:10B22800696E6720696E69745F6578707220696EEF
:10B23800205761736D2062696E61727900000000A9
:10B248006F7574206F66206F726465722057617322
:10B258006D2073656374696F6E000000696E636FBB
:10B268006D70617469626C65205761736D206269E5
:10B278006E6172792076657273696F6E00000000E6
:10B288006D656D6F727920616C6C6F636174696F45
:10B298006E206661696C6564000000006C696E650B
:10B2A8006172206D656D6F7279206C696D6974616A
:10B2B80074696F6E20657863656564656400000075
:10B2C80066756E6374696F6E20696E646578206F49
:10B2D8007574206F662072616E676500756E6B6E9F
:10B2E8006F776E20617267756D656E742074797002
:10B2F8006500000064617461207365676D656E7434
:10B30800206F7574206F6620626F756E647300001D
:10B31800756E616C6C6F6361746564206C696E65D1
:10B328006172206D656D6F72790000007461626CE6
:10B338006520756E646572666C6F77007461626C07
:10B3480065206F766572666C6F770000656C656D59
:10B35800656E74207461626C6520696E646578201E
:10B368006D757374206265207A65726F20666F72DE
:10B37800204D5650000000006E6F206D6F64756C94
:10B388006573206C6F61646564000000272573276E
:10B3980000000000433A2F55736572732F636834B9
:10B3A8007A692F4465736B746F702F6672656520B8
:10B3B80077696C692F616B686C75742F6D61696E44
:10B3C8002F6C69622F7761736D332F736F7572639A
:10B3D800652F6D335F656E762E630000756E73752D
:10B3E80070706F7274656420696E737472756374BB
:10B3F800696F6E2065786563757465640000000088
:10B408006C6F63616C20696E646578206F75742059
:10B418006F6620626F756E6473000000736C6F74E2
:10B4280020757361676520636F756E74206F76652C
:10B4380072666C6F770000006D6F64756C6520270D
:10B44800257327206973206D697373696E67206798
:10B458006C6F62616C206D656D6F72790000000021
:10B46800433A2F55736572732F6368347A692F4492
:10B4780065736B746F702F667265652077696C6988
:10B488002F616B686C75742F6D61696E2F6C6962C2
:10B498002F7761736D332F736F757263652F6D33FB
:10B4A8005F636F6D70696C652E6300006E6F206F4F
:10B4B8007065726174696F6E20666F756E64206660
:10B4C8006F72206F70636F6465000000257800005C
:10B4D80066756E6374696F6E2063616C6C20747935
:10B4E800706520696E646578206F7574206F6620BA
:10B4F80072616E67650000002725732E257327008B
:10B50800696E76616C696420626C6F636B20646538
:10B51800707468006F70636F646520272578272032
:10B528006E6F7420617661696C61626C6500000001
:10B5380066756E6374696F6E20626F6479206973D3
:10B54800206D697373696E670000000066756E632D
:10B558002074797065206F7574206F6620626F752E
:10B568006E64730073746172742066756E637469B7
:10B578006F6E20696E646578206F7574206F662021
:10B58800626F756E64730000746F6F206D616E7901
:10B598002074797065730000746F6F206D616E7927
:10B5A8002066756E6374696F6E730000746F6F2028
:10B5B8006D616E79206578706F7274730000000099
:10B5C8006D69736D6174636865642066756E637414
:10B5D800696F6E20636F756E7420696E20636F6487
:10B5E800652073656374696F6E000000746F6F2067
:10B5F8006D616E7920696D706F7274730000000060
:10B60800746F6F206D616E7920656C656D656E7401
:10B61800207365676D656E7473000000746F6F202A
:10B628006D616E792064617461207365676D656E04
:10B638007473000064617461207365676D656E746E
:10B6480020756E646572666C6F770000746F6F208A
:10B658006D616E7920676C6F62616C730000000029
:10B66800746F6F206D616E79206E616D6573000077
:10B678006E616D65000000002E756E6E616D65640B
:10B68800000000006D616C666F726D6564207369FF
:10B69800676E61747572653B2061726720636F75B0
:10B6A8006E74206F766572666C6F77006D616C667C
:10B6B8006F726D6564207369676E61747572653B3E
:10B6C8002072657475726E20636F756E74206F7664
:10B6D8006572666C6F770000756E6B6E6F776E20A3
:10B6E800617267756D656E74207479706520636822
:10B6F800617200006E756C6C2066756E6374696F9C
:10B708006E207369676E6174757265006E756C6C16
:10B718002066756E6374696F6E20747970650000B9
:10B7280066756E6374696F6E207369676E61747590
:10B738007265206D69736D617463680074797065F2
:10B748002073696720696E646578206F7574206F4F
:10B758006620626F756E6473000000003C756E6E43
:10B76800616D65643E0000004E6F207370696E6CF9
:10B778006F636B732061726520617661696C6162C9
:10B788006C6500004E6F20757365722049525173C5
:10B798002061726520617661696C61626C65000088
:10B7A800486172647761726520616C61726D2025F1
:10B7B8006420616C726561647920636C61696D6590
:10B7C800640000000A2A2A2A2050414E4943202AB0
:10B7D8002A2A0A00486172642061737365727400D2
:10B7E800666E692B00000000666E69006E616E006F
:10B7F800666E692D000000004F7574206F66206D1D
:10B80800656D6F727900000052656C656173650043
:10B81800626F6F74325F77323571303830000000F4
:10B82800312E352E310000007069636F0000000072
:10B838006672656577696C695F6D61696E000000A5
:10B8480055534220737464696E202F207374646F9B
:10B858007574000052617370626572727920506964
:10B86800000000005069636F00000000426F6172C1
:10B87800642043444300000052657365740000006F
:10B88800556E68616E646C65642049525120307849
:10B8980025780A0065702025642025732077617358
:10B8A80020616C726561647920617661696C61629E
:10B8B8006C65000043616E277420636F6E74696E57
:10B8C80075652078666572206F6E20696E61637495
:10B8D80069766520657020256420257300000000C6
:10B8E8007A120010201600102016001020160010E2
:10B8F8002016001020160010201600102016001028
:10B908002016001020160010201600102016001017
:10B918002016001020160010201600102016001007
:10B9280020160010201600102016001020160010F7
:10B9380020160010201600102016001020160010E7
:10B9480020160010201600102016001020160010D7
:10B9580020160010201600102016001020160010C7
:10B9680020160010201600102016001020160010B7
:10B9780020160010201600102016001020160010A7
:10B988002016001020160010201600102016001097
:10B998002016001020160010201600102016001087
:10B9A8002016001020160010201600102016001077
:10B9B8002016001020160010201600102016001067
:10B9C8002016001020160010201600102016001057
:10B9D8002016001020160010201600102016001047
:10B9E800201600102016001020160010F423001056
:10B9F800201600101C22001020160010E221001052
:10BA08002016001020160010201600102016001016
:10BA180020160010BE21001020160010201600105D
:10BA2800201600105A210010201600101E210010A8
:10BA380020160010801F0010FE1E00104224001067
:10BA480020160010C020001020160010201600102C
:10BA580020160010201600102016001020160010C6
:10BA68002016001020160010001E001020160010CE
:10BA7800201600100C1D00102016001020160010B3
:10BA88002016001020160010141C0010201600109C
:10BA98002016001020160010201600102016001086
:10BAA800D01B0010661B001020160010CC1A0010C6
:10BAB8001A1A001020160010E01800106A1800105A
:10BAC80080250000004B00000096000000E1000007
:10BAD8008024010000C2010000F4010000580200A7
:10BAE8000084030000E803000008070020A1070005
:10BAF800B0710B0000100E0040420F0060E316000A
:10BB080080841E000102040810204080FF00DF3FEF
:10BB180000C2010000100E00802500000008070088
:10BB2800FF00AA550FF033CC7EAA997E510001057B
:10BB38009200206202B382000072015011000101DC
:10BB480000000000000000000000000000000000ED
:10BB580000000000000000000000000000000000DD
:10BB6800000000000000000000400000000020006D
:10BB7800000000000000018000000002000000003A
:10BB880000000000000000000000000000000000AD
:10BB9800000000000000000000000000000000009D
:10BBA800000000000000000000000000000000008D
:10BBB800000000000000000000000000000000007D
:10BBC800000000000000000000000000000000006D
:10BBD800000000000000000000000000000000005D
:10BBE800000000000000000000000000000000004D
:10BBF8000000000000000000000000000000060037
:10BC0800000000000000000000000000100000001C
:10BC180000000000000040000000001002E00000EA
:10BC2800000000000000000001000000000000000B
:10BC380000000000000000000000000000000700F5
:10BC480000000000000000000000000000000000EC
:10BC580000000000000000000000000000000000DC
:10BC680000000000000000000000000000000000CC
:10BC78000400003400010000000000000000000083
:10BC8800000000100000000000000000000000009C
:10BC9800000000000000000000000000000000009C
:10BCA800000000000000000000000000000000008C
:10BCB800000000000000000000000000000000007C
:10BCC800000000800580050020020000C000000080
:10BCD8000000000000020020000800000000000032
:10BCE800000000000000000000000000000000004C
:10BCF800000000000000000000000000000000003C
:10BD0800000000000000000000000000000000002B
:10BD180000000000000000000000000000F000002B
:10BD28002C00040000000000000000000000C0001B
:10BD3800C00000000000000000000000000000003B
:10BD480000000000000000000000000000000000EB
:10BD580000000000000000000000000000000000DB
:10BD680000000000000000000000000000000000CB
:10BD780000000500000000000000000000000000B6
:10BD880000000000000000000000000000000000AB
:10BD9800000000000000000000000000000000009B
:10BDA800000000000000000000000000000000008B
:10BDB800000000000000000000000000000000007B
:10BDC8000000000000000000180000000000000053
:10BDD800000000000000000000000000000000005B
:10BDE800000000000000000000000000000000004B
:10BDF800000000000000000000000000000000003B
:10BE08000000000000060000000000000000000024
:10BE18000000000000000001404010000000018305
:10BE28000040000000C010000000000000400000BA
:10BE380000000C01000000000000000000000000ED
:10BE480000000000000000000000000000000000EA
:10BE580000000000000000000000000000000000DA
:10BE680000000000000000000000000000000200C8
:10BE780000000000000000000000000000000000BA
:10BE880000000000000000000000000000000000AA
:10BE9800000000000000000000000000000000009A
:10BEA800000000000000000000000000000000008A
:10BEB800000000000000000000000000000000007A
:10BEC800000000000000034000000000800D40005A
:10BED8000000034000000000000300000000000014
:10BEE800000000000000000000000000000000004A
:10BEF8000000000000C0000000000000000000007A
:10BF08000000000000000000000000000000000029
:10BF180000000000000000000001000000200000F8
:10BF28000400780024010000001C00000800000044
:10BF380030000000000000000000000000000000C9
:10BF480000000000000000000000000400000000E5
:10BF580000000000000000000000000000000000D9
:10BF680000000000000000000000000000000000C9
:10BF78000000000000000000058000000000000034
:10BF880000000000000000000000000000000000A9
:10BF98000000000000000000000000000000000099
:10BFA8000000000000000000000000000000000089
:10BFB8000000000000000000000000000000000079
:10BFC800000000000000010000080000000400005C
:10BFD800001801000000000000040000000000003C
:10BFE80010000480000000000000000000000000B5
:10BFF8000000000000000000000000000000000039
:10C008000000000000000000000000000200000026
:10C0180000000000000000000000000000000240D6
:10C028004000000000000102000000014000000084
:10C038000000010000000000001C000000000000DB
:10C0480000000000000000000000000000000000E8
:10C0580000000000000000000000000000000000D8
:10C0680000000000000000000000000000000000C8
:10C07800000000020020000000000800010000028B
:10C08800000000000000080000000000000000049C
:10C098000000000000000000000000000000000098
:10C0A8000000000000000000010000000C3020002B
:10C0B800000000000008000004DFBF00000058A9CD
:10C0C800000000000002C00000000000003800105E
:10C0D80000000000000000000E0000000000000149
:10C0E8006000800000001D839C0100000000100813
:10C0F8000000000000000000000038000080000080
:10C108000001C0C30000000000000000000003E6BA
:10C118008EF000000D1912090010000068000000E0
:10C128000000000080100000000000000000710006
:10C138000000000000000000002000200E1A6040EF
:10C14800000000380D0002000000E00000000000C0
:10C158000000E00020000040200C30208280000019
:10C1680000903A0066026E66000801818868340013
:10C178002060003D97A00080000A780010000000B1
:10C18800000000800000000000020006000100809E
:10C19800090A79B5E68C00200000400008008000FC
:10C1A80000570CD000000000000080000002004092
:10C1B800C300200400003C00418009C01CB64002B6
:10C1C8000021005783800800003B7EB8002035011D
:10C1D80000801000000000000020050000000000A2
:10C1E80080000000F00002285D0A03A8C0180000C3
:10C1F800200C0000200000004330400A000000C06E
:10C2080000000001C0000C30230000000000000006
:10C21800002004000240100098098490004000604B
:10C228001CB7F60300050A1839C80004000000010D
:10C2380000078800001004A0003D4833C00000003B
:10C2480011EEC4004000001C833C01000180000086
:10C258000000000000E833800000020140C3003005
:10C26800000000000000000043C0C0000100050BF2
:10C27800BAC00004001C2D7EE51970000900AF9CAF
:10C2880000000000000030000805002000C4000283
:10C29800020CC00000000A022C420400000020CC5E
:10C2A8000010000000000000000000020CC00008A0
:10C2B8000000200C30200280000000000000200058
:10C2C800FD0100038080A7B404000000005FE000C7
:10C2D8000000278000409000008000000000038ECE
:10C2E800000000008020040833C000007801B3D4A7
:10C2F8000000006600833C00000000000000000011
:10C308001C3809338000400002C0C3000000000050
:10C318000000000003C016800000380B10F68000F3
:10C32800002000236F0200000108B02C0002001456
:10C33800000000000009000000000603C200DCC085
:10C3480000000F8ED41400400000000DCC10000037
:10C3580000000000000A000000FCC00000000020EF
:10C368000C30200000000000000000003000000039
:10C37800000001B5010800000000000000000000F6
:10C38800000000000000000000000000003879C034
:10C3980000000061E833C00000001804CD0000016F
:10C3A8006600933C0000000000000000000401E863
:10C3B80033A000000003C0C300000000000000001C
:10C3C8000000400000000000200A0BD08000004060
:10C3D8000000000000000000000000000000000055
:10C3E800000000012E0404000000000CC200000040
:10C3F8000AB33300500000000CCC0000000000001D
:10C408000000000020000CC000000207A00C302033
:10C418000000000000000000A0066949000000803C
:10C428001501690000000047E2761000001C0000BA
:10C43800000000000000000025800000000000004F
:10C44800600933C001208011FF44040002005683B4
:10C458003C00000001000000000000280833A00094
:10C46800001C01C0C30000000000000000000542DD
:10C4780095E4B000000F08D376C8100000236F1FA2
:10C48800104005010000000000000000000000004E
:10C4980000000000000000008CC00028010806749D
:10C4A800400000042800CC1002800080000000003A
:10C4B8000000009CC0000003E0200C302000000FAA
:10C4C800000000000004000000000000018100607E
:10C4D80000000002DCB1000000000E0000000000B7
:10C4E8000000000000001B10294000000001683314
:10C4F800C00000000004F10400000040933C00006C
:10C5080000008016980000040009338000001E0017
:10C51800C0C300000001A0000000000000000000EF
:10C528000000050A0A0600000000203E1000000076
:10C53800010000000000000000000030008FA198FA
:10C5480004000000020CC000000000034F001000AF
:10C55800002009CC000000000B029400000000003D
:10C56800ACC008000007800C30200200000000006A
:10C5780000000000000000300058006410000402B1
:10C58800620E0BD00101800E028410000000000032
:10C5980001000000001680040820000933C03000A4
:10C5A80081B1E7880040000016833C0100000000CC
:10C5B8000000000C000168338000000441C0C30083
:10C5C8000000000000000000004000000001020020
:10C5D8000A53C20000A03C0169A520328000000077
:10C5E800000000000000003000000F02940000006E
:10C5F8004200DCC00200050A07F880400000002065
:10C60800CC0000B00000000000000042820CC0080E
:10C6180000000001CC3022000000070410002000B8
:10C628000018104080107197288000000002958043
:10C63800500000001F72F6000000000000002800F3
:10C648000E000000000020040833C00000D8183B8A
:10C65800440100020200833C0000001800000000B2
:10C66800000004E833800000000010C30000000050
:10C678000040000000000000000000010098F700E2
:10C68800000000002A60000000000080FB608100BC
:10C698000000000001300000000000000042008C93
:10C6A800C04000050A3678800000044008CC040227
:10C6B800800000000000000003C00CC0402001E022
:10C6C80001CC302280018000409002061C0000004E
:10C6D800000A801815FBC400200340169210008041
:10C6E80008005640D0000400000000800000000050
:10C6F8000002002601C833C008325807731400200E
:10C70800000000833C008000003829480200000136
:10C71800C833800800020000C30020050000200084
:10C72800008A002000000002100008B274400800CF
:10C738005C0038210120005005AA9C000000000080
:10C748000020000000000000800040000CC0020033
:10C758004000023142080000000CCC002000000F0D
:10C7680003FC84800000020CC000000007818C30AC
:10C778002000000106841004000028000000300595
:10C7880018093C0900C012005585560700400B5097
:10C79800509000000000000300400096B010040014
:10C7A80000680833C000000000000000C00000540A
:10C7B800833C0300000000000004002001C833800F
:10C7C8000000004000C30000000090400000C000CE
:10C7D800000000000102A00B7684C00400842260DF
:10C7E800F5111000D1A03D08000000000000300045
:10C7F800000DF39440C003C4009CC000000000007A
:10C8080000000400002020CC000000000000000010
:10C818004003C0000CC00000000001EC3020000004
:10C82800010000000006240000000000001800605D
:10C8380028000002C61E024000118B807806040002
:10C84800480000000010001D00000000000005C89E
:10C8580033C0003A800000000000420000833C0022
:10C86800002001F82050000000000833800000007C
:10C878000010C300028500800000000015C0000001
:10C888000000000000F40140000014000A24010226
:10C8980080700D3C00000A00000000028001D000FA
:10C8A8000000000003820CC000000100000000002E
:10C8B8000004000DCC10000500AB3800000000009B
:10C8C80000CCC00000020001CC30200007805000DE
:10C8D8001000000000000000000081A03C0C0400D3
:10C8E8000006F4181004000000023D40000000009B
:10C8F8000000000000000000002000000933C00014
:10C9080000800004F18000006616833E000180006C
:10C9180083BDC00000140008338000003C0000C341
:10C928000000000800801000000003C000000000A4
:10C9380007090680C000800025C85A00000000B71B
:10C9480043E84100000000000000F0000000000083
:10C958000000008CC000000500030F081008002428
:10C9680000CC00000800077BEC0204080280DCC051
:10C97800000003C781CC30200000180704100040D5
:10C988000070000000010058092869000002002416
:10C998000FF00001A3800000000008000000000064
:10C9A8002000000000000020020833400100D88960
:10C9B80033D4000000600093340000000800000039
:10C9C80000001401E8330000002E3C10C3000000F2
:10C9D8001000000000080004000000002040001AB9
:10C9E8001800000014006BC3000081000000000064
:10C9F80000000000000001000000000000014004E9
:10CA08000CC000080108502804000004000CCC00E9
:10CA180000009000000000000000000CC0000000B2
:10CA28000001EC302008000007841000000000001E
:10CA38000000000080F1217C0000040000D3000009
:10CA4800000701BA91D000000000000000001E009D
:10CA58000000000006620BB10000005813879CC05C
:10CA68000000001C92E000000F00DA141000000023
:10CA78002800000000003C00D0C3000000000000B7
:10CA88000000000000000000001005180417C01086
:10CA98000000001C3000000900912614000000006E
:10CAA80000000000010000000000000004C7208012
:10CAB80000200A0B79C8000000203C2E000000B0BE
:10CAC80087C3E80000814000000000000007C0ACF8
:10CAD8003020020800000090040000020D2500002C
:10CAE8000058082128004000601F92F00102D19CE4
:10CAF80007A0080002000000000000000000000479
:10CB0800000003DCA5001108000B879C004400000E
:10CB180000000001000500000000040016601E333C
:10CB28004000000079D0C30000007000300000C051
:10CB3800000015D1A1000000003621400C000002C1
:10CB48004AAF0030B2080F2D0002020000000000BA
:10CB5800000000000000000000360AA0800000006D
:10CB680013108200200000000000000000000000F8
:10CB78000000000001ACC1000001E04DEC302000D5
:10CB88000001004098000000221CA020002281A77C
:10CB980037F8000001668000000000001F7627C0FB
:10CBA80000000000000002D0001F7890000020055F
:10CBB800DAF96000080010040200000003AEAA546D
:10CBC800040280003EE01000004000608100000088
:10CBD800003C10C320000000D02C004100000034AD
:10CBE80005000400590F5F294000001400000000F0
:10CBF800000000F7AEFC4000000000000002D0007A
:10CC0800EB8840000043838F9000000008038000F9
:10CC18008000804250AA00003000E03E000000087A
:10CC28000000E81000000000468C3020800500005D
:10CC38000010020A80001A0F00080081A9B2D4006F
:10CC480020016281BCF00090938000000000040085
:10CC580000000090001E87938002040006404220D6
:10CC680008089987000200200400400000008000A6
:10CC7800015E49D0020006635EFA4000003C3810AD
:10CC8800C3202005500D0020418204000100F2025B
:10CC9800000700770C000800002818CF00A232080F
:10CCA800000000000A00000000200001BB723400F0
:10CCB8008200024CF002120001000000000800800F
:10CCC80024000000200000A0F09C008000203D0A05
:10CCD800001000000004EC322100450000001000A4
:10CCE800000000400040500090057A8000040A06C9
:10CCF80026D0400300080E0000000040000000019C
:10CD080021850EB04600040006016E8B400000012C
:10CD18008020CF0048080640000003000000000003
:10CD28000004001C78EC80000000003800C30010EC
:10CD38000050A50020010000000200400100558AB3
:10CD4800082800008064417900011000700000008C
:10CD58000000000000003000090B3AF400400040D9
:10CD680003A8B0000000000273000C60003C000043
:10CD78000000000000000000C000042DC0000000FA
:10CD880000000D8C302000000A80001A0000203AB4
:10CD98000000400184F18DE9000000A06600000059
:10CDA8000000000078199000000000000001050054
:10CDB80083938000000000EC80000100001520CF64
:10CDC800000020000CEF7000000598000000000033
:10CDD8002066CF00000000000030C320000000AD36
:10CDE8000020010001C4140080002007009A4000C0
:10CDF8000002804000000002800005B16800009435
:10CE08000000000000080F323400000003D5D000F5
:10CE180000018008083300000000027B7A1000003F
:10CE280070000000000001C6648080000001C0613D
:10CE3800CC302000000000409800000000000000F6
:10CE48000008919579600000400604000400000382
:10CE5800810000000000000000002025808668D8BE
:10CE68000004806C0000000000000024CF000001D6
:10CE7800E00CBA3600000000BB94100000346DECE2
:10CE8800AF404000023FD0C3200000000020000156
:10CE980000000000000000000188320002000000CD
:10CEA80040200400400008C000000000000000000E
:10CEB8000101000B654C00000542800000000000E5
:10CEC800000233000000023C1CA30000B000050370
:10CED800D40000C162940050000000078FEC30209D
:10CEE800328000004098300B560000000000180007
:10CEF8000DE800000A000004A7A0002800000000B8
:10CF08000000020000000000001FD0605800002E42
:10CF18006E7CA5000110000024CF000003E02C0760
:10CF2800E0001005800000000000166AEF182000DD
:10CF3800000403C0C32002000000200000006800B5
:10CF48000000000010A1009A4080004000015874C1
:10CF58000001B9000000000000000000000000010E
:10CF6800E93B9C000005420F0AF200000000023372
:10CF78000000001601EC2400028000000000000AF6
:10CF880002402DA08310000007A0AC302000000054
:10CF98000000000000000400000000000000000085
:10CFA800000488000080F60C0007810000000000E3
:10CFB800000000000001083797C0000000040E0CB4
:10CFC8000000101005A0CF000003671CE1B00000AE
:10CFD800080000000000001661C1DB4000003C7F33
:10CFE800D0C320000800000000000000030000007B
:10CFF8000020000800000000804000100F01000021
:10D00800009000000000000000000000000F001465
:10D01800000000020180C01000000008330000007A
:10D028001C202D1B0000001000000000000002D68C
:10D03800E421000000439EEC30200000000000982E
:10D04800100000000002403000B8006FCD00C001A1
:10D05800E00000000000000E0209D80000000000F7
:10D068000100090990695004001606DF80003000AD
:10D07800100024CF0040A0001C08140100001EFA74
:10D08800281004003C7B6D080000000063F0C3001A
:10D098008000000028002000000000F00003000BC2
:10D0A8008006BCC00CA00200000000000501097049
:10D0B8006C0000100000000000F0FF25980200003E
:10D0C80002ACF00002085000027300008104034E15
:10D0D800E72000000003C000000001E6F7C00000E0
:10D0E800000000000C3020002000000000000000BC
:10D0F80004EF08000000000000000000200035DDFB
:10D108001400000D8082815000000000000001859D
:10D118000A171550000000017C1B00000080002049
:10D12800CF000000078000000000001B0000000086
:10D138000000000000000000000000C320000C00F8
:10D148000000000000000203C08000000000000092
:10D15800000000003C5EA000000050010028000014
:10D16800000000000000000B81680000000003A11F
:10D17800B000000100023301000000400000000080
:10D188000000F000000000000000000000000000A7
:10D1980040EC3220000000000000020806060000F3
:10D1A80060480000000000002001E3A588540080CA
:10D1B8000D80528952000A00000000800000B85912
:10D1C800900200002C0102400900801020CF0020AE
:10D1D8000607A18500008001811F0B800200060060
:10D1E8000000000000003400C30000380000000008
:10D1F80000800023040082120000000000000800E4
:10D20800346BEA450020005001A8740000000000BB
:10D21800002280000D32940080140200F0000620E5
:10D2280001080333000800BC4140A011200070A988
:10D23800FEB40080000000000000000000000C3276
:10D248002000000000000000000000CF00000000E7
:10D25800000000000040A1C7A6B80403000398001E
:10D2680000000000000000030001803B20100000C7
:10D27800142ADD80000000000720CF00404002A0F3
:10D288001E700100259997C7400C0000000000009F
:10D298000000000000C300000000000000000000C3
:10D2A800000D9200000057000000000C001E406FA7
:10D2B800E500900050000000000000000000008021
:10D2C80008A02A000000C0003CD0000000000008B0
:10D2D80033000C00003DCBDB00700000E9A17800B2
:10D2E800C0E0000000000000000000EC302000005A
:10D2F80000000000000000600000000000000000C6
:10D30800000000014006ED1400200000100010008D
:10D318000000000000005018FAA810000000026A7F
:10D3280080604002000720CF00000863AFD80000EB
:10D338000107005A7C800000000000000000000087
:10D348000000C320000000000000000000000000F2
:10D35800000000000000000000001603DA500083FF
:10D368008000050294000000000000000200A300F5
:10D37800000000000367F0019403800008330000F8
:10D38800017C41595000000008097FD400000000CA
:10D3980000000000010000000C30200440000000E4
:10D3A8000000102660DC0A000040000000000001B8
:10D3B8000003A18744000408010000000011400098
:10D3C800000004279F3B28100090446C00000000D8
:10D3D80040180024CF0001A0000000000004101C29
:10D3E800000000001000000000000010000000C352
:10D3F80020004000000000000102641E000000043C
:10D408000000000000003174004CB800004010908B
:10D4180000000001000000000041098540000005EF
:10D428000802800000002C000002330000100000F9
:10D43800000000007A000000000001000000000069
:10D4480000010000018C30200400000000000011E1
:10D458006660000000004000000000000101420674
:10D46800E05400040800D31D100010000000001450
:10D47800090006DC900012167C0000000055180018
:10D4880024CF00011560200180000400007AC31831
:10D4980000114000013C600010000010C320004053
:10D4A8000000000000010A64000000000400000001
:10D4B800000000100042C05F000065F001296020F4
:10D4C80001200000000240100172C4000100068023
:10D4D80000000004300003330000109428CB24001F
:10D4E800004000EB200C040108000083C00001018B
:10D4F800C0000C3020040000000000001006660088
:10D508008100005800000000000181427605A0104B
:10D518000680000000000010000000000400183A17
:10D52800815000101604DE80000040019024CF00D6
:10D5380001000027B3000025001CD20FC000101600
:10D54800381E50004010020000C3200042000000B6
:10D558000000010026749420082C00000000000040
:10D568001002764000008040000000000001040026
:10D57800000000C0000F417C0001C0022EE0000046
:10D5880004000802730000100020EA200001400196
:10D59800B9FC68000100041C0A0180010000000CAD
:10D5A80031200450000000000C101C02EF800030F5
:10D5B8004010000001000100E736B0C0030470000D
:10D5C80000000000500000000104079E7AE01000EF
:10D5D80010206800000030400187A0CD00410147BD
:10D5E80001EA36010405815A3D00041000000000DC
:10D5F800000010000000C30080400000000000C1CF
:10D6080000000DD00003040000500200001026782E
:10D61800CE4E2090430000000000010000000000F2
:10D62800400900B2000001014200000002040000AD
:10D63800083300001000425F53000040D0A067D0BC
:10D648008001034000000000000000000C302000B2
:10D65800000000000000001C716A0000000870094A
:10D66800797C0000000020D04000000B8E5016800E
:10D67800000000000000000000FF3D5000200000F6
:10D6880000000000001993FB6120000146241E7071
:10D69800000000010000000020000160008000027E
:10D6A800000000C30000000000000000000543D493
:10D6B800D200040010803001400000002FC808008C
:10D6C8000000110300000000000000000004000B2F
:10D6D800C294000000000000000000001906B60017
:10D6E80000000026CBFF28400000E00000000000FA
:10D6F8000002000020000000000C302000000000A4
:10D70800000002200E7001024008000003B86C00FF
:10D718002000002000040080001AB752C00000005A
:10D72800000000800000000000020000017EA04010
:10D7380008000093E5E8002000602CA85000800154
:10D748009F000000020000001C12C0000000000042
:10D75800C300000000000000008401640080000293
:10D768000000000606C008003C02C0088020000037
:10D7780003AD1C00080000000020000000000000AD
:10D78800820000360000020000199EEE0008003EEC
:10D798002FEA4000200009E00000008000002DC2B0
:10D7A8001000000000000C30200000000000000401
:10D7B800000E70003C0070000013060400401407BF
:10D7C80080000000002F809F295A000200000000FE
:10D7D8000000000000980C00000400000010001970
:10D7E80083256C004A234296EE3401000018F2B3F8
:10D7F800000C0000600812C00000000000C3000018
:10D8080000000000000040016400F3C00100000CAB
:10D818000360400C0000000000000005580BE3F80E
:10D8280020000000000000000000340082000143D6
:10D83800400000010010907E51C004403E001EE3ED
:10D84800081030100F2C0004C0000034D210000063
:10D858000000000C302000000000000000000073F1
:10D868007800004080000000000000000000000078
:10D878000000100E3F2BC000000000000000000058
:10D8880000000000040038000000000000032AA97E
:10D8980020000003ACB85000000501000090000013
:10D8A80000040830400000000000C3000000000031
:10D8B8000000000001400681000010000000000088
:10D8C80000083428000000000001E9416802000057
:10D8D80000000000381000000000000004000000F4
:10D8E8000020000B7816800000346BCC400000004C
:10D8F800009028000400000200D30004010000008A
:10D908000C3020042000000000001000000000007F
:10D918000040181500010001006001A0A00014805B
:10D9280001F3800000100000000004000100000066
:10D9380000100600000000004039D066E1000163D5
:10D94800C0568F56000400009800000010066400BE
:10D9580000000010000000C30000450000000000A7
:10D968000100020000000004008808010000100007
:10D978000240050082C4D08DA80400010000000008
:10D98800004000E00000000B000000000000040060
:10D998001857DD0200102C34D0F000007870058193
:10D9A800680003000200000000010000000C3020A5
:10D9B8000400000000000010000000000002408089
:10D9C8001381680001000381DF300004051CFB019E
:10D9D80040001800000000040008000000003000AB
:10D9E80000000000004019C1ACFC000BE0E066B587
:10D9F800B000040000B6C940001200040000000096
:10DA080010000000C30000400000000000010000FA
:10DA180000000000040109F22640401B40641EF388
:10DA2800008040D9B9A81C80010000000000400017
:10DA3800F0000000056000000000000400093F49F4
:10DA48004000500021FB47000040000D23780001F2
:10DA5800000200000000010000000C30200400005B
:10DA68000000000010003068002000401080000016
:10DA780000014000000000000400009716C00010DC
:10DA880000000000040800000000001000014D72B2
:10DA980040004498013BE90001E2606D8A50002E85
:10DAA800880098294000100020DAAF4000100000DC
:10DAB80000C3000040000000000001000037802083
:10DAC80004040008000000005000000000000040AE
:10DAD800D0B3357C000108000000004010000000B1
:10DAE8000001000000B7220004038E541402001045
:10DAF8000C37CA2500004070050000220100000311
:10DB08000AF000010000000C3020040000000000B2
:10DB1800001000000A104000400003B86C014102E8
:10DB280006201810030407985680C0001000000053
:10DB3800030407018039C004105E00000000104093
:10DB4800D9B7AF29004103475EB5B00005001806F4
:10DB580004180C101E02CA10000010000000C300B8
:10DB68000040000000000001000001000000040166
:10DB7800000206C0041004434A4200304000077CFB
:10DB880008800100000000304008E53B6C400100BF
:10DB98002000000000040B0D03B28404100E69DBA2
:10DBA800470000500000400000C1000037C0020CD0
:10DBB800000000000C3020000000000000004000C1
:10DBC800040A0F414000780060410000140241A09F
:10DBD800F4000008015AC2800000000000000000A4
:10DBE8000000000000014000000000000001CB3EE2
:10DBF80004000001C2D5EF700000001838002000B2
:10DC08000000280000800000000000C300000000A1
:10DC1800000000000200028000F18800008000007F
:10DC2800041000803C000F00000010A9F00800005C
:10DC380000000000000000000000000008000000D4
:10DC48000000000D10B2D400000000740FF720008F
:10DC58000090E000000800034780800020000000DA
:10DC6800000C302080000A0000000200002800009C
:10DC7800000808F81000000020006007C382008038
:10DC88000D8A86BF900000000000008000000000A0
:10DC980000000000000000000800F98382952020A1
:10DCA8000207E1DD000080000007CCE00240142BF1
:10DCB800DC6C800000000000C3002000F1000000C0
:10DCC800008000040000000200050D0000000800AC
:10DCD8001C02C910002108B1A77FF48100000000D0
:10DCE800002000000000000000000000000002000A
:10DCF800010053B6C20800046549E000A000000016
:10DD08003F300080002426B39000000000000C3053
:10DD180020008001500010000C20000000001100BD
:10DD280000E7000100400002E0E40001000518FFE0
:10DD3800FBD0000000000000000000000000000010
:10DD480000000000003000D0A93214004003C78D45
:10DD5800B80001005001024CE00400160368488036
:10DD68000000000000C300000000E0801000000078
:10DD78004380000003200010000100040B4066DB14
:10DD88008000700000BDBFFC8100000000000000A2
:10DD9800000000000000000000000003000190BA2D
:10DDA80010000C003C215DD000100200802B3000D8
:10DDB800400002F6F7B000000000000C3020000020
:10DDC8000000000000000028000000000000000023
:10DDD80001000001C02011800000038B9BFD0000A2
:10DDE800000000000000000000000000000000002B
:10DDF8000000000058A037C52000024047EA400054
:10DE0800000181024CE00000402BC96C800000003A
:10DE18000000C30000000000000000000000000037
:10DE28000000000D0010020000000601C8242000B8
:10DE38000058AB6BE8000000000000000000000084
:10DE480000000000000000000000009097BC820065
:10DE58000024266C8000000000802F300000080697
:10DE6800E6839000000000000C30200000005601FE
:10DE780048000000000124000000000DF3EC8202BD
:10DE880000060EF0000000019F860140000000001F
:10DE9800000000000000000000000000000000007A
:10DEA800005811B2140000026654C0000000001AA5
:10DEB8007A4490000000724848000000000000C347
:10DEC8000000000000C0140400000024B18000001D
:10DED800000017BFC000460021DD40200100018975
:10DEE8004028000000000000000000F000000000D2
:10DEF80000000000000000050832E00000002C20AF
:10DF0800E050000000000131EC0000000436F7B0DA
:10DF180000000000000C302000000000000000009D
:10DF28002060000000000000800000000001607D0B
:10DF3800C0000000018BD7BFD040000000000000E7
:10DF4800080000000000000000000000000080033E
:10DF580067C5000A0200060A5400000D80101090E0
:10DF6800000000025ECF400000000000C300000077
:10DF780000000000000001C00000000000001000C8
:10DF8800000000001428DF0800000071856FEC0015
:10DF98000000000000000070000000000000000009
:10DFA80000000000050F03BC4200400C2EC9DB0036
:10DFB8008200100F2F9C0000004024D0C0000000F9
:10DFC80000000C302001000000000000000000F8F4
:10DFD8000501000018000409000801605C10000435
:10DFE80000001C1B5FD000000000000000000000C3
:10DFF80000000000000000000000000081FF950004
:10E00800000802240E7400000001130150000006ED
:10E0180020C024400000000000C3000000000000F1
:10E028000000000000030050800001800240005002
:10E038000A802B6D1800000000B162BC810400004A
:10E0480000000100000000000000000000000000C7
:10E05800000D100BF944000140004DC310000000F2
:10E06800A1C2BC0000000016E7E000000000000CA0
:10E0780030210000000000000C000401E0000080D6
:10E08800000009BE94004402021ED582010008194E
:10E09800BB01000000000000030003803B411800A2
:10E0A800000000000000128180A7AE00004003407D
:10E0B80004EF5111000D813EC2000400460000002B
:10E0C800000000000000C300100000000000004035
:10E0D80040003405A000010000B2B6804C80044323
:10E0E8007E5A00300010D3F000000000000000301D
:10E0F80000F0007810600000000000000310050028
:10E108003A30400C000E0030F530200050A02C2092
:10E118008080080000000000000000000C30200093
:10E1280000008000100040206C081040008059B1A9
:10E138008001000806E645A2000008050A973C0091
:10E1480000000000000000000A00000000000002BB
:10E15800000040000098016601200000001E000435
:10E168008000000000009000001C64400040000097
:10E17800000000C300000000090020000001424127
:10E1880000001810000F00010000001E24392000B4
:10E198000000D1A580000000000000000000010080
:10E1A80000000000000024008008000580036000D3
:10E1B80000000000000400000000F02400800000BF
:10E1C8000340004008000000000C302080080100D7
:10E1D800009002001C014000400800380000600068
:10E1E80000000295F00000800000380018100000C0
:10E1F8000000008000000000000200000400000091
:10E208000800700F82050020000000000000800058
:10E21800000000000200003BFFA5200000000000F5
:10E22800C3002000B0C03C0000800003C0004102D1
:10E238000100009209000000006F5B08002000D078
:10E24800A00010C300000000002000000000000033
:10E25800800003800000020000001A00020800008D
:10E26800000000002000000000000080000426FFDD
:10E27800E200000000000C302100000E0000000C3D
:10E288000096601A104010008180000000100062A3
:10E29800FDE1A000000F805B44000040000000008A
:10E2A800000000000000000000000000003000181E
:10E2B80007E2810000000001E1048100001E3E9792
:10E2C800C004014005C000400000000000C3003049
:10E2D800000000000000C01044000000050001001C
:10E2E800000000000002264C0000000010BB6C007B
:10E2F800000800000000000000000000000000000E
:10E308000000000300008050000020000000100002
:10E318000030000100017C044000020000400000C1
:10E328000000000C302000000080001010002000C9
:10E33800400040010501D068410002E06056A50098
:10E348000000051C9680000000000000000000008E
:10E3580000000000000000000000000000030605A7
:10E368000000000001E104041008000000000000A3
:10E378000E060000400000000000C300000000ED91
:10E388000020000001400000400428810C04000027
:10E3980000000224005000000010ADA08001000021
:10E3A8000000000000000000000000000000000065
:10E3B8000000000012000020000000100000020011
:10E3C800B0000000000000020C00800800000000FF
:10E3D8000C302000001E800010004E0000000000DD
:10E3E80000000003AC2000000200200DB010000067
:10E3F8001916C200400000000000000000000000E4
:10E4080000000000000000000081B96281000400E3
:10E418000060000404200800000000020000000062
:10E4280000000000000000C3000000010B002000F5
:10E4380000000000000000000000D3C0000000043D
:10E4480000C8E700800000C9680000000000000064
:10E458000280000000000000C0000000000000056D
:10E468000A70000240800032C00808012010000035
:10E47800000000200000000000000000000C302018
:10E4880000000100000000400001400040000018AA
:10E498000004090000020040000000005980162214
:10E4A8000000000000000000000000009040000094
:10E4B800000000000008000506050000000220001A
:10E4C8000400000198932200000006000102404069
:10E4D80000000000C300000000B00000000203C3F9
:10E4E80082004004000000028000000014200000A8
:10E4F800000002B00D60880000000000000000006D
:10E50800002400000004000000000000070EB20014
:10E518000200000062C008088000000BB8880000F4
:10E52800000000B00000000000000C302000000FC8
:10E538000000000000002000024000000000000071
:10E548000000106004E070000000007AFBC00000CA
:10E5580000000000000000000000000000000000B3
:10E568000000280081628100000000000000000017
:10E5780000000000000000200140004040000000B2
:10E5880000C300000001B00000000000000090007F
:10E598000400000000000000008420DE03000000EA
:10E5A800000922FC0200000000000000000000003A
:10E5B8000000000000000000000010B00002000091
:10E5C80000000000000000500000000000A440020D
:10E5D800004000000000000C3020000000763FC022
:10E5E8004C000002F8FE004000018004090000020F
:10E5F800072EA58003000B80536140000000000037
:10E6080000000000000000000000000000003000D2
:10E61800D9A10605000002068C00040000000000D5
:10E628000010040014200002400000000000C30095
:10E638000000000B82BC0040000007AFF1000000A2
:10E648000002C000000034027800003000980B6916
:10E65800080000200000000000000000000000008A
:10E66800000000000120050012000200000C382004
:10E67800040800000007002000C000228090000469
:10E68800000000000C3020000500100020000014DD
:10E698003A4A7F40000050017080000000000000EE
:10E6A80004000008180040900040800000000007A7
:10E6B800010000000000003E00E7080000000D8790
:10E6C8009C80000340058800000000000000000056
:10E6D800002001F8C5400000000000C30000000849
:10E6E80000000008000022B5BFF00000008073C0E1
:10E6F800000000002D400801000010E03800000A6A
:10E7080004000000000000E000000000000354DDE9
:10E71800B00000000073FFC00000062E5B00000080
:10E728000000000000000002C0028C500000000041
:10E73800000C3020900000028CF01200006C4B009E
:10E7480000080001E07830002003C01E80A000808F
:10E7580003801710020000000000008007800000FE
:10E7680000020000000000000800800000000020F7
:10E7780000028000000080000000000002001C046D
:10E788000000000000000000C3002000000033303B
:10E79800008000020EB4000200001003830008008D
:10E7A8002400100A00200058092C00000000000076
:10E7B80000200000000000008000000000000200AF
:10E7C8000F000000000800004000000020000000CA
:10E7D800000000800003C0000000000000000C30B2
:10E7E80020000500720CF000000664FA1A00000010
:10E7F80050000060004014E78600040000058B0309
:10E8080004100000000000010000000000000400E7
:10E818000000000000100001E0000000000002D528
:10E82800B804830000000000000400003800000065
:10E838000000000000C30000000800833000000052
:10E84800221CC3F000000000B309000C0082400045
:10E85800040100007080400000000000000010006B
:10E86800000000000040000000000003000010004D
:10E878000000000000646BC0009000000000000071
:10E88800C0800200000000000000000C30200000E2
:10E8980000020CF000003661F91A00000080080040
:10E8A80001800002E027C050040001881000100019
:10E8B8000000000000000580000090000016000025
:10E8C800000000008000000000000203800000003B
:10E8D8000007800000000000007000000000000039
:10E8E8000000C30000000000373000000142BF9361
:10E8F800F00001830050020400002400C000000062
:10E908000000008010000000000000000008002047
:10E9180000000000000000000000030000000000EC
:10E9280000140000000000000800000000000004BF
:10E9380000000000000000000C3020280198024C64
:10E94800F000003400011800010080138204000464
:10E95800006237CA500000000838001000000000AC
:10E96800000000000000000000400000000000005F
:10E978000000080001000000000000000000000086
:10E9880000000000001C0341A5000000000000C3B7
:10E9980000010000003330000001401C92400008D4
:10E9A800050A02A04000800000C9A4080000000079
:10E9B8000010000000000000000000000000000A35
:10E9C8000003C000000000000070020000004000CA
:10E9D800000000000000F00000000000002E9DB0C4
:10E9E80008000000000C3020000999024CF00000DB
:10E9F8000E04DC0A000002980004600000007000A9
:10EA0800E0A0000009005A88000000000000000093
:10EA1800001A8079C000000000000000000000001B
:10EA28000000000A000021AE00000000000684106B
:10EA380000A000047CF5014000000000C3000000B5
:10EA480010803330000000028100A000004D00F368
:10EA5800C90000002402D0050000001000E8800072
:10EA680000000000000000000B236C800000000084
:10EA7800000000000000000000000000015BD0085A
:10EA880000001000000283000002030F5080000005
:10EA980000000C3020000001024CF0100C06016C44
:10EAA800000000009991700000000002B7CA5000F1
:10EAB8000000009879C0000000000000000000007D
:10EAC80000000040000000000000000000000000FE
:10EAD800001400000000000000000000000000001A
:10EAE80000C1BD010000000000C300000000803725
:10EAF80030000000029694000000099973E00000BD
:10EB0800000000C00500000000012BFC20000000F0
:10EB180000000000000000000008200000000000C5
:10EB280000000000000000000000000000000000DD
:10EB38000000000000000000BBD088000000000CAE
:10EB48003020000000024CD00C001E237C5E0030F8
:10EB58000018100409004000602EE00000000900C1
:10EB68001AE8400000000000010000000000000456
:10EB7800000000000250100079E0000000000000D2
:10EB8800000000030000000000000000000000007A
:10EB9800000000000000C30000000000373000C083
:10EBA8000022BD91D0010000890240043C00000110
:10EBB8005C02000000B0003A842000000000003031
:10EBC80000000000000000000000900001000000AC
:10EBD800000000000000000000001000000000001D
:10EBE80000000003C0000000000000000C302000FE
:10EBF8000800000000004020616A00000000D0000A
:10EC080004600000000000000000004780574080BA
:10EC1800000A00000000000000000000000080045E
:10EC280000000000000000000000000000001008C4
:10EC3800000000000000000000400000000000008C
:10EC4800000000C300000090000000000202C005A0
:10EC5800F8000000090AB3490000000000000000A5
:10EC680000007000640800000000000000000000C0
:10EC7800000000000403C0000000000000000000C5
:10EC8800000400000F00020000000000000000085F
:10EC98000000000000000000000C30208000007020
:10ECA800169002001461E05A00080079C1020400BD
:10ECB80020020000000000800000000000000000AA
:10ECC800000000800800000000020000280000008A
:10ECD800000000000000002000001DE33C808000D0
:10ECE800000000000200000000000000000000001A
:10ECF800C300200000000168408001401CD1800250
:10ED08000005000A204008003C0000000020000028
:10ED1800B0000000000000000020007000000000AB
:10ED2800880000000000000000000000000800004B
:10ED38000010CC002000000000000080000000004F
:10ED48000000000000000C3020000000000000005F
:10ED58000000041AA0000000D019280400040000D4
:10ED68001FA50001000F8800000000AA0000000095
:10ED78000000007F281004000004000000000000CC
:10ED880000000000C0800054833C830000000000A5
:10ED9800000C0000000000000000000000C300009C
:10EDA8000000000000000001425C050100000909A4
:10EDB80016000000800003E0A500300038000000C5
:10EDC80000040000000000000000C28002400002B1
:10EDD800800000000000000000000C00002020CC93
:10EDE8000020000000000000C0000000000000003B
:10EDF8000000000C30200000000000000000206728
:10EE0800601800000000F80508000003600000001A
:10EE18000000078003AD5000000000000000000063
:10EE280000000000020E7800000000000000000052
:10EE38000000000000833400000000000000000013
:10EE480000040102400000000000C30000000000B0
:10EE580000000000024296E3C00000010C9220402E
:10EE680000001400000000000000A761E800000096
:10EE78000000000000000000000000000400000086
:10EE880000000000000000000000000DCC08000099
:10EE9800000000000000000200B0000800000000B0
:10EEA8000C3020000000000000000020656A50605F
:10EEB8000000001180010000000000000000038035
:10EEC80000572B4000000000000000000000000078
:10EED80000400000000000000000000000000000EA
:10EEE8000600000000000000000000008000000094
:10EEF80000000000000000C3000000000000000047
:10EF080000014642050A180000080001022000001E
:10EF180000000000000000056168400000000000DB
:10EF280000000000000000080000000000000000D1
:10EF380000000000000000000000000000000000C9
:10EF4800000004080000000000000000000C302051
:10EF580000000000000000002002C18100000080C5
:10EF68001004F0000000000000000000000800008D
:10EF78000000000000000000000E0000000000007B
:10EF88000000000000000000000000000000000079
:10EF9800000002801E8079D0000000000000000000
:10EFA80000000000C300000000000000000001C0D5
:10EFB8001690000000030802CF00000000000000C7
:10EFC8000000000000000000000000000000000138
:10EFD8000000000000000000000000000000000029
:10EFE80000000004000000000000000F376C04005F
:10EFF800000000000000000000000C30200001802C
:10F00800000090000036205980000100000D2804FF
:10F0180000000006801024000008185839C00000BD
:10F0280000000000000000000000000000000102D5
:10F0380040000000000000000000638000000000A5
:10F0480000000000000000003A000040000000003E
:10F0580000C300000000002000000000400E8000F7
:10F06800042B00001A800000004000080000010086
:10F078001000AB9C400000000000000000000000F1
:10F088000000000000B00100000000000000000EB9
:10F098000000000000000500000000000000003C27
:10F0A800008000000000000C30200000000000007C
:10F0B8000C0006004E01003000000584600240008C
:10F0C80000400000010000000000000000000000F7
:10F0D800010000010000000400000200E700000039
:10F0E8000000000000C0000601E0F4030100000079
:10F0F80000000C001E200000000000000000C300FB
:10F108000000000000000040000001B010010000F5
:10F11800000A86000C0000200000003000000000FB
:10F1280000000000000000100000A0000000C00067
:10F138000024BDB200000000000000040000001020
:10F148000F0080000080000000C0000000000000E8
:10F15800000000000C30200000000000000000004B
:10F1680060000000000080102F0100000000200057
:10F17800040000030100000000000000000000007F
:10F188000000000000000000000000000000000077
:10F198000000000000000000000000000000000067
:10F1A8000000000000000000000000C30000000094
:10F1B8000000000000000000000000000B0C0730F9
:10F1C8000020000002C00820000000E0000000004D
:10F1D8000000000000000000000000000000000027
:10F1E8000000000000000000000000000000000017
:10F1F8000000000000000000000000000000000007
:10F20800000C302080000000000002001600000002
:10F2180000080080110205002000000000000080A6
:10F2280007000000000000000000000000000000CF
:10F2380000000000000000000000000000000000C6
:10F2480000000000000000000000000000000000B6
:10F258000000000000000000C300200000000000C3
:10F268000080034000000002000B0C02E040280070
:10F278000000000000200000000000000000000066
:10F288000000000000000000000000000000000076
:10F298000000000000000000000000000000000066
:10F2A80000000000000000000000000000000C301A
:10F2B800230000000000000000002D4FA5001000F2
:10F2C80080B52A810100000000000001000800004C
:10F2D8000000000000000000000000000000000026
:10F2E8000000000000000000000000000000000016
:10F2F8000000000000000000000000000000000006
:10F308000000000000C30010000000000000000022
:10F31800077682000300030D0428000000000000A7
:10F328000000100050000000000000000000000075
:10F3380000000000000000000000000000000000C5
:10F3480000000000000000000000000000000000B5
:10F3580000000000000000000000000C3020000049
:10F3680000000000000006026BA040000000E5B6A7
:10F3780085000000E0000000000007800000000099
:10F388000000000000000000000000000000000075
:10F398000000000000000000000000000000000065
:10F3A8000000000000000000400000000000000015
:10F3B8000000C300000000000000000000203D8A9B
:10F3C8001000000010DBB440200000000000000026
:10F3D8000000000000000000000000000000000025
:10F3E8000000000000000000000000000000000015
:10F3F8000000000000000000000000000000000005
:10F4080000000000000000000C302000000B00008D
:10F4180000000000000000000000000D0295000040
:10F4280000000000000000000000000000000000D4
:10F4380000000000000000000000000000000000C4
:10F4480000000000000000000000000000000000B4
:10F45800000000000000000000000000000000C3E1
:10F4680000000000A00000000000000000000000F4
:10F47800010018000020000000000000000000004B
:10F488000000000000000000000000000000000074
:10F498000000000000000000000000000000000064
:10F4A8000000000000000000000000000000000054
:10F4B80000000000000C30200000000703100000CE
:10F4C80000000AFC000000000102050000000040E6
:10F4D8000000000000008039C000000000000001AA
:10F4E8000000000000000000000000000000000014
:10F4F8000000000000000000000000000000000004
:10F50800000000000000000000000000C300000030
:10F51800500034302200000001BFC0000001080A7A
:10F52800E04020000028000000000000012B6C8053
:10F5380000000000000000000000000000000000C3
:10F5480000000000000000000000000000000000B3
:10F5580000000000000000000000000000000000A3
:10F5680000000C3020000000000000000000004AED
:10F57800F500800000002F010000000000000000DE
:10F588000000001000100000000000000000000053
:10F598000000000000000000000000000000000063
:10F5A8000000000000000000000000000000000053
:10F5B800000000000000000000C300000000000080
:10F5C8000000000040030F500000000006700020FB
:10F5D80000000000000000000000001020000000F3
:10F5E8000000000000000000000000000000000013
:10F5F8000000000000000000000000000000000003
:10F608000000000000000000000000000000000CE6
:10F61800302000000000000004000004000000305A
:10F6280000B00072810040000000000001000000EE
:10F6380000000000000000000000000000000000C2
:10F6480000000000000000000000000000000000B2
:10F6580000000000000000000000000000000000A2
:10F66800000000000000C30000000000000000C00F
:10F678000002C0000003000300D414002C000000A6
:10F688000000003000000000000000000000000042
:10F698000000000000000000000000000000000062
:10F6A8000000000000000000000000000000000052
:10F6B8000000000000000000000000000C302000E6
:10F6C8000000000000000000000000000000000032
:10F6D8000000000000000000000000000000000022
:10F6E8000000000000000000000000000000000012
:10F6F8000000000000000000000000000000000002
:10F7080000000000000000000000000000000000F1
:10F71800000000C30000000000000000000000001E
:10F7280000000000000000000000000000000000D1
:10F7380000000000000000000000000000000000C1
:10F7480000000000000000000000000000000000B1
:10F7580000000000000000000000000000000000A1
:10F768000000000000000000000C30200000000035
:10F77800000002000000000000000000000000007F
:10F788000000000000000000000000000000000071
:10F798000000000000000000000000000000000061
:10F7A8000000000000000000000000000000000051
:10F7B8000000000000000000000000000000000041
:10F7C800C3000000000000000080000000000000EE
:10F7D8000000000000000000000000000000000021
:10F7E8000000000000000000000000000000000011
:10F7F8000000000000000000000000000000000001
:10F8080000000000000000000000000000000000F0
:10F818000000000000000C30200000000000000C78
:10F8280000000000000000000000000000000000D0
:10F8380000000000000000000000000000000000C0
:10F8480000000000000000000000000000000000B0
:10F8580000000000000000000000000000000000A0
:10F8680000000000000000000000000000C30000CD
:10F87800000000000000C0000000000000000000C0
:10F888000000000000000000000000000000000070
:10F898000000000000000000000000000000000060
:10F8A8000000000000000000000000000000000050
:10F8B80000000000000000000080000000000000C0
:10F8C8000000000C302000000000000000001400C0
:10F8D800E066480000000000000000000000000092
:10F8E8000000000000000000000000000000000010
:10F8F80000000000000000000000040000000000FC
:10F9080000100000000000000000000000000000DF
:10F9180000000000000000000000C300000000001C
:10F9280000000000000000D6600000000000000099
:10F9380000000000000000000000000000000000BF
:10F9480000000000000000000000000000000000AF
:10F95800004000000000000100000000000000005E
:10F96800000000000000000000000000000000008F
:10F978000C302000000000000000000060013C4046
:10F98800000000000000000000000000000000006F
:10F99800000000000000000000000000000000005F
:10F9A800000000000000000000000000000000004F
:10F9B800000000000000000000000000000000003F
:10F9C80000000000000000C300000000000000006C
:10F9D80000000000C3C00800000000000000000094
:10F9E800000000000000000000000000000000000F
:10F9F80000000000000000000000000000000000FF
:10FA080000000000000000000000000000000000EE
:10FA1800000000000000000000000000000C302082
:10FA280000000000000000002000000000000000AE
:10FA380000000000000000000000000000000000BE
:10FA480000000000000000000000000000000000AE
:10FA5800000000000000000000000000000000009E
:10FA6800000000000000000000000000000000008E
:10FA780000000000C300000000000000000000407B
:10FA8800000000000000000000000000000000006E
:10FA9800000000000000000000000000000000005E
:10FAA800000000000000000000000000000000004E
:10FAB800000000000000000000000000000000003E
:10FAC800000000000000000000000C3020000000D2
:10FAD80000000000000030000000000000000000EE
:10FAE800000000000000000000000000000000000E
:10FAF80000000000000000000000000000000000FE
:10FB080000000000000000000000000000000000ED
:10FB180000000000000000000000000000000000DD
:10FB280000C300000000000000000000000000000A
:10FB380000000000000000000000000000000000BD
:10FB480000000000000000000000000000000000AD
:10FB5800000000000000000000000000000000009D
:10FB6800000000000000000000000000000000008D
:10FB7800000000000000000C302000000000000021
:10FB88000400000000000000000000000000000069
:10FB9800000000000000000000000000000000005D
:10FBA800000000000000000000000000000000004D
:10FBB800000000000000000000000000000000003D
:10FBC8000000000000000000000000000000C3006A
:10FBD80000000000000000C000000000000000005D
:10FBE800000000000000000000000000000000000D
:10FBF80000000040000000000000000000000000BD
:10FC080000000000000000000000000000000000EC
:10FC180000000018000000000000000000000000C4
:10FC2800000000000C302000000000000000000070
:10FC380000000000000000000000000000000000BC
:10FC480000000000000000000000000000000000AC
:10FC5800000000000000000000000000000000009C
:10FC6800000000000000000000000000000000008C
:10FC78000000000000000000000000C300000000B9
:10FC8800000000000000000000000000000000006C
:10FC9800000000000000000000000000000000005C
:10FCA800000000000000000000000000000000004C
:10FCB800000000000000000000000000000000003C
:10FCC800000000000000000000000000000000002C
:10FCD800000C3020000000000000000000000000C0
:10FCE800000000000000000000000000000000000C
:10FCF80000000000000000000000000000000000FC
:10FD080000000000000000000000000000000000EB
:10FD180000000000000000000000000000000000DB
:10FD28000000000000000000C30000000000000008
:10FD380000000000000000000000000000000000BB
:10FD480000000000000000000000000000000000AB
:10FD5800000000000000000000000000000000009B
:10FD6800000000000000000000000000000000008B
:10FD780000000000000000000000000000000C303F
:10FD8800200000000000000000000000000000004B
:10FD9800000000000000000000000000000000005B
:10FDA800000000000000000000000000000000004B
:10FDB8000000000000000000000000000A00000031
:10FDC800000000000000000000000000000000002B
:10FDD8000000000000C30000000000000000000058
:10FDE800000000000000000000000000000000000B
:10FDF80000000000000000000000000000000000FB
:10FE080000000000000000000000000000000000EA
:10FE180000000000000000000000000000000000DA
:10FE280000000000000000000000000C302000006E
:10FE380000000000000000000000000000000000BA
:10FE4800000000001000000000000000000000009A
:10FE5800000000000000000000000000000000009A
:10FE6800000000000000000000000000000000008A
:10FE7800000000000000000000000000000000007A
:10FE88000000C300000000000000000000000000A7
:10FE9800000000000000000000000000000000005A
:10FEA800000000000000000000000000000000004A
:10FEB800000000000000000000000000000000003A
:10FEC800000000000000000000000000000000002A
:10FED80000000000000000000C30200000000000BE
:10FEE800000000000000000000000000000000000A
:10FEF80000000000000000000000000000000000FA
:10FF080000000000000000000000000000000000E9
:10FF180000000000000000000000000000000000D9
:10FF2800000000000000000000000000000000C306
:10FF380000000000000000000000000000000000B9
:10FF480000000000000000000000000000000000A9
:10FF58000000000000000000000000000000000099
:10FF68000000000000000000000000000000000089
:10FF78000000000000000000000000000000000079
:10FF880000000000000C302000000000000000000D
:10FF98000000000000000000000000000000000059
:10FFA8000000000000000000000000000000000049
:10FFB8000000000000000000000000000000000039
:10FFC8000000000000000000000000000000000029
:10FFD800000000000000000000000000C300000056
:10FFE8000000000000000000000000000000000009
:08FFF800000000000000000001
:020000041003E7
:1000000000000000000000000000000000000000F0
:1000100000000000000000000000000000000000E0
:1000200000000000000000000000000000000000D0
:10003000000000000000000000000C302000000064
:1000400000000000000000000000000000000000B0
:1000500000000000000000000000000000000000A0
:100060000000000000000000000000000000000090
:100070000000000000000000000000000000000080
:100080000000000000000000000000000000000070
:1000900000C300000000000000000000000000009D
:1000A0000000000000000000000000000000000050
:1000B0000000000000000000000000000000000040
:1000C0000000000000000000000000000000000030
:1000D0000000000000000000000000000000000020
:1000E000000000000000000C3020000000000000B4
:1000F0000000000000000000000000000000000000
:1001000000000000000000000000000000000000EF
:1001100000000000000000000000000000000000DF
:1001200000000000000000000000000000000000CF
:100130000000000000000000000000000000C300FC
:1001400000000000000000000000000000000000AF
:10015000000000000000000000000000000000009F
:10016000000000000000000000000000000000008F
:10017000000000000000000000000000000000007F
:10018000000000000000000000000000000000006F
:10019000000000000C302000000000000000000003
:1001A000000000000000000000000000000000004F
:1001B000000000000000000000000000000000003F
:1001C000000000000000000000000000000000002F
:1001D000000000000000000000000000000000001F
:1001E0000000000000000000000000C3000000004C
:1001F00000000000000000000000000000000000FF
:1002000000000000000000000000000000000000EE
:1002100000000000000000000000000000000000DE
:1002200000000000000000000006000000000000C8
:1002300000000000000000000000000000000000BE
:10024000000C302000000000000000000000000052
:10025000000000000000000000000000000000009E
:10026000000000000000000000000000000000008E
:10027000000000000000000000000000000000007E
:10028000000000000000000000000000000000006E
:100290000000000000000000C3000000000000009B
:1002A000000000000000000000000000000000004E
:1002B000000000000000000000000000000000003E
:1002C000000000000000000000000000000000002E
:1002D000000000000000000000000000000000001E
:1002E00000000000000000000000000000000C30D2
:1002F00020000000000000000000000000000000DE
:1003000000000000000000000000000000000000ED
:1003100000000000000000000000000000000000DD
:1003200000000000000000000000000000000000CD
:1003300000000000000000000000000000000000BD
:100340000000000000C300000000000000000000EA
:10035000000000000000000000000000000000009D
:10036000000000000000000000000000000000008D
:10037000000000000000000000000000000000007D
:10038000000000000000000000000000000000006D
:1003900000000000000000000000000C3020000001
:1003A000000000000000000000000000000000004D
:1003B000000000000000000000000000000000003D
:1003C000000000000000000000000000000000002D
:1003D000000000000000000000000000000000001D
:1003E000000000000000000000000000000000000D
:1003F0000000C3000000000000000000000000003A
:1004000000000000000000000000000000000000EC
:1004100000000000000000000000000000000000DC
:1004200000000000000000000000000000000000CC
:1004300000000000000000000000000000000000BC
:1004400000000000000000000C3020000000000050
:10045000000000000000000000000000000000009C
:10046000000000000000000000000000000000008C
:10047000000000000000000000000000000000007C
:10048000000000000000000000000000000000006C
:10049000000000000000000000000000000000C399
:1004A000000000000000000000000000000000004C
:1004B000000000000000000000000000000000003C
:1004C000000000000000000000000000000000002C
:1004D000000000000000000000000000000000001C
:1004E000000000000000000000000000000000000C
:1004F00000000000000C30200000000000000000A0
:1005000000000000000000000000000000000000EB
:1005100000000000000000000000000000000000DB
:1005200000000000000000000000000000000000CB
:1005300000000000000000000000000000000000BB
:10054000000000000000000000000000C3000000E8
:10055000000000000000000000000000000000009B
:10056000000000000000000000000000000000008B
:10057000000000000000000000000000000000007B
:10058000000000000000000000000000000000006B
:10059000000000000000000000000000000000005B
:1005A00000000C30200000000000000000000000EF
:1005B000000000000000000000000000000000003B
:1005C000000000000000000000000000000000002B
:1005D000000000000000000000000000000000001B
:1005E000000000000000000000000000000000000B
:1005F000000000000000000000C300000000000038
:1006000000000000000000000000000000000000EA
:1006100000000000000000000000000000000000DA
:1006200000000000000000000000000000000000CA
:1006300000000000000000000000000000000000BA
:100640000000000000000000000000000000000C9E
:10065000302000000000000000000000000000004A
:10066000000000000000000000000000000000008A
:10067000000000000000000000000000000000007A
:10068000000000000000000000000000000000006A
:10069000000000000000000000000000000000005A
:1006A000000000000000C300000000000000000087
:1006B000000000000000000000000000000000003A
:1006C000000000000000000000000000000000002A
:1006D000000000000000000000000000000000001A
:1006E000000000000000000000000000000000000A
:1006F0000000000000000000000000000C3020009E
:1007000000000000000000000000000000000000E9
:1007100000000000000000000000000000000000D9
:1007200000000000000000000000000000000000C9
:1007300000000000000000000000000000000000B9
:1007400000000000000000000000000000000000A9
:10075000000000C3000000000000000000000000D6
:100760000000000000000000000000000000000089
:100770000000000000000000000000000000000079
:100780000000000000000000000000000000000069
:100790000000000000000000000000000000000059
:1007A0000000000000000000000C302000000000ED
:1007B0000000000000000000000000000000000039
:1007C0000000000000000000000000000000000029
:1007D0000000000000000000000000000000000019
:1007E0000000000000000000000000000000000009
:1007F00000000000000000000000000000000000F9
:10080000C300000000000000000000000000000025
:1008100000000000000000000000000000000000D8
:1008200000000000000000000000000000000000C8
:1008300000000000000000000000000000000000B8
:1008400000000000000000000000000000000000A8
:100850000000000000000C3020000000000000003C
:100860000000000000000000000000000000000088
:100870000000000000000000000000000000000078
:100880000000000000000000000000000000000068
:100890000000000000000000000000000000000058
:1008A00000000000000000000000000000C3000085
:1008B0000000000000000000000000000000000038
:1008C0000000000000000000000000000000000028
:1008D0000000000000000000000000000000000018
:1008E0000000000000000000000000000000000008
:1008F00000000000000000000000000000000000F8
:100900000000000C3020000000000000000000008B
:1009100000000000000000000000000000000000D7
:1009200000000000000000000000000000000000C7
:1009300000000000000000000000000000000000B7
:1009400000000000000000000000000000000000A7
:1009500000000000000000000000C30000000000D4
:100960000000000000000000000000000000000087
:100970000000000000000000000000000000000077
:100980000000000000000000000000000000000067
:100990000000000000000000000000000000000057
:1009A0000000000000000000000000000100000046
:1009B0000C302004000000000000100000000000C7
:1009C00000400000000000010000000000000400E2
:1009D0000000000000100000000004000000000003
:1009E00000100000000000004000000000000100B6
:1009F00000000000000400000000000010000000E3
:100A000000000010000000C30000400000000000D3
:100A100001000000000000040000000000001000C1
:100A20000000000000400000000000010000000085
:100A30000040000000000001000000000000040071
:100A40000000000000100000000000004000000056
:100A5000000001000000000000010000000C302038
:100A60000400000000000010000000000000400032
:100A70000000000001000000000000040000000071
:100A80000000100000000004000000000000100042
:100A90000000000000400000000000010000000015
:100AA0000000040000000000001100000000000031
:100AB00010000000C3000040000000000001000022
:100AC0000000000004000000000000100000000012
:100AD0000000400000000000010000000000400095
:100AE0000000000001000000000000040000000001
:100AF00000001000000000000040000000000001A5
:100B0000080000000000010000000C30200400007C
:100B10000000000010000000000000400000000085
:100B200000010000000000000400000000000010B0
:100B300000000000040000000000001000000000A1
:100B40000000400000000000010000000000000460
:100B50000000000000001000000000000010000075
:100B600000C3000040000000000001000000000081
:100B70000004000000000000100000000000004021
:100B80000000000000010000000000400000000024
:100B90000001000000000000040000000000001040
:100BA0000000000000004000000000000100000004
:100BB000000000010000000C3020040000000000D4
:100BC00000100000000000004000000000000100D4
:100BD0000000000000040000000000001000000001
:100BE00000040000000000001000000000000040B1
:100BF00000000000000100000000000004000000F0
:100C00000000001000000000000010000000C30001
:100C1000004000000000000100000000000004008F
:100C20000000000000100000000000004000000074
:100C30000000010000000000400000000000010072
:100C40000000000000040000000000001000000090
:100C50000000004000000000000100000000000053
:100C6000000000000C302000000000000000000028
:100C70000000000000000000000000000000000074
:100C80000000000000000000000000000000000064
:100C90000000000000000000000000000000000054
:100CA0000000000000000000000000000000000044
:100CB0000000000000000000000000C30000000071
:100CC0000000000000000000000000000000000024
:100CD0000000000000000000000000000000000014
:100CE0000000000000000000000000000000000004
:100CF00000000000000000000000000000000000F4
:100D000000000000000000000000000000000000E3
:100D1000000C302000000000000000000000000077
:100D200000000000000000000000000000000000C3
:100D300000000000000000000000000000000000B3
:100D400000000000000000000000000000000000A3
:100D50000000000000000000000000000000000093
:100D60000000000000000000C300000000000000C0
:100D70000000000000000000000000000000000073
:100D80000000000000000000000000000000000063
:100D90000000000000000000000000000000000053
:100DA0000000000000000000000000000000000043
:100DB00000000000000000000000000000000C30F7
:100DC0002000000000000000000000000000000003
:100DD0000000000000000000000000000000000013
:100DE0000000000000000000000000000000000003
:100DF00000000000000000000000000000000000F3
:100E000000000000000000000000000000000000E2
:100E10000000000000C3000000000000000000000F
:100E200000000000000000000000000000000000C2
:100E300000000000000000000000000000000000B2
:100E400000000000000000000000000000000000A2
:100E50000000000000000000000000000000000092
:100E600000000000000000000000000C3020000026
:100E70000000000000000000000000000000000072
:100E80000000000000000000000000000000000062
:100E90000000000000000000000000000000000052
:100EA0000000000000000000000000000000000042
:100EB0000000000000000000000000000000000032
:100EC0000000C3000000000000000000000000005F
:100ED0000000000000000000000000000000000012
:100EE0000000000000000000000000000000000002
:100EF00000000000000000000000000000000000F2
:100F000000000000000000000000000000000000E1
:100F100000000000010000000C3020040000000070
:100F20000000100000000000004000000000000170
:100F3000000000000000040000000000001000009D
:100F4000000004000000000000100000000000008D
:100F5000400000000000010000000000000400004C
:100F6000000000001000000000000010000000C39E
:100F7000000040000000000001000000000000042C
:100F80000000000000001000000000000040000011
:100F9000000000010000000000400000000000010F
:100FA000000000000000040000000000001000002D
:100FB00000000000400000000000010000000000F0
:100FC00000010000000C30200400000000000010B0
:100FD00000000000000040000000000001000000D0
:100FE00000000004000000000000B0000000000449
:100FF00000000000000010000000000000400000A1
:10100000000000010000000000002C0000000000B3
:10101000001000000000000010000000C3000040AD
:1010200000000000000100000000000004000000BB
:101030000000001000000000000040000000000060
:10104000010000000000400000000000010000005E
:10105000000000040000000000001000000000007C
:10106000004000000000000100000000000001003E
:1010700000000C3020040000000000001000000000
:10108000000000400000000000010000000000001F
:101090000400000000000010000000000400000038
:1010A00000000010000000000000400000000000F0
:1010B000010000000000000400000000000010001B
:1010C000000000000010000000C30000400000000D
:1010D000000001000000000000040000000000000B
:1010E00010000000000000400000000000010000AF
:1010F00000000040000000000001000000000000AF
:10110000040000000000001000000000000040008B
:101110000000000001000000000000010000000CC1
:10112000302004000000000000100000000000005B
:10113000400000000000010000000000000400006A
:10114000000000001000000000040000000000008B
:10115000100000000000004000000000000100003E
:10116000000000000400000000000010000000006B
:10117000000010000000C30000400000000000015B
:10118000000000000000040000000000001000004B
:10119000000000004000000000000100000000000E
:1011A00040000000000001000000000000040000FA
:1011B00000000000100000000000004000000000DF
:1011C0000001000000000000000000000C302000C2
:1011D000000000000000000000000000000000000F
:1011E00000000000000000000000000000000000FF
:1011F00000000000000000000000000000000000EF
:1012000000000000000000000000000000000000DE
:1012100000000000000000000000000000000000CE
:10122000000000C3000000000000000000000000FB
:1012300000000000000000000000000000000000AE
:10124000000000000000000000000000000000009E
:10125000000000000000000000000000000000008E
:10126000000000000000000000000000000000007E
:101270000000000000000000000C30200000000012
:10128000000000000000000000000000000000005E
:10129000000000000000000000000000000000004E
:1012A000000000000000000000000000000000003E
:1012B000000000000000000000000000000000002E
:1012C000000000000000000000000000000000001E
:1012D000C30000000000000000000000000000004B
:1012E00000000000000000000000000000000000FE
:1012F00000000000000000000000000000000000EE
:1013000000000000000000000000000000000000DD
:1013100000000000000000000000000000000000CD
:101320000000000000000C30200000000000000061
:1013300000000000000000000000000000000000AD
:10134000000000000000000000000000000000009D
:10135000000000000000000000000000000000008D
:10136000000000000000000000000000000000007D
:1013700000000000000000000000000000C30000AA
:10138000000000000000000000000000000000005D
:10139000000000000000000000000000000000004D
:1013A000000000000000000000000000000000003D
:1013B000000000000000000000000000000000002D
:1013C000000000000000000000000000000000001D
:1013D0000000000C302000000000000000000000B1
:1013E00000000000000000000000000000000000FD
:1013F00000000000000000000000000000000000ED
:1014000000000000000000000000000000000000DC
:1014100000000000000000000000000000000000CC
:1014200000000000000000000000C30000000000F9
:1014300000000000000000000000000000000000AC
:10144000000000000000000000000000000000009C
:10145000000000000000000000000000000000008C
:10146000000000000000000000000000000000007C
:10147000000000000000000000000000000000006C
:101480000C30200000000000000000000000000000
:10149000000000000000000000000000000000004C
:1014A000000000000000000000000000000000003C
:1014B000000000000000000000000000000000002C
:1014C000000000000000000000000000000000001C
:1014D00000000000000000C3000000000000000049
:1014E00000000000000000000000000000000000FC
:1014F00000000000000000000000000000000000EC
:1015000000000000000000000000000000000000DB
:1015100000000000000A00000000000000000000C1
:10152000000000000000000000000000000C30205F
:1015300000000000000000000000000000000000AB
:10154000000000000000000000000000000000009B
:10155000000000000000000000000000000000008B
:10156000000000000000000000000000000000007B
:10157000000000000000000000000000000000006B
:1015800000000000C3000000000000000000000098
:10159000000000000000000000000000000000004B
:1015A000000000000000000000000000000000003B
:1015B000000000000000000000000000000000002B
:1015C000000000000000000000000000000000001B
:1015D000000000000000000000000C3020000000AF
:1015E00000000000000000000000000000000000FB
:1015F00000000000000000000000000000000000EB
:1016000000000000000000000000000000000000DA
:1016100000000000000000000000000000000000CA
:1016200000000000000000000000000000000000BA
:1016300000C30000000000000000000000000000E7
:10164000000000000000000000000000000000009A
:10165000000000000000000000000000000000008A
:10166000000000000000000000000000000000007A
:10167000000000000000000000000000000000006A
:10168000000000000000000C3020000000000000FE
:10169000000000000000000000000000000000004A
:1016A000000000000000000000000000000000003A
:1016B000000000000000000000000000000000002A
:1016C000000000000000000000000000000000001A
:1016D0000000000000000000000000000000C30047
:1016E00000000000000000000000000000000000FA
:1016F00000000000000000000000000000000000EA
:1017000000000000000000000000000000000000D9
:1017100000000000000000000000000000000000C9
:1017200000000000000000000000000000000000B9
:10173000000000000C30200000000000000000004D
:101740000000000000000000000000000000000099
:101750000000000000000000000000000000000089
:101760000000000000000000000000000000000079
:101770000000000000000000000000000000000069
:101780000000000000000000000000C30000000096
:101790000000000000000000000000000000000049
:1017A0000000000000000000000000000000000039
:1017B0000000000000000000000000000000000029
:1017C0000000000000000000000000000000000019
:1017D0000000000000000000000000000000000009
:1017E000000C30200000000000000000000000009D
:1017F00000000000000000000000000000000000E9
:1018000000000000000000000000000000000000D8
:1018100000000000000000000000000000000000C8
:1018200000000000000000000000000000000000B8
:101830000000000000000000C300000000000000E5
:101840000000000000000000000000000000000098
:101850000000000000000000000000000000000088
:101860000000000000000000000000000000000078
:101870000000000000000000000000000000000068
:1018800000000000000000000000000000000C301C
:101890002000000000000000000000000000000028
:1018A0000000000000000000000000000000000038
:1018B0000000000000000000000000000000000028
:1018C0000000000000000000000000000014000004
:1018D0000000000000000000000000000000000008
:1018E0000000000000C30000000000000000000035
:1018F00000000000000000000000000000000000E8
:1019000000000000000000000000000000000000D7
:1019100000000000000000000000000000000000C7
:1019200000000000000000000000000000000000B7
:1019300000000000000000000000000C302000004B
:101940000000000000000000000000000000000097
:101950000000000000000000000000000000000087
:101960000000000000000000000000000000000077
:101970000000000000000000000000000000000067
:101980000000000000000000000000000000000057
:101990000000C30000000000000000000000000084
:1019A0000000000000000000000000000000000037
:1019B0000000000000000000000000000000000027
:1019C0000000000000000000000000000000000017
:1019D0000000000000000000000000000000000007
:1019E00000000000000000000C302000000000009B
:1019F00000000000000000000000000000000000E7
:101A000000000000000000000000000000000000D6
:101A100000000000000000000000000000000000C6
:101A200000000000000000000000000000000000B6
:101A3000000000000000000000000000000000C3E3
:101A40000000000000000000000000000000000096
:101A50000000000000000000000000000000000086
:101A60000000000000000000000000000000000076
:101A70000000000000000000000000000000000066
:101A80000000000000000000000000000000000056
:101A900000000000000C30200000000000000000EA
:101AA0000000000000000000000000000000000036
:101AB0000000000000000000000000000000000026
:101AC0000000000000000000000000000000000016
:101AD0000000000000000000000000000000000006
:101AE000000000000000000000000000C300000033
:101AF00000000000000000000000000000000000E6
:101B000000000000000000000000000000000000D5
:101B100000000000000000000000000000000000C5
:101B200000000000000000000000000000000000B5
:101B300000000000000000000000000000000000A5
:101B400000000C3020000000000000000000000039
:101B50000000000000000000000000000000000085
:101B60000000000000000000000000000000000075
:101B70000000000000000000000000000000000065
:101B80000000000000000000000000000000000055
:101B9000000000000000000000C300000000000082
:101BA0000000000000000000000000000000000035
:101BB0000000000000000000000000000000000025
:101BC0000000000000000000000000000000000015
:101BD0000000000000000000000000000000000005
:101BE0000000000000000000000000000000000CE9
:101BF0003020000000000000000000000000000095
:101C000000000000000000000000000000000000D4
:101C100000000000000000000000000000000000C4
:101C200000000000000000000000000000000000B4
:101C300000000000000000000000000000000000A4
:101C4000000000000000C3000000000000000000D1
:101C50000000000000000000000000000000000084
:101C60000000000000000000000000000000000074
:101C70000000000000000000000000000000000064
:101C80000000000000000000000000000000000054
:101C90000000000000000000000000000C302000E8
:101CA0000000000000000000000000000000000034
:101CB0000000000000000000000000000000000024
:101CC0000000000000000000000000000000000014
:101CD0000000000000000000000000000000000004
:101CE00000000000000000000000000000000000F4
:101CF000000000C300000000000000000000000021
:101D000000000000000000000000000000000000D3
:101D100000000000000000000000000000000000C3
:101D200000000000000000000000000000000000B3
:101D300000000000000000000000000000000000A3
:101D40000000000000000000000C30200000000037
:101D50000000000000000000000000000000000083
:101D60000000000000000000000000000000000073
:101D70000000000000000000000000000000000063
:101D80000000000000000000000000000000000053
:101D90000000000000000000000000000000000043
:101DA000C300000000000000000000000000000070
:101DB0000000000000000000000000000000000023
:101DC0000000000000000000000000000000000013
:101DD0000000000000000000000000000000000003
:101DE00000000000000000000000000000000000F3
:101DF0000000000000000C30200000000000000087
:101E000000000000000000000000000000000000D2
:101E100000000000000000000000000000000000C2
:101E200000000000000000000000000000000000B2
:101E300000000000000000000000000000000000A2
:101E400000000000000000000000000000C30000CF
:101E50000000000000000000000000000000000082
:101E60000000000000000000000000000000000072
:101E70000000000000000000000000000000000062
:101E80000000000000000000000000000000000052
:101E90000000000000000000000000000000000042
:101EA0000000000C302000000000000000000000D6
:101EB0000000000000000000000000000000000022
:101EC0000000000000000000000000000000000012
:101ED0000000000000000000000000000000000002
:101EE00000000000000000000000000000000000F2
:101EF00000000000000000000000C300000000001F
:101F000000000000000000000000000000000000D1
:101F100000000000000000000000000000000000C1
:101F200000000000000000000000000000000000B1
:101F300000000000000000000000000000000000A1
:101F40000000000000000000000000000000000091
:101F50000C30200000000000000000000000000025
:101F60000000000000000000000000000000000071
:101F70000000000000000000000000000000000061
:101F80000000000000000000000000000000000051
:101F90000000000000000000000000000000000041
:101FA00000000000000000C300000000000000006E
:101FB0000000000000000000000000000000000021
:101FC0000000000000000000000000000000000011
:101FD0000000000000000000000000000000000001
:101FE00000000000000000000000000000000000F1
:101FF000000000000000000000000000000C302085
:1020000000000000000000000000000000000000D0
:1020100000000000000000000000000000000000C0
:1020200000000000000000000000000000000000B0
:1020300000000000000000000000000000000000A0
:102040000000000000000000000000000000000090
:1020500000000000C30000000000000000000000BD
:102060000000000000000000000000000000000070
:102070000000000000000000000000000000000060
:102080000000000000000000000000000000000050
:102090000000000000000000000000000000000040
:1020A000000000000000000000000C3020000000D4
:1020B0000000000000000000000000000000000020
:1020C0000000000000000000000000000000000010
:1020D0000000000000000000000000000000000000
:1020E00000000000000000000000000000000000F0
:1020F00000000000000000000000000000000000E0
:1021000000C300000000000000000000000000000C
:1021100000000000000000000000000000000000BF
:1021200000000000000000000000000000000000AF
:10213000000000000000000000000000000000009F
:10214000000000000000000000000000000000008F
:10215000000000000000000C302000000000000023
:10216000000000000000000000000000000000006F
:10217000000000000000000000000000000000005F
:10218000000000000000000000000000000000004F
:10219000000000000000000000000000000000003F
:1021A0000000000100000000000000000000C3006B
:1021B000000000000000000000000000000000001F
:1021C000000000000000000000000000000000000F
:1021D00000000000000000000000000000000000FF
:1021E00000000000000000000000000000000000EF
:1021F00000000000000000000000080000000000D7
:10220000000000000C302000000000000000000072
:1022100000000000000000000000001000000000AE
:1022200000000000000000000000000000000000AE
:102230000000000000000078000000000000000026
:10224000000000000000000000000000000000008E
:102250000000000000000000000000C300000000BB
:10226000000000000000000000000000000000006E
:10227000000000000000000000000000000000005E
:10228000000000000000000000000000000400004A
:10229000000000000000000000000000000000003E
:1022A000000000000000000000000000000000002E
:1022B000000C3020000000000000000000000000C2
:1022C000000000000000000000000000000000000E
:1022D00000000000000000000000000000000000FE
:1022E00000000000000000000000000000000000EE
:1022F00000000000000000000000000000000000DE
:102300000000000000000000C3000000000000000A
:1023100000000000000000000000000000000000BD
:1023200000000000000000000000000000000000AD
:10233000000000000000000000000000000000009D
:10234000000000000000000000000000000000008D
:1023500000000000000000000000000000000C3041
:10236000200000000000000000000000000000004D
:10237000000000000010000000000000000000004D
:10238000000000000000000000000000000000004D
:10239000000000000000000000000000000000003D
:1023A000000000000000000000000000000000002D
:1023B0000000000000C3000000000000000000005A
:1023C000000000000000000000000000000000000D
:1023D00000000000000000000000000000000000FD
:1023E00000000000000000000000000000000000ED
:1023F00000000000000000000000000000000000DD
:1024000000000000000000000000000C3020000070
:1024100000000000000000000000000000000000BC
:1024200000000000000000000000000000000001AB
:10243000000000000000000000000000000000009C
:10244000000000000000000000000000000000008C
:10245000000000000000000000000000000000007C
:102460000000C300000000000000000000000000A9
:10247000000000000000000000000000000000005C
:10248000000000000000100000000000000000003C
:10249000000000000000000000000000000000003C
:1024A000000000000000000000000000000000002C
:1024B00000000000000000000C30200000000000C0
:1024C000000000000000000000000000000000000C
:1024D00000000000000000000000000000000000FC
:1024E00000000000000000000000000000000000EC
:1024F00000000000000000000000000000000000DC
:10250000000000000000000000000000000000C308
:1025100000000000000000000000000000000000BB
:1025200000000000000000000000000000000000AB
:10253000000000000000000000000000000000009B
:10254000000000000000000000000000000000008B
:10255000000000000000000000000000000000007B
:1025600000000000000C302000000000000000000F
:10257000000000000000000000000000000000005B
:1025800000000000000000000000800000000000CB
:10259000000000000000000000000000000000003B
:1025A000000000000000000000001000000000001B
:1025B000000000000000000000000000C300000058
:1025C000000000000000000000000000000000000B
:1025D00000000000000000000000000000000000FB
:1025E00000000000000000000000000000000000EB
:1025F00000000000000000000000000000000000DB
:1026000000000000000000000000000000000000CA
:1026100000000C302000000000000000000000005E
:1026200000000000000000000000000000000000AA
:10263000000000000000000000000000000000009A
:10264000000000000000080F100000000000000063
:10265000000000000000000000000000000000007A
:10266000000000000000000000C3000000000000A7
:10267000000000000000000000000000000000005A
:10268000000000000000000000000000000000004A
:102690000000000000000000000000000100F10048
:1026A000000000000000000000000000000000002A
:1026B0000000000000000000000000000000000C0E
:1026C00030200000000000000000000000000000BA
:1026D00000000000000000000000000000200000DA
:1026E00000000000000000000000000000000000EA
:1026F00000000000000000000000000000000000DA
:1027000000000000000000000000000000000000C9
:10271000000000000000C3000000000000000000F6
:1027200000000000000000000000000000000000A9
:102730000000000100000000000000000000000098
:102740000000000000000000000000000000000089
:102750000000000000000000000000000000000079
:102760000000000000000000000000000C3020000D
:102770000000000000000000000000000000000059
:102780000000000000000000000000000000000049
:102790000000000000000000000000000000000039
:1027A0000000000000000000000000000000000029
:1027B0000000000000000000000000000000000019
:1027C000000000C300000000000000000000000046
:1027D00000000000000000000000000000000000F9
:1027E00000000000000000000000000000000000E9
:1027F00000000000000000000000000000000000D9
:1028000000000000000000000000000000000000C8
:102810000000000000000000000C3020000000005C
:1028200000000000000000000000000000000000A8
:102830000000000000000000000000000000000098
:102840000000000000000000000000000000000088
:102850000000000000000000000000000000000078
:102860000000000000000000000000000000000068
:10287000C300000000000000000000000000000095
:102880000000000000000000000000000000000048
:102890000000000000000000000000000000000038
:1028A0000000000000000000000000000000000028
:1028B0000000000000000000000000000000000018
:1028C0000000000000000C302000000000000000AC
:1028D00000000000000000000000000000000000F8
:1028E00000000000000000000000000000000000E8
:1028F00000000000000000000000000000000000D8
:102900000000000000000000000080000000000047
:1029100000000000000000000000000000C30000F4
:1029200000000000000000000000000000000000A7
:102930000000000000000000000000000000000097
:102940000000000000000000000000000000000087
:102950000000000000000000000000000000000077
:10296000090000000000000000000000000000005E
:102970000000000C302000000000000000000000FB
:102980000000000000000000000000000000000047
:102990000000000000000000000000000000000037
:1029A0000000000000000000000000000000000027
:1029B0000000000000000000000000000000000017
:1029C00000000000000000000000C3000000000044
:1029D00000000000000000000000000000000000F7
:1029E00000000000000000000000000000000000E7
:1029F00000000000000000000000000000000000D7
:102A000000000000000000000000000000000000C6
:102A100000000000000000000000000000000000B6
:102A20000C3020000000000000000000000000004A
:102A30000000000000000000000000000000000096
:102A40000000000000000000000000000000000086
:102A50000000000000000000000000000000000076
:102A60000000000000000000000000000000000066
:102A700000000000000000C3000000000000000093
:102A80000000000000000000000000000000000046
:102A90000000000000000000000000000000000036
:102AA0000000000000000000000000000000000026
:102AB0000000000000000000000000000000000016
:102AC000000000000000000000000000000C3020AA
:102AD00000000000000000000000000000000000F6
:102AE00000000000000000000000000000000000E6
:102AF00000000000000000000000000000000000D6
:102B000000000000000000000000000000000000C5
:102B100000000000000000000000000000000000B5
:102B200000000000C30000000000000000000000E2
:102B30000000000000000000000000000000000095
:102B40000000000000000000000000000000000085
:102B50000000000000000000000000000000000075
:102B60000000000000000000000000000000000065
:102B7000000000000000000000000C3020000000F9
:102B80000000000000000000000000000000000045
:102B90000000000000000000000000000000000035
:102BA0000000000000000000000000000000000025
:102BB0000000000000000000000000000000000015
:102BC0000000000000000000000000000000000005
:102BD00000C3000000000000000000000000000032
:102BE00000000000000000000000000000000000E5
:102BF00000000000000000000000000000000000D5
:102C000000000000000000000000000000000000C4
:102C100000000000000000000000000000000000B4
:102C2000000000000000000C302000000000000048
:102C30000000000000000000000000000000000094
:102C40000000000000000000000000000000000084
:102C50000000000000000000000000000000000074
:102C60000000000000000000000000000000000064
:102C70000000000000000000000000000000C30091
:102C80000000000000000000000000000000000044
:102C90000000000000000000000000000000000034
:102CA0000000000000000000000000000000000024
:102CB0000000000000000000000000000000000014
:102CC0000000000000000000000000000000000004
:102CD00000007200B01101010100000000000000BE
:102CE00000000000000000000000000000000000E4
:102CF00000000000000000000000000000000000D4
:102D000000000000000000000000000000000000C3
:102D100000000000010000000000000000000000B2
:102D20000000000000000000008000000000000023
:102D30000000000000000000000000000000000093
:102D40000000000000000000000000000000000083
:102D50000000000000000000000000000000000073
:102D60000000000000000000000000000000000063
:102D70000000000000000000000000000000000053
:102D80000000000000000000000000000000000043
:102D90000000000000000000000000000000000033
:102DA0000000000000000000000000000000000023
:102DB00000000000000000000000004000000000D3
:102DC0000001000000000000000000000000000002
:102DD00000000000000040000000000000000000B3
:102DE00000000000000000000000000000000000E3
:102DF00000000000000000000000000000000000D3
:102E00000E000000000000000000000000000000B4
:102E1000000000000004000000000000100000009E
:102E200000000000000000000000000000000000A2
:102E3000040000000000000000000000000000008E
:102E40000000000000000000000000000000000082
:102E50000000000000000000000000000000000072
:102E60000000000000000000000000000000020060
:102E7000000028000000000000000000000000002A
:102E800000000080000000000000000000000000C2
:102E90000000000000000000000000000000000032
:102EA0000000000000000000000000000000000022
:102EB0000000000000000000000000000000000012
:102EC00000000000000000000140000000000000C1
:102ED00000000000000000000000000000100000E2
:102EE00000000000000000000000000000000000E2
:102EF00000000000000000000000000000000000D2
:102F0000000000000000000000000D0000000000B4
:102F1000000000000000000000000002000C04009F
:102F200000000000000000000000000000000000A1
:102F30000000000000000000000000000000000091
:102F40000000000000000000000000000000000081
:102F50000000000000000000000000000000000071
:102F60000080000000000000000000000058000089
:102F70000000000000000000000000000000000051
:102F80000000000000000000000000000000000041
:102F90000000000000000000000000000000000031
:102FA000000000000000000000000010040000000D
:102FB00000000010000000080100400000000000B8
:102FC00000000000020040000000000801000000B6
:102FD0000000000000000000000000000000078268
:102FE00000000000000000000000000000000000E1
:102FF00000000000000000000000000000000000D1
:103000000000000000000000000000000000300090
:1030100000000000000000000000000000000000B0
:1030200000000000000000000000000000000000A0
:103030000000000000080000000000000000000088
:103040000000000000000000000000000000000080
:103050000000000000000000000000000000000070
:1030600040000000000007400000000000000000D9
:10307000000001000000003400000000000000001B
:103080000000000000000000000000000000400000
:103090000000000000000000000000000000000030
:1030A0000000000000000000000000000000000020
:1030B0000000020000000C00000400380054000072
:1030C00000000000000800000020000000000000D8
:1030D00000000000000000000000000000000000F0
:1030E000000000000C0000000000000000000000D4
:1030F00000000000000000000000000000000000D0
:1031000000000000000000000000000000000000BF
:10311000400000000000000000000000000000006F
:10312000000000000000000000000000006000003F
:10313000000000000000000000000000000000008F
:10314000000000000000000000000000000000007F
:10315000000000000000000000400000000000012E
:10316000000000000000040000000000000000005B
:10317000000004000000000000100000000000003B
:10318000000000000000000000000000000000003F
:10319000000000000000000000000000000000002F
:1031A000000000000000000000000000000000041B
:1031B00000001000000000000040000000000001BE
:1031C00000000000000000000000000100000000FE
:1031D00000000400000000000000000000000000EB
:1031E000000000000000800000000000000000005F
:1031F00000000000000000000000000000000000CF
:1032000000000000000000000000000002000000BC
:10321000000000080000000000000000000000089E
:10322000000000000000000000000000000000009E
:1032300000000000000000000000000070002000FE
:1032400000000000000C3000000000000000000042
:10325000000000000000000000000000000000006E
:10326000000000000000000000000000000000005E
:10327000000000000000000000000000000000004E
:10328000000000000000000000000000000000003E
:10329000000400000000000000000000C302000065
:1032A000000000000000000000000000000000001E
:1032B000000000000000000000000000000000000E
:1032C00000000000000000000000000000000000FE
:1032D00000000000000000000000000000000000EE
:1032E00000000000000000000000000000000000DE
:1032F00000000C3000000000000000000000000092
:1033000000000000000000000000000000000000BD
:1033100000000000000000000000000000000000AD
:10332000000000000000000000000000000000009D
:10333000000000000000000000000000000000008D
:10334000000000000000000000C3020000000000B8
:10335000000000000000000000000000000000006D
:10336000000000000000000000000000000000005D
:10337000000000000000000000000000000000004D
:10338000000000000000000000000000000000003D
:103390000000000000000000000000000000000C21
:1033A00030000000000000000000000000000000ED
:1033B000000000000000000000000000000000000D
:1033C00000000000000000000000000000000000FD
:1033D00000000000000000000000000000000000ED
:1033E00000000000000000000000000000000000DD
:1033F000000000000000C302000000000000000008
:1034000000000000000000000000000000000000BC
:1034100000000000000000000000000000000000AC
:10342000000000000000000000000000000000009C
:10343000000000000000000000000000000000008C
:103440000000000000000000000000000C30000040
:10345000000000000000000000000000000000006C
:10346000000000000000000000000000000000005C
:10347000000000000000000000000000000000004C
:10348000000000000000000000000000000000003C
:10349000000000000000000000000000000000002C
:1034A000000000C302000000000000000000000057
:1034B000000000000000000000000000000000000C
:1034C00000000000000000000000000000000000FC
:1034D00000000000000000000000000000000000EC
:1034E00000000000000000000000000000000000DC
:1034F0000000000000000000000C30000000000090
:1035000000000000000000000000000000000000BB
:1035100000000000000000000000000000000000AB
:10352000000000000000000000000000000000009B
:10353000000000000000000000000000000000008B
:10354000000000000000000000000000000000007B
:10355000C3020000000000000000000000000000A6
:10356000000000000000000000000000000000005B
:10357000000000000000000000000000000000004B
:10358000000000000000000000000000000000003B
:10359000000000000000000000000000000000002B
:1035A0000000000000000C300000000000000000DF
:1035B000000000000000000000000000000000000B
:1035C00000000000000000000000000000000000FB
:1035D00000000000000000000000000000000000EB
:1035E00000000000000000000000000000000000DB
:1035F00000000000000000000000000000C3020006
:1036000000000000000000000000000000000000BA
:1036100000000000000000000000000000000000AA
:10362000000000000000000000000000000000009A
:10363000000000000000000000000000000000008A
:10364000000000000000000000000000000000007A
:103650000000000C3000000000000000000000002E
:10366000000000000000000000000000000000005A
:10367000000000000000000000000000000000004A
:10368000000000000000000000000000000000003A
:10369000000000000000000000000000000000002A
:1036A00000000000000000000000C3020000000055
:1036B000000000000000000000000000000000000A
:1036C00000000000000000000000000000000000FA
:1036D00000000000000000000000000000000000EA
:1036E00000000000000000000000000000000000DA
:1036F00000000000000000000000000000000000CA
:103700000C3000000000000000000000000000007D
:1037100000000000000000000000000000000000A9
:103720000000000000000000000000000000000099
:103730000000000000000000000000000000000089
:103740000000000000000000000000000000000079
:1037500000000000000000C30200000000000000A4
:103760000000000000000000000000000000000059
:103770000000000000000000000000000000000049
:103780000000000000000000000000000000000039
:103790000000000000000000000000000000000029
:1037A000000000000000000000000000000C3000DD
:1037B0000000000000000000000000000000000009
:1037C00000000000000000000000000000000000F9
:1037D00000000000000000000000000000000000E9
:1037E00000000000000000000000000000000000D9
:1037F00000000000000000000000000000000000C9
:1038000000000000C30200000000000000000000F3
:1038100000000000000000000000000000000000A8
:103820000000000000000000000000000000000098
:103830000000000000000000000000000000000088
:103840000000000000000000000000000000000078
:10385000000000000000000000000C30000000002C
:103860000000000000000000000000000000000058
:103870000000000000000000000000000000000048
:103880000000000000000000000000000000000038
:103890000000000000000000000000000000000028
:1038A0000000000000000000000000000000000018
:1038B00000C3020000000000000000000000000043
:1038C00000000000000000000000000000000000F8
:1038D00000000000000000000000000000000000E8
:1038E00000000000000000000000000000000000D8
:1038F00000000000000000000000000000000000C8
:10390000000000000000000C30000000000000007B
:1039100000000000000000000000000000000000A7
:103920000000000000000000000000000000000097
:103930000000000000000000000000000000000087
:103940000000000000000000000000000000000077
:103950000000000000000000000000000000C302A2
:103960000000000000000000000000000000000057
:103970000000000000000000000000000000000047
:103980000000000000000000000000000000000037
:103990000000000000000000000000000000000027
:1039A0000000000000000000000000000000000017
:1039B000000000000C3000000000000000000000CB
:1039C00000000000000000000000000000000000F7
:1039D00000000000000000000000000000000000E7
:1039E00000000000000000000000000000000000D7
:1039F00000000000000000000000000000000000C7
:103A00000000000000000000000000C302000000F1
:103A100000000000000000000000000000000000A6
:103A20000000000000000000000000000000000096
:103A30000000000000000000000000000000000086
:103A40000000000000000000000000000000000076
:103A50000000000000000000000000000000000066
:103A6000000C30000000000000000000000000001A
:103A70000000000000000000000000000000000046
:103A80000000000000000000000000000000000036
:103A90000000000000000000000000000000000026
:103AA0000000000000000000000000000000000016
:103AB0000000000000000000C30200000000000041
:103AC00000000000000000000000000000000000F6
:103AD00000000000000000000000000000000000E6
:103AE00000000000000000000000000000000000D6
:103AF00000000000000000000000000000000000C6
:103B000000000000000000000000000000000C3079
:103B100000000000000000000000000000000000A5
:103B20000000000000000000000000000000000095
:103B30000000000000000000000000000000000085
:103B40000000000000000000000000000000000075
:103B50000000000000000000000000000000000065
:103B60000000000000C30200000000000000000090
:103B70000000000000000000000000000000000045
:103B80000000000000000000000000000000000035
:103B90000000000000000000000000000000000025
:103BA0000000000000000000000000000000000015
:103BB00000000000000000000000000C30000000C9
:103BC00000000000000000000000000000000000F5
:103BD00000000000000000000000000000000000E5
:103BE00000000000000000000000000000000000D5
:103BF00000000000000000000000000000000000C5
:103C0000000000000000000A0000000000000000AA
:103C10000000C302000000000000000000000000DF
:103C20000000000000000000000000000000000094
:103C30000000000000000000000000000000000084
:103C40000000000000000000000000000000000074
:103C50000000000000000000000000000000000064
:103C600000000000000000000C3000000000000018
:103C70000000000000000000000000000000000044
:103C80000000000000000000000000000000000034
:103C90000000000000000000000000000000000024
:103CA0000000000000000000000000000000000014
:103CB000000000000000000000000000000000C341
:103CC00002000000000000000000000000000000F2
:103CD00000000000000000000000000000000000E4
:103CE00000000000000000000000000000000000D4
:103CF00000000000000000000000000000000000C4
:103D000000000000000000000000000000000000B3
:103D100000000000000C3000000000000000000067
:103D20000000000000000000000000000000000093
:103D30000000000000000000000000000000000083
:103D40000000000000000000000000000000000073
:103D50000000000000000000000000000000000063
:103D6000000000000000000000000000C30200008E
:103D70000000000000000000000000000000000043
:103D80000000000000000000000000000000000033
:103D90000000000000000000000000000000000023
:103DA0000000000000000000000000000000000013
:103DB0000000000000000000000000000000000003
:103DC00000000C30000000000000000000000000B7
:103DD00000000000000000000000000000000000E3
:103DE00000000000000000000000000000000000D3
:103DF00000000000000000000000000000000000C3
:103E000000000000000000000000000000000000B2
:103E1000000000000000000000C3020000000000DD
:103E20000000000000000000000000000000000092
:103E30000000000000000000000000000000000082
:103E40000000000000000000000000000000000072
:103E50000000000000000000000000000000000062
:103E60000000000000000000000000000000000C46
:103E70003000000000000000000000000000000012
:103E80000000000000000000000000000000000032
:103E90000000000000000000000000000000000022
:103EA0000000000000000000000000000000000012
:103EB0000000000000000000000000000000000002
:103EC000000000000000C30200000000000000002D
:103ED00000000000000000000000000000000000E2
:103EE00000000000000000000000000000000000D2
:103EF00000000000000000000000000000000000C2
:103F000000000000000000000000000000000000B1
:103F10000000000000000000000000000C30000065
:103F20000000000000000000000000000000000091
:103F30000000000000000000000000000000000081
:103F40000000000000000000000000000000000071
:103F50000000000000000000000000000000000061
:103F60000000000000000000000000000000000051
:103F7000000000C30200000000000000000000007C
:103F80000000000000000000000000000000000031
:103F90000000000000000000000000000000000021
:103FA0000000000000000000000000000000000011
:103FB0000000000000000000000000000000000001
:103FC0000000000000000000000C300000000000B5
:103FD00000000000000000000000000000000000E1
:103FE00000000000000000000000000000000000D1
:103FF00000000000000000000000000000000000C1
:1040000000000000000000000000000000000000B0
:1040100000000000000000000000000000000000A0
:10402000C3020000000000000000000000000000CB
:104030000000000000000000000000000000000080
:104040000000000000000000000000000000000070
:104050000000000000000000000000000000000060
:104060000000000000000000000000000000000050
:104070000000000000000C30000000000000000004
:104080000000000000000000000000000000000030
:104090000000000000000000000000000000000020
:1040A0000000000000000000000000000000000010
:1040B0000000000000000000000000000000000000
:1040C00000000000000000000000000000C302002B
:1040D00000000000000000000000000000000000E0
:1040E00000000000000000000000000000000000D0
:1040F00000000000000000000000000000000000C0
:1041000000000000000000000000000000000000AF
:10411000000000000000000000000000000000009F
:104120000000000C30000000000000000000000053
:10413000000000000000000000000000000000007F
:10414000000000000000000000000000000000006F
:10415000000000000000000000000000000000005F
:10416000000000000000000000000000000000004F
:1041700000000000000000000000C302000000007A
:10418000000000000000000000000000000000002F
:10419000000000000000000000000000000000001F
:1041A000000000000000000000000000000000000F
:1041B00000000000000000000000000000000000FF
:1041C00000000000000000000000000000000000EF
:1041D0000C300000000000000000000000000000A3
:1041E00000000000000000000000000000000000CF
:1041F00000000000000000000000000000000000BF
:1042000000000000000000000000000000000000AE
:10421000000000000000000000000000000000009E
:1042200000000000000000C30200000000000000C9
:10423000000000000000000000000000000000007E
:10424000000000000000000000000000000000006E
:10425000000000000000000000000000000000005E
:10426000000000000000000000000000000000004E
:10427000000000000000000000010000000C300001
:1042800004000000000000100000000000004000DA
:104290000000000001000000000000040000000019
:1042A00000001000000000040000000000001000EA
:1042B00000000000004000000000000100000000BD
:1042C00000000400000000000010000000000000DA
:1042D00010000000C30200400000000000010000C8
:1042E00000000000040000000000001000000000BA
:1042F000000040000000000001000000000040003D
:1043000000000000010000000000000400000000A8
:10431000000010000000000000400000000000014C
:10432000000000000000010000000C30000400004C
:10433000000000001000000000000040000000002D
:104340000001000000000000040000000000001058
:104350000000000004000000000000100000000049
:104360000000400000000000010000000000000408
:10437000000000000000100000000000001000001D
:1043800000C3020040000000000001000000000027
:1043900000040000000000001000000000000040C9
:1043A00000000000000100000000004000000000CC
:1043B00000010000000000000400000000000010E8
:1043C00000000000000040000000000001000000AC
:1043D000000000010000000C30000400000000009C
:1043E000001000000000000040000000000001007C
:1043F00000000000000400000000000010000000A9
:104400000004000000000000100000000000004058
:10441000000000000001A0000000000004000000F7
:104420000000001000000000000010000000C302A7
:104430000040000000000001000000000000040037
:10444000000000000010000000000000400000001C
:104450000000090000000000400000000000010012
:104460000000000000040000000000001000000038
:1044700000000040000000000001000000000000FB
:10448000010000000C3000040000000000001000DB
:1044900000000000004000000000000100000000DB
:1044A00000000400000000000010000000000400F4
:1044B00000000000001000000000000040000000AC
:1044C00000000100000000000004000000000000E7
:1044D0001000000000000010000000C302004000B7
:1044E00000000000010000000000000400000000C7
:1044F000000010000000000000400000000000016B
:10450000000000000040000000000001000000006A
:104510000000040000000000001000000000000087
:10452000400000000000010000000000000000004A
:10453000000C30000000000000000000000000003F
:10454000000000000000000000000000000000006B
:1045500000000000000000800000000000000000DB
:10456000000000000000000000000000000000004B
:10457000000000000000000000000000000000003B
:104580000000000000000000C30200000000000066
:10459000000000000000000000000000000000001B
:1045A00000000000000001000000000000100000FA
:1045B00000000000000000000000000000000000FB
:1045C00000000000000000000000000000000000EB
:1045D00000000000000000000000000000000C309F
:1045E00000000000000000000000000000000000CB
:1045F00000000000000000000000000000000000BB
:1046000000000000000000000000000000000000AA
:10461000000000000000000000000000000000009A
:10462000000000000000000000000000000000008A
:104630000000000000C302000000000000000000B5
:10464000000000000000000000000000000000006A
:10465000000000000000000000000000000000005A
:10466000000000000000000000000000000000004A
:10467000000000000000000000000000000000003A
:1046800000000000000000000000000C30000000EE
:10469000000000000000000000000000000000001A
:1046A000000000000000000000000000000000000A
:1046B00000000000000000000000000000000000FA
:1046C00000000000000000000000000000000000EA
:1046D00000000000000000000000000000000000DA
:1046E0000000C30200000000000000000000000005
:1046F00000000000000000000000000000000000BA
:1047000000000000000000000000000000000000A9
:104710000000000000000000000000000000000099
:104720000000000000000000000000000000000089
:1047300000000000000000000C300000000000003D
:104740000000000000000000000000000000000069
:104750000000000000000000000000000000000059
:104760000000000000000000000000000000000049
:104770000000000000000000000000000000000039
:10478000000000000000000000000000000000C366
:104790000200000000000000000000000000000017
:1047A0000000000000000000000000000000000009
:1047B00000000000000000000000000000000000F9
:1047C00000000000000000000000000000000000E9
:1047D00000000000000000000000000000000000D9
:1047E00000010000000C3000040000000000001078
:1047F0000000000000004000000000000100000078
:104800000000000400000000000010000000000490
:104810000000000000001000000000000040000048
:104820000000000100000000000004000000000083
:10483000001A00000000000010000000C302004049
:104840000000000000010000000000000400000063
:104850000000001000000000000040000000000008
:104860000100000000004000000000000100000006
:104870000000000400000000000010000000000024
:1048800000400000000000010000000000000100E6
:1048900000000C30000400000000000010000000C8
:1048A00000000040000000000001000000000000C7
:1048B00004000000000000100000000004000000E0
:1048C0000000001000000000000040000000000098
:1048D00001000000000000040000000000001000C3
:1048E000000000000010000000C3020040000000B3
:1048F00000000100000000000004000000000000B3
:104900001000000000000040000000000001000056
:104910000000004000000000000100000000000056
:104920000400000000000010000000000000400033
:104930000000000001000000000000010000000C69
:104940003000040000000000001000000000000023
:104950004000000000000100000000000004000012
:104960000000000010000000000400000000000033
:1049700010000000000000400000000000010000E6
:104980000000000004000000000000100000000013
:10499000000010000000C302004000000000000101
:1049A00000000000000004000000000000100000F3
:1049B00000000000400000000000010000000000B6
:1049C00040000000000001000000000000040000A2
:1049D0000000000010000000000000400000000087
:1049E0000001000000000000010000000C30000485
:1049F0000000000000001000000000000040000067
:104A000000000001000000000000040000000000A1
:104A10000010000000000400000000000010000072
:104A20000000000040000000000001000000000045
:104A30000004000000000000100000000000001052
:104A4000000000C302004000000000000100000060
:104A50000000000400000000000010000000000042
:104A600000400000000000010000000000400000C5
:104A70000000000100000000000004000000000031
:104A800000100000000000004000000000000100D5
:104A90000000000000000000000C300000000000DA
:104AA0000000000000000000000000000000000006
:104AB00000000000000000000000000000000000F6
:104AC00000000000000000000000000000000000E6
:104AD00000000000000000000000000000000000D6
:104AE00000000000000000000000000000000000C6
:104AF000C3020000000000000000000000000000F1
:104B000000000000000000000000000000000000A5
:104B10000000000000000000000000000000000095
:104B20000000000000000000000000000000000085
:104B30000000000000000000000000000000000075
:104B40000000000000000C30000000000000000029
:104B50000000000000000000000000000000000055
:104B60000000000000000000000000000000000045
:104B70000000000000000000000000000000000035
:104B80000000000000000000000000000000000025
:104B900000000000000000000000000000C3020050
:104BA0000000000000000000000000000000000005
:104BB00000000000000000000000000000000000F5
:104BC00000000000000000000000000000000000E5
:104BD00000000000000000000000000000000000D5
:104BE00000000000000000000000000000000000C5
:104BF0000000000C30000000000000000000000079
:104C000000000000000000000000000000000000A4
:104C10000000000000000000000000000000000094
:104C20000000000000000000000000000000000084
:104C30000000000000000000000000000000000074
:104C400000000000000000000000C302000000009F
:104C50000000000000000000000000000000000054
:104C60000000000000000000000000000000000044
:104C70000000000000000000000000000000000034
:104C80000000000000000000000000000000000024
:104C90000000000000000000000000000000000014
:104CA0000C300000000000000000000000000000C8
:104CB00000000000000000000000000000000000F4
:104CC00000000000000000000000000000000000E4
:104CD00000000000000000000000000000000000D4
:104CE00000000000000000000000000000000000C4
:104CF00000000000000000C30200000000000000EF
:104D000000000000000000000000000000000000A3
:104D10000000000000000000000000000000000093
:104D20000000000000000000000000000000000083
:104D30000000000000000000000000000000000073
:104D4000000000000000000000000000000C300027
:104D50000000000000000000000000000000000053
:104D60000000000000000000000000000000000043
:104D70000000000000000000000000000000000033
:104D80000000000000000000000000000000000023
:104D9000000000000000000000060000000000000D
:104DA00000000000C302000000000000000000003E
:104DB00000000000000000000000000000000000F3
:104DC00000000000000000000000000000000000E3
:104DD00000000000000000000000000000000000D3
:104DE00000000000000000000000000000000000C3
:104DF000000000000000000000000C300000000077
:104E000000000000000000000000000000000000A2
:104E10000000000000000000000000000000000092
:104E20000000000000000000000000000000000082
:104E30000000000000000000000000000000000072
:104E40000000000000000000000000000000000062
:104E500000C302000000000000000000000000008D
:104E60000000000000000000000000000000000042
:104E70000000000000000000000000000000000032
:104E80000000000000000000000000000000000022
:104E90000000000000000000000000000000000012
:104EA000000000000000000C3000000000000000C6
:104EB00000000000000000000000000000000000F2
:104EC00000000000000000000000000000000000E2
:104ED00000000000000000000000000000000000D2
:104EE00000000000000000000000000000000000C2
:104EF0000000000000000000000000000000C302ED
:104F000000000000000000000000000000000000A1
:104F10000000000000000000000000000000000091
:104F20000000000000000000000000000000000081
:104F30000000000000000000000000000000000071
:104F40000000000000000000000000000000000061
:104F5000000000000C300000000000000000000015
:104F60000000000000000000000000000000000041
:104F70000000000000000000000000000000000031
:104F80000000000000000000000000000000000021
:104F90000000000000000000000000000000000011
:104FA0000000000000000000000000C3020000003C
:104FB00000000000000000000000000000000000F1
:104FC00000000000000000000000000000000000E1
:104FD00000000000000000000000000000000000D1
:104FE00000000000000000000000000000000000C1
:104FF00000000000000000000000000000000000B1
:10500000000C300000000000000000000000000064
:105010000000000000000000000000000000000090
:105020000000000000000000000000000000000080
:105030000000000000000000000000000000000070
:105040000000000000000000000000000000000060
:105050000000000000000000C3020000000000008B
:105060000000000000000000000000000000000040
:105070000000000000000000000000000000000030
:105080000000000000000000000000000000000020
:105090000000000000000000000000000000000010
:1050A00000000000000000000000000000000C30C4
:1050B00000000000000000000000000000000000F0
:1050C00000000000000000000000000000000000E0
:1050D00000000000000000000000000000000000D0
:1050E00000000000000000000000000000000000C0
:1050F00000000000000000000000000000000000B0
:105100000000000000C302000000000000000000DA
:10511000000000000000000000000000000000008F
:10512000000000000000000000000000000000007F
:10513000000000000000000000000000000000006F
:10514000000000000000000000000000000000005F
:1051500000000000000000000000000C3000000013
:10516000000000000000000000000000000000003F
:10517000000000000000000000000000000000002F
:10518000000000000000000000000000000000001F
:10519000000000000000000000000000000000000F
:1051A00000000000000000000000000000000000FF
:1051B0000000C3020000000000000000000000002A
:1051C00000000000000000000000000000000000DF
:1051D00000000000000000000000000000000000CF
:1051E00000000000000000000000000000000000BF
:1051F00000000000000000000000000000000000AF
:1052000000000000000000000C3000000000000062
:10521000000000000000000000000000000000008E
:10522000000000000000000000000000000000007E
:10523000000000000000000000000000000000006E
:10524000000000000000000000000000000000005E
:10525000000000000000000000000000000000C38B
:10526000020000000000000000000000000000003C
:10527000000000000000000000000000000000002E
:10528000000000000000000000000000000000001E
:10529000000000000000000000000000000000000E
:1052A00000000000000000000000000000000000FE
:1052B00000000000000C30000000000000000000B2
:1052C00000000000000000000000000000000000DE
:1052D00000000000000000000000000000000000CE
:1052E00000000000000000000000000000000000BE
:1052F00000000000000000000000000000000000AE
:10530000000000000000000000000000C3020000D8
:10531000000000000000000000000000000000008D
:10532000000000000000000000000000000000007D
:10533000000000000000000000000000000000006D
:10534000000000000000000000000000000000005D
:10535000000000000000000000000000000000004D
:1053600000000C3000000000000000000000000001
:10537000000000000000000000000000000000002D
:10538000000000000000000000000000000000001D
:10539000000000000000000000000000000000000D
:1053A00000000000000000000000000000000000FD
:1053B000000000000000000000C302000000000028
:1053C00000000000000000000000000000000000DD
:1053D00000000000000000000000000000000000CD
:1053E00000000000000000000000000000000000BD
:1053F00000000000000000000000000000000000AD
:105400000000000000000000000000000000000C90
:10541000300000000000000000000000000000005C
:10542000000000000000000000000000000000007C
:10543000000000000000000000000000000000006C
:10544000000000000000000000000000000000005C
:10545000000000000000000000000000000000004C
:10546000000000000000C302000000000000000077
:10547000000000000000000000000000000000002C
:10548000000000000000000000000000000000001C
:10549000000000000000000000000000000000000C
:1054A00000000000000000000000000000000000FC
:1054B0000000000000000000000000000C300000B0
:1054C00000000000000000000000000000000000DC
:1054D00000000000000000000000000000000000CC
:1054E00000000000000000000000000000000000BC
:1054F00000000000000000000000000000000000AC
:10550000000000000000000000000000000000009B
:10551000000000C3020000000000000000000000C6
:10552000000000000000000000000000000000007B
:10553000000000000000000000000000000000006B
:10554000000000000000000000000000000000005B
:10555000000000000000000000000000000000004B
:105560000000000000000000000C300000000000FF
:10557000000000000000000000000000000000002B
:10558000000000000000000000000000000000001B
:10559000000000000000000000000000000000000B
:1055A00000000000000000000000000000000000FB
:1055B00000000000000000000000000000000000EB
:1055C000C302000000000000000000000000000016
:1055D00000000000000000000000000000000000CB
:1055E00000000000000000000000000000000000BB
:1055F00000000000000000000000000000000000AB
:10560000000000000000000000000000000000009A
:105610000000000000000C3000000000000000004E
:10562000000000000000000000000000000000007A
:10563000000000000000000000000000000000006A
:10564000000000000000000000000000000000005A
:10565000000000000000000000000000000000004A
:1056600000000000000000000000000000C3020075
:10567000000000000000000000000000000000002A
:10568000000000000000000000000000000000001A
:10569000000000000000000000000000000000000A
:1056A00000000000000000000000000000000000FA
:1056B00000000000000000000000000000000000EA
:1056C0000000000C3000000000000000000000009E
:1056D00000000000000000000000000000000000CA
:1056E00000000000000000000000000000000000BA
:1056F00000000000000000000000000000000000AA
:105700000000000000000000000000000000000099
:1057100000000000000000000000C30200000000C4
:105720000000000000000000000000000000000079
:105730000000000000000000000000000000000069
:105740000000000000000000000000000000000059
:105750000000000000000000000000000000000049
:105760000000000000000000000000000000000039
:105770000C300000000000000000000000000000ED
:105780000000000000000000000000000000000019
:105790000000000000000000000000000000000009
:1057A00000000000000000000000000000000000F9
:1057B00000000000000000000000000000000000E9
:1057C00000000000000000C3020000000000000014
:1057D00000000000000000000000000000000000C9
:1057E00000000000000000000000000000000000B9
:1057F00000000000000000000000000000000000A9
:105800000000000000000000000000000000000098
:10581000000000000000000000000000000C30004C
:105820000000000000000000000000000000000078
:105830000000000000000000000000000000000068
:105840000000000000000000000000000000000058
:105850000000000000000000000000000000000048
:105860000000000000000000000000000000000038
:1058700000000000C3020000000000000000000063
:105880000000000000000000000000000000000018
:105890000000000000000000000000000000000008
:1058A00000000000000000000000000000000000F8
:1058B00000000000000000000000000000000000E8
:1058C000000000000000000000000C30000000009C
:1058D00000000000000000000000000000000000C8
:1058E00000000000000000000000000000000000B8
:1058F00000000000000000000000000000000000A8
:105900000000000000000000000000000000000097
:105910000000000000000000000000000000000087
:1059200000C30200000000000000000000000000B2
:105930000000000000000000000000000000000067
:105940000000000000000000000000000000000057
:105950000000000000000000000000000000000047
:105960000000000000000000000000000000000037
:10597000000000000000000C3000000000000000EB
:105980000000000000000000000000000000000017
:1059900000000000000000000000000040000000C7
:1059A00000000000000000000000000000000000F7
:1059B00000000000000000000000000000000000E7
:1059C0000000000000000000000000000000C30212
:1059D00000000000000000000000000000000000C7
:1059E00000000000000000000000000000000000B7
:1059F00000000A000000000000000000000000009D
:105A00000000000000000000000000000000000096
:105A10000000000000000000000000000000000086
:105A2000000000000C30000000000000000000003A
:105A30000000000000000000000000000000000066
:105A40000000000000000000000000000000000056
:105A50000000000000000000000000000000000046
:105A60000000000000000000000000000000000036
:105A70000000000000000000000000C30200000061
:105A80000000000000000000000000000000000016
:105A90000000000000000000000000000000000006
:105AA00000000000000000000000000000000000F6
:105AB00000000000000000000000000000000000E6
:105AC00000000000000000000000000000000000D6
:105AD000000C30000000000000000000000000008A
:105AE00000000000000000000000000000000000B6
:105AF00000000000000000000000000000000000A6
:105B00000000000000000000000000000000000095
:105B1000A0000000000000000000000000000000E5
:105B20000000000000000000C302000000000000B0
:105B30000000000000000000000000000000000065
:105B40000000000000000500000000000000000050
:105B50000000000000000000000000000000004005
:105B60000000000000000000000000000000000035
:105B700000000000000000000000000000000C30E9
:105B80000000000000000000000000000000000015
:105B90000000000000000000000000000000000005
:105BA00000000000000000000000000000000000F5
:105BB00000000000000000000000000000000000E5
:105BC00000000000000000000000000000000000D5
:105BD0000000000000C30200000000000000000000
:105BE00000000000000000000000000000000000B5
:105BF0000000000000000000001000000000000095
:105C00000000000000000000000000000000000094
:105C10000000000000000000000000000000000084
:105C200000000000000000000000000C3000000038
:105C30000000000000000000000000000000000064
:105C40000000000000000000000000000000000054
:105C50000000000000000000000000000000000044
:105C60000000000000000000000000000000000034
:105C70000000000000000000000000000000000024
:105C80000000C3020000000000000000000000004F
:105C90000000000000000000000000000000000004
:105CA00000000000000000140000000000000000E0
:105CB00000000000000000000000000000000000E4
:105CC0004000000000000000000000000000000094
:105CD00000000000000000000C3000000000000088
:105CE00000000000000000000000000000000000B4
:105CF00000000000000000000000000000000000A4
:105D00000000000000000000000000000000000093
:105D10000000000000000000000000000000000083
:105D2000000000000000000000000000000000C3B0
:105D30000200000000000000000000000000000061
:105D40000000000000000000000000000000000053
:105D50000000000000000000000000000000000043
:105D60000000000000000000000000000000000033
:105D70000000000000000000000000000000000023
:105D800000000000000C30000000000000000000D7
:105D90000000000000000000000000000000000003
:105DA00000000000000000000000000000000000F3
:105DB00000000000000000000000000000000000E3
:105DC00000000000000000000000000000000000D3
:105DD000000000000000000000000000C3020000FE
:105DE00000000000000000000000000000000000B3
:105DF00000000000000000000000000000000000A3
:105E00000000000000000000000000000000000092
:105E10000000000000000000000000000000000082
:105E20000000000000000000000000000000000072
:105E300000000C3000000000000000000000000026
:105E40000000000000000000000000000000000052
:105E50000000000000000000000000000000000042
:105E60000000000000000000000000000000000032
:105E70000000000000000000000000000000000022
:105E8000000000000000000000C30200000000004D
:105E90000000000000000000000000000000000002
:105EA00000000000000000000000000000000000F2
:105EB00000000000000000000000000000000000E2
:105EC00000000000000000000000000000000000D2
:105ED0000000000000000000000000000000000CB6
:105EE0003000000000000000000000000000000082
:105EF00000000000000000000000000000000000A2
:105F00000000000000000000000000000000000091
:105F10000000000000000000000000000000000081
:105F2000000000000000000000000006000000006B
:105F3000000000000000C30200000000000000009C
:105F40000000000000000000000000000000000051
:105F50000000000000000000000000000000000041
:105F60000000000000000000000000000000000031
:105F70000000000000000000000000000000000021
:105F80000000000000000000000000000C300000D5
:105F90000000000000000000000000000000000001
:105FA00000000000000000000000000000000000F1
:105FB00000000000000000000000000000000000E1
:105FC00000000000000000000000000000000000D1
:105FD00000000000000000000000000000000000C1
:105FE000000000C3020000000000000000000000EC
:105FF00000000000000000000000000000000000A1
:106000000000000000000000000000000000000090
:106010000000000000000000000000000000000080
:106020000000000000000000000000000000000070
:106030000000000000000000000C30000000000024
:106040000000000000000000000000000000000050
:106050000000000000000000000000000000000040
:106060000000000000000000000000000000000030
:106070000000000000000000000000000000000020
:106080000000000000000000000000000000000010
:10609000C30200000000000000000000000000003B
:1060A00000000000000000000000000000000000F0
:1060B00000000000000000000000000000000000E0
:1060C00000000000000000000000000000000000D0
:1060D00000000000000000000000000000000000C0
:1060E0000000000000000C30000000000000000074
:1060F00000000000000000000000000000000000A0
:10610000000000000000000000000000000000008F
:10611000000000000000000000000000000000007F
:10612000000000000000000000000000000000006F
:1061300000000000000000000000000000C302009A
:10614000000000000000000000000000000000004F
:10615000000000000000000000000000000000003F
:10616000000000000000000000000000000000002F
:10617000000000000000000000000000000000001F
:10618000000000000000000000000000000000000F
:106190000000000C300000000000000000000000C3
:1061A00000000000000000000000000000000000EF
:1061B00000000000000000000000000000000000DF
:1061C00000000000000000000000000000000000CF
:1061D00000000000000000000000000000000000BF
:1061E00000000000000000000000C30200000000EA
:1061F000000000000000000000000000000000009F
:10620000000000000000000000000000000000008E
:10621000000000000000000000000000000000007E
:10622000000000000000000000000000000000006E
:10623000000000000000000000000000000000005E
:106240000C30000000000000000000000000000012
:10625000000000000000000000000000000000003E
:10626000000000000000000000000000000000002E
:10627000000000000000000000000000000000001E
:10628000000000000000000000000000000000000E
:1062900000000000000000C3020000000000000039
:1062A00000000000000000000000000000000000EE
:1062B00000000000000000000000000000000000DE
:1062C00000000000000000000000000000000000CE
:1062D00000000000000001000000000000000000BD
:1062E000000000000000000000000000000C300072
:1062F000000000000000000000000000000000009E
:10630000000000000000000000000000000000008D
:10631000000000000000000000000000000000007D
:10632000000000000000000000000000000000006D
:10633000000000000000000000000000000000005D
:1063400000000000C3020000000000000000000088
:10635000000000000000000000000000000000003D
:10636000000000000000000000000000000000002D
:10637000000000000000000000000000000000001D
:10638000000000000000000000000000000000000D
:10639000000000000000000000000C3000000000C1
:1063A00000000000000000000000000000000000ED
:1063B00000000000000000000000000000000000DD
:1063C00000000000000000000000000000000000CD
:1063D00000000000000000000000000000000000BD
:1063E00000000000000000000000000000000000AD
:1063F00000C30200000000000000000000000000D8
:10640000000000000000000000000000000000008C
:10641000000000000000000000000000000000007C
:10642000000000000000000000000000000000006C
:10643000000000000000000000000000000000005C
:10644000000000000000000C300000000000000010
:10645000000000000000000000000000000000003C
:10646000000000000000000000000000000000002C
:10647000000000000000000000000000000000001C
:10648000000000000000000000000000000000000C
:106490000000000000000000000000000000C30237
:1064A00000000000000000000000000000000000EC
:1064B00000000000000000000000000000000000DC
:1064C00000000000000000000000000000000000CC
:1064D00000000000000000000000000000000000BC
:1064E00000000000000000000000000000000000AC
:1064F000000000000C300000000000000000000060
:10650000000000000000000000000000000000008B
:10651000000000000000000000000000000000007B
:10652000000000000000000000000000000000006B
:10653000000000000000000000000000000000005B
:106540000000000000000000000000C30200000086
:10655000000000000000000000000000000000003B
:10656000000000000000000000000000000000002B
:10657000000000000000000000000000000000001B
:10658000000000000000000000000000000000000B
:1065900000000000000000000000000000000000FB
:1065A000000C3000000000000000000000000000AF
:1065B00000000000000000000000000000000000DB
:1065C00000000000000000000000000000000000CB
:1065D00000000000000000000000000000000000BB
:1065E00000000000000000000000000000000000AB
:1065F0000000000000000000C302000000000000D6
:10660000000000000000000000000000000000008A
:10661000000000000000000000000000000000007A
:10662000000000000000000000000000000000006A
:10663000000000000000000000000000000000005A
:1066400000000000000000000000000000000C300E
:10665000000000000000000000000000000000003A
:10666000000000000000000000000000000000002A
:10667000000000000000000000000000000000001A
:10668000000000000000000000000000000000000A
:1066900000000000000000000000000000000000FA
:1066A0000000000000C30200000000000000000025
:1066B00000000000000000000000000000000000DA
:1066C00000000000000000000000000000000000CA
:1066D000000000000000000000000000400000007A
:1066E00000000000000000000000000000000000AA
:1066F00000000000000000000000000C300000005E
:106700000000000000000000000000000000000089
:106710000000000000000000000000000000000079
:106720000000000000000000000000000000000069
:106730000000000000000000000000000000000059
:1067400000000000000000008000000000000000C9
:106750000000C30200000000000000000000000074
:106760000000000000000000000000000000000029
:106770000000000000000000000000000000000019
:106780000000000000000000000000000000000009
:1067900000000000000000000000000000000400F5
:1067A00000000000000000000C30000000000000AD
:1067B00000000000000000000000000000000000D9
:1067C00000000000000000000000000000000000C9
:1067D00000000000000000000000000000000000B9
:1067E00000000000000000000000000000000000A9
:1067F000000000000000000000000000000000C3D6
:106800000200000000000000000000000000000086
:106810000000000000000000000000000000000078
:106820000000000000000000000000000000000068
:106830000000000000000000000000000000000058
:106840000000000000000000000000000000000048
:106850000000007201501102010100000000000060
:106860000000000000000200000000070008000017
:106870000000000020000000000000800000000078
:106880000000000000000000000000000000000008
:1068900000000000000000000000000000000000F8
:1068A00068000000000000000000000000078008F1
:1068B00000000000000000000000000000000000D8
:1068C0000000400000000000000000000000000088
:1068D00000000000000000000000000000000000B8
:1068E0000000000000000000003800000000000070
:1068F0000000000000000000000000000000000098
:10690000000000007C00000000000000000000000B
:10691000000000020000000000000800000000006D
:106920000020000000004000800001800000000006
:10693000000038008000000000000200000000009D
:106940000000000000000000000000000000000047
:10695000000000000000000000000000080000002F
:106960000000000000002000000000000080000087
:10697000000000020000000000000800038000008A
:1069800000000000000008000000000000200000DF
:1069900000000000000000000000004000000000B7
:1069A0000000000000000000000000000000008067
:1069B0000000000000000000000000000040001087
:1069C00001000001C0004004000002009A00100015
:1069D000001C00000040000000000000000000005B
:1069E00000000000000000000000000000000000A7
:1069F0000000000000000000000000000000000097
:106A0000000000000001C000400400000000000081
:106A10000000000B008C000000003C02340000006D
:106A200000F00000000000028000000000000000F4
:106A30000000000000000000000000000000000056
:106A40000000000000000000000000000000000046
:106A50000000000000000000000000003C003400C6
:106A6000000000000000000000000080A000000006
:106A7000000280000000000008000000000000206C
:106A800034000000000000000000000000000000D2
:106A900000000000000000000000000000000000F6
:106AA00000000000000000000000000000000000E6
:106AB00000000002000000000000000000000000D4
:106AC0000000010010000000000000400000000075
:106AD00000010000000000000400000000000000B1
:106AE00000000000000000000000000000000000A6
:106AF0000000000000000000000000000000000096
:106B00000000000000000000000000000040000045
:106B10000000000000000200C000000000080300A8
:106B200040000000000400000000006010000000B1
:106B30000000000000000080100000000002004083
:106B4000000000000802000000000020081E0000F5
:106B5000000080207800000000000000000000001D
:106B60000100000000000000000000000000000024
:106B700000000000000028000000000000000000ED
:106B800000000000000000001800000000000000ED
:106B9000000000000000000000000000003C0000B9
:106BA00000000001000000000000040000000000E0
:106BB00000000000000000000000000000000000D5
:106BC00000000000B0000000000003800000000092
:106BD00000000000000000000000000000000000B5
:106BE00000000000C00000000000000000000000E5
:106BF0000003C000000000000B000D002000003C5E
:106C00000000000000000000000000000C00000078
:106C10000000000000000000000002000000200052
:106C200000200000008000000000000000000000C4
:106C3000000000000000000000000800000000004C
:106C400000000000000000002C0000008000009008
:106C500000000200000340000008000000000000E7
:106C6000000000C000000000000000000000000064
:106C700000000810000000000000000000000000FC
:106C80001C000000000000000000000000000000E8
:106C900000000000000000000000000000000000F4
:106CA00000000000000000000000000000000000E4
:106CB00000000000000000000000000000000000D4
:106CC0000000000000000000008D00200000000215
:106CD0000000800000000100000000000000000033
:106CE000000000000000000000000008000000009C
:106CF00000002000000002000080000000000002F0
:106D0000000000002000080000000000000000005B
:106D100000000000000000000000000000000080F3
:106D2000B000000000028400000000180000000015
:106D30000000000000000000000000000000002033
:106D400000000000000080000000000002000000C1
:106D5000000000080000000000002000000000000B
:106D60000000000000000000000000000000000023
:106D7000000000000000000010000000002800409B
:106D80000000000000000000000000000000000003
:106D900000000000000000000000000000000000F3
:106DA00000000000000040000000000001000000A2
:106DB00000000004000000000000000000000000CF
:106DC00000001030C00000000000000000020000C1
:106DD00000000000000000000000000000000000B3
:106DE00000000000000000000000000000000000A3
:106DF0000000000000000000000000000000000093
:106E00000000000000000000000000000000000082
:106E1000000004000C00000000030C000000000053
:106E20000000000000000000000000000000000062
:106E30000000500000000000000000000000000002
:106E40000000000000000000000000000000000042
:106E50000000000000000000000000000000000032
:106E60000000000000000000100001000000001001
:106E700030C0000000000000000000000000000022
:106E80000001000000000000000000000000000001
:106E900000000000000000000000000000000000F2
:106EA00000000000000000000000000000000000E2
:106EB0000000000000000000000000000000441579
:106EC000401800000000030C00000000000000005B
:106ED00000000000000000000000000000000000B2
:106EE00000000000000000000000000000000000A2
:106EF0000000000000000000000000000000000092
:106F00000000000000000000000000000000000081
:106F10000000001021A3280C0D0920001030C00033
:106F20000000000000000000000000000000000061
:106F30000000000000000000000000000000000051
:106F40000000000000000000000000000000000041
:106F50000000000000000000000000000000000031
:106F600000000000000000000000003007324C016B
:106F7000800000030C000000000000000000000082
:106F80000000000000000000000000000000000001
:106F900000000000000000000000000000000000F1
:106FA00000000000000000000000000000000000E1
:106FB00000000000000000000000000000000000D1
:106FC0000003000CF4000000001030C000000000BE
:106FD00000000000000000000000000000000000B1
:106FE00000000000000000000000000000000000A1
:106FF0000000000000000000000000000000000091
:107000000000000000000000000000000000000080
:107010000000000000000000000730585000000091
:10702000030C000000000000000000000000000051
:107030000000000000000000000000000000000050
:107040000000000000000000000000000000000040
:107050000000000000000000000000000000000030
:107060000000000000000000000000000000000020
:107070000CCD008000001030C000000000000000B7
:107080000000000000000000000000000000000000
:1070900000000000000000000000000000000000F0
:1070A00000000000000000000000000000000000E0
:1070B00000000000000000000000000000000000D0
:1070C00000000000000007304C51800000030C005D
:1070D00000000000000000000000000000000000B0
:1070E00000000000000000000000000000000000A0
:1070F0000000000000000000000000000000000090
:10710000000000000000000000000000000000007F
:10711000000000000000000000000000000CEC0572
:107120000A00001030C00000000000000000000055
:10713000000000000000000000000000000000004F
:10714000000000000000000000000000000000003F
:10715000000000000000000000000000000000002F
:10716000000000000000000000000000000000001F
:1071700000000007324A5001C000030C000000006C
:1071800000000000000000000000000000000000FF
:1071900000000000000000000000000000000000EF
:1071A000000000000001C00000000000000000001E
:1071B00000000000000000000000000000000000CF
:1071C000000000000000000000000CEC00000000C7
:1071D0001030C000000000000000000000000000AF
:1071E000000000000000000000200000000000007F
:1071F0000000000000000000000000000800000087
:10720000000000000000000000000000000000007E
:1072100000000000000000000006F07804000000FC
:1072200007304C00A00000030C000000000000002C
:107230000000050000000000000C0000000000013C
:10724000000000000000000000000000000000003E
:10725000000000000000000000200000000000000E
:10726000000000000000000000000000000000100E
:107270008F0080000000000CCC000004001030C023
:1072800000000000000000000000000000000000FE
:1072900000000000000000000000000000000000EE
:1072A00000000000000000000000000000000000DE
:1072B00000000000000000C000000000000000000E
:1072C0000000000000000000002000002007304EF9
:1072D00000000000030C000000000000000000009F
:1072E000000000000000000000000000000000009E
:1072F000000000000000000000000000000000008E
:10730000000000000000000000000000000000007D
:10731000000000000000000000000000000000006D
:10732000400000000CCC000000001030C000000045
:107330000000000000000000000000000800000045
:10734000000000000000000000000000000000003D
:1073500000050000000040000000000000000000E8
:10736000000000000000000000000000000000001D
:1073700000000002A5825E00000007324850A00015
:1073800000030C00000000000000000000000000EE
:1073900000000040000000000000000000000000AD
:1073A00000000000000000002000000000000000BD
:1073B00000000000000000000000000000000000CD
:1073C000000000000000000000008993742000000D
:1073D000080CD40F0B80001030C00000000000002B
:1073E000000000000000000000008000000000001D
:1073F000000000000000000000000000000000008D
:107400000000000400000000000000000000000078
:10741000000000000000000000000000000000006C
:1074200002A53FC078004007304A01A00100030CCC
:10743000000000000000000000000000000000004C
:10744000000000000000000000000000000000003C
:10745000000000000000000000000000000000002C
:10746000000000000000000000000000000000001C
:10747000000000000000008AA060040001000CC5AC
:10748000000010041030C0000000000000000000E8
:1074900000000000000000000000000000000000EC
:1074A00000000000000000000000000000000000DC
:1074B00000000000000000000000000000000000CC
:1074C00000000000000000000000000000068DFF2A
:1074D0000E00002007304850A00080030C00000080
:1074E000000000000000000000000000000000009C
:1074F000000000000000000000000000000000008C
:10750000000000000000000000000000000000007B
:10751000000000000000000000000000000000006B
:107520000000000008D300200003000CC4059010E8
:10753000081030C000000000000000000000000043
:10754000000000000000000000000000000000003B
:10755000000000000000000000000000000000002B
:107560000000000000000000000008000000000013
:1075700000000000000000000000065A00000000AB
:107580000007304A00A00000030C000000000000CB
:1075900000000000000000000000000000000000EB
:1075A00000000000000000080000000000000000D3
:1075B00000000000000000000000000000000000CB
:1075C0000040000000000000000000000000080073
:1075D000000A5034000000000CC4001B00001030F2
:1075E000C0000000000000000000000000000000DB
:1075F000000000000000000000000000000000008B
:107600000000000000050000000000000000000075
:10761000000000000000000000000000000000006A
:1076200000000000000140000000060000000730DC
:107630004880040800030C00000000000000000067
:10764000000000000000000000000000000000003A
:10765000000000000000000000000000000000002A
:10766000000000000000000000000000000000001A
:107670000000000000010000000000000800000001
:1076800000000000000CDC0900A1401030C0000028
:1076900000000000000000000000000000000000EA
:1076A00000000000000000000000000000000000DA
:1076B00000000000000000000000000000000000CA
:1076C00000000000000000000000000000000000BA
:1076D000000000000000002E7000000B465F00005C
:1076E0000000030C0000000000000000000000008B
:1076F000000000000000000000000000000000008A
:107700000000000000000000000000000000000079
:107710000000000000000000000000000000000069
:10772000000000000000000001C00000000266C070
:10773000000011C4A00000001030C00000000000D4
:107740000000000000000000000000000000000039
:107750000000000000000000000000000000000029
:107760000000000001000000000000000000000018
:10777000000A0000000000000000000000000000FF
:1077800000000000000080000A2C5A19C00000030D
:107790000C000000000000000000000000000000DD
:1077A00000000000000000000000000000000000D9
:1077B00000000000000000000000000800000000C1
:1077C00000000000000000000000000000000000B9
:1077D0000000000000000000000000001000002277
:1077E000FE009000801030C000000000000000008B
:1077F0000000000000000000000000000000000089
:107800000000000000000000000000000000000078
:107810000000000000000000000000000000000068
:107820000000000000000000000000000000068BC7
:10783000FF06640020089EC001800080030C000049
:107840000000000000000000000000000000000038
:107850000000000000000000000000000000000028
:107860000000000000000000000000000000000018
:107870000000000000000000000000000000000008
:10788000000000000008BB002640000006D6B00043
:1078900000001030C00000000000000000000000E8
:1078A00000000000000000000000000000000000D8
:1078B00000000000000000000000000000000000C8
:1078C00000000000000000000000000000000000B8
:1078D00000000000000000000000000001D70E289A
:1078E00000000A960A98000000030C000000000047
:1078F0000000000000000000000000000000000088
:107900000000000000000000000000000000000077
:107910000000000000000000000000000000000067
:107920000000000000000000000000000000000057
:107930000000000BED600000001985DF80000010E2
:1079400030C0000000000000000000000000000047
:107950000000000000000000000000000000000027
:107960000000000000000000000000000000000017
:107970000000000000000000000000000000000007
:107980000000000000000000000116800400400A12
:107990008C6A00100100030C0000000000000000D1
:1079A00000000000000000000000000000000000D7
:1079B00000000000000000000000000000000000C7
:1079C00000000000000000000000000000000000B7
:1079D00000000000000000000000000000000000A7
:1079E00005E00280010028ED000800041030C0000E
:1079F0000000000000000000000000000000000087
:107A0000000000000000000000000000A0000000D6
:107A10000000000000000000000000000000000066
:107A20000000000000000000000000000600000050
:107A3000000000000016E706F40000300815FB50B7
:107A4000A00080030C000000000000000000000007
:107A50000000000000000000000000000000000026
:107A60000000040000000000000000000000000012
:107A70000000000000000000000000000000000006
:107A8000000000000000000000000000081F60422D
:107A90008002042BC0850A00081030C000000000DE
:107AA00000000000000000000000000000000000D6
:107AB00000000000000000000000000000000000C6
:107AC00000000000000000000000000000000000B6
:107AD00000000000000000000000000000000000A6
:107AE000000000CC02B40000000A8C6A01A0000073
:107AF000030C000000000000000000000000000077
:107B00000000000000000000000000000000000075
:107B10000000000000000000000000000000000065
:107B20000000000000000000000000000000000055
:107B3000000000000000000000033D644000000061
:107B400028CC000A00001030C000008000000000B7
:107B50000000000000000000000000000000000025
:107B60000000000000000000000000000000000015
:107B70000000000000000000000000000000000005
:107B800010000000000000000000000000000000E5
:107B900010D200000000010A0199801400030C00BB
:107BA00000000000000000000000000000000000D5
:107BB00000000000000000000000000000000000C5
:107BC00000000000000000000000000000000000B5
:107BD0000000000000000080000000000000000025
:107BE000000000000000000D2440000000206CA9EF
:107BF0009000001030C000000000000000000000F5
:107C00000000000000000000000000000000000074
:107C10000000000000000000000000000000000064
:107C20000000000000000000000000000000000054
:107C30000000000600000000000000000000002618
:107C40000000000B9C1800101400030C0000000042
:107C50000000000000000000000000000000000024
:107C60000000000000000000000000000000000014
:107C70000000000000000000000000000000000004
:107C800000000000000000000000000000000000F4
:107C9000000000000002600000001094ED0A0000E7
:107CA0001030C000000000000000000000000000D4
:107CB00000000000000000000000000000000000C4
:107CC00000000000000000000000000000000000B4
:107CD00000000000000000000000000000000000A4
:107CE00000000000000000000000CC500600000270
:107CF000139E1F98100000030C00000000000000FD
:107D00000000000000000000000000000000000073
:107D10000000000000000000000000000000000063
:107D20000000000000000000000000000000000053
:107D30008000000000000000000000000001C00002
:107D4000033D80000000812F6DA50900801030C028
:107D50000000000000000000000000000000000023
:107D60000000000000000000000000000000000013
:107D70000000000000000000000000000000000003
:107D800000000000000000000000000000000000F3
:107D9000000000000000000000000100200020EEB4
:107DA00080100080030C00000000000000000000B4
:107DB00000000000000000000000000000000000C3
:107DC00000000000000000000000000000000000B3
:107DD00000000000000000000000000000000000A3
:107DE0000000000000000000000000000000000093
:107DF00000000000003D970900001030C0000001A5
:107E00004000000000000000000000000000000032
:107E10000000000000000000000000000000000062
:107E20000000000000000000000000000000000052
:107E3000000000000000000001E000000000000061
:107E400000000006000200380000000000001000E2
:107E500000030C000000080000000000000000000B
:107E60000000000000000000000000000000000012
:107E70000000000000000000000000000000000002
:107E800000000000000000000000000000000002F0
:107E900000000000000000000000020000000000E0
:107EA000000000000900001030C0000000000000C9
:107EB00000000000000000000000000000000000C2
:107EC00000000000000000000000000000000000B2
:107ED0000000000080000000000000000000000022
:107EE000000000000000000004000000000000503E
:107EF0000000000000004000054800000000030CE6
:107F00000000000000000000000000000000000071
:107F10001800000000000000000000000000000049
:107F2000000000000000000000000400000000004D
:107F30000000000000000018000000000002801097
:107F40000000000000084000000000000121001CAB
:107F5000F00000001030C000000000000000000031
:107F60000000000000000000000000000000000011
:107F70000000000000000000000000000000000001
:107F800000000000000000000000000000000000F1
:107F900000000000000300B9E0E800000C00000051
:107FA0000000003000000001800000030C00000011
:107FB00000000000000000000000000000000000C1
:107FC00000000000000000000000000000000000B1
:107FD00000000000000000000000000000000000A1
:107FE00000000000000000000000000010039FD00F
:107FF0001000004000000000000100000000100020
:10800000001030C000000000000000000000000070
:10801000000000000000000000000000000F200031
:108020000000000000000000000000000000000050
:10803000000000800000000000000000002CF7801D
:108040000000500000000000800000000000000060
:108050000000000000000000030C000001400000D0
:108060000000000000000000000000000000000010
:1080700000000010F0C00000000000000000000040
:1080800000000000000000000000000000000000F0
:1080900000000000CF980000020000000000000077
:1080A0000000000000000000000000000000103090
:1080B000C0000002000000000000080000000000F6
:1080C000002000000000000080000000000002000E
:1080D0000000000000080000000002000000000096
:1080E000000800000000000020000000006000D038
:1080F00000000000000280000000000008000000F6
:108100000000002000030C00000020000000000020
:1081100000800000000000020000000000000800D5
:1081200000000000002000000000000080000000AF
:10813000002000000000000080000000000002009D
:108140000000000000080000000000002000000007
:1081500000000080000000000002001030C000009D
:1081600002000000000000080000000000002000E5
:108170000000000000800000000008020000000075
:1081800000000800000000020000000000000800DD
:108190000000000000200005A00000008000168004
:1081A0000000420000000000000800000000000085
:1081B0002000030C000000200000000000008000F0
:1081C00000000000020000000000000800000000A5
:1081D000000020000000000000D00000000020008F
:1081E0000000000000800000000000020010A50355
:1081F0004000080042940B000A200000000000002C
:1082000080000000000002001030C00000020000EA
:108210000000000008000000000000200000000036
:1082200000008000000000000200000000000008C4
:108230000000000002000000000000080000000034
:10824000000020000000000000800000000000028C
:108250000000000000000800000000801020000363
:108260000C00000020000000000000800000000062
:1082700000020000000000000800000000000020D4
:10828000000000000000800000000020000000004E
:108290000000800000000000020000000000000854
:1082A00000000000700020000000000000800000BE
:1082B00000090912001030C0000002000000000098
:1082C000004A0000000000002800000000000080BC
:1082D0000000000000020000000000000800000094
:1082E0000002000000000000080000000000002064
:1082F000000000016000830000000100020C00008B
:10830000000078083000000000016000030C00004D
:1083100000200000000000008000000000000200BB
:108320000000000000080000000000002000000025
:10833000000000C0000000002000000000000080DD
:108340000000000000020000000002000800000021
:108350000000002000000000040083000000000076
:1083600002001030C0000000000000000002800089
:1083700000000000000000000000000010000000ED
:10838000000000000000000000600000000000008D
:1083900002000700000000000000000000000000D4
:1083A0000200000000000008001C00000000240083
:1083B000000000000000000000030C0000000000AE
:1083C000000000001000000000000000000000009D
:1083D000000002000000000000000000000000009B
:1083E000000000000000004200000000000000004B
:1083F000000000000000003C0000000000007008C9
:108400000400000001C00000000000000000001097
:1084100030C000000000000000000000000000006C
:10842000000000000000000000000000000000004C
:108430000000000000000000000000000002000733
:108440008000004000000000000100000000024821
:1084500004000000000000100242F7543800400001
:10846000000000000900030C0000000000000000F4
:1084700000000000000000000000000000000000FC
:1084800000000000000000000000000000000000EC
:108490000000000082004000000100000000000019
:1084A00004000000007C00100000000000004004F8
:1084B00079EC278001000000000001041030C000AA
:1084C00000000000000000000000000000000000AC
:1084D000000000000000000000000000000000009C
:1084E000000000000000000000000000000000008C
:1084F00030000000000A00C000000000400300003F
:108500000007000088028057600400201900000066
:108510000000C0030C00000000000000000000008C
:10852000000000000000000000000000000000004B
:10853000000000000000000000000000000000003B
:1085400000000000000001000000000040040000E6
:1085500000003C0030000000780000800E5F3443D3
:10856000A21200000C0000000C1030C0000000003F
:1085700000000000000000000000000000000000FB
:1085800000000000000000000000000000000000EB
:1085900000000000005C000000000000000000007F
:1085A0000001C00000000000078000000000000083
:1085B000000004E78000000200000000000000004E
:1085C000030C00000000000000000000000000009C
:1085D000000000000000000000000000000000009B
:1085E00000000000000000000000000A0000000081
:1085F000000000000000000000000000000000007B
:10860000000000000000F000390DBF3840001000ED
:108610000000000000001030C00000020000000058
:108620000000080000000000002000000000000022
:1086300080000000000002000000000000080000B0
:1086400000000200064000000008000000000000DA
:1086500020006E702C00008000000000000300026B
:1086600001174061080000000000102000030C000A
:108670000000200000000000078000000000000251
:1086800000000000000008000000000000200000C2
:10869000000000288000000000200000070000000B
:1086A00080000000000002000881928000080000A5
:1086B000000000002C100A7FF40000800000000081
:1086C0000D02001030C00000020000000000000891
:1086D00000000000000020000000000000800000FA
:1086E0000000000200000000000008000000000A76
:1086F00000000000207C08000000000000200000B6
:10870000000000008000B17400000E000201772616
:10871000600A0000000000042000030C000000209C
:1087200000000000000080000000000002000000C7
:108730000000000800000000000020000000000011
:108740000080000000002000000001C380800000C5
:10875000000F0002000000000000080023296B0049
:1087600000200005BFF1C000C00000000000820032
:108770001030C000000200000000000008000000EF
:108780000000002000000000000080000000000049
:1087900002000000000000080000000002000000CD
:1087A0000000202800000000000020000AF565C03D
:1087B0000080000000000006800000003400480037
:1087C00000000078002000030C00000020000000E2
:1087D0000000008000000000000200000000000017
:1087E00038000000000000200000000000008000B1
:1087F000000000A000000000000080000000000059
:108800000A00100A020200280000000000003000E8
:10881000000003E2C080000000008002001030C0B1
:10882000000002000000000000080000000000003E
:108830002000000000000080000000000002000096
:1088400000000000080000000002000208381E00BE
:1088500008300820E00000208000000000008000B8
:1088600000000000020002A4BB80000820000000FD
:1088700000002000030C00000020000000000000A9
:10888000800000000000020000000000000800005E
:108890000000000020000000000000800000000038
:1088A00020100000800000820400020000020C0082
:1088B000000000000800000000000020000541EF5B
:1088C000C00082000000000002001030C000000064
:1088D0000000000000000000000000000000000098
:1088E0000000000000000000000000000000000088
:1088F0000000000000000000000000000000000078
:108900000000000000000000000000000000000067
:10891000000000005A07940000001821C000000069
:1089200000030C0000000000000000000000000038
:108930000000000000000000000000000000000037
:108940000000000000000000000000000000000027
:108950000000000000000000000000000000000017
:108960000000000000000000000005A003E000007F
:108970002000020D0000001030C0000000000000C8
:1089800000000000000000000000000000000000E7
:1089900000000000000000000000000000000000D7
:1089A00000000000000000000001000000000000C6
:1089B0000000200D8D84060004000000080A00104D
:1089C000007AD736780040023EDD99A00100030C02
:1089D0000000000000000000000000000000000097
:1089E0000000000000000000000000000000000087
:1089F0000000000000000000000000000000000077
:108A000020000000000000000008E4B20000001098
:108A1000000000F10000400749A547C0010103E440
:108A2000F50000041030C00000000000000000004D
:108A30000000000000000000000000000000000036
:108A40000000000000000000000000000000000026
:108A50000000000000000000000000000000000016
:108A60002000040000030000000001080C005A0070
:108A70005661002000000000000080030C00000090
:108A800000000000000000000000000000000000E6
:108A900000000000000000000000000000000000D6
:108AA00000000000000000C0000000000000000006
:108AB000000000000000041002C0000010000000D0
:108AC00000A000804A50240028020000000000009E
:108AD000081030C00000000000000000000000008E
:108AE0000000000000000000000000000000000086
:108AF0000000000000000000000000000000000076
:108B00000000000000000000000000000000000164
:108B1000624000002940F000000002A056F67800F4
:108B20000002027C00040000030C000000000000B2
:108B30000000000000000000000000000000000035
:108B40000000000000000000000000000000000025
:108B50000000000000000000000000000000000015
:108B60000000000000000028000013FC18000000B6
:108B7000000FA03046C000002007000000001030A9
:108B8000C000000000000000000000000000000025
:108B900000000000000000000000000000000000D5
:108BA0000000000000000000000000400000000085
:108BB00000000000000000000000000000000000B5
:108BC0000080001000000080BD83A60000000002AD
:108BD0007E00141000030C000000000000000000E4
:108BE0000000000000000000000000000000000085
:108BF0000000000000000000000000000000000075
:108C0000000800000000000000000000000000005C
:108C100000000000000000004009F00000004BD9F7
:108C200002400000000065C008A0801030C00000B5
:108C30000000000000000000000000000000000034
:108C40000000000000000000000000000000000024
:108C50000000000000000000000000000000000014
:108C600000000000000000200004E0000000000000
:108C7000000000000208DAD66400000006FCD010F4
:108C80000000030C000000000000000000000000D5
:108C900000000000000000000000000000000000D4
:108CA00000000000000000000000000000000000C4
:108CB00000000000000000000000000000001002A2
:108CC000820000000000000000000000DD6802805B
:108CD0000080005E078C00001030C0000000000023
:108CE0000000000000000000000000000000000084
:108CF0000000000000000000000000000000000074
:108D00000000000000000000000001000000000062
:108D100000000000000000000000000000018000D2
:108D200000001BB8003C040008001C000000000309
:108D30000C00000000000000000000000000000027
:108D40000000000000000000000000000000000023
:108D5000000000000007000000000000000000000C
:108D600000200000000000000000000000000000E3
:108D70000000000008000000027DB403600000084D
:108D800001070000001030C00000000000000000DB
:108D900000000000000000000000000000000000D3
:108DA00000000000000000000000000000000000C3
:108DB00000000000000000000000000000000000B3
:108DC000000000000380030080000000000C022669
:108DD000D38000002000007D80108080030C000004
:108DE0000000000000000000000000000000000083
:108DF0000000000000000000000000000000000073
:108E00000000000000000000000000000000000062
:108E10000000000000000000000000400030204082
:108E20000A0000000001A1B402C30200014383084C
:108E300000041030C000000000000000000000002E
:108E40000000000000000000000000000000000022
:108E50000000000000000000000000000000000012
:108E60000000000000000000000000000000000002
:108E700001E0000000000000000000000000006CA5
:108E80000000080001D0000000030C0000000000FA
:108E900000000000000000000000000000000000D2
:108EA00000000000000000000000000000000000C2
:108EB00000000000000000000000000000000000B2
:108EC0000000000000000002000080000000000020
:108ED0000000000001C2A800000400B780000010DC
:108EE00030C0000000000000000000000000000092
:108EF0000000000000000000000000000000000072
:108F00000000000000000000000000000000000061
:108F1000000000000000000000000000000000034E
:108F20000400000000006012020000006800400819
:108F300021E070100100030C0000000000000000A0
:108F40000000000000000000000000000000000021
:108F50000000000000000000000000000000000011
:108F60000000000000000000000000000000000001
:108F70000000000000000010000000000800500188
:108F80000020000001000002000E00041030C000AC
:108F900000000000000000000000000000000000D1
:108FA00000000000000000000000000000000000C1
:108FB00000000000000000000000000000000000B1
:108FC00000000000000A0400000000000003000090
:108FD000000000000C00000000000020031E7AD0FA
:108FE000100080030C0000000000000000000000E2
:108FF0000000000000000000000000000000000071
:109000000000000000000000000000000000000060
:109010000000000000000000000000004080000090
:109020000000000020000000000A00800000000294
:1090300080020231C7050A00481030C0000000005D
:109040000000000000000000000000000000000020
:109050000000000000000000000000000000000010
:109060000000000000000000000000000000000000
:10907000000000000068183200000000000003003B
:10908000000002000040000000000000B8000000E6
:10909000030C0000000000000000000000000000C1
:1090A00000000000000000000000000000000000C0
:1090B00000000000000000000000000000000000B0
:1090C000000000000000000000000000E7D26C007B
:1090D0000000000000080000100100200000000057
:1090E00000000F0000001030C00000A000000000D1
:1090F0000000000000000000000000000000000070
:10910000000000000000000000000000000000005F
:10911000000000000000000000000000000000004F
:10912000000000000000400000000000000002827B
:1091300000028000000008000A00000000030C008C
:10914000000000000000000000000000000000001F
:10915000000000000000000000000000000000000F
:1091600000000000000000000000000000000000FF
:1091700000000000000000000000003C380000007B
:1091800000001000040012000000000004080000AD
:109190000000001030C000000000000000000000CF
:1091A00000000000000000000000000000000000BF
:1091B00000000000000000000000000000000000AF
:1091C000000000000001000000000000000000009E
:1091D0000000000700008001A00000000000000067
:1091E00000040008000038000000030C000000002C
:1091F000000000000000000000000000000000006F
:10920000000000000000000000000000000000005E
:109210000000000000000000000000000800000046
:1092200000000000000000000000000000801000AE
:10923000000000000000000000800400B08000007A
:109240001030C0000000000000000000000000001E
:10925000000000000000000000000000000000000E
:1092600000000000000000000000000000000000FE
:1092700000000000000000000000000000000000EE
:10928000000000000000000000045A0380040040B9
:1092900000000001E10000030C00000000000000DD
:1092A00000000000000000000000000000000000BE
:1092B00000000000000000000000000000000000AE
:1092C000000000000000000000000000000000009E
:1092D000000000000000007000000000000000001E
:1092E00005A00002400000000000000C001030C08B
:1092F000000000000000000000000000000000006E
:10930000000000000000000000000000000000005D
:10931000000000000000000000000000000000004D
:10932000000000000000000000000000000000003D
:109330000000000000020200020000003000074EA2
:1093400038080080030C000000000000000000004E
:10935000000000000000000000000000000000000D
:1093600000000000000000000000000000000001FC
:1093700000000000000000000000000000000000ED
:1093800000000000000000000000000000120000CB
:1093900000000000002E900040041030C0000000CB
:1093A00000000000000000000000000000000000BD
:1093B00000000000000000000000000000000000AD
:1093C000000000000000000000000000000000009D
:1093D000000000000000000000000000000000008D
:1093E000000080000000000000000000000180007C
:1093F00000030C000000000000000000000000005E
:10940000000000000000000000000000000000005C
:10941000000000000000000000000000000000004C
:10942000000000000000000000000000000000003C
:109430000000000000000000140000000000000018
:10944000000000000000001030C0000001400000DB
:10945000000000000000000000000000000000000C
:10946000000000000000000080000000000000007C
:10947000000000000002083800000040000000006A
:1094800000001024080007860400000000010010FE
:1094900000000000000040117D60D0100100030CAE
:1094A00000000000000000000000000000000000BC
:1094B00008000000000000000000000000000400A0
:1094C000000000000000000000000020000000007C
:1094D000000100000000000000000010000000106B
:1094E00000000000F00040000000000001002BC25E
:1094F000B10E80041030C000000000000000000029
:10950000000000000000000000000000000000005B
:10951000000000000000000000000000000000004B
:10952000000000000000000030000000000000000B
:109530000000000000030000000000000C02000614
:1095400080000000400FC0F8100080030C000000F5
:10955000000000000000000000000000000000000B
:1095600000000000000000000000000000000000FB
:1095700000000000000000000000000000000100EA
:1095800000000000000000000000000410000000C7
:10959000000000400200400200000000EE0B8D00C1
:1095A0000C1030C0000000000000000000000000AF
:1095B00000000000000000000000000000000000AB
:1095C000000000000000000000000000000000009B
:1095D0000000000002000000000000080000000081
:1095E0000780000000000000800000000020000054
:1095F0000049681870000000030C00000000000023
:10960000000000000000000000000000000000005A
:10961000000000000000000000000000000000004A
:1096200000000000000000000000004000000000FA
:1096300000004000000000400000000000000000AA
:1096400000000001C0000000168100000000103082
:10965000C00000000000000000000000000000004A
:1096600000000000000000000000000000000000FA
:1096700000000000000000000000000000000000EA
:1096800000000000000000000000000000000000DA
:109690000000000180400002C05820000002029437
:1096A0000B80000000030C00000000000000000020
:1096B00000000000000000000000000000000000AA
:1096C000000000000000000000000000000000009A
:1096D000000000000000000000000000000000008A
:1096E00000000000000000000000080A00010C0B50
:1096F00080400300201FADB70000001030C0000004
:109700000000000000000000000000000000000059
:109710000000000000000000000000000000000049
:109720000000000000002000000000000080000099
:10973000000000020000000000000800200080007F
:109740000000000000000000000200039C0101A0D6
:109750000000030C000000000000000000000000FA
:1097600000000000000000000000000000000000F9
:1097700000000000000000000000000000000000E9
:1097800000000002000000000000000000000000D7
:109790000000010800400D00000000000000000172
:1097A000100236D4971000001030C00000000000F6
:1097B00000000000000000000000000000000000A9
:1097C0000000000000000000000000000000000099
:1097D0000000000000000000000000000000000089
:1097E0000000000000000000060000000000000073
:1097F000000600028000020008001C800000000338
:109800000C0000000000000000000000000000004C
:109810000000000000000000000000000000000048
:109820000000000000000000000000000000000038
:109830000000000000000000000000000000002008
:1098400000000000000000000200000000500008BE
:1098500000030000001030C0000000000000000005
:1098600000000000000000000000000000000000F8
:1098700000000000000000000000000000000000E8
:10988000000000000000007800300000000000141C
:10989000000000000000020000000000000802C0FC
:1098A000B00000000003CCC000000080030C0000EA
:1098B00000040000000000000000000000000000A4
:1098C0000000000000000000000000000000000098
:1098D0000000000000000000000000000004000381
:1098E0000000000000000000000000000030000048
:1098F00000000000808C0D80000000013CC60000CC
:1099000000081030C000000000000000000000004F
:109910000000000000000000000000000000000047
:109920000000002000000000000000000000000017
:109930000000000000000000000000000000000027
:109940000000000000000000001C02125A00200469
:10995000000008000838000000030C0000000000B0
:1099600000000000000000000000000000000000F7
:1099700000000000000000000000000000000000E7
:109980000000000000C00000000000000000000017
:1099900000000000000000000000000000000000C7
:1099A00000008A50254280000008010000000010DD
:1099B00030C00000000000000000000000000000B7
:1099C0000000000000000000000000000000000097
:1099D0000000000000000000000000000000000087
:1099E00000380040000000000000000000000000FF
:1099F0000000000000000000025A021600004000B3
:109A0000000001C00900030C00000000000000007D
:109A10000000000000000000000000000000000046
:109A20000000000000000000000000000000000036
:109A3000000000000000000404010000000000001D
:109A400000000000000000000000000000001055B1
:109A5000A000000001000000000000041030C00061
:109A600000000000000000000000000000000000F6
:109A700000000000000000000000000000000000E6
:109A800000000000000000000000000000000100D5
:109A90003000000000000000000000000000000096
:109AA000000000000012F0180000003008001A70DA
:109AB000000080030C000000000000000000000017
:109AC0000000000000000000000000000000000096
:109AD0000000000000000000000000000000000086
:109AE0000000000000200100000000000000000055
:109AF0000000000000000000000000000F008000D7
:109B000000020008010000000C1030C0000000003E
:109B10000000000000000000000000000000000045
:109B20000000000000000000000000000000000035
:109B30000000000000000000000000000000000025
:109B40000000040000000000000008000000000009
:109B5000000000000020000000000000F0000000F5
:109B6000030C0000000000000000000000000000E6
:109B700000000000000000000000000000000000E5
:109B800000000000000000000000000000000000D5
:109B900000000000000000000020000000000000A5
:109BA0000000000000000000000000014000000074
:109BB0000000050000001030C000000000000000A0
:109BC0000000000000000000000000000000000095
:109BD0000000000000000000000000000000000085
:109BE0000000000082A50640000000000000000008
:109BF0000000000000000020000000000000020241
:109C0000F0580000000000000000000000030C00FD
:109C10000000000000000000000000000000000044
:109C20000000000000000000000000000000000034
:109C300000000000000000000000000FF0340000F1
:109C40000000000000000000000000000000000014
:109C50000000000000114F0081C000000000000063
:109C60000000001030C000000000000000000000F4
:109C700000000000000000000000000000000000E4
:109C800000000000000000000000000000000000D4
:109C900000000000000000000000000000000000C4
:109CA00000000000000000000000000000000000B4
:109CB00000000000000000000000030C0000000095
:109CC0000000000000000000000000000000000094
:109CD0000000000000000000000000000000000084
:109CE0000000000000000000000003C000000000B1
:109CF0000000000000000000000000000000000064
:109D00000000000000000000000000000000000053
:109D10001030C00000000000000000000000000043
:109D20000000000000000000000000000000000033
:109D30000000000000000000000000002000000003
:109D40000000000000000000000000000000000013
:109D50000000000000000000000000000000000003
:109D600009020000000000030C00000000000000D9
:109D700000000000000000000000000000000000E3
:109D800000000000000000000000000000000000D3
:109D900000000400000000000000000000000000BF
:109DA00000000000000000000000000000000000B3
:109DB000000000000700000034000010001030C058
:109DC0000000000000000000000000000000000093
:109DD0000000000000000000000000000000000083
:109DE0000000000000000000000000000000000073
:109DF0000030000000000000000000000000000033
:109E00000000000000000000000000003008000119
:109E100000000080030C00000000000000000000B3
:109E20000000000000000000000000000000000032
:109E30000000000000000000000000000000000022
:109E40000000000000000000000000000000000012
:109E50000000000000000000000000000000000002
:109E6000000000000400800000041030C00000006A
:109E700000000000000000000000000000000000E2
:109E800000000000000000000000000000000000D2
:109E900000000000000000000000000000000000C2
:109EA00000000000000000000000000000000000B2
:109EB00000000000000000000000000000000000A2
:109EC00000030C0000000000000000000000000083
:109ED0000000000000000000000000000000000082
:109EE0000000000000000000000000000000000072
:109EF0000000000000000000000000000000000062
:109F00000000000000000000000000000140000010
:109F1000000000000000001030C000000000000041
:109F20000000000000000000000000000000000031
:109F30000000000000000000000000000000000021
:109F400000000000000000000000004000000000D1
:109F50000000000000000000000000000000000001
:109F6000000000007000404820E000000100030CE9
:109F700000000000000000000000000000000000E1
:109F800000000000000000000000000000000000D1
:109F900000000000000000000000000000000000C1
:109FA00000010000000000000000000000000000B0
:109FB000000000000000000000000000010000029E
:109FC000000000041030C00000000000000000008D
:109FD0000000000000000000000000000000000081
:109FE0000000000000000000000000000000000071
:109FF0000000000000000000300000000000000031
:10A000000000000000000000000000000000000050
:10A0100000000030000000000000C0030C00000041
:10A020000000000000000000000000000000000030
:10A030000000000000000000000000000000000020
:10A04000000000000000000000000000000001000F
:10A050000000000000000000000000000000000000
:10A0600000000000000000000001000000000000EF
:10A070000C1030C0000000000000000000000000D4
:10A0800000000000000000000000000000000000D0
:10A0900000000000000000000000000000000000C0
:10A0A00000000000000000000000000000000000B0
:10A0B00000000000000000000000000000000000A0
:10A0C0000000000000000000030C00000000000081
:10A0D0000000000000000000000000000000000080
:10A0E0000000000000000000000000000000000070
:10A0F0000000000000000000000000000000000060
:10A10000000000000000000000000000000000004F
:10A1100000000000000000000000000000001030FF
:10A12000C00000000000000000000000000000006F
:10A13000000000000000000000000000000000001F
:10A14000000000000000000000000000000000000F
:10A15000800000000000000000000000000000007F
:10A1600000000000000000000000000000000000EF
:10A170000000000800030C000000000000000000C8
:10A1800000000000000000000000000000000000CF
:10A1900000000000000000000000000000000000BF
:10A1A00000000000000000000000000000000000AF
:10A1B000000000000000000000000000000000009F
:10A1C00000000000000000000001C01030C00000CE
:10A1D000000000000000000000000000000000007F
:10A1E000000000000000000000000000000000006F
:10A1F0000000000000000000000000001E00000041
:10A20000000000000000000000000000000000004E
:10A21000000000000A1880440000000000008200D6
:10A220000000030C0000000000000000000000001F
:10A23000000000000000000000000000000000001E
:10A24000000000000000000000000000000180008D
:10A2500000000020000000000000000000000000DE
:10A260000000000000000000000000124B20000071
:10A2700000000000090000201030C00000000000B5
:10A2800000000000000000000000000000000000CE
:10A2900000000000000000000000000000000000BE
:10A2A00000000000000000000000000000000000AE
:10A2B0000000000000000000000000000000001C82
:10A2C000000000000000000000000010000000037B
:10A2D0000C00000000000000000000000000000072
:10A2E000000000000000000000000000000000006E
:10A2F000000000000000000000000000000000005E
:10A30000000000000000000000000000000000004D
:10A31000000000000000000000000000000000003D
:10A3200000000000001030C000000000000000002D
:10A33000000000000000000000000000000000001D
:10A34000000000000000000000000000000000000D
:10A3500000000002CFF80400003000000000000000
:10A36000000000000000000000000000000002AF3C
:10A37000104000003000000000000280030C0000CC
:10A3800000000000000000000000000000000000CD
:10A3900000000000000000000000000000000000BD
:10A3A000000000000000000000000CFB8000000026
:10A3B000000000000000000000000000000000009D
:10A3C000000000002005F0B40002000000000000C2
:10A3D00000241030C0000001400000000000000018
:10A3E000000000000000000000000000000000006D
:10A3F000000000000000000000000000000000005D
:10A4000000000020000080000000000000000000AC
:10A410000000000800000000000000000000000034
:10A42000000000000000000000030C00000000001D
:10A43000000000000000000000000000000000001C
:10A44000000000000000000000000000000000000C
:10A4500000000000000000000003C0000000000039
:10A46000000000000000000000500000000000009C
:10A4700000000000000000000000000000000010CC
:10A4800030C00000000000000000000000000000DC
:10A4900000000000000000000000000000000000BC
:10A4A00000000000000000000000000001005A0051
:10A4B00040600040000000000000000000000000BC
:10A4C000000000000000000000000000000000008C
:10A4D000000000000000030C00000000000000006D
:10A4E000000000000000000000000000000000006C
:10A4F00080000000000002000000000000000000DA
:10A50000000000000A5020000001000000000000D0
:10A51000000000000000000000000000000000003B
:10A520000000000000000000000000001030C0002B
:10A53000000000000000000000000000000000001B
:10A54000000000000000000000000000000000000B
:10A5500000000000000000000001003C800000003E
:10A5600030000000000000000000000000000000BB
:10A5700000000000000000000000000000000000DB
:10A58000000000030C0000000000000000000000BC
:10A5900000000000000000000000000000000000BB
:10A5A00000000000000000000000000000000000AB
:10A5B0000003CD00000001000000000000000000CA
:10A5C000000000000000000000000000000000008B
:10A5D0000000000000000000001030C0000000007B
:10A5E00000000000000080000000000002000000E9
:10A5F000000000000000000000000000000000005B
:10A600000000000000000000000014000000000036
:10A610000000000000000000000700000000000033
:10A620000000000000000000000000000000020028
:10A63000030C00000000000000000000000000000B
:10A64000000000000000000000000000000000000A
:10A6500000000000000000000000000000000000FA
:10A6600000000000000000000000000000000000EA
:10A6700000000000000000000000000000000000DA
:10A680000000000000001030C000000000000000CA
:10A6900000000000000000000000000000000000BA
:10A6A00000000000000000000000000000000000AA
:10A6B0000000000000000000700000000000000129
:10A6C000000000000000000000000000000000008A
:10A6D00000000000000000000000000000030C006B
:10A6E000000000000000000000000000000000006A
:10A6F000000000000000000000000000000000005A
:10A700000000000000000000000000000000000049
:10A710000000000000000000000000000000000039
:10A720000000000000000000000000000000000029
:10A730000000001030C00000000000000000000019
:10A740000000000000000000000000000000000009
:10A7500000000000000000000000000000000000F9
:10A760000002E702000000000000000000000000FE
:10A7700000000000000000000000000000000000D9
:10A7800000000000000000000000030C00000000BA
:10A7900000000000000000000000000000000000B9
:10A7A00000000000000000000000000000000000A9
:10A7B00000000000000000000E73400000000000D8
:10A7C0000000000000000000000000000000000089
:10A7D0000000000000000000000000000000000079
:10A7E0001030C00000000000000000000000000069
:10A7F0000000000000000000000000000000000059
:10A800000000000000000000000000000000000048
:10A810000000000000000000000000000000000038
:10A820000000000000000000000000000000000028
:10A8300000000000000000030C0000000000000009
:10A840000000000000000000000000000000000008
:10A8500000000000000000000000000000000000F8
:10A8600000000000000000000000000000000000E8
:10A8700000000000000000000000000000000000D8
:10A88000000000000000000000000000001030C0C8
:10A8900000000000000000000000000000000000B8
:10A8A00000000000000000000000000000000000A8
:10A8B0000000000000000000000000000000000098
:10A8C0000030000000000000000000000000400018
:10A8D0000000000000000000000000000000000078
:10A8E00000000000030C0000000000000000000059
:10A8F0000000000000000000000000000000000058
:10A900000000000000000000000000000000000047
:10A910000000000000000000000000000000000037
:10A920000000000002000000000000000000000025
:10A93000000000000000000000001030C000000017
:10A940000000000000000000000000000000000007
:10A9500000000000000000000000000000000000F7
:10A9600000000000000000000000000000000000E7
:10A9700000000000000000000000000000000000D7
:10A9800000000000000000000000000000000000C7
:10A9900000030C00000000000000000000000000A8
:10A9A00000000000000000000000000000000000A7
:10A9B0000000000000000000000000000000000097
:10A9C0000000000000000000000000000000000087
:10A9D0000000000000000000000000000000000077
:10A9E000000000000000001030C000000000000067
:10A9F0000000000000000000000000000000000057
:10AA00000000000000000000000000000000000046
:10AA10000000000000000000000000000000000036
:10AA20000000000000000000000000000000000026
:10AA30000000000000000000000000000000030C07
:10AA40000000000000000000000000000000000006
:10AA500000000000000000000000000000000000F6
:10AA600000000000000000000000000000000000E6
:10AA700000000000000000000000000000000000D6
:10AA80000000000001800000000000000000000045
:10AA9000000000001030C0000000000000000000B6
:10AAA00000000000000000000000000000000000A6
:10AAB0000000000000000000000000000000000096
:10AAC0000000000000000004000000000000000082
:10AAD0000000000000000000000000000000000076
:10AAE0000000000000000000000000030C00000057
:10AAF0000000000000000000000000000000000056
:10AB00000000000000000000000000000000000045
:10AB10000000000000000000000000000000200015
:10AB20000000000000000000000000000000000025
:10AB30000000000000000000000000000000000015
:10AB4000001030C000000100000000000000000004
:10AB500000000000000000000000000000000000F5
:10AB600000000000000000000000000000000000E5
:10AB700000000002000000000000000000000000D3
:10AB800008000000000000000000000000000000BD
:10AB90000000000000000000030C0000000800009E
:10ABA0000000000000000000000014000000000091
:10ABB0000000000000000000000000000000000095
:10ABC0000000000000000000000000000000000085
:10ABD0000000000000000000000000000000000075
:10ABE0000000000000000000000000000000103025
:10ABF000C000000000000000000000000000000095
:10AC00000000000000000000000000000000000044
:10AC10000000000000000000002000000000000014
:10AC20000000000000000000000000000000000024
:10AC30000000000000000000000000000000000014
:10AC40000000000000030C000000000000000000F5
:10AC500000000000000000000000000000000000F4
:10AC600000000000000000000000000000000000E4
:10AC700000000000000000000000000000000000D4
:10AC800000000000000000000000000000000000C4
:10AC900000000000000000000000001030C00000B4
:10ACA00000000000000000000000000000000000A4
:10ACB0000000000000000000000000000000000094
:10ACC0000000000000000000000000000000000084
:10ACD0000000000000000000000000000000000074
:10ACE0000000000000000000000000000000000064
:10ACF0000000030C00000000000000000000000045
:10AD00000000000000000000000000000000000043
:10AD10000000000000000000000000000000000033
:10AD20000000000000000000000000000000000023
:10AD30000000000000000000000000000000000013
:10AD400000000000000000001030C0000000000003
:10AD500000000000000000000000000000000000F3
:10AD600000000000000000000000000000000000E3
:10AD700000000000000000000000000000000000D3
:10AD800000000000000000000000000000000000C3
:10AD900000000000000000000000000000000003B0
:10ADA0000C00000000000000000000000000000097
:10ADB0000000000000000000000000000000000093
:10ADC0000000000000000000000000000000000083
:10ADD0000000000000000000000000000000002053
:10ADE0000000000000000000000000000000000063
:10ADF00000000000001030C0000000000000000053
:10AE00000000000000000000000000000000000042
:10AE10000000000000000000000000000000000032
:10AE2000000000000000000000000000000000041E
:10AE30000000000000000000000000000000000012
:10AE4000000000000000000000000000030C0000F3
:10AE500000000000000000000000000000000000F2
:10AE600000000000000000000000000000000000E2
:10AE700000000000000000000000000000000000D2
:10AE800000000000000000000000000000000000C2
:10AE900000000000000000000000000000000000B2
:10AEA00000001030C00000000000000000000000A2
:10AEB0000000000000000000000000000000000092
:10AEC0000000000000000000000000000000000082
:10AED0000000000000000000000000000000000072
:10AEE0000000000000000000000000000000000062
:10AEF000000000000000000000030C000000000043
:10AF00000000000000000000000000000000000041
:10AF10000000000000000000000000000000000031
:10AF20000000000000000000000000000000000021
:10AF30000000000000000000000000000000000011
:10AF400000000000000000000000000000000010F1
:10AF500030C0000000000000000000000000000001
:10AF600000000000000000000000000000000000E1
:10AF700000000000000000000000000000000000D1
:10AF800000000000000000000000000000000000C1
:10AF900000000000000000000000000000000000B1
:10AFA000000000000000030C000000000000000092
:10AFB0000000000000000000000000000000000091
:10AFC0000000000000000000000000000000000081
:10AFD0000000000000000000000000000000000071
:10AFE0000000000000000000000000000000000061
:10AFF0000000000000000000000000001030C00051
:10B000000000000000000000000000000000000040
:10B010000000000000000000000000000000000030
:10B020000000000000000000000000000000000020
:10B0300000000000000A0000000000000000000006
:10B040000000000000000000000000000000000000
:10B05000000000030C0000000000000000000000E1
:10B0600000000000000000000000000000000000E0
:10B0700000000000000000000000000000000000D0
:10B0800000000000000000000000000000000000C0
:10B0900000000000000000000000000000000000B0
:10B0A0000000000000000000001030C000000000A0
:10B0B0000000000000000000000000000000000090
:10B0C0000000000000000000000000000000000080
:10B0D0000000000000000000000000000000000070
:10B0E0000000000000000000000000000000000060
:10B0F0000000000000000000000000000000000050
:10B10000030C000000000000000000000000000030
:10B11000000000000000000000000000000000002F
:10B12000000000000000000000000000000000001F
:10B13000000000000000000000000000000000000F
:10B1400000000000000000000000000000000000FF
:10B150000000000000001030C000000000000000EF
:10B1600000000000000000000000000000000000DF
:10B1700000000000000000000000000000000000CF
:10B1800000000000000000000000000000000000BF
:10B1900000000000000000000000000000000000AF
:10B1A00000000000000000000000000000030C0090
:10B1B000000000000000000000000000000000008F
:10B1C000000000000000000000000000000000007F
:10B1D000000000000000000000000000000000006F
:10B1E000000000000000000000000000000000005F
:10B1F000000000000000000000000000000000004F
:10B200000000001030C0000000000000000000003E
:10B21000000000000000000000000000000000002E
:10B22000000000000000000000000000000000001E
:10B23000000000000000000000000000000000000E
:10B2400000000000000000000000000000000000FE
:10B2500000000000000000000000030C00000000DF
:10B2600000000000000000000000000000000000DE
:10B2700000000000000000000000000000000000CE
:10B2800000000000000000000000000000000000BE
:10B2900000000000000000000000000000000000AE
:10B2A000000000000000000000000000000000009E
:10B2B0001030C0000000000000000000000000008E
:10B2C000000000000000000000000000000000007E
:10B2D000000000000000000000000000000000006E
:10B2E000000000000000000000000000000000005E
:10B2F000000000000000000000000000000000004E
:10B3000000000000000000030C000000000000002E
:10B31000000000000000000000000000000000002D
:10B32000000000000000000000000000000000001D
:10B33000000000000000000000000000000000000D
:10B3400000000000000000000000000000000000FD
:10B35000000000000000000000000000001030C0ED
:10B3600000000000000000000000000000000000DD
:10B3700000000000000000000000000000000000CD
:10B3800000000000000000000000000000000000BD
:10B3900000000000000000000000000000000000AD
:10B3A000000000000000000000000000000000009D
:10B3B00000000000030C000000000000000000007E
:10B3C000000000000000000000000000000000007D
:10B3D000000000000000000000000000000000006D
:10B3E000000000000000000000000000000000005D
:10B3F00000000000000000000000008000000000CD
:10B40000000000000000000000000000000000003C
:10B41000000000000000000000000000000000002C
:10B42000000000000000000000000000000000001C
:10B43000000000000000000000000000000000000C
:10B4400000000000000000000000000000000000FC
:10B4500000000000000000000000000000000000EC
:10B4600000000000000000000000000000000000DC
:10B4700000000000000000000000000000000000CC
:10B4800000000000000000000000000000000000BC
:10B4900000000000000000000000000000000000AC
:10B4A000000000000000000000000000000000009C
:10B4B000000000000000000000000000000000008C
:10B4C000000000000000000000000000000000007C
:10B4D000000000000000000000000000000000006C
:10B4E000000000000000000000000000000000005C
:10B4F000000000000000000000000000000000004C
:10B50000000000000000000000000000000000003B
:10B51000000000000000000000000000000000002B
:10B52000000000000000000000000000000000001B
:10B53000000000000000000000000000000000000B
:10B5400000000000000000000000000000000000FB
:10B5500000000000000000000000000000000000EB
:10B5600000000000000000000000000000000000DB
:10B5700000000000000000000000000000000000CB
:10B5800000000000000000000000000000000000BB
:10B5900000000000000000000000000000000000AB
:10B5A000000000000000000000000000000000009B
:10B5B000000000000000000000000000000000008B
:10B5C000000000000000000000000000000000007B
:10B5D000000000000000000000000000000000006B
:10B5E000000000000000000000000000000000005B
:10B5F000000000000000000000000000000000004B
:10B60000000000000000000000000000000000003A
:10B61000000000000000000000000000000000002A
:10B62000000000000000000000000000000000001A
:10B6300000000000000000000000000000014000C9
:10B6400000000000000000000000000000000000FA
:10B6500000000000000000000000000000000000EA
:10B6600000000000000000000000000000000000DA
:10B6700000000000000000000000000000000000CA
:10B6800000000000000000000000000000000000BA
:10B6900000000000000000000000000000000000AA
:10B6A000000000000000000000000000000000009A
:10B6B000000000000000000000000000000000008A
:10B6C0000000000200000000000008000000000070
:10B6D00000200000000000008000000000000200C8
:10B6E0000000000000080000000002000000000050
:10B6F00000080000000000002000000000000080A2
:10B70000000000000002000000000000080000002F
:10B7100000000020000000000000200000000000E9
:10B72000008000000000000200000000000008008F
:10B730000000000000200000000000008000000069
:10B740000020000000000000800000000000020057
:10B7500000000000000800000000000020000000C1
:10B760000000008000000000000200000000000057
:10B77000020000000000000800000000000020009F
:10B780000000000000800000000000020000000037
:10B790000000080000000002000000000000080097
:10B7A00000000000002000000000080080000000F1
:10B7B0000000020000000000000D0000000000007A
:10B7C00020000000000000200000000000008000B9
:10B7D000000000000200000000000008000000005F
:10B7E0000000200000000000008000000000200099
:10B7F00000000000008000000000000200000000C7
:10B800000000080000000000002000000000000010
:10B8100080000000000002000000000000020000A4
:10B8200000000000080000000000002000000000F0
:10B83000000080000000000002000000000000087E
:10B8400000000000020000000000000800000000EE
:10B850000000200000000000008000000000000246
:10B8600000000000000008000000000000200000B0
:10B870000000000020000000000000800000000028
:10B88000000200000000000008000000000000208E
:10B890000000000000008000000000200000000008
:10B8A000000080000000000002000000000000080E
:10B8B00000000000000020000000000000800000E8
:10B8C0000000000200000000000002000000000074
:10B8D00000080000000000002000000000000080C0
:10B8E000000000000002000000000000080000004E
:10B8F000000200000000000008000000000000201E
:10B9000000000000000080000000000002000000B5
:10B9100000000008000000000000200000000000FF
:10B920000020000000000000800000000000020075
:10B9300000000000000800000000000020000000DF
:10B9400000000080000000002000000000000080D7
:10B9500000000000000200000000000008000000DD
:10B960000000002000000000000080000000000037
:10B9700002001030C00000000000000000000000C5
:10B9800000000000000000000000000000000000B7
:10B9900000000000000000000000000000000000A7
:10B9A0000000000000000000000000020000000095
:10B9B0000000000000000000000000000000000087
:10B9C000000000000000000000030C000000000068
:10B9D0000000000000000000000000000000000067
:10B9E0000000000000000000000000000000000057
:10B9F0000000000000000000000000000000000047
:10BA000000004000000000000000000000000000F6
:10BA10000000000000000000000000000000001016
:10BA200030C0000000000000000000000000000026
:10BA30000000000000000000000000000000000006
:10BA400000000000000000000000000000000000F6
:10BA500000000000000000000000000000000000E6
:10BA600000000000000000000000000000000000D6
:10BA7000000000000000030C0000000000000000B7
:10BA800000000000000000000000000000000000B6
:10BA900000000000000000000000000000000000A6
:10BAA0000000000000000000000000000000000096
:10BAB0000000000000000000000000000000000086
:10BAC0000000000000000000000000001030C00076
:10BAD0000000000000000000000000000000000066
:10BAE0000000000000000000000000000000000056
:10BAF0000000000000000000000000000000000046
:10BB00000000000000000000000000000000000035
:10BB10000000000000000000000000000000000025
:10BB2000000000030C000000800000000000000086
:10BB30000000000000000000000000000000000005
:10BB400000000000000000000000000000000000F5
:10BB500000000000000000000000000000000000E5
:10BB600000000000000000000000000000000000D5
:10BB70000000000000000000001030C000000000C5
:10BB800000000000000000000000000000000000B5
:10BB900000000000000000000000000000000000A5
:10BBA0000000000000000000000000000000000095
:10BBB000000000000000000000280000000000005D
:10BBC0000000000000000000000000000000000075
:10BBD000030C000000000000000000000000000056
:10BBE0000000000000000000000000000000000055
:10BBF0000000000000000000000000000000000045
:10BC00000000000000000000000000000000000034
:10BC10000000000000000000000000000000000024
:10BC20000000000000001030C00000020000000012
:10BC300000000800000000000020000000000000DC
:10BC4000800000000000020000000000000800006A
:10BC500000000200000000000008000000000000DA
:10BC60002000000000000080000000000002000032
:10BC700000000000080000000000002000030C008D
:10BC80000000200000000000008000000000000212
:10BC9000000000000000080000000000002000007C
:10BCA00000000000800000000020000000000000F4
:10BCB00080000000000002000000000000080000FA
:10BCC00000000000200000000000008000000000D4
:10BCD0000002001030C00000020000000000000858
:10BCE00000000000000020000000000000800000B4
:10BCF0000000000200000000000008000000000238
:10BD0000000000000000080000000000002000000B
:10BD100000000000800000000000020000000000A1
:10BD200000080000000000002000030C00000020BC
:10BD30000000000000008000000000000200000081
:10BD400000000008000000000000200000000000CB
:10BD500000800000000020000000000000800000C3
:10BD600000000002000000000000080000000000C9
:10BD70000020000000000000800000000000020021
:10BD80001030C000000200000000000008000000A9
:10BD90000000002000000000000080000000000003
:10BDA0000200000000000008000000000200000087
:10BDB000000000080000000000002000000000005B
:10BDC00000800000000000020000000000000800E9
:10BDD00000000000002000030C0000002000000014
:10BDE00000000080000000000002000000000000D1
:10BDF000080000000000002000000000000080009B
:10BE00000000002000000000000080000000000092
:10BE100002000000000000080000000000002000F8
:10BE2000000000000080000000000002001030C090
:10BE300000000200000000000008000000000000F8
:10BE40002000000000000080000000000002000050
:10BE500000000000080000000002000000000000D8
:10BE6000080000000000002000000000000080002A
:10BE700000000000020000000000000800000000B8
:10BE800000002000030C0000002000000000000063
:10BE90008000000000000200000000000008000018
:10BEA00000000000200000000000008000000000F2
:10BEB00020000000000000800000000000020000E0
:10BEC000000000000800000000000020000000004A
:10BED000000080000000000002001030C0000000E0
:10BEE0000000000000000000000000000000000052
:10BEF0000000000000000000000000000000000042
:10BF0000000000000000000000000000000500002C
:10BF10000000000000000000000000000000000021
:10BF20000000000000000000000000000000000011
:10BF300000030C00000000000000000000000000F2
:10BF400000000000000000000000000000000000F1
:10BF500000000000000000000000000000000000E1
:10BF600000000000000000000000000000000000D1
:10BF700000000000000000000000000000000000C1
:10BF8000000000000000001030C0000000000000B1
:10BF9000000000000000000000001400000000008D
:10BFA0000000000000000000000000000000000091
:10BFB0000000000000000000000000000000000081
:10BFC0000000000000000000000000000000000071
:10BFD0000000000000000000000000000000030C52
:10BFE0000000000000000000000000000000000051
:10BFF0000000000000000000000000000000000041
:10C000000000000000000000000000000000000030
:10C01000060000000000000000000000000000001A
:10C020000000000000000000000000000000000010
:10C03000000000001030C000000000000000000000
:10C0400000000000000000000000000000000000F0
:10C0500000000000000000000000000000000000E0
:10C0600000000000000000000000000000000000D0
:10C0700000000000000000000000000000000000C0
:10C080000000000000000000000000030C000000A1
:10C0900000000000000000000000000000000000A0
:10C0A0000000000000000000000000000000000090
:10C0B0000000000000000000000000000000000080
:10C0C0000000000000000000000000000000000070
:10C0D0000000000000000000000000000000000060
:10C0E000001030C000000040000000000000000010
:10C0F0000000000000000000000000000000000040
:10C10000000000000000000000000000000000002F
:10C11000000000000000000000000000000000001F
:10C12000000000000000000000000000000000000F
:10C130000000000000000000030C000000000000F0
:10C1400000000000000000000000000000000000EF
:10C1500000000000000000000000000000000000DF
:10C1600000000000000000000000000000000000CF
:10C1700000000000000000000000000000000000BF
:10C18000000000000000000000000000000010306F
:10C19000C0000000000000000000000000000000DF
:10C1A000000000000000000000000000000000008F
:10C1B000000000000000000000000000000000007F
:10C1C000000000000000000000000000000000006F
:10C1D000000000000000000000000000000000005F
:10C1E0000000000000030C00000000000000000040
:10C1F000000000000000000000000000000000003F
:10C20000000000000000000000000000000000002E
:10C21000000000000000000000000000000000001E
:10C22000000000000000000000000000000000000E
:10C2300000000000000000000000001030C00000FE
:10C2400000000000000000000000000000000000EE
:10C2500000000000000000000000000000000000DE
:10C2600000000000000000000000000000000000CE
:10C2700000000000000000000000000000000000BE
:10C2800000000000000000000000000000000000AE
:10C290000000030C0000000000000000000000008F
:10C2A000000000000000000000000000000000008E
:10C2B000000000000000000000000000000000007E
:10C2C000000000000000000000000000000000006E
:10C2D000000000000000000000000000000000005E
:10C2E00000000000000000001030C000000000004E
:10C2F000000000000000000000000000000000003E
:10C30000000000000000000000000000000000002D
:10C31000000000000000000000000000000000001D
:10C32000000000000000000000000000000000000D
:10C3300000000000000000000000000000000003FA
:10C340000C000000000000000000000000000000E1
:10C3500000000000000000000000000000000000DD
:10C3600000000000000000000000000000000000CD
:10C37000000000000000000000000000000000506D
:10C3800000000000000000000000000000000000AD
:10C3900000000000001030C000000000000000009D
:10C3A000000000000000000000000000000000008D
:10C3B000000000000000000000000000000000007D
:10C3C0000000000000000000000000000000000469
:10C3D000000000000000000000000000014000001C
:10C3E000000000000000000000000000030C00003E
:10C3F000000000000000000000000000000000003D
:10C40000000000000000000000000000000000002C
:10C41000000000000000000000000000000000001C
:10C42000000000000000000000000000000000000C
:10C4300000000000000000000000000000000000FC
:10C4400000001030C00000000000000000000000EC
:10C4500000000000000000000000000000000000DC
:10C4600000000000000000000000000000000000CC
:10C4700000000000000000000000000000000000BC
:10C4800000000000000000000000000000000000AC
:10C49000000000000000000000030C00000000008D
:10C4A000000000000000000000000000000000008C
:10C4B000000000000000000000000000000000007C
:10C4C000000000000000000000000000000000006C
:10C4D000000000000000000000000000000000005C
:10C4E000000000000000000000000000000000103C
:10C4F00030C000000000000000000000000000004C
:10C50000000000000000000000000000000000002B
:10C51000000000000000000000000000000000001B
:10C52000000000000000000000000000000000000B
:10C5300000000000000000000000000000000000FB
:10C54000000000000000030C0000000000000000DC
:10C5500000000000000000000000000000000000DB
:10C5600000000000000000000000000000000000CB
:10C5700000000000000000000000000000000000BB
:10C5800000000000000000000000000000000000AB
:10C590000000000000000000000000001030C0009B
:10C5A000000000000000000000000000000000008B
:10C5B000000000000000000000000000000000007B
:10C5C000000000000000000000000000000000006B
:10C5D000000000000000000000000000000000005B
:10C5E000000000000000000000000000000000004B
:10C5F000000000030C00000000000000000000002C
:10C60000000000000000000000000000000000002A
:10C61000000000000000000000000000000000001A
:10C62000000000000000000000000000000000000A
:10C6300000000000000000000000000000000000FA
:10C640000000000000000000001030C000000000EA
:10C6500000000000000000000000000000000000DA
:10C6600000000000000000000000000000000000CA
:10C6700000000000000000000000000000000000BA
:10C6800000000000000000000000000000000000AA
:10C69000000000000000000000000000000000009A
:10C6A000030C00000000000000000000000000007B
:10C6B000000000000000000000000000000000007A
:10C6C000000000000000000000000000000000006A
:10C6D000000000000000000000000000000000005A
:10C6E000000000000000000000000000000000004A
:10C6F0000000000000001030C0000000000000003A
:10C700000000000000000000000000000000000029
:10C710000000000000000000000000000000000019
:10C720000000000000000000000000000000000009
:10C7300000000000000000000000000000000000F9
:10C7400000000000000000000000000000030C00DA
:10C7500000000000000000000000000000000000D9
:10C7600000000000000000000000000000000000C9
:10C7700000000000000000000000000000000000B9
:10C7800000000000000000000000000000000000A9
:10C790000000000000000000000000000000000099
:10C7A0000000001030C00000000000000000000089
:10C7B0000000000000000000000000000000000079
:10C7C0000000000000000000000000000000000069
:10C7D0000000000000000000000000000000000059
:10C7E0000000000000000000000001400000000008
:10C7F00000000000000000000000030C000000002A
:10C800000000000000000000000000000000000028
:10C810000000000000000000000000000000000018
:10C820000000000000000000000000000000000008
:10C8300000000000000000000000000000000000F8
:10C8400000000000000000000000000000000000E8
:10C850001030C000000000000000000000000000D8
:10C8600000000000000000000000000000000000C8
:10C8700000000000000000000000000000000000B8
:10C880000000000000000000000014000000000094
:10C890000000000000000000000000000000000098
:10C8A00000000000000000030C0000000000000079
:10C8B0000000000000000000000000000000000078
:10C8C0000000000000000000000000000000000068
:10C8D0000000000000000000000000000000000058
:10C8E0000000000000000000000000000000000048
:10C8F000000000000000000000000000001030C038
:10C900000000000000000000000000000000000027
:10C910000000000000000000000000000000000017
:10C920000000000000000000000000000000000007
:10C9300000000000000000000000000000000800EF
:10C9400000000000000000000000000000000000E7
:10C9500000000000030C00000000000000000000C8
:10C9600000000000000000000000000000000000C7
:10C9700000000000000000000000000000000000B7
:10C9800000000000000000000000000000000000A7
:10C990000000000000000000000000000000000097
:10C9A000000000000000000000001030C000000087
:10C9B0000000000000000000000000000000000077
:10C9C0000000000000000000000000000000000067
:10C9D0000000000000000000000000000000000057
:10C9E0000000000000000000000000000000000047
:10C9F0000000000000000000000000000000000037
:10CA000000030C0000000000000000000000000017
:10CA10000000000000000000000000000000000016
:10CA20000000000000000000000000000000000006
:10CA300000000000000000000000000000000000F6
:10CA400000000000000000000000000000000000E6
:10CA5000000000000000001030C0000000000000D6
:10CA600000000000000000000000000000000000C6
:10CA700000000000000000000000000000000000B6
:10CA800000000000000000000000000000000000A6
:10CA90000000000000000000000000000000000096
:10CAA0000000000000000000000000000000030C77
:10CAB0000000000000000000000000000000000076
:10CAC0000000000000000000000000000000000066
:10CAD0000000000000000000000000000000000056
:10CAE0000000000000000000000000000000000046
:10CAF0000000000000000000000000000000000036
:10CB0000000000001030C000000000000000000025
:10CB10000000000000000000000000000000000015
:10CB20000000000000000000000000000000000005
:10CB300000000000000000000000000000000000F5
:10CB400000000000000000000000000000000000E5
:10CB50000000000000000000000000030C000000C6
:10CB600000000000000000000000000000000000C5
:10CB700000000000000000000000000000000000B5
:10CB800000000000000000000000000000000000A5
:10CB90000000000000000000000000000000000095
:10CBA0000000000000000000000000000000000085
:10CBB000001030C000000000000000000000000075
:10CBC0000000000000000000000000000000000065
:10CBD0000000000000000000000000000000400015
:10CBE0000000000000000000000000000000000045
:10CBF0000000000000000000000000000000000035
:10CC00000000000000000000030C00000000000015
:10CC10000000000000000000000000000000000014
:10CC20000000000000000000000000000000000004
:10CC300000000000000000000000000000000000F4
:10CC400000000000000000000000000000000000E4
:10CC50000000000000000000000000000000103094
:10CC6000C000000000000000000000000000000004
:10CC700000000000000000000000000000000000B4
:10CC800000000000000000000000000000000000A4
:10CC90000000000000000000000000000000000094
:10CCA0000000000000000000000000000000000084
:10CCB0000000000000030C00000000000000000065
:10CCC0000000000000000000000000000000000064
:10CCD0000000000000000000000000000000000054
:10CCE0000000000000000000000000000000000044
:10CCF0000000000000000000000000000000000034
:10CD000000000000000000000000001030C0000023
:10CD10000000000000000000000000000000000013
:10CD20000000000000000000000000000000000003
:10CD300000000000000000000000000000000000F3
:10CD400000000000000000000000000000000000E3
:10CD500000000000000000000000000000000000D3
:10CD60000000030C000000000000000000000000B4
:10CD700000000000000000000000000000000000B3
:10CD800000000000000000000000000000000000A3
:10CD90000000000000000000000000000000000093
:10CDA0000000000000000000000000000000000083
:10CDB00000000000000000001030C0000000000073
:10CDC0000000000000000000000000000000000063
:10CDD0000000000000000000000000000000000053
:10CDE0000000000000000000000000000000000043
:10CDF0000000000000000000000000000000000033
:10CE0000000000000000000000000000000000031F
:10CE10000C00000000000000000000000000000006
:10CE20000000000000000000000000000000000002
:10CE300000000000000000000000000000000000F2
:10CE400000000000000000000000000000000000E2
:10CE500000000000000000000000000000000000D2
:10CE600000000000001030C00000000000000000C2
:10CE700000000000000000000000000000000000B2
:10CE800000000000000000000000000000000000A2
:10CE90000000000000000000000000000000000092
:10CEA0000000000000000000000000000000000082
:10CEB000000000040000000000000000030C00005F
:10CEC0000000000000000000000000000000000062
:10CED0000000000000000000000000000000000052
:10CEE0000000000000000000000000000000000042
:10CEF0000000000000000000000000000000000032
:10CF00000000000000000000000020000000000001
:10CF100000001030C0000000000000000000000011
:10CF20000000000000000000000000000000000001
:10CF300000000000000000000000000000000020D1
:10CF4000005A06800000800000000000020000007F
:10CF500000000000000000000000000000000000D1
:10CF6000000000000000000000030C0000000000B2
:10CF700000000000000000000000000000000000B1
:10CF800000000000000000000000000000000000A1
:10CF90000000000000002005A000000000000000CC
:10CFA0000000000000000000000080000000000001
:10CFB0000000000000000000000000000000001061
:10CFC00030C0000000000000000000000000000071
:10CFD0000000000000000000000000000000000051
:10CFE0000000000000000000000000000000000041
:10CFF0000000000000000000000000000000000031
:10D000000000000000000000000000000000000020
:10D01000000000000000030C000000000000000001
:10D020000000000000000000000000000000000000
:10D0300000000000000000000000000000000000F0
:10D0400000000000000000000000000000000000E0
:10D050000000000000006000000000000000000070
:10D060000000000000000000000000001030C000C0
:10D0700000000000000000000000000000000000B0
:10D0800000000000000000000000000000000000A0
:10D090000000000000000000000000000000000090
:10D0A0000000000000000000000000000000000080
:10D0B0000000000000000000000000000000000070
:10D0C000000000030C0000008000000000000000D1
:10D0D0000000000000000000000000000000000050
:10D0E0000000000000000000000000000000000040
:10D0F0000000000000000000000000000000000030
:10D10000000000000000000000000000000000001F
:10D110000000000000000000001030C0000000000F
:10D1200000000000000000000000000000000000FF
:10D1300000000000000000000000000000000000EF
:10D1400000000000000000000000000400000000DB
:10D1500000000000000000000000000000000000CF
:10D1600000000000000000000000000000000000BF
:10D17000030C0000000000000000000000000000A0
:10D18000000000000000000000000000000000009F
:10D19000000000000000000000000000000000008F
:10D1A000000340000000000000000000000000003C
:10D1B000000000000000000000000000000000006F
:10D1C0000000000000001030C0000000000000005F
:10D1D000000000000000000000000000000000004F
:10D1E000000000000000000000000000000000003F
:10D1F000000000000000000000000000000000002F
:10D20000000000000000000000000000000000001E
:10D2100000000000000000000000000000030C00FF
:10D2200000000000000000000000000000000000FE
:10D2300000000000000000000000000000000000EE
:10D2400000000000000000000000000000000000DE
:10D2500000000000000000000000000000000000CE
:10D2600000000000000000000000000000000000BE
:10D270000000001030C000000000000000000000AE
:10D28000000000000000000000000000000000009E
:10D29000000000000000000000000000000000008E
:10D2A000000000000000000000000000000000007E
:10D2B000000000000000000000000000000000006E
:10D2C00000000000000000000000030C000000004F
:10D2D000000000000000000000000000000000004E
:10D2E000000000000000000000000000000000003E
:10D2F000000000000000000000000000000000002E
:10D30000000000000000000000000000000000001D
:10D31000000000000000000000000000000000000D
:10D320001030C000000000000000000000000000FD
:10D3300000000000000000000000000000000000ED
:10D3400000000000000000000000000000000000DD
:10D3500000000000000000000008000000000000C5
:10D36000000000000000000000000000000000407D
:10D3700000000000000000030C000000000000009E
:10D38000000000000000000000000000000000009D
:10D39000000000000000000000000000000000008D
:10D3A000000000000000000000000000000000007D
:10D3B000400000000000000000000000000000002D
:10D3C000000000000000000000000000001030C05D
:10D3D000000000000000000000000000000000004D
:10D3E000000000000000000000000000000000003D
:10D3F000000000000000000000000000000000002D
:10D40000000000000000000000000000000000001C
:10D41000000000000000000000000000000000000C
:10D4200000000000030C00000000000000000000ED
:10D4300000000000000000000000000000000000EC
:10D4400000000000000000000000000000000000DC
:10D4500000000000000000000000000000000000CC
:10D4600000000000000000000000000000000000BC
:10D47000000000000000000000001030C0000000AC
:10D48000000000000000000000000000000000009C
:10D49000000000000000000000000000000000008C
:10D4A000000000000000000000000000000000007C
:10D4B000000000000000000000000000000000006C
:10D4C000000000000000000000000000000000005C
:10D4D00000030C000000000000000000000000003D
:10D4E000000000000000000000000000000000003C
:10D4F000000000000000000000000000000000002C
:10D50000000000000000000000000000000000001B
:10D51000000000000000000000000000000000000B
:10D52000000000000000001030C0000000000000FB
:10D53000000080000000000000000000000000006B
:10D5400000000000000000000000000000000000DB
:10D5500000000000000000000000000000000000CB
:10D5600000000000000000000000000000000000BB
:10D570000000000000000000000000000000030C9C
:10D58000000000000000000000000000000000009B
:10D59000000000000000000000000000000000008B
:10D5A000000000000000000000000000000000007B
:10D5B00000000000000000008000000000000000EB
:10D5C000000000000000000000000000000000005B
:10D5D000000000001030C00000000000000000004B
:10D5E000000000000000000000000000000000003B
:10D5F000000000000000000000000000000000002B
:10D60000000000000000000000000000000000001A
:10D610000000000000000000000700000000000003
:10D620000000000000000000000000030C000000EB
:10D6300000000000000000000000000000000000EA
:10D6400000000000000000000000000000000000DA
:10D6500000000000000000000000000000060000C4
:10D6600000000000000000000000000000000000BA
:10D6700000000000000000000000000000000000AA
:10D68000001030C00000004000000000000000005A
:10D69000000000000000000000000000000000008A
:10D6A000000000000000000000000000000000007A
:10D6B000000000000000000000000000000000006A
:10D6C000000000000000000000000000000000005A
:10D6D0000000000000001400030C00000000000027
:10D6E00000000000000000000000800000000000BA
:10D6F000000000000000000000000000000000002A
:10D700000000000000000000000000000000000019
:10D710000000000000000000000000000000000009
:10D720000000000000000000000000000080103039
:10D73000C000000000000000000000000000000029
:10D7400000000000000000000000000000000000D9
:10D7500000000000000000000000000000000000C9
:10D7600000000000000000000000000000000000B9
:10D77000010F000000000000000000000000000099
:10D780000000000000030C0000000000000000008A
:10D790000000000000000000000000000000000089
:10D7A0000000000000000000000000000000000079
:10D7B0000000000000000000000000000000000069
:10D7C0000000000000500000F340000000000000D6
:10D7D00000000000000000000000001030C0000049
:10D7E0000000000000000000000000000000000039
:10D7F0000000000000000000000000000000000029
:10D800000000000000000000000000000000000018
:10D810000000000000000000000000000000000008
:10D8200000000000000000000000000000000000F8
:10D830000000030C000000000000000000000000D9
:10D8400000000000000000000000000000000000D8
:10D8500000000000000000000000000000000000C8
:10D8600000000000000000000000000000000000B8
:10D8700000000000000000000000000000000000A8
:10D8800000000000000000001030C0000000000098
:10D890000000000000000000000000000000000088
:10D8A0000000000000000000000000000000000078
:10D8B0000000000000000000000000000000000068
:10D8C0000000000000000000000000000000000058
:10D8D0000000000000000000000000000000000345
:10D8E0000C0000000000000000000000000000002C
:10D8F0000000000000000000000000000000000028
:10D900000000000000000000000000000000000017
:10D910000000000000000000000000000000000007
:10D9200000000000000000000000000000000000F7
:10D9300000000000001030C00000000000000000E7
:10D9400000000000000000000000000000000000D7
:10D9500000000000000000000000000000000000C7
:10D9600000A000000000000000800000000000088F
:10D970000000000000000000000000000040000067
:10D98000000000000000000000000000030C000088
:10D990000000000000000000000000000000000087
:10D9A0000000000000000000000000000000000077
:10D9B0000000000000000004000000000000000063
:10D9C0000000000000000000000000000000000057
:10D9D0000000000000000000000000000000000047
:10D9E000000000007200B0110301010000000000FF
:10D9F0000000000000000000000000000000000027
:10DA00000000000000000000000000000000000016
:10DA1000000000000000780080000000000002000C
:10DA200000000007000000000000000020000000CF
:10DA300000000000000000000000000000000000E6
:10DA400008000000000000000000000000000000CE
:10DA500000000000000000000000000000000000C6
:10DA600000000000000000000000000004000000B2
:10DA700000000000000000000000000000000000A6
:10DA800000B00000000000000000000000000000E6
:10DA90000000000000000000000000000000000086
:10DAA0000000000000000000000000000000000076
:10DAB0000000000000000000000000000000000066
:10DAC00000000000008000000000000200000000D4
:10DAD0000000000000000000002000000000000026
:10DAE000000000000000000000000000000800002E
:10DAF0000000000000000000000000000000000026
:10DB00000000000000000000000000008000000095
:10DB100000000000000000080000000000002000DD
:10DB200000000000000000000000000200000000F3
:10DB300000000000000000000000000000000000E5
:10DB40008000000000000000000000000000000055
:10DB500000000000000000000000000000000000C5
:10DB600000000000000000000000000000002C0089
:10DB700004004000009000100100000000000000C0
:10DB800000000C0000001000000000000000000079
:10DB9000000000000000024000000400000000003F
:10DBA0000000000000000000000000000000000075
:10DBB0000000000000000000000000000000000065
:10DBC0000000000003C003800000000E020B0000F4
:10DBD000000000000000000000E000000000000065
:10DBE000000000000000000000000000003C0000F9
:10DBF0000000000000000000000000000000000025
:10DC00000000000000000000000000000000000014
:10DC100000000000000000000000000020000040A4
:10DC20000000008000000000000000000000000074
:10DC30000A000000000000000000000000000000DA
:10DC4000000000000203800400000000000000004B
:10DC500000000000000000000000000000000000C4
:10DC600000000000000000000000000000000000B4
:10DC7000000000070000000000009A000000000003
:10DC80000000000000000000000000000000000094
:10DC90000000000000000000000000000400000080
:10DCA0000000000000000000000000000000000074
:10DCB0000000000000000000000000000000000064
:10DCC0000000000000000000803070000000020032
:10DCD000C0A000000008020000000000200C0000AE
:10DCE0000000000000000000000000000000000034
:10DCF00008030740000000000000000000000000D2
:10DD00000000000000000000000000010000000012
:10DD10000000000000000000000000000000000003
:10DD200004000000000000100000000000000000DF
:10DD300000000000000000000006000000000000DD
:10DD40000000000000000000006C00000000000067
:10DD500000000000000000000000000000000000C3
:10DD600000000000000000000000000000000000B3
:10DD700000000000006C000000000000B000B000D7
:10DD80000000038000000000000A001B00000000EB
:10DD9000000000000000000000000000000400007F
:10DDA0000000000000000000000000000000000073
:10DDB0000000000000000000000000000000000063
:10DDC00000000000000000000000000D000000083E
:10DDD0000000060001002000003400380080000030
:10DDE0009000D002000000000000000000000000D1
:10DDF00000000000800000000000000000000000A3
:10DE00000000000000000000000000000000000012
:10DE100000000000000000000000000000600000A2
:10DE2000000000007800000000000000000000007A
:10DE300000000000000000000000200000000000C2
:10DE400000000000000000000000000000000000D2
:10DE500000000000000000000000000000000000C2
:10DE600000000000000000000000000000000000B2
:10DE7000000000000000000000000000080000009A
:10DE800000000020000000000000800000000000F2
:10DE90000200000000000000000000000000000080
:10DEA00000000000008000000000000000000000F2
:10DEB0000000000000000000000000000000000062
:10DEC0000000000000000000000000000000000052
:10DED000200000800000008000020000000200001E
:10DEE00008000000080C0000000000000000000016
:10DEF000000000000000000003000000000000001F
:10DF00000000000000000000000000000000000011
:10DF10000000000000000000000000000000000001
:10DF200000000000000000000004000000000000ED
:10DF30001000000000000040000000001001000080
:10DF400000000000000000000000000000000000D1
:10DF50000000000030C000000000000000000000D1
:10DF600000000000000000000000000000000000B1
:10DF70000000000000000000000000000000001889
:10DF80000000000000000000000000000000000091
:10DF90000000000000000000000000000000000081
:10DFA00000000000000000000001030C0000000061
:10DFB0000000000000000000000000000000000061
:10DFC0000000000000000000000000000000000051
:10DFD0000000000000000000000000000000000041
:10DFE0000000000000000000000000000000000031
:10DFF0000000000000000000000000000000000021
:10E000000030C00000000000000000000000000020
:10E010000000000000000000000000000000000000
:10E0200000000000000000000000000000000000F0
:10E0300000000000000000000000000000000000E0
:10E0400000000000000000000000000000000000D0
:10E0500000000000000001030C00000000000000B0
:10E0600000000000000000000000000000000000B0
:10E0700000000000000000000000000000000000A0
:10E080000000000000000000000000000000000090
:10E090000000000000000000000000000000000080
:10E0A000000000000000000000000000000030C080
:10E0B0000000000000000000000000000000000060
:10E0C0000000000000000000000000000000000050
:10E0D0000000000000000000000000000000000040
:10E0E0000000000000000000000000000000000030
:10E0F0000000000000000000000000000000000020
:10E1000000000001030C00000000000000000000FF
:10E1100000000000000000000000000000000000FF
:10E1200000000000000000000000000000000000EF
:10E1300000000000000000000000000000000000DF
:10E1400000000000000000000000000000000000CF
:10E15000000000000000000000000030C0000000CF
:10E1600000000000000000000000000000000000AF
:10E17000000000000000000000000000000000009F
:10E18000000000000000000000000000000000008F
:10E19000000000000000000000000000000000007F
:10E1A000000000000000000000000000000000006F
:10E1B00001030C000000000000000000000000004F
:10E1C000000000000000000000000000000000004F
:10E1D000000000000000000000000000000000003F
:10E1E000000000000000000000000000000000002F
:10E1F000000000000000000000000000000000001F
:10E20000000000000000000030C00000000000001E
:10E2100000000000000000000000000000000000FE
:10E2200000000000000000000000000000000000EE
:10E2300000000000000000000000000000000000DE
:10E2400000000000000000000000000000000000CE
:10E250000000000000000000000000000001030CAE
:10E2600000000000000000000000000000000000AE
:10E27000000000000000000000000000000000009E
:10E28000000000000000000000000000000000008E
:10E29000000000000000000000000000000000007E
:10E2A000000000000000000000000000000000006E
:10E2B000000000000030C00000000000000000006E
:10E2C000000000000000000000000000000000004E
:10E2D000000000000000000000000000000000003E
:10E2E000000000000000000000000000000000002E
:10E2F000000000000000000000000000000000001E
:10E300000000000000000000000001030C000000FD
:10E3100000000000000000000000000000000000FD
:10E3200000000000000000000000000000000000ED
:10E3300000000000000000000000000000000000DD
:10E3400000000000000000000000000000000000CD
:10E3500000000000000000000000000000000000BD
:10E36000000030C0000000000000000000000000BD
:10E37000000000000000000000000000000000009D
:10E38000000000000000000000000000000000008D
:10E39000000000000000000000000000000000007D
:10E3A000000000000000000000000000000000006D
:10E3B0000000000000000001030C0000000000004D
:10E3C000000000000000000000000000000000004D
:10E3D000000000000000000000000000000000003D
:10E3E000000000000000000000000000000000002D
:10E3F000000000000000000000000000000000001D
:10E4000000000000000000000000000000000030DC
:10E41000C00000000000000000000000000000003C
:10E4200000000000000000000000000000000000EC
:10E4300000000000000000000000000000000000DC
:10E4400000000000000000000000000000000000CC
:10E4500000000000000000000000000000000000BC
:10E460000000000001030C0000000000000000009C
:10E47000000000000000000000000000000000009C
:10E48000000000000000000000000000000000008C
:10E49000000000000000000000000000000000007C
:10E4A000000000000000000000000000000000006C
:10E4B00000000000000000000000000030C000006C
:10E4C000000000000000000000000000000000004C
:10E4D000000000000000000000000000000000003C
:10E4E00000000000000000480000000000000000E4
:10E4F000000000000000000000000000000000001C
:10E50000000000000000000000000000000000000B
:10E510000001030C000000000000000000000000EB
:10E5200000000000000000000000000000000000EB
:10E5300000000000000000000000000000020000D9
:10E5400000000000000000000000000000000000CB
:10E55000000000800000000000000000000000003B
:10E5600000000000000000000030C00000000000BB
:10E57000000000000000000000000000000000009B
:10E58000000000000000000000000000000000008B
:10E59000000000000000000000000000000000007B
:10E5A000000000000000000000000000000000006B
:10E5B0000000000000000000000000000000010357
:10E5C0000C0000000000000000000000000000003F
:10E5D000000000000000000000000000000000003B
:10E5E000000000000000000000000000000000002B
:10E5F000000000000000000000000000000000001B
:10E60000000000000000000000000000000000000A
:10E6100000000000000030C000000000000000000A
:10E6200000000000000000000000000000000000EA
:10E6300000000000000000000000000000000000DA
:10E6400000000000000000000000000000000000CA
:10E6500000000000000000000000000000000000BA
:10E66000000000000000000000000001030C00009A
:10E67000000000000000000000000000000000009A
:10E68000000000000000000000000000000000008A
:10E69000000000000000000000000000000000007A
:10E6A000000000000000000000000000000000006A
:10E6B000000000000000000000000000000000005A
:10E6C00000000030C000000000000000000000005A
:10E6D000000000000000000000000000000000003A
:10E6E000000000000000000000000000000000002A
:10E6F000000000000000000000000000000000001A
:10E700000000000000000000000000000000000009
:10E71000000000000000000001030C0000000000E9
:10E7200000000000000000000000000000000000E9
:10E7300000000000000000000000000000000000D9
:10E7400000000000000000000000000000000000C9
:10E7500000000000000000000000000000000000B9
:10E7600000000000000000000000000000000000A9
:10E7700030C00000000000000000000000000000A9
:10E780000000000000000000000000000000000089
:10E790000000000000000000000000000000000079
:10E7A0000000000000000000000000000000000069
:10E7B0000000000000000000000000000000000059
:10E7C000000000000001030C000000000000000039
:10E7D0000000000000000000000000000000000039
:10E7E0000000000000000000000000000000000029
:10E7F0000000000000000000000000000000000019
:10E800000000000000000000000000000000000008
:10E810000000000000000000000000000030C00008
:10E8200000000000000000000000000000000000E8
:10E8300000000000000000000000000000000000D8
:10E8400000000000000000000000000000000000C8
:10E8500000000000000000000000000000000000B8
:10E8600000000000000000000000000000000000A8
:10E87000000001030C000000000000000000000088
:10E880000000000000000000000000000000000088
:10E890000000000000000000000000000000000078
:10E8A0000000000000000000000000000000000068
:10E8B0000000000000000000000000000000000058
:10E8C0000000000000000000000030C00000000058
:10E8D0000000000000000000000000000000000038
:10E8E0000000000000000000000000000000000028
:10E8F0000000000000000000000000000000000018
:10E900000000000000000000000000000000000007
:10E9100000000000000000000000000000000001F6
:10E92000030C0000000000000000000000000000D8
:10E9300000000000000000000000000000000000D7
:10E9400000000000000000000000000000000000C7
:10E9500000000000000000000000000000000000B7
:10E9600000000000000000000000000000000000A7
:10E970000000000000000030C000000000000000A7
:10E980000000000000000000000000000000000087
:10E990000000000000000000000000000000000077
:10E9A0000000000000000000000000000000000067
:10E9B0000000000000000000000000000000000057
:10E9C00000000000000000000000000001030C0037
:10E9D0000000000000000000000000000000000037
:10E9E0000000000000000000000000000000000027
:10E9F0000000000000000000000000000000000017
:10EA00000000000000000000000000000000000006
:10EA100000000000000000000000000000000000F6
:10EA20000000000030C000000000000000000000F6
:10EA300000000000000000000000000000000000D6
:10EA400000000000000000000000000000000000C6
:10EA500000000000000000000000000000000000B6
:10EA600000000000000000000000000000000000A6
:10EA700000000000000000000001030C0000000086
:10EA80000000000000000000000000000000000086
:10EA90000000000000000000000000000000000076
:10EAA0000000000000000000000000000000000066
:10EAB0000000000000000000000000000000000056
:10EAC0000000000000000000000000000000000046
:10EAD0000030C00000000000000000000000000046
:10EAE0000000000000000000000000000000000026
:10EAF0000000000000000000000000000000000016
:10EB00000000000000000000000000000000000005
:10EB100000000000000000000000000000000000F5
:10EB200000000000000001030C00000000000000D5
:10EB300000000000000000000000000000000000D5
:10EB400000000000000000000000000000000000C5
:10EB500000000000000000000000000000000000B5
:10EB600000000000000000000000000000000000A5
:10EB7000000000000000000000000000000030C0A5
:10EB80000000000000000000000000000000000085
:10EB90000000000000000000000000000000000075
:10EBA0000000000000000000000000000000000065
:10EBB0000000000000000000000000000000000055
:10EBC0000000000000000000000000000000000045
:10EBD00000000001030C0000000000000000000025
:10EBE0000000000000000000000000000000000025
:10EBF0000000000000000000000000000000000015
:10EC000000000000000000000000000000A0000064
:10EC100000000000000000000000000000000000F4
:10EC2000000000000000000000000030C0000000F4
:10EC300000000000000000000000000000000000D4
:10EC400000000000000000000000000000000000C4
:10EC500000000000000000000000000000000000B4
:10EC600000000000000000000000000000000000A4
:10EC70000000000000000000000000000000000094
:10EC800001030C0000000000000000000000000074
:10EC90000000000000000000000000000000000074
:10ECA0000000000000000000000000000000000064
:10ECB0000000000000000000000000000000000054
:10ECC0000000000000000000000000000000000044
:10ECD000000000000000000030C000000000000044
:10ECE0000000000000000000000000000000000024
:10ECF0000000000000000000000000000000000014
:10ED00000000000000000000000000000000000003
:10ED100000000000000000000000000000000000F3
:10ED20000000000000000000000000000001030CD3
:10ED300000000000000000000000000000000000D3
:10ED400000000000000000000000000000000000C3
:10ED500000000000000000000000000000000000B3
:10ED600000000000000000000000000000000000A3
:10ED70000000000000000000000000000000000093
:10ED8000000000000030C000000000000000000093
:10ED90000000000000000000000000000000000073
:10EDA0000000000000000000000000000000000063
:10EDB0000000000000000000000000000000000053
:10EDC0000000000000000000000000000000000043
:10EDD0000000000000000000000001030C00000023
:10EDE0000000000000000000000000000000000023
:10EDF0000000000000000000000000000000000013
:10EE000000000000000000000000000000280000DA
:10EE100000000000000000000000000000000000F2
:10EE200000000000000000000000000000000000E2
:10EE3000000030C0000000000000000000000000E2
:10EE400000000000000000000000000000000000C2
:10EE50000000000000000000000000000040000072
:10EE600000000000000000000000000000000000A2
:10EE70000000000000000000008000000000000012
:10EE80000000000000040001030C00000A00000064
:10EE90000000000000000000000000000000000072
:10EEA0000000000000000000000000000000000062
:10EEB0000000000200000000000000000000000050
:10EEC0000000000000000000000000000000001032
:10EED00000000000000000000000000020000030E2
:10EEE000C000000000000000000000000000000062
:10EEF0000000000000000000000000000000000012
:10EF00000000000000000000000000000000000001
:10EF100000000000000000000000000000000200EF
:10EF200000000000000000000000000000000000E1
:10EF30000000000001030C000000000000000000C1
:10EF400000000000000000000000000000000000C1
:10EF500000000000000000000000000000000000B1
:10EF600000000000000000000000000000000000A1
:10EF70000000000000000000000000000000000091
:10EF800000000000000000000000000030C0000091
:10EF90000200000000000008000000000000200047
:10EFA00000000000008000000000000200000000DF
:10EFB000000008000000000200000000000008003F
:10EFC00000000000002000000000000080000000A1
:10EFD0000000020000000000000800000000000027
:10EFE0002001030C00000020000000000000800051
:10EFF0000000000002000000000000080000000007
:10F000000000200000000000008000000000200040
:10F01000000000000080000000000002000000006E
:10F0200000000800000000000020000000000000B8
:10F0300080000000000002000030C000000200005C
:10F040000000000008000000000000200000000098
:10F050000000800000000000020000000000000826
:10F060000000000002000000000000080000000096
:10F0700000002000000000000080000000000002EE
:10F080000000000000000800000000000020010354
:10F090000C000000200000000000008000000000C4
:10F0A0000002000000000000080000000000002036
:10F0B00000000000000080000000002000000000B0
:10F0C00000008000000000000200000000000008B6
:10F0D0000000000000002000000000000080000090
:10F0E00000000002000030C000000200000000002C
:10F0F0000008000000000000200000000000008068
:10F100000000000000020000000000007800000085
:10F11000000200000000000008000000000001A044
:10F12000000000000000800000000000020000005D
:10F13000000000080000000000002001030C000097
:10F14000002000000000000080000000000002001D
:10F150000000000000080000000000002000000087
:10F16000000000800000000020000000000000807F
:10F170000000000000020000000000000800000085
:10F1800000000020000000000000800000000000DF
:10F1900002000030C0000002000000000000080073
:10F1A00000000000002000000000000080000000BF
:10F1B0000000020000000000000800000000020043
:10F1C0000000000000080000000000002000000017
:10F1D00000000080000000000002000000000000AD
:10F1E000080000000000002001030C0000002000C7
:10F1F000000000000080000000000002000000008D
:10F2000000000800000000000020000000000000D6
:10F2100080000000002000000000000080000000CE
:10F2200000000200000000000008000000000000D4
:10F23000200000000000008000000000000200002C
:10F2400030C00000000000000000000000000000CE
:10F2500000000000000000000000000000000000AE
:10F26000000000000000000000000000000000009E
:10F27000000000000000000000000000000000008E
:10F28000000000000000000000000000000000007E
:10F29000000000000001030C00000000000000005E
:10F2A000000000000000000000000000000000005E
:10F2B000000000000000000000000000000000004E
:10F2C000000000000000000000000000000000003E
:10F2D000000000000000000000000000000000002E
:10F2E0000000000000000000000000000030C0002E
:10F2F000000000000000000000000000000000000E
:10F3000000000000000000000000000000000000FD
:10F3100000000000000000000000000000000000ED
:10F3200000000000000000000000000000000000DD
:10F3300000000000000000000000000000000000CD
:10F34000000001030C0000000000000000000000AD
:10F3500000000000000000000000000000000000AD
:10F36000000000000000000000000000000000009D
:10F37000000000000000000000000000000000008D
:10F38000000000000000000000000000000000007D
:10F390000000000000000000000030C0000000007D
:10F3A000000000000000000000000000000000005D
:10F3B000000000000000000000000000000000004D
:10F3C00000000000000C0000000000000000000031
:10F3D000000000000000000000002000000000000D
:10F3E000000000000000000000000000000000011C
:10F3F000030C0000000000000000000400000000FA
:10F4000000001000000000000000000000000000EC
:10F4100000000000000000000000000000000000EC
:10F4200000000000000000000000000000000000DC
:10F4300004000000000000000000000000000000C8
:10F440000000000000000030C000001400000000B8
:10F4500000000000000000000000000000000000AC
:10F46000000000000000000000000000000000009C
:10F47000000000000000000000000000000000008C
:10F48000000000000000000000000000000000007C
:10F4900000000000000000000000000001030C005C
:10F4A000000000000000000000000000000000005C
:10F4B000000000000000000000000000000000004C
:10F4C000000000000000000000000000000000003C
:10F4D000000000000000000000000000000000002C
:10F4E000000000000000000000000000000000001C
:10F4F0000000000030C00000020000000000000812
:10F50000000000000000200000000000008000005B
:10F5100000000002000000000000080000000002DF
:10F5200000000000000008000000000000200000B3
:10F530000000000080000000000002000000000049
:10F5400000080000000000002001030C0000002063
:10F550000000000000008000000000000200000029
:10F560000000000800000000000020000000000073
:10F57000008000000000200000000000008000006B
:10F580000000000200000000000008000000000071
:10F5900000200000000000008000000000000200C9
:10F5A0000030C00000020000000000000800000061
:10F5B00000000020000000000000800000000000AB
:10F5C000020000000000000800000000020000002F
:10F5D0000000000800000000000020000000000003
:10F5E0000080000000000002000000000000080091
:10F5F00000000000002001030C00000020000000BB
:10F600000000008000000000000200000000000078
:10F610000800000000000020000000000000800042
:10F62000000000200000000000008000000000003A
:10F6300002000000000000080000000000002000A0
:10F64000000000000080000000000002000030C048
:10F6500000000200000000000008000000000000A0
:10F6600020000000000000800000000000020000F8
:10F670000000000008000000000200000000000080
:10F6800008000000000000200000000000008000D2
:10F690000000000002000000000000080000000060
:10F6A00000002001030C000000200000000000000A
:10F6B00080000000000002000000000000080000C0
:10F6C000000000002000000000000080000000009A
:10F6D0002000000000000080000000000002000088
:10F6E00000000000080000000000002000000000F2
:10F6F000000080000000000002000030C000000296
:10F7000000000000000008000000000000200000D1
:10F710000000000080000000000002000000000067
:10F7200000080000000002000000000000080000C7
:10F730000000000020000000000000800000000029
:10F74000000200000000000008000000000000208F
:10F7500001030C00000020000000000000800000F9
:10F76000000000020000000000000800000000008F
:10F7700000200000000000008000000000200000C9
:10F7800000000000800000000000020000000000F7
:10F7900000080000000000002000000000000080C1
:10F7A000000000000002000030C000000000000067
:10F7B0000000000000000000000000000000000049
:10F7C0000000000000000000000000000000000039
:10F7D0000000000000000000000000000000000029
:10F7E0000000000000000000000000000000000019
:10F7F0000000000000000000000000000001030CF9
:10F8000000000000000000000000000000000000F8
:10F8100000000000000000000000000000000000E8
:10F8200000000000000000000000000000000000D8
:10F8300000000000000000000000000000000000C8
:10F8400000000000000000000000000000000000B8
:10F85000000000000030C0000000000000000000B8
:10F860000000000000000000000000000000000098
:10F870000000000000000000000000000000000088
:10F880000000000000000000000000000000000078
:10F890000000000000000000000000000000000068
:10F8A0000000000000000000000001030C00000048
:10F8B0000000000000000000000000000000000048
:10F8C0000000000000000000000000000000000038
:10F8D0000000000000000000000000000000000028
:10F8E0000000000000000000000000000000000018
:10F8F0000000000000000000000000000000000008
:10F90000000030C000000000000000000000000007
:10F9100000000000000000000000000000000000E7
:10F9200000000000000000000000000000000000D7
:10F9300000000000000000000000000000000000C7
:10F9400000000000000000000000000000000000B7
:10F950000000000000000001030C00000000000097
:10F960000000000000000000000000000000000097
:10F970000000000000000000000000000000000087
:10F980000000000A0000000000000000000000006D
:10F990000000000000000000000000000000000067
:10F9A0000000000000000000000000000000003027
:10F9B000C000000000000000000000000000000087
:10F9C0000000000000000000000000000000000037
:10F9D0000000000000000000000000000000000027
:10F9E0000000000000000000000000000000000017
:10F9F0000000000000000000000000000000000007
:10FA00000000000001030C000000000000000000E6
:10FA100000000000000000000000000000000000E6
:10FA200000000000000000000000000000000000D6
:10FA300000000000000000000000000000000000C6
:10FA400000000000000000000000000000000000B6
:10FA500000000000000000000000000030C00000B6
:10FA60000000000000000000000000000000000096
:10FA70000000000000000000000000000000000086
:10FA80000000000000000010000000000000000066
:10FA90000000000000000000000000000000000066
:10FAA0000000000000000000000000000000000056
:10FAB0000001030C00000000000000000000000036
:10FAC0000000000000000000000000000000000036
:10FAD0000000000000000000000000000000000026
:10FAE0000000000000000000000000000000000016
:10FAF0000000000000000000000000000000000006
:10FB000000000000000000000030C0000000000005
:10FB100000000000000000000000000000000000E5
:10FB200000000000000000000000000000000000D5
:10FB300000000000000000000000000000000000C5
:10FB400000000000000000000000000000000000B5
:10FB500000000000000000000000000000000103A1
:10FB60000C00000000000000000000000000000089
:10FB70000000000000000000000000000000000085
:10FB80000000000000000000000000000000000075
:10FB90000000000000000000000000000000000065
:10FBA0000000000000000000000000000000000055
:10FBB00000000000000030C0000000000000000055
:10FBC0000000000000000000000000000000000035
:10FBD0000000000000000000000000000000000025
:10FBE0000000000000000000000000000000000015
:10FBF0000000000000000000000000000000000005
:10FC0000000000000000000000000001030C0000E4
:10FC100000000000000000000000000000000000E4
:10FC200000000000000000000000000000000000D4
:10FC3000000000000000000A0000000000000000BA
:10FC400000000000000000000000000000000000B4
:10FC500000000000000000000000000000000000A4
:10FC600000000030C00000000000000000000000A4
:10FC70000000000000000000000000000000000084
:10FC80000000000000000000000000000000000074
:10FC90000000000000000000000000000000000064
:10FCA0000000000000000000000000000000000054
:10FCB000000000000000000001030C000000000034
:10FCC0000000000000000000000000000000000034
:10FCD0000000000000000000000000000000000024
:10FCE0000000000000000000000000000000000014
:10FCF0000000000000000000000000000000000004
:10FD000000000000000000000000000000000000F3
:10FD100030C00000000000000000000000000000F3
:10FD200000000000000000000000000000000000D3
:10FD300000000000000000000000000000000000C3
:10FD400000000000000000000000000000000000B3
:10FD500000000000000000000000000000000000A3
:10FD6000000000000001030C000000000000000083
:10FD70000000000000000000000000000000000083
:10FD80000000000000000000000000000000000073
:10FD90000000000000000000000000000000000063
:10FDA0000000000000000000000000000000000053
:10FDB0000000000000000000000000000030C00053
:10FDC0000000000000000000000000000000000033
:10FDD0000000000000000000000000000000000023
:10FDE0000000000000000000000000000000000013
:10FDF00000000000000000000000002000000000E3
:10FE000000000000000000000000000000000000F2
:10FE1000000001030C0000000000000000000000D2
:10FE200000000000000000000000000000000000D2
:10FE300000000000000000000000000000000000C2
:10FE400000000000000000000000000000000000B2
:10FE5000000E000000000000000000000000000094
:10FE60000000000000000000000030C000000000A2
:10FE70000000000000000000000000000000000082
:10FE80000000000000000000000000000000000072
:10FE90000000000000000000000000000000000062
:10FEA0000000000000000000000001000000000051
:10FEB0000000000000000000000000000000000141
:10FEC000030C000000000000000000000000000023
:10FED0000000000000000000000000000000000022
:10FEE0000000000000000000000000000000000012
:10FEF0000000000000000000000000000000000002
:10FF000000400000000000000000000000000000B1
:10FF10000000000000000030C000000000000000F1
:10FF200000000000000000000000000000000000D1
:10FF300000000000000000000000000000000000C1
:10FF400000000000000000000000000000000000B1
:10FF5000001001002C000000000000000000000064
:10FF600000000000000000000000000001030C0081
:10FF70000000000000000000000000000000000081
:10FF80000000000000000000000000000000000071
:10FF90000000000000000000000000000000000061
:10FFA00000000000000000008600000000000000CB
:10FFB0000000000000000000000000000000000041
:10FFC0000000000030C00000000000000000000041
:10FFD0000000000000000000000000000000000021
:10FFE0000000000000000000000000000000000011
:10FFF0000000000000000000000000000000000001
:020000041004E6
:1000000000000000000000000000000000000000F0
:1000100000000000000000000001030C00000000D0
:1000200000000000000000000000000000000000D0
:1000300000000000000000000000000000000000C0
:1000400000000000000800000000000000000000A8
:1000500000000000000000000000000000000000A0
:100060000004000000000000000000000000A000EC
:100070000030C00000000000000000000000000090
:100080000000000000000000000000000000000070
:100090000000000000000000000000000000000060
:1000A0000000000000000000000000000000000050
:1000B0000000000000000000000000000000000040
:1000C00000000000000001030C0000000000000020
:1000D0000000000000000000000000000000000020
:1000E0000000000000000000000000000000000010
:1000F0000000000000000000000000000000000000
:1001000000000000000000000000000000000000EF
:10011000000000000000000000000000000030C0EF
:10012000000000800000000000000000000000004F
:1001300000000000000000000000000000000000BF
:1001400000000000000000000000000000000000AF
:10015000000000000000000000000000000000009F
:10016000000000000000000000000000000000008F
:1001700000000001030C000000100000000000005F
:10018000000000000000000000000000000000006F
:10019000000000000000000000000000000000005F
:1001A000000000000000000000000000000000004F
:1001B000000000000000000000000000000000003F
:1001C000000000000000000000000030C00000003F
:1001D000000000000000000000000000000000001F
:1001E000000000000000000000000000000000000F
:1001F00000000000000000000000000001000000FE
:1002000000000000000000000000000000000000EE
:1002100000000000000000000000000000000000DE
:1002200001030C00000000000000000000000000BE
:1002300000000000000000000000000000000000BE
:1002400000000000000000000000000000000000AE
:100250000000000800000000000000000000000096
:10026000000000000000000000000000000000008E
:10027000000000000000000030C00000000000008E
:10028000000000000000000000000000000000006E
:10029000000000000000000000000000000000005E
:1002A000000000000000000000000000000000004E
:1002B000000000000000000000000000000000003E
:1002C0000000000000000000000000000001030C1E
:1002D000000000000000000000000000000000001E
:1002E000000000000000000000000000000000000E
:1002F00000000000000000000000000000000000FE
:1003000000000000000000000000000000000000ED
:1003100000000000000000000000000000000000DD
:10032000000000000030C0000000000000000000DD
:1003300000000000000000000000000000000000BD
:1003400000000000000000000000000000000000AD
:10035000000000000000000000000000000000009D
:100360000000000005000000000000000000000088
:100370000000000000000000000001030C0000006D
:10038000000000000000000000000000000000006D
:10039000000000000000000000000000000000005D
:1003A000000000000000000000000000000000004D
:1003B000000000000000000000000000000000003D
:1003C000000000000000000000000000000000002D
:1003D000000030C00000000000000000000000002D
:1003E000000000000000000000000000000000000D
:1003F00000000000000000000000000000000000FD
:1004000000000000000000000000000000000000EC
:1004100000000000000000000000000000000000DC
:100420000000000000000001030C000000000000BC
:1004300000000000000000000000000000000000BC
:1004400000000000000000000000000000000000AC
:10045000000000000000000000000000000000009C
:10046000000040000000000000000000000000004C
:10047000000000000000000000000000000000304C
:10048000C0000000000000000000000000000000AC
:10049000000000000000000000000000000000005C
:1004A000000000000000000000000000000000004C
:1004B000000000000000000000000000000000003C
:1004C000000000000000000000000000000000002C
:1004D0000000000001030C0000000000000000000C
:1004E000000000000000000000000000000000000C
:1004F00000000000000000000000000000000000FC
:1005000000000000000000000000000000000000EB
:1005100000000000000000000000000000000000DB
:1005200000000000000000000000000030C00000DB
:1005300000000000000000000000000000000000BB
:1005400000000000000000000000000000000000AB
:10055000000000000000000000000000000000009B
:10056000000000000000000000000000000000008B
:10057000000000000000000000000000000000007B
:100580000001030C0000000000000000000000005B
:10059000000000000000000000000000000000005B
:1005A000000000000000000000000000000000004B
:1005B000000000000000000000000020000000001B
:1005C0000000050000000000000000000000000026
:1005D00000000000000000000030C000000000002B
:1005E000000000000000000000000000000000000B
:1005F00000000000000000000000000000000000FB
:1006000000000000000000000000000000000000EA
:1006100000000000000000000000000000000000DA
:1006200000000000000000000000000000000103C6
:100630000C000000000000000000000000000000AE
:1006400000000000000000000000000000000000AA
:10065000000000000000000000000000000000009A
:10066000000000000000000000000000000000008A
:10067000000000000000000000000000000000007A
:1006800000000000000030C000000000000000007A
:10069000000000000000000000000000000000005A
:1006A000000000000000000000000000000000004A
:1006B000000000000000000000000000000000003A
:1006C000000000000000000000000000000000002A
:1006D000000000000000000000000001030C00000A
:1006E0000000000000000028000000000000A00042
:1006F00000000000000000000000000000000000FA
:1007000000000000000000000000000000000000E9
:1007100000000000000000000000000000000000D9
:1007200000000000000000000000000000000000C9
:1007300000000030C00000000000000000000000C9
:1007400000000000000000000000000000000000A9
:100750000000000000000000000000000000000099
:100760000000000000000000000000000000000089
:100770000000000000000000000000000000000079
:10078000000000000000001401030C000000000045
:100790000000000000000000000000000000000059
:1007A0000000000000000000000000000000000049
:1007B0000000000000000000000000000000000039
:1007C0000000000000000000000000000000000029
:1007D0000000000000000000000000000000800099
:1007E00030C0000000000000000000000000000019
:1007F00000000000000000000000000000000000F9
:1008000000000000000000000000000000000000E8
:1008100000000000000000000000000000000000D8
:1008200000000000000000000000000000000000C8
:10083000000000000001030C0000000000000000A8
:1008400000000000000000000000000000000000A8
:100850000000000000000000000000000000000098
:100860000000000000000000000000000000000088
:100870000000000000000000000000000000000078
:100880000000000000000000000000000030C00078
:100890000014000000000000000000000000000044
:1008A0000000000000000000000000000000000048
:1008B0000000000000000000000000000000000038
:1008C0000000000000000000000000000000000028
:1008D0000000000000000000000000000000000018
:1008E000000001030C0000000000000000000000F8
:1008F00000000000000000000000000000000000F8
:1009000000000000000000000000000000000000E7
:1009100000000000000000000000000000000000D7
:1009200000000000000000000000000000000000C7
:100930000000000000000000000030C000000000C7
:1009400000000000000000000000000000000000A7
:100950000000000000000000000000000000000097
:100960000000000000000000000000000000000087
:100970000000000000000000000000000000000077
:100980000000000000000000000000000000000166
:10099000030C000000000000000000000000000048
:1009A0000000000000000000000000000000000047
:1009B0000000000000000000000000000000000037
:1009C0000000000000000000000000000000000027
:1009D0000000000000000000000000000000000017
:1009E0000000000000000030C00000000000000017
:1009F00000000000000000000000000000000000F7
:100A000000000000000000000000000000000000E6
:100A10000000000000000000000080000000000056
:100A200000000000000000000000000000000000C6
:100A300000000000000000000000000001030C00A6
:100A400000000000000000000000000000000000A6
:100A50000000000000000000000000000000000096
:100A60000000000000000000000000000000000086
:100A700000000000000000000000000000008000F6
:100A80000000000000000000000000000000000066
:100A90000000000030C00000000000000000000066
:100AA0000000000000000000000000000000000046
:100AB0000000000000000000000000000000000036
:100AC0000000000000000000000000000000000026
:100AD0000000000000000000000000000000000016
:100AE00000000000000000000001030C00000000F6
:100AF00000000000000000000000000000000000F6
:100B000000000000000000000000000000000000E5
:100B100000000000000000000000000000000000D5
:100B200000000000000000000000000000000000C5
:100B30000000000000000000000000000000002095
:100B40000030C000000000000000000000000000B5
:100B50000000000000000000000000000000000095
:100B60000000000000000000000000000000000085
:100B70000000000000000000000000000000000075
:100B80000000000000000000000000000000000065
:100B900000000000000001030C0000000000000045
:100BA0000000000000000000000000000000000045
:100BB0000000000000000000000000000000000035
:100BC0000000000000000000000000000000000025
:100BD0000000000000000000000000000000000015
:100BE000000000000000000000000000000030C015
:100BF00000000000000000000000000000000000F5
:100C000000000000000000000000000000000000E4
:100C10000000000000000000000080000000000054
:100C200000000000000000000000000000000000C4
:100C300000000000000000000000000000000000B4
:100C400000000001030C0000000000000000000094
:100C50000000000000000000000000000000000094
:100C60000000000000000000000000000000000084
:100C70001000000000000000000000000000000064
:100C80000000000000000000000000000000000064
:100C9000000000000000000000000030C000000064
:100CA0000000000000000000000000000000000044
:100CB0000000000000000000000000000000000034
:100CC0000000000000000000000000000000000024
:100CD0000000000000000000000000000000000014
:100CE0000000000000000000000000000000000004
:100CF00001030C00000000000000000000000000E4
:100D000000000000000000000000000000000000E3
:100D100000000000000000000000000000000000D3
:100D200000000000000000000000000000000000C3
:100D300000000000000000000000000000000000B3
:100D4000000000000000000030C0000000000000B3
:100D50000000000000000000000000000000000093
:100D60000000000000000000000000000000000083
:100D70000000000000000000000000000000000073
:100D80000000000000000000000000000000000063
:100D90000000000000000000000000000001030C43
:100DA0000000000000000000000000000000000043
:100DB0000000000000000000000000000000000033
:100DC0000000000000000000000000000000000023
:100DD0000000000000000000000000000000000013
:100DE0000000000000000000000000000000000003
:100DF000000000000030C000000000000000000003
:100E000000000000000000000000000000000000E2
:100E100000000000000000000000000000000000D2
:100E200000000000000000000000000000000000C2
:100E300000000000000000000000000000000000B2
:100E40000000000000000000000001030C00000092
:100E50000000000000000000000000000000000092
:100E60000000000000000000000000000000000082
:100E70000000000000000000000000000000000072
:100E80000000000000000000000000000000000062
:100E90000000000000000000000000000000000052
:100EA000000030C000000000000000000000000052
:100EB0000000000000000000000000000000000032
:100EC0000000000000000000000000000000000022
:100ED0000000000000000000000000000000000012
:100EE0000000000000000000000000000000000002
:100EF0000000000000000001030C000000000000E2
:100F000000000000000000000000000000000000E1
:100F100000000000000000000000000000000000D1
:100F200000000000000000000000000000000000C1
:100F300000000000000000000000000000000000B1
:100F40000000000000000000000000000000003071
:100F5000C0000000000000000000000000000000D1
:100F60000000000000000000000000000000000081
:100F70000000000000000000000000000000000071
:100F80000000000000000000000000000000000061
:100F90000000000000000000000000000000000051
:100FA0000000000001030C00000000000000000829
:100FB0000000000000002000000000000000000011
:100FC0000000000000000000000000000000000021
:100FD0000000000000000000000000000000000011
:100FE0000000000000000000000000000000000001
:100FF00000000000000000002000000030C00000E1
:1010000000000000000000000000000000000000E0
:1010100000000000000000000000000000000000D0
:1010200000000000000000000000000000000000C0
:1010300000000000000000000000001000000000A0
:1010400000000000000000000000000000000000A0
:101050000001030C00000000000000000000000080
:101060000000000000000000000000000000000080
:101070000000000000000000000000000000000070
:101080000000000000000000000000000000000060
:1010900000028000000000000000000000000000CE
:1010A00000000000000000000030C0000000000050
:1010B0000000000000000000000000000000000030
:1010C0000000000000000000000000000000000020
:1010D0000000000000000000000000000000000010
:1010E0000000000000000000000000000000000000
:1010F00000000000000000000000000000000103EC
:101100000C000000000000000000000000000000D3
:1011100000000000000000000000000000000000CF
:1011200000000000000000000000000000000000BF
:1011300000000000000000000000000000000000AF
:10114000000000000000000000000000000000009F
:1011500000000000000030C000000000000000009F
:10116000000000000000000000000000000000007F
:10117000000000000000000000000000000000006F
:10118000000000000000000000000000000000005F
:10119000000000000000000000000000000000A5AA
:1011A000028000000000000000000001030C0000AD
:1011B000000000000000000000000000000000002F
:1011C000000000000000000000000000000000001F
:1011D000000000000000000000000000000000000F
:1011E00000000000000000000000000000000000FF
:1011F000000000000045A004000000000000000006
:1012000000000030C00000000000000000000000EE
:1012100000000000000000000000000000000000CE
:1012200000000000000000000000000000000000BE
:1012300000000000000000000000000000000000AE
:10124000000000000000000000000000000000009E
:10125000000000000000000001030C00000000007E
:10126000000000000000000000000000000000007E
:10127000000000000000000000000000000000006E
:10128000000000000000000000000000000000005E
:10129000000000000000000000000000000000004E
:1012A000000000000000000000000000000000003E
:1012B00030C000000000000000000000000000003E
:1012C000000000000000000000000000000000001E
:1012D000000000000002000000000000000000000C
:1012E00000000000000000000000000000000000FE
:1012F00000000000000000000000000038000000B6
:10130000000000000001030C0000000000000000CD
:1013100000000000000000000000000000000000CD
:1013200000000000000000000000000010000000AD
:1013300000000000000000000008000000000000A5
:10134000000000000000008000000000000000001D
:101350000000000000000000000000000030C0009D
:10136000000000000000000000000000000000007D
:10137000000000000000000000000000000000006D
:10138000000000000000000000000000000000005D
:10139000000000000000000000000000000000004D
:1013A000000000000000000000000000000000003D
:1013B000000001030C00000000000000000000001D
:1013C000000000000000000000000000000000001D
:1013D000000000000000000000000000000000000D
:1013E00000000000000000000000000000000000FD
:1013F00000000000000000000000000000000000ED
:101400000000000000000000000030C000000000EC
:1014100000000000000000000000000000000000CC
:1014200000000000000000000000000000000000BC
:10143000000000000000800000000000000000002C
:10144000000000000000000000000000000000009C
:10145000000000000000000000000000000000018B
:10146000030C00000000000000000010000000005D
:10147000000000000000000000000000000000006C
:10148000000000000000000000000000100000004C
:10149000000000000000000000000000000000004C
:1014A000000000000000000000000000000000003C
:1014B0000000000000000030C0000000000000003C
:1014C000000000000000000000000000000000001C
:1014D00000000000000000200000000000000000EC
:1014E00000000000000000000000000000000000FC
:1014F000800000000000000000000000000000006C
:1015000000000000000000000000000001030C00CB
:1015100000000000000000000000000000000000CB
:1015200000000000000000000000000000000000BB
:1015300000000000000000000002000000000000A9
:10154000000000000000000000000000000000009B
:10155000000000000000000000000000000000008B
:101560000000200000720080110082000062009FD5
:101570000103000000000000000000000000000067
:10158000000000000000000000000000000000005B
:10159000000000000000000000000000000000004B
:1015A000000000000000000000000000000000003B
:1015B000000000000000000000000000000000002B
:1015C000000000000000000000000000000000001B
:1015D000000000000000000000000000000000000B
:1015E00000000000000000000000000000000000FB
:1015F00000000000000000000000000000000000EB
:1016000000000000000000000000000000000000DA
:1016100000000000000000000000000000000000CA
:1016200000000000000000000000000000000000BA
:1016300000000000000000000000000000000000AA
:10164000000000000000000000000000000000009A
:10165000000000000000000000000000000000008A
:10166000000000000000000000000000000000007A
:10167000000000000000000000000000000000006A
:10168000000000000000000000000000000000005A
:10169000000000000000000000000000000000004A
:1016A000000000000000000000000000000000003A
:1016B000000000000000000000000000000000002A
:1016C000000000000000000000000000000000001A
:1016D000000000000000000000000000000000000A
:1016E00000000000000000000000000000000000FA
:1016F00000000000000000000000000000000000EA
:1017000000000000000000000000000000000000D9
:1017100000000000000000000000000000000000C9
:1017200000000000000000000000000000000000B9
:1017300000000000000000000000000000000000A9
:101740000000000000000000000000000000000099
:101750000000000000000000000000000000000089
:101760000000000000000000000000000000000079
:101770000000000000000000000000000000000069
:101780000000000000000000000000000000000059
:101790000000000000000000000000000000000049
:1017A0000000000000000000000000000000000039
:1017B0000000000000000000000000000000000029
:1017C0000000000000000000000000000000000019
:1017D0000000000000000000000000000000000009
:1017E00000000000000000000000000000000000F9
:1017F00000000000000000000000000000000000E9
:1018000000000000000000000000000000000000D8
:1018100000000000000000000000000000000000C8
:1018200000000000000000000000000000000000B8
:1018300000000000000000000000000000000000A8
:101840000000000000000000000000000000000098
:101850000000000000000000000000000000000088
:101860000000000000000000000000000000000078
:101870000000000000000000000000000000000068
:101880000000000000000000000000000000000058
:101890000000000000000000000000000000000048
:1018A0000000000000000000000000000000000038
:1018B0000000000000000000000000000000000028
:1018C0000000000000000000000000000000000018
:1018D0000000000000000000000000000000000008
:1018E00000000000000000000000000000000000F8
:1018F00000000000000000000000000000000000E8
:1019000000000000000000000000000000000000D7
:1019100000000000000000000000000000000000C7
:1019200000000000000000000000000000000000B7
:1019300000000000000000000000000000000000A7
:101940000000000000000000000000000000000097
:101950000000000000000000000000000000000087
:101960000000000000000000000000000000000077
:101970000000000000000000000000000000000067
:101980000000000000000000000000000000000057
:101990000000000000000000000000000000000047
:1019A0000000000000000000000000000000000037
:1019B0000000000000000000000000000000000027
:1019C0000000000000000000000000000000000017
:1019D0000000000000000000000000000000000007
:1019E00000000000000000000000000000000000F7
:1019F00000000000000000000000000000000000E7
:101A000000000000000000000000000000000000D6
:101A100000000000000000000000000000000000C6
:101A200000000000000000000000000000000000B6
:101A300000000000000000000000000000000000A6
:101A40000000000000000000000000000000000096
:101A50000000000000000000000000000000000086
:101A60000000000000000000000000000000000076
:101A70000000000000000000000000000000000066
:101A80000000000000000000000000000000000056
:101A90000000000000000000000000000000000046
:101AA0000000000000000000000000000000000036
:101AB0000000000000000000000000000000000026
:101AC0000000000000000000000000000000000016
:101AD0000000000000000000000000000000000006
:101AE00000000000000000000000000000000000F6
:101AF00000000000000000000000000000000000E6
:101B000000000000000000000000000000000000D5
:101B100000000000000000000000000000000000C5
:101B200000000000000000000000000000000000B5
:101B300000000000000000000000000000000000A5
:101B40000000000000000000000000000000000095
:101B50000000000000000000000000000000000085
:101B60000000000000000000000000000000000075
:101B70000000000000000000000000000000000065
:101B80000000000000000000000000000000000055
:101B90000000000000000000000000000000000045
:101BA0000000000000000000000000000000000035
:101BB0000000000000000000000000000000000025
:101BC0000000000000000000000000000000000015
:101BD0000000000000000000000000000000000005
:101BE00000000000000000000000000000000000F5
:101BF00000000000000000000000000000000000E5
:101C000000000000000000000000000000000000D4
:101C100000000000000000000000000000000000C4
:101C200000000000000000000000000000000000B4
:101C300000000000000000000000000000000000A4
:101C40000000000000000000000000000000000094
:101C50000000000000000000000000000000000084
:101C60000000000000000000000000000000000074
:101C70000000000000000000000000000000000064
:101C80000000000000000000000000000000000054
:101C90000000000000000000000000000000000044
:101CA0000000000000000000000000000000000034
:101CB0000000000000000000000000000000000024
:101CC0000000000000000000000000000000000014
:101CD0000000000000000000000000000000000004
:101CE00000000000000000000000000000000000F4
:101CF00000000000000000000000000000000000E4
:101D000000000000000000000000000000000000D3
:101D100000000000000000000000000000000000C3
:101D200000000000000000000000000000000000B3
:101D300000000000000000000000000000000000A3
:101D40000000000000000000000000000000000093
:101D50000000000000000000000000000000000083
:101D60000000000000000000000000000000000073
:101D70000000000000000000000000000000000063
:101D80000000000000000000000000000000000053
:101D90000000000000000000000000000000000043
:101DA0000000000000000000000000000000000033
:101DB0000000000000000000000000000000000023
:101DC0000000000000000000000000000000000013
:101DD0000000000000000000000000000000000003
:101DE00000000000000000000000000000000000F3
:101DF00000000000000000000000000000000000E3
:101E000000000000000000000000000000000000D2
:101E100000000000000000000000000000000000C2
:101E200000000000000000000000000000000000B2
:101E300000000000000000000000000000000000A2
:101E40000000000000000000000000000000000092
:101E50000000000000000000000000000000000082
:101E60000000000000000000000000000000000072
:101E70000000000000000000000000000000000062
:101E80000000000000000000000000000000000052
:101E90000000000000000000000000000000000042
:101EA0000000000000000000000000000000000032
:101EB0000000000000000000000000000000000022
:101EC0000000000000000000000000000000000012
:101ED0000000000000000000000000000000000002
:101EE00000000000000000000000000000000000F2
:101EF00000000000000000000000000000000000E2
:101F000000000000000000000000000000000000D1
:101F100000000000000000000000000000000000C1
:101F200000000000000000000000000000000000B1
:101F300000000000000000000000000000000000A1
:101F40000000000000000000000000000000000091
:101F50000000000000000000000000000000000081
:101F60000000000000000000000000000000000071
:101F70000000000082008062009F0103000000005A
:101F80000000000000000000000000000000000051
:101F90000000000000000000000000000000000041
:101FA0000000000000000000000000000000000031
:101FB0000000000000000000000000000000000021
:101FC0000000000000000000000000000000000011
:101FD0000000000000000000000000000000000001
:101FE00000000000000000000000000000000000F1
:101FF00000000000000000000000000000000000E1
:1020000000000000000000000000000000000000D0
:1020100000000000000000000000000000000000C0
:1020200000000000000000000000000000000000B0
:1020300000000000000000000000000000000000A0
:102040000000000000000000000000000000000090
:102050000000000000000000000000000000000080
:102060000000000000000000000000000000000070
:102070000000000000000000000000000000000060
:102080000000000000000000000000000000000050
:102090000000000000000000000000000000000040
:1020A0000000000000000000000000000000000030
:1020B0000000000000000000000000000000000020
:1020C0000000000000000000000000000000000010
:1020D0000000000000000000000000000000000000
:1020E00000000000000000000000000000000000F0
:1020F00000000000000000000000000000000000E0
:1021000000000000000000000000000000000000CF
:1021100000000000000000000000000000000000BF
:1021200000000000000000000000000000000000AF
:10213000000000000000000000000000000000009F
:10214000000000000000000000000000000000008F
:10215000000000000000000000000000000000007F
:10216000000000000000000000000000000000006F
:10217000000000000000000000000000000000005F
:10218000000000000000000000000000000000004F
:10219000000000000000000000000000000000003F
:1021A000000000000000000000000000000000002F
:1021B000000000000000000000000000000000001F
:1021C000000000000000000000000000000000000F
:1021D00000000000000000000000000000000000FF
:1021E00000000000000000000000000000000000EF
:1021F00000000000000000000000000000000000DF
:1022000000000000000000000000000000000000CE
:1022100000000000000000000000000000000000BE
:1022200000000000000000000000000000000000AE
:10223000000000000000000000000000000000009E
:10224000000000000000000000000000000000008E
:10225000000000000000000000000000000000007E
:10226000000000000000000000000000000000006E
:10227000000000000000000000000000000000005E
:10228000000000000000000000000000000000004E
:10229000000000000000000000000000000000003E
:1022A000000000000000000000000000000000002E
:1022B000000000000000000000000000000000001E
:1022C000000000000000000000000000000000000E
:1022D00000000000000000000000000000000000FE
:1022E00000000000000000000000000000000000EE
:1022F00000000000000000000000000000000000DE
:1023000000000000000000000000000000000000CD
:1023100000000000000000000000000000000000BD
:1023200000000000000000000000000000000000AD
:10233000000000000000000000000000000000009D
:10234000000000000000000000000000000000008D
:10235000000000000000000000000000000000007D
:10236000000000000000000000000000000000006D
:10237000000000000000000000000000000000005D
:10238000000000000000000000000000000000004D
:10239000000000000000000000000000000000003D
:1023A000000000000000000000000000000000002D
:1023B000000000000000000000000000000000001D
:1023C000000000000000000000000000000000000D
:1023D00000000000000000000000000000000000FD
:1023E00000000000000000000000000000000000ED
:1023F00000000000000000000000000000000000DD
:1024000000000000000000000000000000000000CC
:1024100000000000000000000000000000000000BC
:1024200000000000000000000000000000000000AC
:10243000000000000000000000000000000000009C
:10244000000000000000000000000000000000008C
:10245000000000000000000000000000000000007C
:10246000000000000000000000000000000000006C
:10247000000000000000000000000000000000005C
:10248000000000000000000000000000000000004C
:10249000000000000000000000000000000000003C
:1024A000000000000000000000000000000000002C
:1024B000000000000000000000000000000000001C
:1024C000000000000000000000000000000000000C
:1024D00000000000000000000000000000000000FC
:1024E00000000000000000000000000000000000EC
:1024F00000000000000000000000000000000000DC
:1025000000000000000000000000000000000000CB
:1025100000000000000000000000000000000000BB
:1025200000000000000000000000000000000000AB
:10253000000000000000000000000000000000009B
:10254000000000000000000000000000000000008B
:10255000000000000000000000000000000000007B
:10256000000000000000000000000000000000006B
:10257000000000000000000000000000000000005B
:10258000000000000000000000000000000000004B
:10259000000000000000000000000000000000003B
:1025A000000000000000000000000000000000002B
:1025B000000000000000000000000000000000001B
:1025C000000000000000000000000000000000000B
:1025D00000000000000000000000000000000000FB
:1025E00000000000000000000000000000000000EB
:1025F00000000000000000000000000000000000DB
:1026000000000000000000000000000000000000CA
:1026100000000000000000000000000000000000BA
:1026200000000000000000000000000000000000AA
:10263000000000000000000000000000000000009A
:10264000000000000000000000000000000000008A
:10265000000000000000000000000000000000007A
:10266000000000000000000000000000000000006A
:10267000000000000000000000000000000000005A
:10268000000000000000000000000000000000004A
:10269000000000000000000000000000000000003A
:1026A000000000000000000000000000000000002A
:1026B000000000000000000000000000000000001A
:1026C000000000000000000000000000000000000A
:1026D00000000000000000000000000000000000FA
:1026E00000000000000000000000000000000000EA
:1026F00000000000000000000000000000000000DA
:1027000000000000000000000000000000000000C9
:1027100000000000000000000000000000000000B9
:1027200000000000000000000000000000000000A9
:102730000000000000000000000000000000000099
:102740000000000000000000000000000000000089
:102750000000000000000000000000000000000079
:102760000000000000000000000000000000000069
:102770000000000000000000000000000000000059
:102780000000000000000000000000000000000049
:102790000000000000000000000000000000000039
:1027A0000000000000000000000000000000000029
:1027B0000000000000000000000000000000000019
:1027C0000000000000000000000000000000000009
:1027D00000000000000000000000000000000000F9
:1027E00000000000000000000000000000000000E9
:1027F00000000000000000000000000000000000D9
:1028000000000000000000000000000000000000C8
:1028100000000000000000000000000000000000B8
:1028200000000000000000000000000000000000A8
:102830000000000000000000000000000000000098
:102840000000000000000000000000000000000088
:102850000000000000000000000000000000000078
:102860000000000000000000000000000000000068
:102870000000000000000000000000000000000058
:102880000000000000000000000000000000000048
:102890000000000000000000000000000000000038
:1028A0000000000000000000000000000000000028
:1028B0000000000000000000000000000000000018
:1028C0000000000000000000000000000000000008
:1028D00000000000000000000000000000000000F8
:1028E00000000000000000000000000000000000E8
:1028F00000000000000000000000000000000000D8
:1029000000000000000000000000000000000000C7
:1029100000000000000000000000000000000000B7
:1029200000000000000000000000000000000000A7
:102930000000000000000000000000000000000097
:102940000000000000000000000000000000000087
:102950000000000000000000000000000000000077
:102960000000000000000000000000000000000067
:102970000000000000000000000000000000110145
:1029800082000062004F0103000000000000000010
:102990000000000000000000000000000000000037
:1029A0000000000000000000000000000000000027
:1029B0000000000000000000000000000000000017
:1029C0000000000000000000000000000000000007
:1029D00000000000000000000000000000000000F7
:1029E00000000000000000000000000000000000E7
:1029F00000000000000000000000000000000000D7
:102A000000000000000000000000000000000000C6
:102A100000000000000000000000000000000000B6
:102A200000000000000000000000000000000000A6
:102A30000000000000000000000000000000000096
:102A40000000000000000000000000000000000086
:102A50000000000000000000000000000000000076
:102A60000000000000000000000000000000000066
:102A70000000000000000000000000000000000056
:102A80000000000000000000000000000000000046
:102A90000000000000000000000000000000000036
:102AA0000000000000000000000000000000000026
:102AB0000000000000000000000000000000000016
:102AC0000000000000000000000000000000000006
:102AD00000000000000000000000000000000000F6
:102AE00000000000000000000000000000000000E6
:102AF00000000000000000000000000000000000D6
:102B000000000000000000000000000000000000C5
:102B100000000000000000000000000000000000B5
:102B200000000000000000000000000000000000A5
:102B30000000000000000000000000000000000095
:102B40000000000000000000000000000000000085
:102B50000000000000000000000000000000000075
:102B60000000000000000000000000000000000065
:102B70000000000000000000000000000000000055
:102B80000000000000000000000000000000000045
:102B90000000000000000000000000000000000035
:102BA0000000000000000000000000000000000025
:102BB0000000000000000000000000000000000015
:102BC0000000000000000000000000000000000005
:102BD00000000000000000000000000000000000F5
:102BE00000000000000000000000000000000000E5
:102BF00000000000000000000000000000000000D5
:102C000000000000000000000000000000000000C4
:102C100000000000000000000000000000000000B4
:102C200000000000000000000000000000000000A4
:102C30000000000000000000000000000000000094
:102C40000000000000000000000000000000000084
:102C50000000000000000000000000000000000074
:102C60000000000000000000000000000000000064
:102C70000000000000000000000000000000000054
:102C80000000000000000000000000000000000044
:102C90000000000000000000000000000000000034
:102CA0000000000000000000000000000000000024
:102CB0000000000000000000000000000000000014
:102CC0000000000000000000000000000000000004
:102CD00000000000000000000000000000000000F4
:102CE00000000000000000000000000000000000E4
:102CF00000000000000000000000000000000000D4
:102D000000000000000000000000000000000000C3
:102D100000000000000000000000000000000000B3
:102D200000000000000000000000000000000000A3
:102D30000000000000000000000000000000000093
:102D40000000000000000000000000000000000083
:102D50000000000000000000000000000000000073
:102D60000000000000000000000000000000000063
:102D70000000000000000000000000000000000053
:102D80000000000000000000000000000000000043
:102D90000000000000000000000000000000000033
:102DA0000000000000000000000000000000000023
:102DB0000000000000000000000000000000000013
:102DC0000000000000000000000000000000000003
:102DD00000000000000000000000000000000000F3
:102DE00000000000000000000000000000000000E3
:102DF00000000000000000000000000000000000D3
:102E000000000000000000000000000000000000C2
:102E100000000000000000000000000000000000B2
:102E200000000000000000000000000000000000A2
:102E30000000000000000000000000000000000092
:102E40000000000000000000000000000000000082
:102E50000000000000000000000000000000000072
:102E60000000000000000000000000000000000062
:102E70000000000000000000000000000000000052
:102E80000000000000000000000082008062004F8F
:102E9000010300000000000000000000000000002E
:102EA0000000000000000000000000000000000022
:102EB0000000000000000000000000000000000012
:102EC0000000000000000000000000000000000002
:102ED00000000000000000000000000000000000F2
:102EE00000000000000000000000000000000000E2
:102EF00000000000000000000000000000000000D2
:102F000000000000000000000000000000000000C1
:102F100000000000000000000000000000000000B1
:102F200000000000000000000000000000000000A1
:102F30000000000000000000000000000000000091
:102F40000000000000000000000000000000000081
:102F50000000000000000000000000000000000071
:102F60000000000000000000000000000000000061
:102F70000000000000000000000000000000000051
:102F80000000000000000000000000000000000041
:102F90000000000000000000000000000000000031
:102FA0000000000000000000000000000000000021
:102FB0000000000000000000000000000000000011
:102FC0000000000000000000000000000000000001
:102FD00000000000000000000000000000000000F1
:102FE00000000000000000000000000000000000E1
:102FF00000000000000000000000000000000000D1
:1030000000000000000000000000000000000000C0
:1030100000000000000000000000000000000000B0
:1030200000000000000000000000000000000000A0
:103030000000000000000000000000000000000090
:103040000000000000000000000000000000000080
:103050000000000000000000000000000000000070
:103060000000000000000000000000000000000060
:103070000000000000000000000000000000000050
:103080000000000000000000000000000000000040
:103090000000000000000000000000000000000030
:1030A0000000000000000000000000000000000020
:1030B0000000000000000000000000000000000010
:1030C0000000000000000000000000000000000000
:1030D00000000000000000000000000000000000F0
:1030E00000000000000000000000000000000000E0
:1030F00000000000000000000000000000000000D0
:1031000000000000000000000000000000000000BF
:1031100000000000000000000000000000000000AF
:10312000000000000000000000000000000000009F
:10313000000000000000000000000000000000008F
:10314000000000000000000000000000000000007F
:10315000000000000000000000000000000000006F
:10316000000000000000000000000000000000005F
:10317000000000000000000000000000000000004F
:10318000000000000000000000000000000000003F
:10319000000000000000000000000000000000002F
:1031A000000000000000000000000000000000001F
:1031B000000000000000000000000000000000000F
:1031C00000000000000000000000000000000000FF
:1031D00000000000000000000000000000000000EF
:1031E00000000000000000000000000000000000DF
:1031F00000000000000000000000000000000000CF
:1032000000000000000000000000000000000000BE
:1032100000000000000000000000000000000000AE
:10322000000000000000000000000000000000009E
:10323000000000000000000000000000000000008E
:10324000000000000000000000000000000000007E
:10325000000000000000000000000000000000006E
:10326000000000000000000000000000000000005E
:10327000000000000000000000000000000000004E
:10328000000000000000000000000000000000003E
:10329000000000000000000000000000000000002E
:1032A000000000000000000000000000000000001E
:1032B000000000000000000000000000000000000E
:1032C00000000000000000000000000000000000FE
:1032D00000000000000000000000000000000000EE
:1032E00000000000000000000000000000000000DE
:1032F00000000000000000000000000000000000CE
:1033000000000000000000000000000000000000BD
:1033100000000000000000000000000000000000AD
:10332000000000000000000000000000000000009D
:10333000000000000000000000000000000000008D
:10334000000000000000000000000000000000007D
:10335000000000000000000000000000000000006D
:10336000000000000000000000000000000000005D
:10337000000000000000000000000000000000004D
:10338000000000000000000000000000000000003D
:1033900000000000110282000062009F0103000093
:1033A000000000000000000000000000000000001D
:1033B000000000000000000000000000000000000D
:1033C00000000000000000000000000000000000FD
:1033D00000000000000000000000000000000000ED
:1033E00000000000000000000000000000000000DD
:1033F00000000000000000000000000000000000CD
:1034000000000000000000000000000000000000BC
:1034100000000000000000000000000000000000AC
:10342000000000000000000000000000000000009C
:10343000000000000000000000000000000000008C
:10344000000000000000000000000000000000007C
:10345000000000000000000000000000000000006C
:10346000000000000000000000000000000000005C
:10347000000000000000000000000000000000004C
:10348000000000000000000000000000000000003C
:10349000000000000000000000000000000000002C
:1034A000000000000000000000000000000000001C
:1034B000000000000000000000000000000000000C
:1034C00000000000000000000000000000000000FC
:1034D00000000000000000000000000000000000EC
:1034E00000000000000000000000000000000000DC
:1034F00000000000000000000000000000000000CC
:1035000000000000000000000000000000000000BB
:1035100000000000000000000000000000000000AB
:10352000000000000000000000000000000000009B
:10353000000000000000000000000000000000008B
:10354000000000000000000000000000000000007B
:10355000000000000000000000000000000000006B
:10356000000000000000000000000000000000005B
:10357000000000000000000000000000000000004B
:10358000000000000000000000000000000000003B
:10359000000000000000000000000000000000002B
:1035A000000000000000000000000000000000001B
:1035B000000000000000000000000000000000000B
:1035C00000000000000000000000000000000000FB
:1035D00000000000000000000000000000000000EB
:1035E00000000000000000000000000000000000DB
:1035F00000000000000000000000000000000000CB
:1036000000000000000000000000000000000000BA
:1036100000000000000000000000000000000000AA
:10362000000000000000000000000000000000009A
:10363000000000000000000000000000000000008A
:10364000000000000000000000000000000000007A
:10365000000000000000000000000000000000006A
:10366000000000000000000000000000000000005A
:10367000000000000000000000000000000000004A
:10368000000000000000000000000000000000003A
:10369000000000000000000000000000000000002A
:1036A000000000000000000000000000000000001A
:1036B000000000000000000000000000000000000A
:1036C00000000000000000000000000000000000FA
:1036D00000000000000000000000000000000000EA
:1036E00000000000000000000000000000000000DA
:1036F00000000000000000000000000000000000CA
:1037000000000000000000000000000000000000B9
:1037100000000000000000000000000000000000A9
:103720000000000000000000000000000000000099
:103730000000000000000000000000000000000089
:103740000000000000000000000000000000000079
:103750000000000000000000000000000000000069
:103760000000000000000000000000000000000059
:103770000000000000000000000000000000000049
:103780000000000000000000000000000000000039
:103790000000000000000000000000000000000029
:1037A0000000000000000000000000000000000019
:1037B0000000000000000000000000000000000009
:1037C00000000000000000000000000000000000F9
:1037D00000000000000000000000000000000000E9
:1037E00000000000000000000000000000000000D9
:1037F00000000000000000000000000000000000C9
:1038000000000000000000000000000000000000B8
:1038100000000000000000000000000000000000A8
:103820000000000000000000000000000000000098
:103830000000000000000000000000000000000088
:103840000000000000000000000000000000000078
:103850000000000000000000000000000000000068
:103860000000000000000000000000000000000058
:103870000000000000000000000000000000000048
:103880000000000000000000000000000000000038
:103890000000000000000000000000000000000028
:1038A0000000000000000000000000000000000018
:1038B0000000000000000000000000000000000008
:1038C00000000000000000000000000000000000F8
:1038D00000000000000000000000000000000000E8
:1038E00000000000000000000000000000000000D8
:1038F00000000000000000000000000000000000C8
:1039000000000000000000000000000000000000B7
:1039100000000000000000000000000000000000A7
:103920000000000000000000000000000000000097
:103930000000000000000000000000000000000087
:103940000000000000000000000000000000000077
:103950000000000000000000000000000000000067
:103960000000000000000000000000000000000057
:103970000000000000000000000000000000000047
:103980000000000000000000000000000000000037
:103990000000000000000000000000000000000027
:1039A0000000000000000000000000000000000017
:1039B0000000000000000000000000000000000007
:1039C00000000000000000000000000000000000F7
:1039D00000000000000000000000000000000000E7
:1039E00000000000000000000000000000000000D7
:1039F00000000000000000000000000000000000C7
:103A000000000000000000000000000000000000B6
:103A100000000000000000000000000000000000A6
:103A20000000000000000000000000000000000096
:103A30000000000000000000000000000000000086
:103A40000000000000000000000000000000000076
:103A50000000000000000000000000000000000066
:103A60000000000000000000000000000000000056
:103A70000000000000000000000000000000000046
:103A80000000000000000000000000000000000036
:103A90000000000000000000000000000000000026
:103AA0000000000000000000000000000000000016
:103AB0000000000000000000000000000000000006
:103AC00000000000000000000000000000000000F6
:103AD00000000000000000000000000000000000E6
:103AE00000000000000000000000000000000000D6
:103AF00000000000000000000000000000000000C6
:103B000000000000000000000000000000000000B5
:103B100000000000000000000000000000000000A5
:103B20000000000000000000000000000000000095
:103B30000000000000000000000000000000000085
:103B40000000000000000000000000000000000075
:103B50000000000000000000000000000000000065
:103B60000000000000000000000000000000000055
:103B70000000000000000000000000000000000045
:103B80000000000000000000000000000000000035
:103B90000000000000000000000000000000000025
:103BA0000000000000000000000000000000000015
:103BB0000000000000000000000000000000000005
:103BC00000000000000000000000000000000000F5
:103BD00000000000000000000000000000000000E5
:103BE00000000000000000000000000000000000D5
:103BF00000000000000000000000000000000000C5
:103C000000000000000000000000000000000000B4
:103C100000000000000000000000000000000000A4
:103C20000000000000000000000000000000000094
:103C30000000000000000000000000000000000084
:103C40000000000000000000000000000000000074
:103C50000000000000000000000000000000000064
:103C60000000000000000000000000000000000054
:103C70000000000000000000000000000000000044
:103C80000000000000000000000000000000000034
:103C90000000000000000000000000000000000024
:103CA0000000000000000000000000000000000014
:103CB0000000000000000000000000000000000004
:103CC00000000000000000000000000000000000F4
:103CD00000000000000000000000000000000000E4
:103CE00000000000000000000000000000000000D4
:103CF00000000000000000000000000000000000C4
:103D000000000000000000000000000000000000B3
:103D100000000000000000000000000000000000A3
:103D20000000000000000000000000000000000093
:103D30000000000000000000000000000000000083
:103D40000000000000000000000000000000000073
:103D50000000000000000000000000000000000063
:103D60000000000000000000000000000000000053
:103D70000000000000000000000000000000000043
:103D80000000000000000000000000000000000033
:103D90000000000000000000000000000000000023
:103DA00082008062009F010300000000000000000C
:103DB0000000000000000000000000000000000003
:103DC00000000000000000000000000000000000F3
:103DD00000000000000000000000000000000000E3
:103DE00000000000000000000000000000000000D3
:103DF00000000000000000000000000000000000C3
:103E000000000000000000000000000000000000B2
:103E100000000000000000000000000000000000A2
:103E20000000000000000000000000000000000092
:103E30000000000000000000000000000000000082
:103E40000000000000000000000000000000000072
:103E50000000000000000000000000000000000062
:103E60000000000000000000000000000000000052
:103E70000000000000000000000000000000000042
:103E80000000000000000000000000000000000032
:103E90000000000000000000000000000000000022
:103EA0000000000000000000000000000000000012
:103EB0000000000000000000000000000000000002
:103EC00000000000000000000000000000000000F2
:103ED00000000000000000000000000000000000E2
:103EE00000000000000000000000000000000000D2
:103EF00000000000000000000000000000000000C2
:103F000000000000000000000000000000000000B1
:103F100000000000000000000000000000000000A1
:103F20000000000000000000000000000000000091
:103F30000000000000000000000000000000000081
:103F40000000000000000000000000000000000071
:103F50000000000000000000000000000000000061
:103F60000000000000000000000000000000000051
:103F70000000000000000000000000000000000041
:103F80000000000000000000000000000000000031
:103F90000000000000000000000000000000000021
:103FA0000000000000000000000000000000000011
:103FB0000000000000000000000000000000000001
:103FC00000000000000000000000000000000000F1
:103FD00000000000000000000000000000000000E1
:103FE00000000000000000000000000000000000D1
:103FF00000000000000000000000000000000000C1
:1040000000000000000000000000000000000000B0
:1040100000000000000000000000000000000000A0
:104020000000000000000000000000000000000090
:104030000000000000000000000000000000000080
:104040000000000000000000000000000000000070
:104050000000000000000000000000000000000060
:104060000000000000000000000000000000000050
:104070000000000000000000000000000000000040
:104080000000000000000000000000000000000030
:104090000000000000000000000000000000000020
:1040A0000000000000000000000000000000000010
:1040B0000000000000000000000000000000000000
:1040C00000000000000000000000000000000000F0
:1040D00000000000000000000000000000000000E0
:1040E00000000000000000000000000000000000D0
:1040F00000000000000000000000000000000000C0
:1041000000000000000000000000000000000000AF
:10411000000000000000000000000000000000009F
:10412000000000000000000000000000000000008F
:10413000000000000000000000000000000000007F
:10414000000000000000000000000000000000006F
:10415000000000000000000000000000000000005F
:10416000000000000000000000000000000000004F
:10417000000000000000000000000000000000003F
:10418000000000000000000000000000000000002F
:10419000000000000000000000000000000000001F
:1041A000000000000000000000000000000000000F
:1041B00000000000000000000000000000000000FF
:1041C00000000000000000000000000000000000EF
:1041D00000000000000000000000000000000000DF
:1041E00000000000000000000000000000000000CF
:1041F00000000000000000000000000000000000BF
:1042000000000000000000000000000000000000AE
:10421000000000000000000000000000000000009E
:10422000000000000000000000000000000000008E
:10423000000000000000000000000000000000007E
:10424000000000000000000000000000000000006E
:10425000000000000000000000000000000000005E
:10426000000000000000000000000000000000004E
:10427000000000000000000000000000000000003E
:10428000000000000000000000000000000000002E
:10429000000000000000000000000000000000001E
:1042A000000000000000000000000000000000000E
:1042B00000000000000000000000000000000000FE
:1042C00000000000000000000000000000000000EE
:1042D00000000000000000000000000000000000DE
:1042E00000000000000000000000000000000000CE
:1042F00000000000000000000000000000000000BE
:1043000000000000000000000000000000000000AD
:10431000000000000000000000000000000000009D
:10432000000000000000000000000000000000008D
:10433000000000000000000000000000000000007D
:10434000000000000000000000000000000000006D
:10435000000000000000000000000000000000005D
:10436000000000000000000000000000000000004D
:10437000000000000000000000000000000000003D
:10438000000000000000000000000000000000002D
:10439000000000000000000000000000000000001D
:1043A000000000000000000000000000000000000D
:1043B00000000000000000000000000000000000FD
:1043C00000000000000000000000000000000000ED
:1043D00000000000000000000000000000000000DD
:1043E00000000000000000000000000000000000CD
:1043F00000000000000000000000000000000000BD
:1044000000000000000000000000000000000000AC
:10441000000000000000000000000000000000009C
:10442000000000000000000000000000000000008C
:10443000000000000000000000000000000000007C
:10444000000000000000000000000000000000006C
:10445000000000000000000000000000000000005C
:10446000000000000000000000000000000000004C
:10447000000000000000000000000000000000003C
:10448000000000000000000000000000000000002C
:10449000000000000000000000000000000000001C
:1044A000000000000000000000000000000000000C
:1044B00000000000000000000000000000000000FC
:1044C00000000000000000000000000000000000EC
:1044D00000000000000000000000000000000000DC
:1044E00000000000000000000000000000000000CC
:1044F00000000000000000000000000000000000BC
:1045000000000000000000000000000000000000AB
:10451000000000000000000000000000000000009B
:10452000000000000000000000000000000000008B
:10453000000000000000000000000000000000007B
:10454000000000000000000000000000000000006B
:10455000000000000000000000000000000000005B
:10456000000000000000000000000000000000004B
:10457000000000000000000000000000000000003B
:10458000000000000000000000000000000000002B
:10459000000000000000000000000000000000001B
:1045A000000000000000000000000000000000000B
:1045B00000000000000000000000000000000000FB
:1045C00000000000000000000000000000000000EB
:1045D00000000000000000000000000000000000DB
:1045E00000000000000000000000000000000000CB
:1045F00000000000000000000000000000000000BB
:1046000000000000000000000000000000000000AA
:10461000000000000000000000000000000000009A
:10462000000000000000000000000000000000008A
:10463000000000000000000000000000000000007A
:10464000000000000000000000000000000000006A
:10465000000000000000000000000000000000005A
:10466000000000000000000000000000000000004A
:10467000000000000000000000000000000000003A
:10468000000000000000000000000000000000002A
:10469000000000000000000000000000000000001A
:1046A000000000000000000000000000000000000A
:1046B00000000000000000000000000000000000FA
:1046C00000000000000000000000000000000000EA
:1046D00000000000000000000000000000000000DA
:1046E00000000000000000000000000000000000CA
:1046F00000000000000000000000000000000000BA
:1047000000000000000000000000000000000000A9
:104710000000000000000000000000000000000099
:104720000000000000000000000000000000000089
:104730000000000000000000000000000000000079
:104740000000000000000000000000000000000069
:104750000000000000000000000000000000000059
:104760000000000000000000000000000000000049
:104770000000000000000000000000000000000039
:104780000000000000000000000000000000000029
:104790000000000000000000000000000000000019
:1047A0000000000000000000000011038200006211
:1047B000004F0103000000000000000000000000A6
:1047C00000000000000000000000000000000000E9
:1047D00000000000000000000000000000000000D9
:1047E00000000000000000000000000000000000C9
:1047F00000000000000000000000000000000000B9
:1048000000000000000000000000000000000000A8
:104810000000000000000000000000000000000098
:104820000000000000000000000000000000000088
:104830000000000000000000000000000000000078
:104840000000000000000000000000000000000068
:104850000000000000000000000000000000000058
:104860000000000000000000000000000000000048
:104870000000000000000000000000000000000038
:104880000000000000000000000000000000000028
:104890000000000000000000000000000000000018
:1048A0000000000000000000000000000000000008
:1048B00000000000000000000000000000000000F8
:1048C00000000000000000000000000000000000E8
:1048D00000000000000000000000000000000000D8
:1048E00000000000000000000000000000000000C8
:1048F00000000000000000000000000000000000B8
:1049000000000000000000000000000000000000A7
:104910000000000000000000000000000000000097
:104920000000000000000000000000000000000087
:104930000000000000000000000000000000000077
:104940000000000000000000000000000000000067
:104950000000000000000000000000000000000057
:104960000000000000000000000000000000000047
:104970000000000000000000000000000000000037
:104980000000000000000000000000000000000027
:104990000000000000000000000000000000000017
:1049A0000000000000000000000000000000000007
:1049B00000000000000000000000000000000000F7
:1049C00000000000000000000000000000000000E7
:1049D00000000000000000000000000000000000D7
:1049E00000000000000000000000000000000000C7
:1049F00000000000000000000000000000000000B7
:104A000000000000000000000000000000000000A6
:104A10000000000000000000000000000000000096
:104A20000000000000000000000000000000000086
:104A30000000000000000000000000000000000076
:104A40000000000000000000000000000000000066
:104A50000000000000000000000000000000000056
:104A60000000000000000000000000000000000046
:104A70000000000000000000000000000000000036
:104A80000000000000000000000000000000000026
:104A90000000000000000000000000000000000016
:104AA0000000000000000000000000000000000006
:104AB00000000000000000000000000000000000F6
:104AC00000000000000000000000000000000000E6
:104AD00000000000000000000000000000000000D6
:104AE00000000000000000000000000000000000C6
:104AF00000000000000000000000000000000000B6
:104B000000000000000000000000000000000000A5
:104B10000000000000000000000000000000000095
:104B20000000000000000000000000000000000085
:104B30000000000000000000000000000000000075
:104B40000000000000000000000000000000000065
:104B50000000000000000000000000000000000055
:104B60000000000000000000000000000000000045
:104B70000000000000000000000000000000000035
:104B80000000000000000000000000000000000025
:104B90000000000000000000000000000000000015
:104BA0000000000000000000000000000000000005
:104BB00000000000000000000000000000000000F5
:104BC00000000000000000000000000000000000E5
:104BD00000000000000000000000000000000000D5
:104BE00000000000000000000000000000000000C5
:104BF00000000000000000000000000000000000B5
:104C000000000000000000000000000000000000A4
:104C10000000000000000000000000000000000094
:104C20000000000000000000000000000000000084
:104C30000000000000000000000000000000000074
:104C40000000000000000000000000000000000064
:104C50000000000000000000000000000000000054
:104C60000000000000000000000000000000000044
:104C70000000000000000000000000000000000034
:104C80000000000000000000000000000000000024
:104C90000000000000000000000000000000000014
:104CA0000000000000000000000000000000000004
:104CB00000000000000082008062004F010300003D
:104CC00000000000000000000000000000000000E4
:104CD00000000000000000000000000000000000D4
:104CE00000000000000000000000000000000000C4
:104CF00000000000000000000000000000000000B4
:104D000000000000000000000000000000000000A3
:104D10000000000000000000000000000000000093
:104D20000000000000000000000000000000000083
:104D30000000000000000000000000000000000073
:104D40000000000000000000000000000000000063
:104D50000000000000000000000000000000000053
:104D60000000000000000000000000000000000043
:104D70000000000000000000000000000000000033
:104D80000000000000000000000000000000000023
:104D90000000000000000000000000000000000013
:104DA0000000000000000000000000000000000003
:104DB00000000000000000000000000000000000F3
:104DC00000000000000000000000000000000000E3
:104DD00000000000000000000000000000000000D3
:104DE00000000000000000000000000000000000C3
:104DF00000000000000000000000000000000000B3
:104E000000000000000000000000000000000000A2
:104E10000000000000000000000000000000000092
:104E20000000000000000000000000000000000082
:104E30000000000000000000000000000000000072
:104E40000000000000000000000000000000000062
:104E50000000000000000000000000000000000052
:104E60000000000000000000000000000000000042
:104E70000000000000000000000000000000000032
:104E80000000000000000000000000000000000022
:104E90000000000000000000000000000000000012
:104EA0000000000000000000000000000000000002
:104EB00000000000000000000000000000000000F2
:104EC00000000000000000000000000000000000E2
:104ED00000000000000000000000000000000000D2
:104EE00000000000000000000000000000000000C2
:104EF00000000000000000000000000000000000B2
:104F000000000000000000000000000000000000A1
:104F10000000000000000000000000000000000091
:104F20000000000000000000000000000000000081
:104F30000000000000000000000000000000000071
:104F40000000000000000000000000000000000061
:104F50000000000000000000000000000000000051
:104F60000000000000000000000000000000000041
:104F70000000000000000000000000000000000031
:104F80000000000000000000000000000000000021
:104F90000000000000000000000000000000000011
:104FA0000000000000000000000000000000000001
:104FB00000000000000000000000000000000000F1
:104FC00000000000000000000000000000000000E1
:104FD00000000000000000000000000000000000D1
:104FE00000000000000000000000000000000000C1
:104FF00000000000000000000000000000000000B1
:1050000000000000000000000000000000000000A0
:105010000000000000000000000000000000000090
:105020000000000000000000000000000000000080
:105030000000000000000000000000000000000070
:105040000000000000000000000000000000000060
:105050000000000000000000000000000000000050
:105060000000000000000000000000000000000040
:105070000000000000000000000000000000000030
:105080000000000000000000000000000000000020
:105090000000000000000000000000000000000010
:1050A0000000000000000000000000000000000000
:1050B00000000000000000000000000000000000F0
:1050C00000000000000000000000000000000000E0
:1050D00000000000000000000000000000000000D0
:1050E00000000000000000000000000000000000C0
:1050F00000000000000000000000000000000000B0
:10510000000000000000000000000000000000009F
:10511000000000000000000000000000000000008F
:10512000000000000000000000000000000000007F
:10513000000000000000000000000000000000006F
:10514000000000000000000000000000000000005F
:10515000000000000000000000000000000000004F
:10516000000000000000000000000000000000003F
:10517000000000000000000000000000000000002F
:10518000000000000000000000000000000000001F
:10519000000000000000000000000000000000000F
:1051A00000000000000000000000000000000000FF
:1051B00000000000000000000000000000000000EF
:1051C0002275C90106000000FF0000000000000079
:1051D0009D34001051340010213400101D34001093
:1051E000010000000001000000100000FF000000AE
:1051F000F401000000010000200000000000000099
:105200002C7200202C7100200C7100200000000086
:10521000000000000000000000000000000000008E
:10522000D0680010FE670010F868001006690010D2
:1052300010680010C46800103C6A00109C6B0010DD
:10524000B46A0010846A00106E690010AA69001028
:105250000E6A0010E4690010B26900106E69001057
:1052600000C0000090970210010000000400000040
:105270003407000029670010155E0010E167001078
:105280005556001000000000000000000029022E0A
:1052900008020B081018119312301300181822116D
:1052A0000029020D08320B08101C112212301818A8
:1052B0001B031C401D9100000029022E08320B0820
:1052C000101C1122123018181B031C401D910000E5
:1052D0009897021080397A1200D01213400D030003
:1052E000A097021040FC54194029861A400D030073
:1052F000A8970210801361338025DB33A08601005C
:10530000B0970210806DC33500285037400D030060
:10531000D09902100200000008000000880600007A
:10532000797200100973001021770010AD6C001025
:105330000000000000000000589A0210D054041031
:1053400009000000609A0210945404100500000047
:10535000249B02101C5404100A000000289B021019
:10536000F85304100300000028960210E0530410C4
:1053700002000000509A0210805304100800000040
:10538000309B0210389B021001000000449B021069
:105390004C9B021001000000549B0210649B021001
:1053A000010000006C9B02107C9B021001000000B9
:1053B0008C9B0210989B021000000000A89B02101A
:1053C000B49B021000000000C49B0210D09B02108E
:1053D00000000000E09B0210E89B021000000000AB
:1053E000F49B0210009C0210010000001C9C0210A3
:1053F000289C021001000000309C0210D89A021074
:10540000010000003C9C0210489C021001000000BA
:105410005C9C0210689C0210010000007C9C021041
:10542000889C021001000000989C0210A49C0210AD
:1054300001000000B49C0210C49C02100100000096
:10544000D89C0210E89C021001000000F49C02109D
:10545000009D021001000000109D0210D09A021061
:10546000010000001C9D02102C9D02100100000094
:10547000389D0210489D021001000000549D02104A
:10548000649D021001000000709D02107C9D0210BE
:1054900001000000F49C0210889D02100100000031
:1054A000989D0210A89D021001000000B89D0210F6
:1054B000C89D021001000000D89D0210E49D02105A
:1054C00001000000F09D0210FC9D02100000000091
:1054D000089E0210889A021002000000149E02101A
:1054E0001C9E021001000000289E02103C9E02102B
:1054F00001000000489E0210589E021001000000AA
:10550000649E0210749E021001000000809E021032
:10551000909E021001000000989E0210A49E0210AE
:1055200001000000AC9E0210B89E021001000000B5
:10553000C49E0210D09E021001000000208E0010B8
:10554000528E0010D28D0010D68D0010D28D00101A
:10555000E08D0010B8A00210040000000000000060
:1055600024000000798D0010618B0010B98D0010AF
:10557000318D001000000000D188001000C2010031
:105580000008070000100E002CA1021040A102101C
:1055900054A1021068A1021074A102100C8802101C
:1055A00088A102100C880210EC9F021024A20210A5
:1055B000050000000000000008000000319200100B
:1055C000DD9100103D9100103D90001000000000A2
:1055D000000000002CA202101B0100003CA20210DF
:1055E000190100004CA202101A0000008CA3021046
:1055F00090A3021098A302109CA30210A0A3021073
:1056000060A3021006000000000000006800000017
:10561000299500106D92001069950010719200108C
:1056200000000000C9930010A8A30210B0A302104C
:10563000B4A40210070000000000000004000000F5
:105640007D990010E5960010C5990010E9960010AC
:10565000000000000000000068A602100800000022
:105660000000000001000000559E0010B99C0010D1
:10567000BD9C0010CD9C0010000000000000000048
:105680009CA100107AA1001006A10010E4A0001057
:10569000E0A0001014A702100C00000000000000A1
:1056A000DC01000061A000106D9E00109DA00010A4
:1056B000719E00100000000000000000F8060020AD
:1056C00004070020AE060020B6060020BE0600201B
:1056D000DC060020A4040020AE040020000000002E
:1056E0000000000000000000FFFFFFFFFFFFFFFFC2
:1056F000000000006410B71DC8206E3BAC30D926F6
:105700009041DC76F4516B6B5861B24D3C710550A1
:105710002083B8ED44930FF0E8A3D6D68CB361CBC9
:10572000B0C2649BD4D2D38678E20AA01CF2BDBD7D
:1057300048AD021060AD021098AD0210B4AD021079
:10574000D0AD0210ECAD021038AE021050AE021017
:1057500070AE0210F4AE02100CAF021028AF0210AF
:1057600050AF02106CAF021094AF0210B4AF021031
:10577000CCAF0210F4AF021030B0021058B00210DB
:105780008CB00210A0B00210B0B00210D0B0021065
:10579000F0B002100CB1021024B1021054B102108A
:1057A00080B10210A4B10210CCB10210F8B1021005
:1057B00024B2021000B2021048B2021014AD02105E
:1057C00064B2021088B20210000000000203030459
:1057D00004010103030404010102020401010202A5
:1057E000030304010200000000010000253F011036
:1057F000253F0110253F0110253F011001780110C0
:1058000000010000253F0110253F0110253F011038
:10581000253F01100178011000010000253F011013
:10582000253F0110253F0110253F0110017801108F
:1058300000010000253F0110253F0110253F011008
:10584000253F01100178011000020000253F0110E2
:10585000253F0110253F0110253F0110017801105F
:1058600000020000253F0110253F0110253F0110D7
:10587000253F01100178011000020000253F0110B2
:10588000253F0110253F0110253F0110017801102F
:1058900000020000253F0110253F0110253F0110A7
:1058A000253F0110017801100000000000000000F9
:1058B00000000000000000000000000000000000E8
:1058C00000000000000000000000000000000000D8
:1058D00000000000000000000000000000000000C8
:1058E000000000000000000000000000BD8C01105E
:1058F00000000000000000000000000000000000A8
:1059000000000000BD8C0110000000002D3F0110C0
:10591000000000000000000000000000B17901104C
:105920000000000000000000000000000000000077
:1059300000000000893F011000000000000000008E
:105940000000000000000000000000005DB1011038
:1059500000000000293B01100000000000000000D2
:10596000000000005DB10110FF0000000000000019
:1059700000000000000000000000000061AF011006
:105980000000000000000000000000000000000017
:1059900000000000893F011000000000000000002E
:1059A00000000000000000000000000000000000F7
:1059B00000000000000000000000000000000000E7
:1059C00000000000000000000000000000000000D7
:1059D00000000000000000000000000000000000C7
:1059E00000000000000000000000000000000000B7
:1059F00000000000000000000000000000000000A7
:105A00000000000000000000000000000000000096
:105A10000000000000000000000000000000000086
:105A2000000000000165011000000000713B011042
:105A3000000000000000000000000000B99B011001
:105A4000FF000000A15B0110C95B01100000000015
:105A500000000000B99B0110FF000000893B01100D
:105A6000000000000000000000000000118901108B
:105A700000FF0000C93E011000000000000000000F
:105A8000000000000D84011000FF000059690110A2
:105A9000000000000000000000000000598201101A
:105AA00000FF00004DA901100000000000000000F0
:105AB000000000008581011000FF000000000000D0
:105AC00000000000000000000000000059820110EA
:105AD00000FF0000000000000000000000000000C7
:105AE000000000008581011000000000000000009F
:105AF00000000000000000000000000000000000A6
:105B00000000000000000000000000000000000095
:105B10000000000000000000000000000000000085
:105B20000000000000000000000000000000000075
:105B30000000000000000000000000000000000065
:105B40000000000000000000000000000000000055
:105B50000000000000000000000000000000000045
:105B60000000000000000000000000000000000035
:105B70000000000000000000FF0000000000000026
:105B8000000000000000000000000000258301105C
:105B9000FEFF000000000000000000000000000008
:105BA00000000000797501100000000000000000F6
:105BB00000000000000000000000000000000000E5
:105BC00000000000000000000000000000000000D5
:105BD00000000000000000000000000000000000C5
:105BE00000000000000000000000000000000000B5
:105BF00000000000000000000000000000000000A5
:105C0000000000000000000001FF00000000000094
:105C100000000000000000000000000045590110D5
:105C20000100000000000000000000000000000073
:105C3000000000004562011000FF000000000000AD
:105C4000000000000000000000000000456201109C
:105C50000100000000000000000000000000000043
:105C6000000000001D67011001000000000000009E
:105C70000000000000000000000000001D6701108F
:105C80000000000000000000000000000000000014
:105C90000000000000000000000000000000000004
:105CA00000000000000000000000000000000000F4
:105CB00000000000000000000000000000000000E4
:105CC00000000000000000000001000089580110E1
:105CD000155801100000000000000000BD7D0110FB
:105CE00000020000B55701104157011000000000EC
:105CF00000000000BD7D011000030000253F0110E1
:105D0000253F0110253F0110253F0110BD7D0110E9
:105D100000040000253F0110253F0110253F011020
:105D2000253F0110BD7D011000010000F94901105F
:105D3000A14901100000000000000000BD7D01101D
:105D4000000100005D490110094901100000000038
:105D500000000000BD7D011000010000CD560110C3
:105D6000515601100000000000000000BD7D011030
:105D700000010000E155011069550110000000000C
:105D800000000000BD7D0110000200009D6D0110AB
:105D9000516E01100000000000000000BD7D0110E8
:105DA00000020000E56D0110A96E01100000000066
:105DB00000000000BD7D011000020000696F0110AD
:105DC000E17001100000000000000000BD7D011026
:105DD00000020000DD6F01105D7101100000000085
:105DE00000000000BD7D0110000200004D70011098
:105DF000D57101100000000000000000BD7D011001
:105E00000002000009550110955401100000000027
:105E100000000000BD7D0110FE00000011540110C3
:105E2000995301101953011000000000BD7D0110AD
:105E3000FE0000009D520110155201108D510110FD
:105E400000000000BD7D0110FE000000253F011094
:105E5000253F0110253F0110253F0110BD7D011098
:105E6000FE000000253F0110253F0110253F0110D5
:105E7000253F0110BD7D0110FE0000009D4801106E
:105E80002D480110C547011000000000BD7D011024
:105E9000FE00000001510110895001100550011051
:105EA00000000000BD7D0110FE000000FD6E01102D
:105EB00055470110ED46011000000000BD7D0110A6
:105EC000FE000000497201108D4F0110094F0110B2
:105ED00000000000BD7D0110FE000000D572011021
:105EE000914E0110114E011000000000BD7D011007
:105EF00001010000093B011000000000000000004B
:105F0000000000005585011001010000E958011052
:105F1000000000000000000000000000E58D0110FE
:105F200001010000D93E0110000000000000000047
:105F300000000000C193011001020000FD3E0110AD
:105F4000000000000000000000000000BD970110EC
:105F500001030000253F0110253F0110253F0110DE
:105F6000253F0110C18E011001040000253F0110E2
:105F7000253F0110253F0110253F011035910110EB
:105F80000001000091380110A93801100000000044
:105F90000000000000000000FF010000DD230110F0
:105FA00000000000052401100000000000000000B7
:105FB000FF0100009124011000000000B92401102D
:105FC0000000000000000000FF010000712501102A
:105FD000452501109D250110000000000000000073
:105FE000FF010000ED280110C5280110152901103E
:105FF0000000000000000000FF0100002D6A0110F9
:10600000796A0110892601100000000000000000DC
:10601000FF010000556A0110A16A0110FD2901105D
:106020000000000000000000FF0100003127011007
:10603000052701105D27011000000000000000008E
:10604000FF0100009D2A0110752A0110C52A0110C8
:106050000000000000000000FF010000C56A011000
:10606000116B011049280110000000000000000021
:10607000FF010000ED6A0110396B0110AD2B01101A
:10608000000000000000000000010000C9380110FD
:10609000E5380110000000000000000000000000D2
:1060A000FF0100002D240110000000005D240110FC
:1060B0000000000000000000FF010000E1240110CA
:1060C0000000000011250110000000000000000089
:1060D000FF01000001260110C92501103926011019
:1060E0000000000000000000FF0100007529011001
:1060F0003D290110AD290110000000000000000042
:10610000FF0100005D6B0110A56B0110B5260110A9
:106110000000000000000000FF0100007D6C011085
:10612000C56C0110252A01100000000000000000CD
:10613000FF010000C127011089270110F927011074
:106140000000000000000000FF010000252B0110EE
:10615000ED2A01105D2B011000000000000000007E
:10616000FF010000ED6B0110356C01107528011066
:106170000000000000000000FF0100000D6D011094
:10618000556D0110D52B011000000000000000002B
:10619000FF010000253F0110253F0110253F0110A0
:1061A000253F011000000000FF010000253F011005
:1061B000253F0110253F0110253F01100000000080
:1061C000FF010000253F0110253F0110253F011070
:1061D000253F011000000000FF010000253F0110D5
:1061E000253F0110253F0110253F01100000000050
:1061F000FF010000253F0110253F0110253F011040
:10620000253F011000000000FF010000253F0110A4
:10621000253F0110253F0110253F0110000000001F
:10622000FF010000253F0110253F0110253F01100F
:10623000253F011000000000FF010000253F011074
:10624000253F0110253F0110253F011000000000EF
:10625000FF010000253F0110253F0110253F0110DF
:10626000253F011000000000FF010000253F011044
:10627000253F0110253F0110253F011000000000BF
:10628000FF010000253F0110253F0110253F0110AF
:10629000253F011000000000FF010000253F011014
:1062A000253F0110253F0110253F0110000000008F
:1062B00000010000E14D0110A94D01100000000097
:1062C000000000000000000000010000794D0110F6
:1062D000414D01100000000000000000000000001F
:1062E00000010000194D0110ED4C011000000000EC
:1062F0000000000000000000FF010000252C01103C
:1063000000000000492C0110000000000000000007
:10631000FF010000992D0110752D0110BD2D0110F8
:106320000000000000000000FF010000C12C01106F
:1063300000000000E52C011000000000000000003B
:10634000FF0100009946011045460110ED4501107E
:106350000000000000000000FF010000B145011036
:1063600075450110354501100000000000000000D7
:10637000FF010000E94401109D4401104D4401104B
:106380000000000000000000FF01000011440110A7
:10639000D5430110954301100000000000000000EB
:1063A000FF010000353201100000000059320110D9
:1063B0000000000000000000FF0100007D3201101D
:1063C00000000000A13201100000000000000000E9
:1063D000FF010000C532011000000000E932011089
:1063E0000000000000000000FF010000892E0110E5
:1063F000612E0110B12E011000000000000000000D
:10640000FF010000CD2F0110A52F0110F52F011065
:106410000000000000000000FF0100001931011021
:10642000F1300110413101100000000000000000B7
:10643000FF010000353401100934011061340110EE
:106440000000000000000000FF010000B534011052
:106450008D340110DD340110000000000000000048
:1064600000020000B94C01107D4C0110000000003A
:10647000000000000000000000020000494C011074
:106480000D4C0110000000000000000000000000A2
:1064900000020000E54B0110B54B011000000000A8
:1064A0000000000000000000FF0200006D2C011041
:1064B00000000000952C011000000000000000000A
:1064C000FF0200000D2E0110E12D0110352E0110EC
:1064D0000000000000000000FF020000092D011074
:1064E000000000003D2D0110000000000000000031
:1064F000FF02000035430110D54201107142011026
:106500000000000000000000FF0200002D4201100A
:10651000E9410110A141011000000000000000004D
:10652000FF02000049410110F140011095400110A7
:106530000000000000000000FF02000055400110B4
:1065400015400110CD3F01100000000000000000C8
:10655000FF0200000D330110000000003533011070
:106560000000000000000000FF0200006133011085
:10657000000000008933011000000000000000004E
:10658000FF020000B533011000000000DD330110F0
:106590000000000000000000FF020000192F0110A1
:1065A000D92E01105D2F0110000000000000000036
:1065B000FF020000613001101D300110A9300110F0
:1065C0000000000000000000FF020000A9310110DF
:1065D00069310110ED3101100000000000000000E1
:1065E000FF02000095350110053501102536011018
:1065F0000000000000000000FF0200004937011009
:10660000B9360110D9370110000000000000000069
:1066100000030000253F0110253F0110253F011018
:10662000253F01100000000000030000253F01107D
:10663000253F0110253F0110253F011000000000FB
:1066400000030000253F0110253F0110253F0110E8
:10665000253F01100000000000030000253F01104D
:10666000253F0110253F0110253F011000000000CB
:1066700000030000253F0110253F0110253F0110B8
:10668000253F01100000000000030000253F01101D
:10669000253F0110253F0110253F0110000000009B
:1066A00000030000253F0110253F0110253F011088
:1066B000253F011000000000FF030000253F0110EE
:1066C000253F0110253F0110253F0110000000006B
:1066D000FF030000253F0110253F0110253F011059
:1066E000253F011000000000FF030000253F0110BE
:1066F000253F0110253F0110253F0110000000003B
:10670000FF030000253F0110253F0110253F011028
:10671000253F011000000000FF030000253F01108D
:10672000253F0110253F0110253F0110000000000A
:10673000FF030000253F0110253F0110253F0110F8
:10674000253F011000000000FF030000253F01105D
:10675000253F0110253F0110253F011000000000DA
:1067600000040000253F0110253F0110253F0110C6
:10677000253F01100000000000040000253F01102B
:10678000253F0110253F0110253F011000000000AA
:1067900000040000253F0110253F0110253F011096
:1067A000253F01100000000000040000253F0110FB
:1067B000253F0110253F0110253F0110000000007A
:1067C00000040000253F0110253F0110253F011066
:1067D000253F01100000000000040000253F0110CB
:1067E000253F0110253F0110253F0110000000004A
:1067F00000040000253F0110253F0110253F011036
:10680000253F011000000000FF040000253F01109B
:10681000253F0110253F0110253F01100000000019
:10682000FF040000253F0110253F0110253F011006
:10683000253F011000000000FF040000253F01106B
:10684000253F0110253F0110253F011000000000E9
:10685000FF040000253F0110253F0110253F0110D6
:10686000253F011000000000FF040000253F01103B
:10687000253F0110253F0110253F011000000000B9
:10688000FF040000253F0110253F0110253F0110A6
:10689000253F011000000000FF040000253F01100B
:1068A000253F0110253F0110253F01100000000089
:1068B00000010000093901101D390110000000001D
:1068C000000000000000000000010000253F011052
:1068D000253F0110253F0110253F011001780110CF
:1068E00000010000253F0110253F0110253F011048
:1068F000253F01100178011000010000253F011023
:10690000253F0110253F0110253F0110017801109E
:1069100000010000253F0110253F0110253F011017
:10692000253F01100178011000020000E969011003
:10693000093A011000000000000000000000000003
:1069400000020000FD690110253A0110000000005E
:10695000000000000000000000020000253F0110C0
:10696000253F0110253F0110253F0110017801103E
:1069700000020000253F0110253F0110253F0110B6
:10698000253F01100178011000020000253F011091
:10699000253F0110253F0110253F0110017801100E
:1069A00000020000253F0110253F0110253F011086
:1069B000253F01100178011000030000253F011060
:1069C000253F0110253F0110253F011001780110DE
:1069D00000030000253F0110253F0110253F011055
:1069E000253F01100178011000030000253F011030
:1069F000253F0110253F0110253F011001780110AE
:106A000000030000253F0110253F0110253F011024
:106A1000253F01100178011000030000253F0110FF
:106A2000253F0110253F0110253F01100000000007
:106A300000040000253F0110253F0110253F0110F3
:106A4000253F01100178011000040000253F0110CE
:106A5000253F0110253F0110253F0110017801104D
:106A600000040000253F0110253F0110253F0110C3
:106A7000253F01100178011000040000253F01109E
:106A8000253F0110253F0110253F0110017801101D
:106A900000040000253F0110253F0110253F011093
:106AA000253F01100000000000010000253F0110FB
:106AB000253F0110253F0110253F011001780110ED
:106AC00000020000253F0110253F0110253F011065
:106AD000253F01100178011000030000253F01103F
:106AE000253F0110253F0110253F011001780110BD
:106AF00000040000253F0110253F0110253F011033
:106B0000253F011001780110000100003939011002
:106B100051390110000000000000000000000000DA
:106B2000000100006D3901108539011000000000DE
:106B3000000000000000000000020000B969011020
:106B4000A13901100000000000000000000000005A
:106B500000020000D1690110BD39011000000000E1
:106B6000000000000000000000020000D939011000
:106B7000ED390110000000000000000000000000DE
:106B80000000000000000000000000000000000005
:106B900000000000000000000000000000000000F5
:106BA00000000000000000000000000000000000E5
:106BB00000000000000000000000000000000000D5
:106BC00000000000000000000000000000000000C5
:106BD00000000000000000000000000000000000B5
:106BE00000000000000000000000000000000000A5
:106BF0000000000000000000000000000000000095
:106C00000000000000000000000000000000000084
:106C10000000000000000000000000000000000074
:106C20000000000000000000000000000000000064
:106C30000000000000000000000000000000000054
:106C40000000000000000000000000000000000044
:106C50000000000000000000000000000000000034
:106C60000000000000000000000000000000000024
:106C70000000000000000000000000000000000014
:106C80000000000000000000000000000000000004
:106C900000000000000000000000000000000000F4
:106CA00000000000000000000000000000000000E4
:106CB00000000000000000000000000000000000D4
:106CC00000000000000000000000000000000000C4
:106CD00000000000000000000000000000000000B4
:106CE00000000000000000000000000000000000A4
:106CF0000000000000000000000000000000000094
:106D00000000000000000000000000000000000083
:106D10000000000000000000000000000000000073
:106D20000000000000000000000000000000000063
:106D30000000000000000000000000000000000053
:106D40000000000000000000000000000000000043
:106D50000000000000000000000000000000000033
:106D60000000000000000000000000000000000023
:106D70000000000000000000000000000000000013
:106D80000000000000000000000000000000000003
:106D900000000000000000000000000000000000F3
:106DA00000000000000000000000000000000000E3
:106DB00000000000000000000000000000000000D3
:106DC00000000000000000000000000000000000C3
:106DD00000000000000000000000000000000000B3
:106DE00000000000000000000000000000000000A3
:106DF0000000000000000000000000000000000093
:106E00000000000000000000000000000000000082
:106E10000000000000000000000000000000000072
:106E20000000000000000000000000000000000062
:106E30000000000000000000000000000000000052
:106E40000000000000000000000000000000000042
:106E50000000000000000000000000000000000032
:106E60000000000000000000000000000000000022
:106E70000000000000000000000000000000000012
:106E80000000000000000000000000000000000002
:106E900000000000000000000000000000000000F2
:106EA00000000000000000000000000000000000E2
:106EB00000000000000000000000000000000000D2
:106EC00000000000000000000000000000000000C2
:106ED00000000000000000000000000000000000B2
:106EE00000000000000000000000000000000000A2
:106EF0000000000000000000000000000000000092
:106F00000000000000000000000000000000000081
:106F10000000000000000000000000000000000071
:106F20000000000000000000000000000000000061
:106F30000000000000000000000000000000000051
:106F40000000000000000000000000000000000041
:106F50000000000000000000000000000000000031
:106F60000000000000000000000000000000000021
:106F70000000000000000000000000000000000011
:106F80000000000000000000000000000000000001
:106F900000000000000000000000000000000000F1
:106FA00000000000000000000000000000000000E1
:106FB00000000000000000000000000000000000D1
:106FC00000000000000000000000000000000000C1
:106FD00000000000000000000000000000000000B1
:106FE00000000000000000000000000000000000A1
:106FF0000000000000000000000000000000000091
:107000000000000000000000000000000000000080
:107010000000000000000000000000000000000070
:107020000000000000000000000000000000000060
:107030000000000000000000000000000000000050
:107040000000000000000000000000000000000040
:107050000000000000000000000000000000000030
:107060000000000000000000000000000000000020
:107070000000000000000000000000000000000010
:107080000000000000000000000000000000000000
:1070900000000000000000000000000000000000F0
:1070A00000000000000000000006000000000000DA
:1070B000000000000000000000000000F17401105A
:1070C000413D01106D3D0110993D0110C53D01107C
:1070D000F53D0110293E01105D3E0110913E011069
:1070E00000000000116A0110FD3B011000000000CB
:1070F0000000000000000000913A0110B13A0110B8
:10710000000000000000000000000000B13B011082
:107110001D3C011000000000000000000000000005
:10712000D13B0110413C01100000000000000000B4
:107130000102030405060708090C0A0B0000000001
:10714000FDC0011025B40110CDBA0110DDB601104B
:1071500049B30110CDBC011025BF011059B7011072
:10716000F1B2011079BD01107DB901102DBE0110E1
:1071700000000000B2E2011064D3011058D60110E3
:1071800058D6011058D60110DCD8011064D3011074
:1071900064D3011064D3011064D3011064D30110CF
:1071A000ACD8011070DB011044DA011008DC0110CA
:1071B000C0D901109CDF011076DD011064D30110ED
:1071C00064D3011064D3011064D3011064D301109F
:1071D00064D3011064D3011064D301104EDD01109B
:1071E00076DC011064D3011064D3011064D3011064
:1071F00064D3011064E2011088E0011008E101107D
:10720000FED9011000E3011064D3011064D3011012
:1072100064D3011090D3011090D3011090D30110CA
:1072200090D3011090D3011090D3011090D301108E
:1072300090D3011090D3011090D3011090D301107E
:1072400090D3011090D3011090D30110D0D401102D
:10725000D0D40110D0D40110D0D40110D0D401105A
:10726000D0D40110D0D40110D0D40110D0D401104A
:10727000A2E10110CAE30110F4D701104EE401109D
:1072800098E30110CEE2011010D6011006D60110CD
:1072900006D6011006D6011006D6011006D601103A
:1072A00006D6011006D6011006D6011006D601102A
:1072B00006D6011078D70110FCD50110FCD50110BD
:1072C000FCD50110FCD50110FCD50110FCD5011036
:1072D000FCD50110FCD50110FCD50110FCD5011026
:1072E00036D7011036D7011036D7011036D7011026
:1072F00036D7011036D701102CD701102CD701102A
:107300002CD701102CD701102CD701102CD701102D
:1073100010D6011010D6011010D6011086D301101E
:1073200086D3011086D3011086D3011086D30110B5
:1073300086D3011086D3011086D3011086D30110A5
:1073400086D3011086D3011086D3011086D3011095
:1073500086D3011086D301101CD601101CD6011053
:107360001CD6011056D3011056D3011056D301106C
:1073700056D3011056D3011056D3011056D3011025
:1073800056D3011056D3011056D3011056D3011015
:1073900056D3011056D3011056D3011056D3011005
:1073A0004AD701104AD701104AD701104AD7011015
:1073B0004AD701104AD701104AD7011040D701100F
:1073C00040D7011040D7011040D7011040D701101D
:1073D00040D7011040D7011060D7011060D70110CD
:1073E00060D7011060D7011060D7011060D701107D
:1073F00060D7011056D7011056D7011056D701108B
:1074000056D7011056D7011056D7011056D7011084
:1074100078D7011028D6011028D601102CE20110CF
:107420002CE20110A0D80110A0D8011094D80110AE
:1074300094D801104CD601104CD6011040D6011042
:1074400040D6011056E2011056E2011048E2011048
:107450003AE201103AE2011034D6011034D601109C
:107460001EE2011028D601104CD6011040D60110A2
:1074700034D6011010D6011010D601101CD6011000
:107480001CD601101CD6011064D3011064D3011066
:1074900064D3011064D3011064D3011064D30110CC
:1074A00064D3011064D3011064D3011064D30110BC
:1074B00064D3011064D3011064D3011064D30110AC
:1074C00064D3011064D3011064D3011064D301109C
:1074D00064D3011064D3011064D3011064D301108C
:1074E00064D3011064D3011064D3011064D301107C
:1074F00064D3011064D3011064D3011064D301106C
:1075000064D3011064D3011064D3011064D301105B
:1075100064D3011064D3011064D3011064D301104B
:1075200064D3011064D3011064D3011064D301103B
:1075300064D3011064D3011064D3011064D301102B
:1075400064D3011064D3011064D3011064D301101B
:1075500064D3011064D3011064D3011064D301100B
:1075600064D30110FAE1011028D6011028D60110C9
:107570002CE201102CE2011094D8011094D80110D3
:107580004CD601104CD6011064D3011064D3011005
:1075900066E901107CE80110000000000000000016
:1075A0001C1E0210CC1D0210CC1D0210141E021055
:1075B000CC1D0210CC1D0210CC1D0210CC1D0210DF
:1075C000CC1D0210CC1D0210CC1D02100C1E02108E
:1075D000CC1D0210041E0210CC1D0210CC1D021086
:1075E000FC1D02103C200210321E02102C20021042
:1075F000321E021016200210321E0210321E02101D
:10760000321E0210321E0210321E0210321E0210F2
:10761000321E0210241E0210321E0210321E0210F0
:10762000321E0210321E0210321E0210241E0210E0
:10763000DA200210861D0210861D0210861D02101F
:10764000861D0210861D0210861D0210861D021066
:10765000861D0210861D0210861D0210861D021056
:10766000861D0210861D0210861D0210861D021046
:10767000861D0210861D0210861D0210861D021036
:10768000861D0210861D0210861D0210861D021026
:10769000861D0210861D0210861D0210861D021016
:1076A000861D0210861D0210861D0210861D021006
:1076B00050200210A820021050200210861D021037
:1076C000861D0210861D0210861D0210861D0210E6
:1076D000861D0210861D0210861D0210861D0210D6
:1076E000861D0210861D0210861D0210861D0210C6
:1076F000861D0210861D0210861D0210EA2202104D
:10770000861D0210861D0210861D0210861D0210A5
:10771000861D0210861D0210861D0210861D021095
:10772000861D0210EA220210EC200210EA2202104A
:1077300050200210A820021050200210000000006B
:10774000000000000000F03F0000000000002440A6
:1077500000000000000059400000000000408F4081
:10776000000000000088C34000000000006AF840EC
:107770000000000080842E4100000000D012634110
:107780000000000084D797410000000065CDCD4186
:1077900006005250D3F0754210B802100600525045
:1077A000E182887F18B8021006005250BBFF3CB639
:1077B00030B802100D0A0000E93D0210ED3D021044
:1077C000F93D0210253E0210213E0210000000008B
:1077D0000600525053B4F4A148B802100000000053
:1077E0005CB802106CB80210F41C012074B80210CE
:1077F00080B8021009025400030100807D080B00CC
:107800000202020000090400000102020004052433
:1078100000200105240100010424020205240600C1
:10782000010705810308001009040100020A000095
:10783000000705020240000007058202400000091F
:1078400004020000FF00010512010002EF020140E6
:107850008A2E0A00000101020301000038490210CB
:10786000D24A0210864A021038490210684A0210B1
:10787000504A0210D8490210864902107A49021073
:10788000EE4D0210D44D0210844B0210024E021035
:10789000844B0210BC4D0210A84D0210844B021004
:1078A000944D02106A4D0210844B0210864E021055
:1078B0006A4E02105E4E0210844B0210844B02107E
:1078C000404E02106A4E0210844B0210844B02108C
:1078D000844B0210844B0210844B0210844B021024
:1078E000844B02101C4E02108D56021009570210D4
:1078F0003557021019580210FD5802100000000000
:10790000002020202020202020202828282828206F
:107910002020202020202020202020202020202067
:1079200020881010101010101010101010101010CF
:1079300010040404040404040404041010101010BF
:107940001010414141414141010101010101010189
:1079500001010101010101010101010110101010DB
:10796000101042424242424202020202020202025B
:1079700002020202020202020202020210101010AF
:1079800020000000000000000000000000000000D7
:1079900000000000000000000000000000000000E7
:1079A00000000000000000000000000000000000D7
:1079B00000000000000000000000000000000000C7
:1079C00000000000000000000000000000000000B7
:1079D00000000000000000000000000000000000A7
:1079E0000000000000000000000000000000000097
:1079F0000000000000000000000000000000000087
:047A00000000000082
:107A0400907704109C77041088020010A877041063
:107A140094020010A0020010AC020010D0770410F1
:107A240070B5437804007F33DBB2092B06D8944A3F
:107A34009B00D3589F460122924B1A7070BD438815
:107A4400022BFBD90279904B1A7042798F4B1A7032
:107A540082798F4B1A7001228E4B1A70EEE743889D
:107A6400052BEBD907238C490A78013213408B4A42
:107A740012789A42E2D008782579894A40008554E0
:107A8400087864794000121854700B70D6E7438864
:107A9400092BD3D9437902791B0213431B04814A6E
:107AA4001B141380C37981791B020B431B041B1421
:107AB4005380437A017A1B020B431B041B149380EB
:107AC400C37A817A1B020B43D380437B017B1B0265
:107AD4000B431B041B1413810122734B1A70ADE773
:107AE4004388082BAAD9457903792D021D436F4B8E
:107AF4009D4200D8B2E064226D4B1A700123180035
:107B0400227B6C49104008706B490B706B4B1D80D5
:107B1400E379A1791B020B4369490B80E37AA17ACB
:107B24001B020B4367490B80674B1A7086E7438837
:107B3400052B00D882E76549037942790B70837974
:107B44004E781B021343C27912041A43037AFF20AE
:107B540005001B06134301221D404D701D0A0540FC
:107B64008E788D701D0C28401B0ECD78C870087956
:107B74000B71637A4B71564B1A705FE74388002B85
:107B840000D15BE702795349101C102A64D80870AD
:107B9400002A5DD0012B5BD060794870012A57D050
:107BA400022B55D0A0798870022A51D0032B4FD0D4
:107BB400E079C870032A4BD0042B49D0207A08718D
:107BC400042A45D0052B43D0607A4871052A3FD05A
:107BD400062B3DD0A07A8871062A39D0072B37D0DE
:107BE400E07AC871072A33D0082B31D0207B087281
:107BF400082A2DD0092B2BD0607B4872092A27D064
:107C04000A2B25D0A07B88720A2A21D00B2B1FD0E7
:107C1400E07BC8720B2A1BD00C2B19D0207C087374
:107C24000C2A15D00D2B13D0607C48730D2A0FD06D
:107C34000E2B0DD0A07C88730E2A09D00F2B07D0F1
:107C4400E07CC8730F2A03D0102B01D0237D0B7462
:107C54000122214B1A70F1E6102098E71F4B9D4238
:107C640003D80022124B1A7048E764201C4B1D49AC
:107C7400EB18584301F078FB0D4BC0B218703DE788
:107C840018820210219D0120259D0120279D01209D
:107C9400269D0120249D01201B9D01201C9D012067
:107CA400682B00203C2A0020149D01203510000080
:107CB400199D0120169D0120179D01200A9D012078
:107CC4000C9D0120089D0120189D01207470002046
:107CD4002A9D012014400020239D0120E40C000073
:107CE4001CF3FFFF52030000F0B50326154F3B7849
:107CF40001331E40144B1B78B3421FD080253B78C0
:107D04004178DAB294469A01104CD3189B00E1549E
:107D140043886D00191CAB4211D862449200A41828
:107D24008DB26180002B08D000230430C15CE218BE
:107D3400013311719AB29542F8D83E70F0BD291CF6
:107D4400EBE7C046329D0120339D0120E0780020FE
:107D540070B5094CA369DB060CD41025074EA36942
:107D64001D42FCD121683000C9B200F041F8A3697A
:107D74001D42F4D070BDC04600400340284000209E
:107D8400F0B5C646144C00B5A369DB061CD4134BEE
:107D940010259846124EA3691D42FCD12168337800
:107DA400C9B2002B13D00F4A0F481388008801333F
:107DB4009B059B0D984204D010880C4F80B2395417
:107DC4001380A3691D42E6D080BCB846F0BD40468E
:107DD40000F00EF8F5E7C04600800340485000204C
:107DE4003A9D0120109D01200E9D0120F07C002071
:107DF400F8B503780400072B00D948E1C64A9B0074
:107E0400D3589F46C54BC15407230370F8BDC34BD9
:107E14000902C55CC24B0D43E552C37881881B023D
:107E2400DB43AC469AB218B21B0400D588E1520079
:107E340093B212B2002A00DA7CE15B009AB21BB260
:107E4400002B00DA94E1520093B212B2002A00DA55
:107E540088E15B009AB21BB2002B00DA7CE152008D
:107E640093B212B2002A00DA70E15B009AB21BB23C
:107E7400002B00DAABE1520093B212B2002A00DA0E
:107E8400A0E15B009BB20A0253409AB218B21B04F1
:107E940000D591E1520093B212B2002A00DA85E1D2
:107EA4005B009AB21BB2002B00DA79E1520093B264
:107EB40012B2002A00DA6DE15B009AB21BB2002B09
:107EC40000DA61E1520093B212B2002A00DA55E1FD
:107ED4005B009AB21BB2002B00DA0CE1520093B2A1
:107EE40012B2002A00DA01E15B009BB2FF22080013
:107EF400904343401AB2002A00DAF1E05B009AB2E0
:107F04001BB2002B00DAE5E053009AB21BB2002B3F
:107F140000DAD9E0520093B212B2002A00DACDE0BE
:107F24005B009AB21BB2002B00DAC1E0520093B29C
:107F340012B2002A00DAB5E05B009AB21BB2002B41
:107F440000DAE3E0520093B212B2002A00DAD8E079
:107F54005B009BB2002900D18DE000227148A61D70
:107F640022E06D00AFB22DB2002D2EDB7F00BBB23C
:107F74003FB2002F2FDB5B009FB21BB2002B30DB24
:107F84007F00BBB23FB2002F31DB5B009FB21BB25C
:107F9400002B32DB7F00BBB23FB2002F33DB5B0030
:107FA4009BB20132914266D9B75C3F027B401FB25B
:107FB400002F5BDB5B009DB21BB2002BD1DA5B00B0
:107FC40043401DB29FB2002DD0DA6B0043401FB274
:107FD4009BB2002FCFDA7F0047403BB2BFB2002BE9
:107FE400CEDA5B0043401FB29BB2002FCDDA7F0094
:107FF40047403BB2BFB2002BCCDA5B0043401FB218
:108004009BB2002FCBDA7F004740BBB2C9E7032302
:10801400C1700370FAE6042381800370F6E60B0254
:1080240081881943802381805B01994232D93E4A79
:1080340083580133835000230370E7E63B48225AF8
:10804400531C9BB2A21823529171A2889A4200D960
:10805400DCE606232370D9E6F12900D0D6E6012315
:108064000370D3E6022381700370CFE67F0047409C
:108074003BB2BDB2A1E79C4500D1AEE02C4AA35867
:108084000133A3500023294A2370A352BEE60023E0
:108094000370BBE60029DCD00022244BC252052326
:1080A4000370B3E653001F4A5A4013B292B246E734
:1080B4005A001C4B53401AB29BB23AE75300194A78
:1080C4005A4013B292B22EE75A00164B53401AB2DA
:1080D4009BB222E7134A5B005A4013B292B216E7EE
:1080E4005300104A5A4013B292B20AE70D4B5200A1
:1080F40053409BB2FAE65A000A4B53401AB29BB261
:10810400EFE6084B520053409BB223E75A00054B5D
:1081140053401AB29BB218E7BC5604100A10000070
:1081240006100000211000001C10000008100000C0
:10813400181000005300304A5A4013B292B27FE63E
:108144002D4B400043401AB29BB273E653002A4AB7
:108154005A4013B292B28BE65A00274B53401AB2DC
:108164009BB27FE65300244A5A4013B292B273E69C
:108174005A00214B53401AB29BB267E653001E4A81
:108184005A4013B292B2A6E65A001B4B53401AB29D
:108194009BB29AE65300184A5A4013B292B28EE642
:1081A4005A00154B53401AB29BB282E65300124A4E
:1081B4005A4013B292B276E60F4B400043401AB2D3
:1081C4009BB26AE60C4B520053409BB25BE65A00EA
:1081D400094B53401AB29BB250E6084AA3580133E4
:1081E400A350074BE358002B00D14BE7054AA01CD2
:1081F400A158984746E7C04621100000141000001B
:108204000C10000010100000D02330B500251B0610
:1082140000245D5705E0BFF35F8F1C6081F3108875
:1082240020BF0268EFF3108172B61368002BFCD0F4
:10823400BFF35F8F027903687F2AECD90571BFF31E
:108244005F8F00221A6081F3108830BD030000683C
:10825400EFF3108C72B60268002AFCD0BFF35F8F74
:1082640004229A56002A0BDB002900D00A60002061
:108274001B68BFF35F8F00221A608CF3108870476D
:10828400D0221206126801201A71F1E7F0B5C64631
:10829400150000B504001E000268EFF3108172B6E9
:1082A4001368002BFCD0BFF35F8F0423E3562268CE
:1082B400002B2BDBBFF35F8F0020106081F310884D
:1082C400D02212061278002752B290469A420ED15A
:1082D400002080BCB846F0BDBFF35F8F176081F308
:1082E40010882800310001F00FF80028F0D122682E
:1082F400EFF3108172B61368002BFCD0BFF35F8FCD
:10830400237922687F2BE7D9434602E0D0231B065A
:108314001B682371BFF35F8F0023136081F3108800
:108324000120D6E7F0B5C64600B50D00040001F003
:108334000BF8FA2206000F00002328000021920007
:1083440000F0EAFF36184F41002F02DA0126174FDA
:108354007642D0231B061B68002598460AE0BFF32B
:108364005F8F156081F310883000390000F0CCFF76
:10837400002818D12268EFF3108172B61368002B1D
:10838400FCD0BFF35F8F237922687F2BE7D9434664
:108394002371BFF35F8F0023136081F310880120E2
:1083A40080BCB846F0BD0020FAE7C046FFFFFF7F5F
:1083B400F0B54F46D6464646C0B51F00D0231B062F
:1083C4001B6804009A460023904699460BE0BFF3CD
:1083D4005F8F4946116083F310884046390000F0EE
:1083E40093FF00281AD12668EFF3108372B635681C
:1083F400002DFCD0BFF35F8F257922687F2DE6D94D
:1084040051462171BFF35F8F0021116083F31088FF
:108414000120E0BCBA46B146A846F0BD0020F8E70A
:108424000268EFF3108172B61368002BFCD0BFF31F
:108434005F8FFF2303710368BFF35F8F00221A600D
:1084440081F3108840BF704710B5084C2378002B87
:108454000AD18023064807495B051A68C2500433D1
:108464008B42FAD10123237010BDC0461A9D01200E
:10847400682A00100001001010B5014B984710BD88
:10848400692A0020034B1A68C0239B009343024AC5
:10849400136070470C8001400C900140054B1A6832
:1084A40080239B005340C02292001340024A136071
:1084B4007047C0460C8001400C900140F0B5802309
:1084C400D6464F464646421804000D00C0B59B03ED
:1084D4009A4227D800270026B88A338B1349984735
:1084E400338B82461249B88A9847338B81461149A7
:1084F400B88A9847338B10498046B88A9847060053
:10850400FFF7A2FFD047C84780222900D8232000C4
:108514005202C047B047FFF7AFFFE0BCBA46B146CE
:10852400A846F0BD00F000FFD4E7C046494600006D
:10853400455800005245000046430000F8B54E4639
:108544004546DE4657468023E0B5150082180400F0
:1085540089469B039A4226D800270026B88A338B83
:1085640012499847338B83461149B88A9847338B0D
:1085740082461049B88A9847338B0F498046B88A97
:1085840098470600FFF760FFD847D0472A004946BE
:108594002000C047B047FFF76FFFF0BCBB46B246B0
:1085A400A946A046F8BD00F0BFFED5E74946000045
:1085B4004558000052500000464300000023F0B527
:1085C400DE4657464E4645469A46E0B583B001908E
:1085D4000E00988A42491B8B1400984753468146E3
:1085E4004049988A1B8B984753463F490500988A0F
:1085F4001B8B98478046FFF727FFC847A847FFF71C
:108604004DFF251E22D00823C0219C460220490587
:1086140062468B6A1A4018423CD0631B002D2CD151
:10862400002A11D1002C11D0C0235B059B460223E4
:108634009A46063399465B464A4657469B6A1A4011
:108644001F423FD0002AF6D0002C2DD1FFF71AFF8D
:10865400C047FFF711FF03B0F0BCBB46B246A946C2
:10866400A046F0BD002C2FD1C0225205926A91463B
:1086740008224F463A40BF072DD50D2B1BD9002A9F
:10868400F0D1C0225205926A914608224F463A40E0
:10869400BF07F2D4002A04D12B002343002BB7D107
:1086A400D4E72B00002CF9D00B6E013C337023006F
:1086B40001362B43F2E7019F013D3B7801370B66FE
:1086C4000197E7E70025E5E7C0235B051B6E013C46
:1086D400337001369CE72B00002ADFD1DCE7C0466B
:1086E4004946000045580000464300000022154B4F
:1086F40010B59A60DA601A615A619A61DA611A6295
:108704005A629A62DA621A635A639A63DA631A647F
:108714005A649A64DA641A655A659A65DA651A665F
:108724005A669A66DA661A675A679A67DA67F0329F
:1087340092000021044800F00FFE044B044A1A6022
:1087440010BDC046000010504C3C0020BC780020F6
:1087540080011050F0B557464E464546DE46E0B51A
:10876400274B00259F6D012689B0002F25D0254B6E
:108774009A4601239B46244B019301E0202D1CD0F3
:1087840032002C000135B0463A40EDB27600002AA2
:10879400F4D0534642469A655B4664082B40640015
:1087A400E418019B64019C466444200000F0BAFB79
:1087B400002809D143469F43E0D109B0F0BCBB4631
:1087C400B246A946A046F0BD05A98946E28AA37827
:1087D40004A80392002106220630029300F0BCFD97
:1087E400E0234946DB00039A0B80029B48460B7149
:1087F4008A60012100F0BEFB200000F02DFBD9E7C8
:1088040000001150003011500C3C00209823CB4A3A
:10881400F0B5D55880232C009B02102685B01C404F
:108824001D427AD0C64BC74C9A6AC74B00261A60C1
:108834003B23E35C022B00D10BE17B23E35C022BA3
:1088440000D117E1BB23E35C022B00D11EE1FB2323
:10885400E35C022B00D125E13C23FF33E35C022BD4
:1088640000D12BE17C23FF33E35C022B00D132E106
:10887400BC23FF33E35C022B00D189E1FC23FF33EB
:10888400E35C022B00D13FE1B04BE35C022B00D14F
:1088940095E1AF4BE35C022B00D129E1AD4BE35CE6
:1088A400022B00D180E1AC4BE35C022B00D138E118
:1088B400AA4BE35C022B00D18CE1A94BE35C022BB5
:1088C40000D19AE0A74BE35C022B00D18DE1A64BCB
:1088D400E35C022B00D1AAE0002E08D1A34B1B7845
:1088E400002B04D18021A24A90338902D150934BAA
:1088F4000A229C6C6B460021981D00F02DFDC023BC
:108904006A4664059B00640D93800121029401A8CA
:10891400802400F02FFB974EA402EB0669D4802339
:108924005B021D4214D0012223211C43854B5A545F
:10893400DA70C023904ADB00019302AB03CA03C37D
:10894400012101A800F016FB8022894B92021A65CE
:1089540080235B011D4233D18023DB011D421CD1E6
:1089640080231B021D4204D1AC4200D0C4E105B0F7
:10897400F0BD1C436B460A220021981D00F0ECFC5C
:10898400A0236A46DB009380012101A800F0F2FADB
:108994008022774B12011A65E6E71C436B460A22D4
:1089A4000021981D00F0D8FC80236A46DB009380E8
:1089B400012101A800F0DEFA10226D4B1A65CFE701
:1089C40000221C435D4B1A60FFF790FE6B460A229F
:1089D4000021981D00F0C0FC80236A465B00938050
:1089E400012101A800F0C6FA8022614B12031A6526
:1089F400B2E7FFF7AFFE340091E7604BE75C002F6E
:108A040000D15FE70233E25C002A00D066E1554BF7
:108A1400E35C022B00D0F2E0594BE35C002B00D066
:108A2400E8E0514BE35C022B00D060E73E00554B7D
:108A3400E35C002B00D14FE7FF239B00E25C002A9C
:108A440000D154E70022E2541C3BE01800F036FA4F
:108A54004DE73833E65C002E00D1EEE60233E25CEB
:108A6400002A00D1E9E6200000222030E25400F080
:108A740025FAE2E67833E75C002F00D1E2E6023320
:108A8400E25C002A00D021E13E00DBE6B833E75C7B
:108A9400002F00D1DBE60233E25C002A00D00DE1B6
:108AA4003E00D4E6F833E75C002F00D1D4E602336D
:108AB400E25C002A00D0F9E03E00CDE63933FF3312
:108AC400E75C002F00D1CDE60233E25C002A00D03F
:108AD400E3E03E00C6E67933FF33E75C002F00D1C4
:108AE400C6E60233E25C002A00D0CDE03E00BFE6D9
:108AF400254BE75C002F00D1D0E60233E25C002A6C
:108B040000D0B9E03E00C9E6F933FF33E75C002F3B
:108B140000D1B9E60233E25C002A00D0A3E03E00B3
:108B2400B2E61A4BE75C002F00D1C1E60233E25CE7
:108B3400002A00D08FE03E00BAE6C0460000115083
:108B4400004005400C3C0020F02B00203B020000BC
:108B54007B020000BB020000FB0200003B0300009C
:108B64007B030000BB030000FB030000139D0120F6
:108B74000030115010000200000010507A03000071
:108B8400BA030000FA0300007A020000FA020000AF
:108B9400B933FF33E75C002F00D16FE60233E25CA8
:108BA400002A4FD13E0069E6564BE75C002F00D106
:108BB40079E60233E25C002A3CD13E0073E6524B74
:108BC400E75C002F00D164E60233E25C002A29D17D
:108BD4003E005EE64D4BE75C002F00D16DE60233AC
:108BE400E25C002A16D13E0067E6494BE35C002BA9
:108BF40000D16CE6EF239B00E25C002A75D1454B63
:108C0400E35C022B00D072E6434BE35C002B00D103
:108C14006DE611E70022E2541C3BE01800F04EF927
:108C24003E004AE60022E2541C3BE01800F046F9FC
:108C34003E002EE60022E2541C3BE01800F03EF910
:108C44003E0030E620000022A130FF30E2543E0016
:108C540000F034F912E60022E2541C3BE01800F064
:108C64002DF93E0024E620000022E130FF30E254DA
:108C74003E0000F023F907E60022E2541C3BE01812
:108C840000F01CF93E0009E6200000226130FF30AC
:108C9400E2543E0000F012F9EAE5200000222130FF
:108CA400FF30E2543E0000F009F9DBE52000002229
:108CB400E030E2543E0000F001F9CDE5200000224E
:108CC400A030E2543E0000F0F9F8C0E52000002294
:108CD4006030E2543E0000F0F1F8B3E50022E254C3
:108CE4001C3BE01800F0EAF891E60022E2541C3B39
:108CF400E01800F0E3F882E721000848694000F03A
:108D04001BFBC046BA0200003A0200003A0300000E
:108D1400BA030000FB030000FA03000088B8021045
:108D2400084A0300126C0020920703D49A78D209EF
:108D3400012A00D07047D87E023843425841C0B25D
:108D4400F8E7C0460000115010B5FFF7E9FF00280E
:108D54000CD00749074B8C46074A9B6A1268634448
:108D64009B1A0020C6229A424041C0B210BDC046A0
:108D7400E0FCFFFF00400540F02B0020F8B5028B1B
:108D8400838A04000F00161C9A4200D91E1CE27844
:108D940080211500681E8541B6B2C90031436D03B8
:108DA4000D4301214A409B1BE27062789BB2A3826F
:108DB400002A09D0002B02D18023DB011D43002FA0
:108DC40000D02D042800F8BDE068BB01C0183200B3
:108DD400216900F0D1FA23699B19236180231B02C6
:108DE4001D43A38AE6E7C046836870B504001D6886
:108DF400002900D02D0C6378AD05AD0D002B09D1F1
:108E0400E38AEB18E382238BAB4201D90023A382CC
:108E1400280070BDE368890159182A00206900F010
:108E2400ABFAE38AEB18E38223695B192361EAE76F
:108E340010B50400836800211B68FFF7D5FF636841
:108E44001B685B0002D5238B834200D010BD012137
:108E54002000FFF7C9FFF9E700238376436103612C
:108E64007047C04610B58368002901D01C682140B2
:108E7400002A11D08024E400114322420CD01A6845
:108E840022420BD10A4A0A401A60FFE7FFE7FFE7D4
:108E9400FFE7FFE7FFE78368196010BD81787F2053
:108EA400CA09044B92000140D258034800F044FA26
:108EB400FFFBFFFFD81A00209CB80210436870B56E
:108EC4000021802504001E68FFF758FF124B6D0136
:108ED4001A6C0543A37892070ED55B060ED00F4B90
:108EE4001E4080239B0533436268002113602000E9
:108EF4002A00FFF7B7FF70BDDB09F0D0A38A002B6F
:108F0400EDD001212000FFF739FFA023044ADB053F
:108F1400324005431343E7E700001150FFFFFFAF62
:108F2400FFFFFFDF70B5857E0400002D14D0FFF72E
:108F34007FFFA38A002B01D1280070BD2000FFF71A
:108F440003FF002803D0012300252377F4E7200042
:108F5400FFF7B4FF0025EFE781787F20CA09034BB0
:108F640092000140D258024800F0E6F9D81A0020D5
:108F7400BCB80210F0B5C64600B54378050084B00D
:108F8400042B00D178E047D8022B00D186E0032BD4
:108F940056D14E4F4E4A002490463B784D4E03E046
:108FA4000134E4B29C4216D8002EF9D09C42F7D288
:108FB4004146620009681219D2008A18002AEFD0CB
:108FC4005269002AECD069682878904701343B78CC
:108FD400E4B29C42E8D9404B1A78520748D50421A0
:108FE4001A7801AE8A431A706B460A220021981D32
:108FF40000F0B2F92B78337005237370374B1C687B
:109004006269EFF3108172B61368002BFCD0BFF3D2
:109014005F8FA161310020E0052B11D12E4B1A780E
:10902400D20725D504211A788A431A702B4B1C6861
:109034006269EFF3108172B61368002B09D1FBE764
:10904400264B1C686269EFF3108172B61368002B1B
:10905400FCD0BFF35F8FA1612900200000F04CF920
:109064006269A369BFF35F8F0021116083F31088E5
:1090740004B080BCB846F0BD174B1A78D207F7D5B8
:1090840004211A780A431A70144B1C686269EFF3BE
:10909400108172B61368002BDBD1FBE701200E4A66
:1090A40011788143117011789943002311700421C0
:1090B400537013788B431370084B1C686269EFF389
:1090C400108172B61368002BC3D1FBE7129D0120F7
:1090D400F8250020853E0210202900207829002050
:1090E400D020FF23000670B50124174D036502E06C
:1090F400836DAB4203D0036D1C42F9D170BDEFF315
:10910400108C72B6D02202211206136D1942FCD0C3
:109114000D4B536540BFD02201210C4E120600E0D6
:1091240020BF136D1942FBD0936DB342F9D18CF378
:109134001088D02202211206136D1942FCD0034B71
:10914400536540BFD7E7C0461E83A873E17C578CA4
:10915400F0B5CE46474605001E0018001C00042347
:1091640080B5894602279C46002831D0002E33D092
:10917400EB681F421AD033000833A3420FD8002CE7
:109184002DD10223E9680B4236D1002E20D0EB68A2
:1091940000241F42FBD033000833A342EFD94B46CF
:1091A4001B78013EAB6001239846C144002CECD0EF
:1091B4006146EB68194215D1002ED9D10421EB6820
:1091C4001942FCD0AB68013C13700132002CF5D17C
:1091D400C0BCB946B046F0BD002CF9D0EEE7EB6850
:1091E4005B07C5D5AB68013C13702300511C88464E
:1091F4003343EDD04246B9E731000831CFD1C1E75E
:1092040030B50400101E0AD00A000D180221E368CC
:109214001942FCD013780132A360AA42F7D1E36863
:109224005B0704D50421A368E3681942FBD110212C
:10923400E3681942FCD1E3685B0704D50421A36801
:10924400E3681942FBD10123236230BDF0B5CE4659
:10925400474605001E0018001C00042380B58946FB
:1092640002279C4600282DD0002E2FD0EB681F42E9
:1092740016D033000833A3420FD8002C29D102237F
:10928400E9680B4232D1002E1CD0EB6800241F4247
:10929400FBD033000833A342EFD94B46013EAB6009
:1092A400002CF0D06146EB68194215D1002EDDD1B7
:1092B4000421EB681942FCD0AB68013C1370013205
:1092C400002CF5D1C0BCB946B046F0BD002CF9D095
:1092D400EEE7EB685B07C9D5AB68013C137023006C
:1092E400511C88463343EDD04246BDE73100083176
:1092F400D3D1C5E77047C04601B40248844601BCD7
:10930400604700BFDD5D021001B40248844601BC21
:10931400604700BF7500021001B40248844601BCD6
:10932400604700BF2D37021001B40248844601BCD7
:10933400604700BF7110021001B40248844601BCAA
:10934400604700BF4110021001B40248844601BCCA
:10935400604700BF2902021001B40248844601BCE0
:10936400604700BFDD38021001B40248844601BCE6
:10937400604700BF9D2A021001B40248844601BC24
:10938400604700BFE9380210C81000000000000068
:1093940000000100000000000000000000000200C6
:1093A40000000000000000000000030000000000B6
:1093B400000000000000FF000000000001B5486844
:1093C40001318E460047704609380149884701BD7E
:1093D40039F801108C1A00200000000080210020C0
:1093E400842B00200000000000000000942B0020CB
:1093F4000000000000000000100000000000000059
:10940400503300004C33000054330000523300004A
:109414004D5300004D43000053340000433400001A
:10942400C93F0210000000003D3F0210C53E02107B
:1094340000000000000100002C83021030A4021080
:109444007C29002010000C00000000000000000037
:10945400000000000000000000000000FF00000009
:10946400004004400000000021690210D16802108D
:10947400A5680210FFFFFFFF0000020000000000CB
:109484000000000000000000201B0020201B002022
:10949400281B0020281B0020301B0020301B00202C
:1094A400381B0020381B0020401B0020401B0020DC
:1094B400481B0020481B0020501B0020501B00208C
:1094C400581B0020581B0020601B0020601B00203C
:1094D400681B0020681B0020701B0020701B0020EC
:1094E400781B0020781B0020801B0020801B00209C
:1094F400881B0020881B0020901B0020901B00204C
:10950400981B0020981B0020A01B0020A01B0020FB
:10951400A81B0020A81B0020B01B0020B01B0020AB
:10952400B81B0020B81B0020C01B0020C01B00205B
:10953400C81B0020C81B0020D01B0020D01B00200B
:10954400D81B0020D81B0020E01B0020E01B0020BB
:10955400E81B0020E81B0020F01B0020F01B00206B
:10956400F81B0020F81B0020001C0020001C002019
:10957400081C0020081C0020101C0020101C0020C7
:10958400181C0020181C0020201C0020201C002077
:10959400281C0020281C0020301C0020301C002027
:1095A400381C0020381C0020401C0020401C0020D7
:1095B400481C0020481C0020501C0020501C002087
:1095C400581C0020581C0020601C0020601C002037
:1095D400681C0020681C0020701C0020701C0020E7
:1095E400781C0020781C0020801C0020801C002097
:1095F400881C0020881C0020901C0020901C002047
:10960400981C0020981C0020A01C0020A01C0020F6
:10961400A81C0020A81C0020B01C0020B01C0020A6
:10962400B81C0020B81C0020C01C0020C01C002056
:10963400C81C0020C81C0020D01C0020D01C002006
:10964400D81C0020D81C0020E01C0020E01C0020B6
:10965400E81C0020E81C0020F01C0020F01C002066
:10966400F81C0020F81C0020001D0020001D002014
:10967400081D0020081D0020101D0020101D0020C2
:10968400181D0020181D0020201D0020201D002072
:10969400281D0020281D0020301D0020301D002022
:1096A400381D0020381D0020401D0020401D0020D2
:1096B400481D0020481D0020501D0020501D002082
:1096C400581D0020581D0020601D0020601D002032
:1096D400681D0020681D0020701D0020701D0020E2
:1096E400781D0020781D0020801D0020801D002092
:1096F400881D0020881D0020901D0020901D002042
:10970400981D0020981D0020A01D0020A01D0020F1
:10971400A81D0020A81D0020B01D0020B01D0020A1
:10972400B81D0020B81D0020C01D0020C01D002051
:10973400C81D0020C81D0020D01D0020D01D002001
:10974400D81D0020D81D0020E01D0020E01D0020B1
:10975400E81D0020E81D0020F01D0020F01D002061
:10976400F81D0020F81D0020001E0020001E00200F
:10977400081E0020081E0020101E0020101E0020BD
:10978400181E0020181E0020201E0020201E00206D
:10979400281E0020281E0020301E0020301E00201D
:1097A400381E0020381E0020401E0020401E0020CD
:1097B400481E0020481E0020501E0020501E00207D
:1097C400581E0020581E0020601E0020601E00202D
:1097D400681E0020681E0020701E0020701E0020DD
:1097E400781E0020781E0020801E0020801E00208D
:1097F400881E0020881E0020901E0020901E00203D
:10980400981E0020981E0020A01E0020A01E0020EC
:10981400A81E0020A81E0020B01E0020B01E00209C
:10982400B81E0020B81E0020C01E0020C01E00204C
:10983400C81E0020C81E0020D01E0020D01E0020FC
:10984400D81E0020D81E0020E01E0020E01E0020AC
:10985400E81E0020E81E0020F01E0020F01E00205C
:10986400F81E0020F81E0020001F0020001F00200A
:10987400081F0020081F0020101F0020101F0020B8
:10988400181F0020181F0020301F002000000000B7
:1098940000000000C024002028250020902500207E
:1098A40000000000000000000000000000000000B4
:1098B40000000000000000000000000000000000A4
:1098C4000000000000000000000000000000000094
:1098D4000000000000000000000000000000000084
:1098E4000000000000000000000000000000000074
:1098F4000000000000000000000000000000000064
:109904000000000000000000000000000000000053
:109914000000000000000000000000000000000043
:109924000000000000000000010000000000000032
:109934000E33CDAB34126DE6ECDE05000B000000F7
:109944000000000000000000000000000000000013
:109954000000000000000000000000000000000003
:1099640000000000000000000000000000000000F3
:1099740000000000000000000000000000000000E3
:1099840000000000000000000000000000000000D3
:1099940000000000000000000000000000000000C3
:1099A40000000000000000000000000000000000B3
:1099B40000000000000000000000000000000000A3
:1099C4000000000000000000000000000000000093
:1099D4000000000000000000000000000000000083
:1099E4000000000000000000000000000000000073
:1099F4000000000000000000000000000000000063
:109A04000000000000000000000000000000000052
:109A14000000000000000000000000000000000042
:109A24000000000000000000000000000000000032
:109A34000000000000000000000000000000000022
:109A44000000000000000000000000000000000012
:109A54000000000000000000000000000000000002
:109A640000000000000000000000000000000000F2
:109A740000000000000000000000000000000000E2
:109A840000000000000000000000000000000000D2
:109A940000000000000000000000000000000000C2
:109AA400CD380210BD290210353102106137021081
:089AB400E5020010F14202106E
:04000005100001E9FD
:00000001FF
